URN,LAcode,LAname,EstablishmentNumber,EstablishmentName,TypeOfEstablishmentcode,TypeOfEstablishmentname,EstablishmentTypeGroupcode,EstablishmentTypeGroupname,EstablishmentStatuscode,EstablishmentStatusname,ReasonEstablishmentOpenedcode,ReasonEstablishmentOpenedname,OpenDate,ReasonEstablishmentClosedcode,ReasonEstablishmentClosedname,CloseDate,PhaseOfEducationcode,PhaseOfEducationname,StatutoryLowAge,StatutoryHighAge,Boarderscode,Boardersname,NurseryProvisionname,OfficialSixthFormcode,OfficialSixthFormname,Gendercode,Gendername,ReligiousCharactercode,ReligiousCharactername,ReligiousEthosname,Diocesecode,Diocesename,AdmissionsPolicycode,AdmissionsPolicyname,SchoolCapacity,SpecialClassescode,SpecialClassesname,CensusDate,NumberOfPupils,NumberOfBoys,NumberOfGirls,PercentageFSM,TrustSchoolFlagcode,TrustSchoolFlagname,Trustscode,Trustsname,SchoolSponsorFlagname,SchoolSponsorsname,FederationFlagname,Federationscode,Federationsname,UKPRN,FEHEIdentifier,FurtherEducationTypename,OfstedLastInsp,OfstedSpecialMeasurescode,OfstedSpecialMeasuresname,LastChangedDate,Street,Locality,Address3,Town,Countyname,Postcode,SchoolWebsite,TelephoneNum,HeadTitlename,HeadFirstName,HeadLastName,HeadPreferredJobTitle,BSOInspectorateNamename,InspectorateReport,DateOfLastInspectionVisit,NextInspectionVisit,TeenMothname,TeenMothPlaces,CCFname,SENPRUname,EBDname,PlacesPRU,FTProvname,EdByOthername,Section41Approvedname,SEN1name,SEN2name,SEN3name,SEN4name,SEN5name,SEN6name,SEN7name,SEN8name,SEN9name,SEN10name,SEN11name,SEN12name,SEN13name,TypeOfResourcedProvisionname,ResourcedProvisionOnRoll,ResourcedProvisionCapacity,SenUnitOnRoll,SenUnitCapacity,GORcode,GORname,DistrictAdministrativecode,DistrictAdministrativename,AdministrativeWardcode,AdministrativeWardname,ParliamentaryConstituencycode,ParliamentaryConstituencyname,UrbanRuralcode,UrbanRuralname,GSSLACodename,Easting,Northing,CensusAreaStatisticWardname,MSOAname,LSOAname,InspectorateNamename,SENStat,SENNoStat,BoardingEstablishmentname,PropsName,PreviousLAcode,PreviousLAname,PreviousEstablishmentNumber,OfstedRatingname,RSCRegionname,Countryname,UPRN,SiteName,MSOAcode,LSOAcode
100000,201,City of London,3614,The Aldgate School,2,Voluntary aided school,4,Local authority maintained schools,1,Open,0,Not applicable,null,0,Not applicable,null,2,Primary,3,11,1,No boarders,Has Nursery Classes,2,Does not have a sixth form,3,Mixed,2,Church of England,Does not apply,CE23,Diocese of London,0,Not applicable,245,2,No Special Classes,2026-01-15,229,122,107,22.7,0,Not applicable,null,null,Not applicable,null,Not under a federation,null,null,10079319,null,Not applicable,null,null,null,2026-06-29,St James's Passage,Duke's Place,null,London,null,EC3A 5DE,www.thealdgateschool.org,2072831147,Miss,Alexandra,Allan,Headteacher,Not applicable,null,null,null,Not applicable,null,Not applicable,Not applicable,Not applicable,null,null,Not applicable,Not applicable,null,null,null,null,null,null,null,null,null,null,null,null,null,null,null,null,null,null,H,London,E09000001,City of London,E05009308,Portsoken,E14001172,Cities of London and Westminster,UN1,Urban: Nearer to a major town or city,E09000001,533498,181201,null,City of London 001,City of London 001F,null,null,null,null,null,999,null,null,null,null,null,200000071925,null,E02000001,E01032739
100001,201,City of London,6005,City of London School for Girls,11,Other independent school,3,Independent schools,1,Open,0,Not applicable,1920-01-01,0,Not applicable,null,0,Not applicable,10,18,1,No boarders,No Nursery Classes,1,Has a sixth form,2,Girls,6,None,Inter- / non- denominational,0000,Not applicable,2,Selective,860,2,No Special Classes,2024-01-18,794,0,794,null,0,Not applicable,null,null,Not applicable,null,Not applicable,null,null,10013279,null,Not applicable,null,null,null,2026-07-23,St Giles' Terrace,Barbican,null,London,null,EC2Y 8BB,http://www.clsg.org.uk,2078475500,Mrs,Jenny,Brown,Headteacher,Not applicable,null,null,null,Not applicable,null,Not applicable,Not applicable,Not applicable,null,null,Not applicable,Not approved,null,null,null,null,null,null,null,null,null,null,null,null,null,null,null,null,null,null,H,London,E09000001,City of London,E05009302,Cripplegate,E14001172,Cities of London and Westminster,UN1,Urban: Nearer to a major town or city,E09000001,532301,181746,null,City of London 001,City of London 001B,ISI,1,138,Does not have boarders,Corporation of London,999,null,null,null,null,null,200000074660,null,E02000001,E01000002
100002,201,City of London,6006,St Paul's Cathedral School,11,Other independent school,3,Independent schools,1,Open,0,Not applicable,1939-01-01,0,Not applicable,null,0,Not applicable,4,13,3,Boarding school,No Nursery Classes,2,Does not have a sixth form,3,Mixed,2,Church of England,Christian,0000,Not applicable,0,Not applicable,285,2,No Special Classes,2024-01-18,280,156,124,null,0,Not applicable,null,null,Not applicable,null,Not applicable,null,null,10018890,null,Not applicable,null,null,null,2026-07-23,2 New Change,null,null,London,null,EC4M 9AD,http://www.spcslondon.com,2072485156,Mrs,Judith,Fremont-Barnes,Headteacher,Not applicable,null,null,null,Not applicable,null,Not applicable,Not applicable,Not applicable,null,null,Not applicable,Not approved,null,null,null,null,null,null,null,null,null,null,null,null,null,null,null,null,null,null,H,London,E09000001,City of London,E05009293,Bread Street,E14001172,Cities of London and Westminster,UN1,Urban: Nearer to a major town or city,E09000001,532160,181151,null,City of London 001,City of London 001F,ISI,0,30,Has boarders,The Chapter of St Paul’s Cathedral,999,null,null,null,null,null,200000072075,null,E02000001,E01032739
100003,201,City of London,6007,City of London School,11,Other independent school,3,Independent schools,1,Open,0,Not applicable,1919-01-01,0,Not applicable,null,0,Not applicable,10,18,1,No boarders,No Nursery Classes,1,Has a sixth form,1,Boys,6,None,None,0000,Not applicable,0,Not applicable,1100,2,No Special Classes,2024-01-18,1040,1040,0,null,0,Not applicable,null,null,Not applicable,null,Not applicable,null,null,10008165,null,Not applicable,null,null,null,2026-08-13,107 Queen Victoria Street,null,null,London,null,EC4V 3AL,http://www.cityoflondonschool.org.uk,2036806300,Mr,Alan,Bird,Head,Not applicable,null,null,null,Not applicable,null,Not applicable,Not applicable,Not applicable,null,null,Not applicable,Not approved,null,null,null,null,null,null,null,null,null,null,null,null,null,null,null,null,null,null,H,London,E09000001,City of London,E05009309,Queenhithe,E14001172,Cities of London and Westminster,UN1,Urban: Nearer to a major town or city,E09000001,531981,180844,null,City of London 001,City of London 001F,ISI,1,174,Does not have boarders,City of London Corporation(Board of Governors of City of London School,999,null,null,null,null,null,100022936607,null,E02000001,E01032739
100004,202,Camden,1045,Sherborne Nursery School,15,Local authority nursery school,4,Local authority maintained schools,2,Closed,0,Not applicable,null,0,Not applicable,1992-08-31,1,Nursery,3,5,1,No boarders,Not applicable,0,Not applicable,3,Mixed,0,Does not apply,Does not apply,0000,Not applicable,0,Not applicable,null,0,Not applicable,null,null,null,null,null,0,Not applicable,null,null,Not applicable,null,Not under a federation,null,null,null,null,Not applicable,null,null,null,2015-09-24,Priestly House,Athlone Street,null,London,null,NW5 4LP,null,null,null,null,null,Headteacher,Not applicable,null,null,null,Not applicable,null,Not applicable,Not applicable,Not applicable,null,null,Not applicable,Not applicable,null,null,null,null,null,null,null,null,null,null,null,null,null,null,null,null,null,null,H,London,E09000007,Camden,E05000136,Haverstock,E14000750,Holborn and St Pancras,A1,(England/Wales) Urban major conurbation,E09000007,528515,184869,null,Camden 007,Camden 007D,null,null,null,null,null,999,null,null,null,null,null,200163898,null,E02000172,E01000901
100005,202,Camden,1048,Thomas Coram Centre,15,Local authority nursery school,4,Local authority maintained schools,1,Open,0,Not applicable,null,0,Not applicable,null,1,Nursery,2,5,1,No boarders,Has Nursery Classes,0,Not applicable,3,Mixed,0,Does not apply,Does not apply,0000,Not applicable,0,Not applicable,null,0,Not applicable,2026-01-15,105,65,40,35.8,0,Not applicable,null,null,Not applicable,null,Not under a federation,null,null,null,null,Not applicable,null,null,null,2026-06-29,49 Mecklenburgh Square,null,null,London,null,WC1N 2NY,http://www.thomascoram.camden.sch.uk/,2075200385,Ms,Perina,Holness,Head Teacher,Not applicable,null,null,null,Not applicable,null,Not applicable,Not applicable,Not applicable,null,null,Not applicable,Not applicable,null,null,null,null,null,null,null,null,null,null,null,null,null,null,null,null,null,null,H,London,E09000007,Camden,E05013666,King's Cross,E14001290,Holborn and St Pancras,UN1,Urban: Nearer to a major town or city,E09000007,530464,182403,null,Camden 029,Camden 029G,null,null,null,null,null,999,null,null,null,null,null,5088037,null,E02007115,E01000937
100006,202,Camden,1100,Heath School,14,Pupil referral unit,4,Local authority maintained schools,1,Open,0,Not applicable,1999-09-01,0,Not applicable,null,0,Not applicable,11,16,1,No boarders,Not applicable,0,Not applicable,3,Mixed,0,Does not apply,Does not apply,0000,Not applicable,0,Not applicable,null,0,Not applicable,2026-01-15,33,21,12,81.8,0,Not applicable,null,null,Not applicable,null,Not applicable,null,null,10016665,null,Not applicable,null,null,null,2026-06-29,Agincourt Road,null,null,London,null,NW3 2NY,http://heath.h3federation.org.uk/,2079748906,Mr,Alex,Wilson,Headteacher,Not applicable,null,null,null,Does not provide places for Teen Mothers,null,Does not have child care facilities,PRU Does have Provision for SEN,PRU Does have EBD provision,65,PRU offers full time provision,Does not offer tuition by another provider,Not applicable,null,null,null,null,null,null,null,null,null,null,null,null,null,null,null,null,null,null,H,London,E09000007,Camden,E05013658,Gospel Oak,E14001265,Hampstead and Highgate,UN1,Urban: Nearer to a major town or city,E09000007,527663,185479,null,Camden 006,Camden 006B,null,null,null,null,null,999,null,null,null,null,null,5109310,null,E02000171,E01000887
100007,202,Camden,1101,Camden Primary Pupil Referral Unit,14,Pupil referral unit,4,Local authority maintained schools,1,Open,0,Not applicable,null,0,Not applicable,null,0,Not applicable,5,11,1,No boarders,Not applicable,0,Not applicable,3,Mixed,0,Does not apply,Does not apply,0000,Not applicable,0,Not applicable,20,0,Not applicable,2026-01-15,20,17,3,85,0,Not applicable,null,null,Not applicable,null,Not applicable,null,null,10077053,null,Not applicable,null,null,null,2026-06-29,"Robson House, Netley Campus",74 Stanhope Street,null,London,null,NW1 3EX,http://www.robsonhouse.org.uk/main/,2037720370,Mr,John,Hayes,Executive Head,Not applicable,null,null,null,Not applicable,null,Not applicable,PRU Does have Provision for SEN,PRU Does have EBD provision,null,PRU offers full time provision,Not applicable,Not applicable,"SEMH - Social, Emotional and Mental Health",null,null,null,null,null,null,null,null,null,null,null,null,SEN unit,null,null,20,20,H,London,E09000007,Camden,E05013668,Regent's Park,E14001290,Holborn and St Pancras,UN1,Urban: Nearer to a major town or city,E09000007,529082,182617,null,Camden 023,Camden 023F,null,null,null,null,null,999,null,null,null,null,null,10091911459,null,E02000188,E01035710
100008,202,Camden,2019,Argyle Primary School,1,Community school,4,Local authority maintained schools,1,Open,0,Not applicable,null,0,Not applicable,null,2,Primary,3,11,1,No boarders,Has Nursery Classes,2,Does not have a sixth form,3,Mixed,0,Does not apply,Does not apply,0000,Not applicable,0,Not applicable,432,2,No Special Classes,2026-01-15,269,132,137,68.8,0,Not applicable,null,null,Not applicable,null,Not under a federation,null,null,10078065,null,Not applicable,null,null,null,2026-07-21,Tonbridge Street,null,null,London,null,WC1H 9EG,http://www.argyle.camden.sch.uk/,2078374590,Ms,Jemima,Wade,Headteacher,Not applicable,null,null,null,Not applicable,null,Not applicable,Not applicable,Not applicable,null,null,Not applicable,Not applicable,null,null,null,null,null,null,null,null,null,null,null,null,null,null,null,null,null,null,H,London,E09000007,Camden,E05013666,King's Cross,E14001290,Holborn and St Pancras,UN1,Urban: Nearer to a major town or city,E09000007,530238,182761,null,Camden 029,Camden 029D,null,null,null,null,null,999,null,null,null,null,null,5090707,null,E02007115,E01000941
100009,202,Camden,2036,West Hampstead Primary School,1,Community school,4,Local authority maintained schools,1,Open,0,Not applicable,null,0,Not applicable,null,2,Primary,3,11,1,No boarders,Has Nursery Classes,2,Does not have a sixth form,3,Mixed,0,Does not apply,Does not apply,0000,Not applicable,0,Not applicable,446,2,No Special Classes,2026-01-15,424,214,210,46.2,0,Not applicable,null,null,Not applicable,null,Not under a federation,null,null,10077183,null,Not applicable,null,null,null,2026-06-29,Dornfell Street,West Hampstead,null,London,null,NW6 1QL,http://www.westhampstead.camden.sch.uk/,2074358646,Mr,Samuel,Drake,Headteacher,Not applicable,null,null,null,Not applicable,null,Not applicable,Not applicable,Not applicable,null,null,Not applicable,Not applicable,null,null,null,null,null,null,null,null,null,null,null,null,null,null,null,null,null,null,H,London,E09000007,Camden,E05013656,Fortune Green,E14001265,Hampstead and Highgate,UN1,Urban: Nearer to a major town or city,E09000007,524888,185067,null,Camden 005,Camden 005C,null,null,null,null,null,999,null,null,null,null,null,5090655,null,E02000170,E01000873
100010,202,Camden,2065,Brecknock Primary School,1,Community school,4,Local authority maintained schools,1,Open,0,Not applicable,null,0,Not applicable,null,2,Primary,2,11,1,No boarders,Has Nursery Classes,2,Does not have a sixth form,3,Mixed,0,Does not apply,Does not apply,0000,Not applicable,0,Not applicable,303,2,No Special Classes,2026-01-15,282,131,151,69.7,0,Not applicable,null,null,Not applicable,null,Supported by a federation,17794,The Brecknock and Torriano Schools Federation,10073852,null,Not applicable,null,null,null,2026-06-30,Cliff Villas,Camden,null,London,null,NW1 9AL,http://www.brecknock.camden.sch.uk/,2074856334,Ms,Helen,Bruckdorfer,Headteacher,Not applicable,null,null,null,Not applicable,null,Not applicable,Not applicable,Not applicable,null,null,Not applicable,Not applicable,null,null,null,null,null,null,null,null,null,null,null,null,null,null,null,null,null,null,H,London,E09000007,Camden,E05013654,Camden Square,E14001290,Holborn and St Pancras,UN1,Urban: Nearer to a major town or city,E09000007,529912,184835,null,Camden 015,Camden 015E,null,null,null,null,null,999,null,null,null,null,null,5090625,null,E02000180,E01000869
100011,202,Camden,2078,Brookfield Primary School,1,Community school,4,Local authority maintained schools,1,Open,0,Not applicable,null,0,Not applicable,null,2,Primary,2,11,1,No boarders,Has Nursery Classes,2,Does not have a sixth form,3,Mixed,0,Does not apply,Does not apply,0000,Not applicable,0,Not applicable,459,2,No Special Classes,2026-01-15,372,192,180,38.1,0,Not applicable,null,null,Not applicable,null,Not under a federation,null,null,10078064,null,Not applicable,null,null,null,2026-06-29,Chester Road,null,null,London,null,N19 5DH,http://www.brookfield.camden.sch.uk/,2072729627,Mr,Simon,Shiel,Headteacher,Not applicable,null,null,null,Not applicable,null,Not applicable,Not applicable,Not applicable,null,null,Not applicable,Not applicable,null,null,null,null,null,null,null,null,null,null,null,null,null,null,null,null,null,null,H,London,E09000007,Camden,E05013661,Highgate,E14001265,Hampstead and Highgate,UN1,Urban: Nearer to a major town or city,E09000007,528706,186594,null,Camden 001,Camden 001B,null,null,null,null,null,999,null,null,null,null,null,5109551,null,E02000166,E01000908
100012,202,Camden,2095,Carlton Primary School,1,Community school,4,Local authority maintained schools,2,Closed,0,Not applicable,null,1,Result of Amalgamation/Merger,2021-08-31,2,Primary,3,11,1,No boarders,Has Nursery Classes,2,Does not have a sixth form,3,Mixed,0,Does not apply,Does not apply,0000,Not applicable,0,Not applicable,436,2,No Special Classes,2021-01-21,211,109,102,57.8,0,Not applicable,null,null,Not applicable,null,Not under a federation,null,null,10078063,null,Not applicable,null,null,null,2021-08-31,Grafton Road,null,null,London,null,NW5 4AX,null,null,Ms,Jacqueline,Phelan,Headteacher,Not applicable,null,null,null,Not applicable,null,Not applicable,Not applicable,Not applicable,null,null,Not applicable,Not applicable,null,null,null,null,null,null,null,null,null,null,null,null,null,Not applicable,null,null,null,null,H,London,E09000007,Camden,E05000134,Gospel Oak,E14000750,Holborn and St Pancras,A1,(England/Wales) Urban major conurbation,E09000007,528386,185209,null,Camden 007,Camden 007C,null,null,null,null,null,999,null,null,null,null,null,5069952,null,E02000172,E01000891
100013,202,Camden,2184,Edith Neville Primary School,1,Community school,4,Local authority maintained schools,1,Open,0,Not applicable,null,0,Not applicable,null,2,Primary,3,11,1,No boarders,Has Nursery Classes,2,Does not have a sixth form,3,Mixed,0,Does not apply,Does not apply,0000,Not applicable,0,Not applicable,236,2,No Special Classes,2026-01-15,211,107,104,52.6,0,Not applicable,null,null,Not applicable,null,Not under a federation,null,null,10078062,null,Not applicable,null,null,null,2026-06-29,85 Polygon Road,null,null,London,null,NW1 1HQ,http://www.edithneville.camden.sch.uk/,2073877158,null,Ruby,Nasser,Acting Headteacher,Not applicable,null,null,null,Not applicable,null,Not applicable,Not applicable,Not applicable,null,null,Not applicable,Not applicable,null,null,null,null,null,null,null,null,null,null,null,null,null,null,null,null,null,null,H,London,E09000007,Camden,E05013669,St Pancras & Somers Town,E14001290,Holborn and St Pancras,UN1,Urban: Nearer to a major town or city,E09000007,529725,183195,null,Camden 022,Camden 022G,null,null,null,null,null,999,null,null,null,null,United Kingdom,5004531,null,E02000187,E01035709
100014,202,Camden,2219,Fleet Primary School,1,Community school,4,Local authority maintained schools,1,Open,0,Not applicable,null,0,Not applicable,null,2,Primary,3,11,1,No boarders,Has Nursery Classes,2,Does not have a sixth form,3,Mixed,0,Does not apply,Does not apply,0000,Not applicable,0,Not applicable,210,2,No Special Classes,2026-01-15,216,114,102,54.6,0,Not applicable,null,null,Not applicable,null,Not under a federation,null,null,10078061,null,Not applicable,null,null,null,2026-06-29,Fleet Road,null,Fleet Primary School,London,null,NW3 2QT,http://www.fleet.camden.sch.uk/,2074852028,null,Donald,McGibbon,Headteacher,Not applicable,null,null,null,Not applicable,null,Not applicable,Not applicable,Not applicable,null,null,Not applicable,Not applicable,null,null,null,null,null,null,null,null,null,null,null,null,null,null,null,null,null,null,H,London,E09000007,Camden,E05013658,Gospel Oak,E14001265,Hampstead and Highgate,UN1,Urban: Nearer to a major town or city,E09000007,527677,185424,null,Camden 006,Camden 006B,null,null,null,null,null,999,null,null,null,null,null,5090740,null,E02000171,E01000887
100015,202,Camden,2290,Hawley Primary School,1,Community school,4,Local authority maintained schools,1,Open,0,Not applicable,null,0,Not applicable,null,2,Primary,3,11,1,No boarders,Has Nursery Classes,2,Does not have a sixth form,3,Mixed,0,Does not apply,Does not apply,0000,Not applicable,0,Not applicable,236,2,No Special Classes,2026-01-15,220,117,103,54.1,0,Not applicable,null,null,Not applicable,null,Not under a federation,null,null,10075421,null,Not applicable,null,null,null,2026-06-29,Hawley Road,null,null,London,null,NW1 8RP,http://www.hawley.camden.sch.uk/,2074855020,Ms,Sally Hill,/ Ms Natalie Stevenson,Headteacher,Not applicable,null,null,null,Not applicable,null,Not applicable,Not applicable,Not applicable,null,null,Not applicable,Not applicable,null,null,null,null,null,null,null,null,null,null,null,null,null,null,null,null,null,null,H,London,E09000007,Camden,E05013655,Camden Town,E14001290,Holborn and St Pancras,UN1,Urban: Nearer to a major town or city,E09000007,528886,184273,null,Camden 019,Camden 019A,null,null,null,null,null,999,null,null,null,null,null,5185814,null,E02000184,E01000856
100016,202,Camden,2357,Kingsgate Junior School,1,Community school,4,Local authority maintained schools,2,Closed,0,Not applicable,null,1,Result of Amalgamation/Merger,2000-08-31,2,Primary,7,11,1,No boarders,No Nursery Classes,0,Not applicable,3,Mixed,0,Does not apply,Does not apply,0000,Not applicable,0,Not applicable,null,2,No Special Classes,null,null,null,null,null,0,Not applicable,null,null,Not applicable,null,Not under a federation,null,null,null,null,Not applicable,null,null,null,2018-11-14,Messina Avenue,null,null,London,null,NW6 4LB,null,null,Mr,R,Manton,Headteacher,Not applicable,null,null,null,Not applicable,null,Not applicable,Not applicable,Not applicable,null,null,Not applicable,Not applicable,null,null,null,null,null,null,null,null,null,null,null,null,null,null,null,null,null,null,H,London,E09000007,Camden,E05000140,Kilburn,E14000727,Hampstead and Kilburn,A1,(England/Wales) Urban major conurbation,E09000007,525140,184253,null,Camden 013,Camden 013C,null,null,null,null,null,999,null,null,null,null,null,5090693,null,E02000178,E01000931
100017,202,Camden,2358,Kingsgate Infant School,1,Community school,4,Local authority maintained schools,2,Closed,0,Not applicable,null,1,Result of Amalgamation/Merger,2000-08-31,2,Primary,3,7,1,No boarders,Has Nursery Classes,0,Not applicable,3,Mixed,0,Does not apply,Does not apply,0000,Not applicable,0,Not applicable,null,2,No Special Classes,null,null,null,null,null,0,Not applicable,null,null,Not applicable,null,Not under a federation,null,null,null,null,Not applicable,null,null,null,2018-11-14,Kingsgate Road,null,null,London,null,NW6 2JG,null,null,Mrs,L,Manton,Headteacher,Not applicable,null,null,null,Not applicable,null,Not applicable,Not applicable,Not applicable,null,null,Not applicable,Not applicable,null,null,null,null,null,null,null,null,null,null,null,null,null,null,null,null,null,null,H,London,E09000007,Camden,E05000140,Kilburn,E14000727,Hampstead and Kilburn,A1,(England/Wales) Urban major conurbation,E09000007,525140,184253,null,Camden 013,Camden 013C,null,null,null,null,null,999,null,null,null,null,null,null,null,E02000178,E01000931
100018,202,Camden,2436,Netley Primary School,1,Community school,4,Local authority maintained schools,1,Open,0,Not applicable,null,0,Not applicable,null,2,Primary,2,11,0,Not applicable,Has Nursery Classes,2,Does not have a sixth form,3,Mixed,0,Does not apply,Does not apply,0000,Not applicable,0,Not applicable,481,1,Has Special Classes,2026-01-15,383,207,176,63.3,0,Not applicable,null,null,Not applicable,null,Not under a federation,null,null,10069172,null,Not applicable,null,null,null,2026-06-29,74 Stanhope Street,Camden,null,London,null,NW1 3EX,www.netley.camden.sch.uk/,2037720350,Mr,Gareth Morris (Head of School),John Hayes (Executive Head),Executive Headteacher,Not applicable,null,null,null,Not applicable,null,Not applicable,Not applicable,Not applicable,null,null,Not applicable,Not applicable,ASD - Autistic Spectrum Disorder,null,null,null,null,null,null,null,null,null,null,null,null,Resourced provision,30,30,null,null,H,London,E09000007,Camden,E05013668,Regent's Park,E14001290,Holborn and St Pancras,UN1,Urban: Nearer to a major town or city,E09000007,529095,182598,null,Camden 023,Camden 023F,null,null,null,null,null,999,null,null,null,null,null,5172210,null,E02000188,E01035710
100019,202,Camden,2438,New End Primary School,1,Community school,4,Local authority maintained schools,1,Open,0,Not applicable,null,0,Not applicable,null,2,Primary,3,11,1,No boarders,Has Nursery Classes,2,Does not have a sixth form,3,Mixed,0,Does not apply,Does not apply,0000,Not applicable,0,Not applicable,459,2,No Special Classes,2026-01-15,295,141,154,20.7,0,Not applicable,null,null,Not applicable,null,Not under a federation,null,null,10078060,null,Not applicable,null,null,null,2026-06-29,Streatley Place,Hampstead,null,London,null,NW3 1HU,http://www.newend.camden.sch.uk/,2074310961,Ms,Karyn,Ray,Headteacher,Not applicable,null,null,null,Not applicable,null,Not applicable,Not applicable,Not applicable,null,null,Not applicable,Not applicable,null,null,null,null,null,null,null,null,null,null,null,null,null,null,null,null,null,null,H,London,E09000007,Camden,E05013659,Hampstead Town,E14001265,Hampstead and Highgate,UN1,Urban: Nearer to a major town or city,E09000007,526483,185916,null,Camden 002,Camden 002C,null,null,null,null,null,999,null,null,null,null,null,5090648,null,E02000167,E01000895
100020,202,Camden,2475,Primrose Hill School,1,Community school,4,Local authority maintained schools,1,Open,0,Not applicable,null,0,Not applicable,null,2,Primary,2,11,1,No boarders,Has Nursery Classes,2,Does not have a sixth form,3,Mixed,0,Does not apply,Does not apply,0000,Not applicable,0,Not applicable,483,2,No Special Classes,2026-01-15,414,205,209,37.9,0,Not applicable,null,null,Not applicable,null,Not under a federation,null,null,10073851,null,Not applicable,null,null,null,2026-06-29,Princess Road,null,null,London,null,NW1 8JL,www.primrosehill.camden.sch.uk,2077228500,Mr,Liam,Frost,Headteacher,Not applicable,null,null,null,Not applicable,null,Not applicable,Not applicable,Not applicable,null,null,Not applicable,Not applicable,ASD - Autistic Spectrum Disorder,null,null,null,null,null,null,null,null,null,null,null,null,Resourced provision,14,14,null,null,H,London,E09000007,Camden,E05013667,Primrose Hill,E14001290,Holborn and St Pancras,UN1,Urban: Nearer to a major town or city,E09000007,528304,183909,null,Camden 018,Camden 018E,null,null,null,null,null,999,null,null,null,null,null,5082685,null,E02000183,E01000862
100021,202,Camden,2502,Rhyl Community Primary School,1,Community school,4,Local authority maintained schools,1,Open,0,Not applicable,null,0,Not applicable,null,2,Primary,2,11,1,No boarders,Has Nursery Classes,2,Does not have a sixth form,3,Mixed,0,Does not apply,Does not apply,0000,Not applicable,0,Not applicable,459,2,No Special Classes,2026-01-15,375,181,194,66.8,0,Not applicable,null,null,Not applicable,null,Not under a federation,null,null,10077182,null,Not applicable,null,null,null,2026-06-29,Rhyl Street,null,null,London,null,NW5 3HB,www.rhylprim.camden.sch.uk/,2074854899,Mr,Don,McGibbon,Headteacher,Not applicable,null,null,null,Not applicable,null,Not applicable,Not applicable,Not applicable,null,null,Not applicable,Not applicable,null,null,null,null,null,null,null,null,null,null,null,null,null,null,null,null,null,null,H,London,E09000007,Camden,E05013660,Haverstock,E14001290,Holborn and St Pancras,UN1,Urban: Nearer to a major town or city,E09000007,528334,184823,null,Camden 012,Camden 012A,null,null,null,null,null,999,null,null,null,null,null,5082509,null,E02000177,E01000900
100022,202,Camden,2507,Richard Cobden Primary School,1,Community school,4,Local authority maintained schools,1,Open,0,Not applicable,null,0,Not applicable,null,2,Primary,3,11,1,No boarders,Has Nursery Classes,2,Does not have a sixth form,3,Mixed,0,Does not apply,Does not apply,0000,Not applicable,0,Not applicable,420,2,No Special Classes,2026-01-15,379,200,179,59.4,0,Not applicable,null,null,Not applicable,null,Not under a federation,null,null,10078059,null,Not applicable,null,null,null,2026-07-13,Camden Street,null,null,London,null,NW1 0LL,http://www.rcobden.camden.sch.uk/,2073875909,Ms,Ruby,Nasser,Headteacher,Not applicable,null,null,null,Not applicable,null,Not applicable,Not applicable,Not applicable,null,null,Not applicable,Not applicable,null,null,null,null,null,null,null,null,null,null,null,null,null,null,null,null,null,null,H,London,E09000007,Camden,E05013669,St Pancras & Somers Town,E14001290,Holborn and St Pancras,UN1,Urban: Nearer to a major town or city,E09000007,529342,183487,null,Camden 019,Camden 019E,null,null,null,null,null,999,null,null,null,null,null,5120658,null,E02000184,E01000959
100023,202,Camden,2603,Torriano Primary School,1,Community school,4,Local authority maintained schools,1,Open,0,Not applicable,null,0,Not applicable,null,2,Primary,3,11,1,No boarders,Has Nursery Classes,2,Does not have a sixth form,3,Mixed,0,Does not apply,Does not apply,0000,Not applicable,0,Not applicable,459,2,No Special Classes,2026-01-15,450,222,228,40.4,0,Not applicable,null,null,Not applicable,null,Supported by a federation,17794,The Brecknock and Torriano Schools Federation,10077181,null,Not applicable,null,null,null,2026-06-30,Torriano Avenue,Kentish Town,null,London,null,NW5 2SJ,http://www.torriano.camden.sch.uk/,2074240202,Ms,Helen,Bruckdorfer,Headteacher,Not applicable,null,null,null,Not applicable,null,Not applicable,Not applicable,Not applicable,null,null,Not applicable,Not applicable,"SLCN - Speech, language and Communication",null,null,null,null,null,null,null,null,null,null,null,null,Resourced provision,11,14,null,null,H,London,E09000007,Camden,E05013664,Kentish Town South,E14001290,Holborn and St Pancras,UN1,Urban: Nearer to a major town or city,E09000007,529559,185072,null,Camden 009,Camden 009E,null,null,null,null,null,999,null,null,null,null,null,5090649,null,E02000174,E01000926
100024,202,Camden,2604,Torriano Infant School,1,Community school,4,Local authority maintained schools,2,Closed,0,Not applicable,null,1,Result of Amalgamation/Merger,2015-09-11,2,Primary,3,7,1,No boarders,Has Nursery Classes,2,Does not have a sixth form,3,Mixed,0,Does not apply,Does not apply,0000,Not applicable,0,Not applicable,190,2,No Special Classes,null,null,null,null,null,0,Not applicable,null,null,Not applicable,null,Not under a federation,null,null,null,null,Not applicable,null,null,null,2018-11-14,Torriano Avenue,null,null,London,null,NW5 2SJ,null,null,Ms,Gilly,Robson,Headteacher,Not applicable,null,null,null,Not applicable,null,Not applicable,Not applicable,Not applicable,null,null,Not applicable,Not applicable,null,null,null,null,null,null,null,null,null,null,null,null,null,null,null,null,null,null,H,London,E09000007,Camden,E05000139,Kentish Town,E14000750,Holborn and St Pancras,A1,(England/Wales) Urban major conurbation,E09000007,529559,185072,null,Camden 009,Camden 009E,null,null,null,null,null,999,null,null,null,null,null,5090649,null,E02000174,E01000926
100025,202,Camden,2775,Gospel Oak Primary School,1,Community school,4,Local authority maintained schools,1,Open,0,Not applicable,null,0,Not applicable,null,2,Primary,3,11,1,No boarders,Has Nursery Classes,2,Does not have a sixth form,3,Mixed,0,Does not apply,Does not apply,0000,Not applicable,0,Not applicable,459,2,No Special Classes,2026-01-15,421,228,193,37.5,0,Not applicable,null,null,Not applicable,null,Not under a federation,null,null,10078058,null,Not applicable,null,null,null,2026-07-06,Mansfield Road,null,null,London,null,NW3 2JB,www.gospeloak.camden.sch.uk,2074857435,Mr,John,Hayes,Headteacher,Not applicable,null,null,null,Not applicable,null,Not applicable,Not applicable,Not applicable,null,null,Not applicable,Not applicable,null,null,null,null,null,null,null,null,null,null,null,null,null,null,null,null,null,null,H,London,E09000007,Camden,E05013658,Gospel Oak,E14001265,Hampstead and Highgate,UN1,Urban: Nearer to a major town or city,E09000007,528230,185638,null,Camden 006,Camden 006A,null,null,null,null,null,999,null,null,null,null,null,5090676,null,E02000171,E01000886
100026,202,Camden,2797,Fitzjohn's Primary School,1,Community school,4,Local authority maintained schools,1,Open,0,Not applicable,null,0,Not applicable,null,2,Primary,3,11,1,No boarders,Has Nursery Classes,0,Not applicable,3,Mixed,0,Does not apply,Does not apply,0000,Not applicable,0,Not applicable,210,2,No Special Classes,2026-01-15,228,113,115,13.2,0,Not applicable,null,null,Not applicable,null,Not under a federation,null,null,10079731,null,Not applicable,null,null,null,2026-06-29,86A Fitzjohn's Avenue,null,null,London,null,NW3 6NP,http://www.fitzjohns.camden.sch.uk/,2074359797,Mr,Rob,Earrey,Headteacher,Not applicable,null,null,null,Not applicable,null,Not applicable,Not applicable,Not applicable,null,null,Not applicable,Not applicable,null,null,null,null,null,null,null,null,null,null,null,null,null,null,null,null,null,null,H,London,E09000007,Camden,E05013659,Hampstead Town,E14001265,Hampstead and Highgate,UN1,Urban: Nearer to a major town or city,E09000007,526566,185411,null,Camden 008,Camden 008D,null,null,null,null,null,999,null,null,null,null,null,5076981,null,E02000173,E01000897
100027,202,Camden,2841,Eleanor Palmer Primary School,1,Community school,4,Local authority maintained schools,1,Open,0,Not applicable,null,0,Not applicable,null,2,Primary,3,11,1,No boarders,Has Nursery Classes,2,Does not have a sixth form,3,Mixed,0,Does not apply,Does not apply,0000,Not applicable,0,Not applicable,236,2,No Special Classes,2026-01-15,233,124,109,22.3,0,Not applicable,null,null,Not applicable,null,Not under a federation,null,null,10078057,null,Not applicable,null,null,null,2026-06-29,Lupton Street,Tufnell Park,null,London,null,NW5 2JA,http://www.eleanorpalmer.camden.sch.uk/,2074852155,Ms,Sally Hill and,Natalie Stevenson,Headteacher,Not applicable,null,null,null,Not applicable,null,Not applicable,Not applicable,Not applicable,null,null,Not applicable,Not applicable,null,null,null,null,null,null,null,null,null,null,null,null,null,null,null,null,null,null,H,London,E09000007,Camden,E05013663,Kentish Town North,E14001290,Holborn and St Pancras,UN1,Urban: Nearer to a major town or city,E09000007,529117,185613,null,Camden 003,Camden 003C,null,null,null,null,null,999,null,null,null,null,null,5090678,null,E02000168,E01000921
100028,202,Camden,3323,"Christ Church Primary School, Hampstead",2,Voluntary aided school,4,Local authority maintained schools,1,Open,0,Not applicable,null,0,Not applicable,null,2,Primary,4,11,1,No boarders,No Nursery Classes,2,Does not have a sixth form,3,Mixed,2,Church of England,Does not apply,CE23,Diocese of London,0,Not applicable,196,2,No Special Classes,2026-01-15,194,95,99,1,0,Not applicable,null,null,Not applicable,null,Not under a federation,null,null,10074742,null,Not applicable,null,null,null,2026-06-29,Christ Church Hill,null,null,London,null,NW3 1JH,http://www.christchurchschool.co.uk/,2074351361,Mrs,Katy,Forsdyke,Headteacher,Not applicable,null,null,null,Not applicable,null,Not applicable,Not applicable,Not applicable,null,null,Not applicable,Not applicable,null,null,null,null,null,null,null,null,null,null,null,null,null,null,null,null,null,null,H,London,E09000007,Camden,E05013659,Hampstead Town,E14001265,Hampstead and Highgate,UN1,Urban: Nearer to a major town or city,E09000007,526518,186095,null,Camden 002,Camden 002E,null,null,null,null,null,999,null,null,null,null,null,5090616,null,E02000167,E01000899
100029,202,Camden,3327,Christ Church School,2,Voluntary aided school,4,Local authority maintained schools,1,Open,0,Not applicable,null,0,Not applicable,null,2,Primary,3,11,1,No boarders,Has Nursery Classes,2,Does not have a sixth form,3,Mixed,2,Church of England,Does not apply,CE23,Diocese of London,0,Not applicable,210,2,No Special Classes,2026-01-15,171,90,81,53.8,0,Not applicable,null,null,Not applicable,null,Not under a federation,null,null,10079318,null,Not applicable,null,null,null,2026-06-29,Redhill Street,Camden,null,London,null,NW1 4BD,http://www.cchurchnw1.camden.sch.uk,2073877881,Mr,Lee,Duffy,Headteacher,Not applicable,null,null,null,Not applicable,null,Not applicable,Not applicable,Not applicable,null,null,Not applicable,Not applicable,null,null,null,null,null,null,null,null,null,null,null,null,null,null,null,null,null,null,H,London,E09000007,Camden,E05013668,Regent's Park,E14001290,Holborn and St Pancras,UN1,Urban: Nearer to a major town or city,E09000007,528821,182991,null,Camden 023,Camden 023C,null,null,null,null,null,999,null,null,null,null,null,5090641,null,E02000188,E01000949
100030,202,Camden,3340,Emmanuel Church of England Primary School,2,Voluntary aided school,4,Local authority maintained schools,1,Open,0,Not applicable,null,0,Not applicable,null,2,Primary,3,11,1,No boarders,Has Nursery Classes,2,Does not have a sixth form,3,Mixed,2,Church of England,Does not apply,CE23,Diocese of London,0,Not applicable,236,2,No Special Classes,2026-01-15,233,122,111,15.9,0,Not applicable,null,null,Not applicable,null,Not under a federation,null,null,10079317,null,Not applicable,null,null,null,2026-06-29,152-158 Mill Lane,West Hampstead,null,London,null,NW6 1TF,http://www.emmanuel.camden.sch.uk/,2074317984,Mrs,Laura,Hall,Headteacher,Not applicable,null,null,null,Not applicable,null,Not applicable,Not applicable,Not applicable,null,null,Not applicable,Not applicable,null,null,null,null,null,null,null,null,null,null,null,null,null,null,null,null,null,null,H,London,E09000007,Camden,E05013671,West Hampstead,E14001265,Hampstead and Highgate,UN1,Urban: Nearer to a major town or city,E09000007,525336,185264,null,Camden 010,Camden 010B,null,null,null,null,null,999,null,null,null,null,null,5167368,null,E02000175,E01000970
100031,202,Camden,3352,Hampstead Parochial Church of England Primary School,2,Voluntary aided school,4,Local authority maintained schools,1,Open,0,Not applicable,null,0,Not applicable,null,2,Primary,4,11,1,No boarders,No Nursery Classes,2,Does not have a sixth form,3,Mixed,2,Church of England,Does not apply,CE23,Diocese of London,0,Not applicable,210,2,No Special Classes,2026-01-15,208,105,103,7.2,0,Not applicable,null,null,Not applicable,null,Not under a federation,null,null,10074741,null,Not applicable,null,null,null,2026-06-29,"Hampstead Parochial School , Holly Bush Vale",Hampstead,null,London,null,NW3 6TX,http://www.hampsteadprim.camden.sch.uk/,2074354135,Mrs,Laura,Hall,null,Not applicable,null,null,null,Not applicable,null,Not applicable,Not applicable,Not applicable,null,null,Not applicable,Not applicable,null,null,null,null,null,null,null,null,null,null,null,null,null,null,null,null,null,null,H,London,E09000007,Camden,E05013657,Frognal,E14001265,Hampstead and Highgate,UN1,Urban: Nearer to a major town or city,E09000007,526301,185733,null,Camden 004,Camden 004B,null,null,null,null,null,999,null,null,null,null,null,5109927,null,E02000169,E01000879
100032,202,Camden,3359,"Holy Trinity CofE Primary School, NW3",2,Voluntary aided school,4,Local authority maintained schools,1,Open,0,Not applicable,null,0,Not applicable,null,2,Primary,4,11,1,No boarders,No Nursery Classes,2,Does not have a sixth form,3,Mixed,2,Church of England,Does not apply,CE23,Diocese of London,0,Not applicable,189,2,No Special Classes,2026-01-15,159,75,84,40.9,0,Not applicable,null,null,Not applicable,null,Not under a federation,null,null,10074740,null,Not applicable,null,null,null,2026-06-29,Trinity Walk,Maresfield Gardens,null,London,null,NW3 5SQ,www.holytrinitynw3.co.uk,2074359089,Ms,Keeley McCleave,Mrs Laura Hall (Executive Headteacher),Headteacher,Not applicable,null,null,null,Not applicable,null,Not applicable,Not applicable,Not applicable,null,null,Not applicable,Not applicable,null,null,null,null,null,null,null,null,null,null,null,null,null,Not applicable,null,null,null,null,H,London,E09000007,Camden,E05013652,Belsize,E14001265,Hampstead and Highgate,UN1,Urban: Nearer to a major town or city,E09000007,526445,184601,null,Camden 008,Camden 008C,null,null,null,null,null,999,null,null,null,null,null,5090704,null,E02000173,E01000883
100033,202,Camden,3361,"Holy Trinity and Saint Silas CofE Primary School, NW1",2,Voluntary aided school,4,Local authority maintained schools,1,Open,0,Not applicable,null,0,Not applicable,null,2,Primary,4,11,1,No boarders,No Nursery Classes,2,Does not have a sixth form,3,Mixed,2,Church of England,Does not apply,CE23,Diocese of London,0,Not applicable,210,2,No Special Classes,2026-01-15,200,100,100,39,0,Not applicable,null,null,Not applicable,null,Not under a federation,null,null,10074739,null,Not applicable,null,null,null,2026-06-29,Hartland Road,null,null,London,null,NW1 8DE,http://www.holytrinitynw1.camden.sch.uk/,2072670771,Mrs,Lorraine,Goll,Headteacher,Not applicable,null,null,null,Not applicable,null,Not applicable,Not applicable,Not applicable,null,null,Not applicable,Not applicable,null,null,null,null,null,null,null,null,null,null,null,null,null,Not applicable,null,null,null,null,H,London,E09000007,Camden,E05013655,Camden Town,E14001290,Holborn and St Pancras,UN1,Urban: Nearer to a major town or city,E09000007,528675,184432,null,Camden 019,Camden 019A,null,null,null,null,null,999,null,null,null,null,null,5090684,null,E02000184,E01000856
100034,202,Camden,3370,Kentish Town Church of England Primary School,2,Voluntary aided school,4,Local authority maintained schools,1,Open,0,Not applicable,null,0,Not applicable,null,2,Primary,3,11,1,No boarders,Has Nursery Classes,2,Does not have a sixth form,3,Mixed,2,Church of England,Does not apply,CE23,Diocese of London,0,Not applicable,236,1,Has Special Classes,2026-01-15,224,122,102,42.9,0,Not applicable,null,null,Not applicable,null,Not under a federation,null,null,10069857,null,Not applicable,null,null,null,2026-06-29,Islip Street,null,null,London,null,NW5 2TU,http://www.kentishtown.camden.sch.uk/,2074851279,Mr,Grant,Jacobson,Headteacher,Not applicable,null,null,null,Not applicable,null,Not applicable,Not applicable,Not applicable,null,null,Not applicable,Not applicable,ASD - Autistic Spectrum Disorder,PD - Physical Disability,null,null,null,null,null,null,null,null,null,null,null,Resourced provision,31,21,null,null,H,London,E09000007,Camden,E05013664,Kentish Town South,E14001290,Holborn and St Pancras,UN1,Urban: Nearer to a major town or city,E09000007,529113,185066,null,Camden 003,Camden 003C,null,null,null,null,null,999,null,null,null,null,null,5090705,null,E02000168,E01000921
100035,202,Camden,3391,Rosary Catholic Primary School,2,Voluntary aided school,4,Local authority maintained schools,1,Open,0,Not applicable,null,0,Not applicable,null,2,Primary,3,11,1,No boarders,Has Nursery Classes,2,Does not have a sixth form,3,Mixed,3,Roman Catholic,Does not apply,RC01,Archdiocese of Westminster,0,Not applicable,360,2,No Special Classes,2026-01-15,279,133,146,46.9,0,Not applicable,null,null,Not applicable,null,Not under a federation,null,null,10076020,null,Not applicable,null,null,null,2026-06-29,238 Haverstock Hill,Hampstead,null,London,null,NW3 2AE,http://www.rosary.camden.sch.uk/,2077946292,Miss,Sophie,Kennedy,Headteacher,Not applicable,null,null,null,Not applicable,null,Not applicable,Not applicable,Not applicable,null,null,Not applicable,Not applicable,null,null,null,null,null,null,null,null,null,null,null,null,null,Not applicable,null,null,null,null,H,London,E09000007,Camden,E05013658,Gospel Oak,E14001265,Hampstead and Highgate,UN1,Urban: Nearer to a major town or city,E09000007,527199,185281,null,Camden 008,Camden 008E,null,null,null,null,null,999,null,null,null,null,null,5105233,null,E02000173,E01000898
100036,202,Camden,3398,St Alban's Church of England Primary School,2,Voluntary aided school,4,Local authority maintained schools,1,Open,0,Not applicable,null,0,Not applicable,null,2,Primary,3,11,1,No boarders,Has Nursery Classes,2,Does not have a sixth form,3,Mixed,2,Church of England,Does not apply,CE23,Diocese of London,0,Not applicable,236,2,No Special Classes,2026-01-15,81,35,46,65.4,0,Not applicable,null,null,Not applicable,null,Not under a federation,null,null,10079316,null,Not applicable,null,null,null,2026-07-20,Baldwins Gardens,Holborn,null,London,null,EC1N 7SD,www.stalbanscamden.co.uk,2072428585,Miss,Rebecca,Hughes,Headteacher,Not applicable,null,null,null,Not applicable,null,Not applicable,Not applicable,Not applicable,null,null,Not applicable,Not applicable,null,null,null,null,null,null,null,null,null,null,null,null,null,Not applicable,null,null,null,null,H,London,E09000007,Camden,E05013662,Holborn & Covent Garden,E14001290,Holborn and St Pancras,UN1,Urban: Nearer to a major town or city,E09000007,531156,181834,null,Camden 027,Camden 027C,null,null,null,null,null,999,null,null,null,null,null,5090637,null,E02000192,E01000917
100037,202,Camden,3400,St Aloysius Catholic Primary School,2,Voluntary aided school,4,Local authority maintained schools,2,Closed,0,Not applicable,1900-01-01,2,Closure,2019-12-31,2,Primary,3,11,1,No boarders,Has Nursery Classes,2,Does not have a sixth form,3,Mixed,3,Roman Catholic,Does not apply,RC01,Archdiocese of Westminster,0,Not applicable,450,2,No Special Classes,2019-01-17,260,138,122,34.6,0,Not applicable,null,null,Not applicable,null,Not under a federation,null,null,10076019,null,Not applicable,null,null,null,2020-01-07,Aldenham Street,null,null,London,null,NW1 1PS,null,null,Ms,Clare,McFlynn,Executive Head,Not applicable,null,null,null,Not applicable,null,Not applicable,Not applicable,Not applicable,null,null,Not applicable,Not applicable,null,null,null,null,null,null,null,null,null,null,null,null,null,null,null,null,null,null,H,London,E09000007,Camden,E05000143,St Pancras and Somers Town,E14000750,Holborn and St Pancras,A1,(England/Wales) Urban major conurbation,E09000007,529505,183062,null,Camden 022,Camden 022D,null,null,null,null,null,999,null,null,null,null,null,5090614,null,E02000187,E01000955
100038,202,Camden,3401,St Aloysius Roman Catholic Infant School,2,Voluntary aided school,4,Local authority maintained schools,2,Closed,0,Not applicable,null,1,Result of Amalgamation/Merger,2016-12-31,2,Primary,3,7,1,No boarders,Has Nursery Classes,2,Does not have a sixth form,3,Mixed,3,Roman Catholic,Does not apply,RC01,Archdiocese of Westminster,0,Not applicable,210,2,No Special Classes,null,null,null,null,null,0,Not applicable,null,null,Not applicable,null,Not under a federation,null,null,null,null,Not applicable,null,null,null,2018-11-14,28 Phoenix Road,null,null,London,null,NW1 1TA,null,null,Miss,Clare,McFlynn,Executive Head Teacher,Not applicable,null,null,null,Not applicable,null,Not applicable,Not applicable,Not applicable,null,null,Not applicable,Not applicable,null,null,null,null,null,null,null,null,null,null,null,null,null,null,null,null,null,null,H,London,E09000007,Camden,E05000143,St Pancras and Somers Town,E14000750,Holborn and St Pancras,A1,(England/Wales) Urban major conurbation,E09000007,529641,182910,null,Camden 022,Camden 022D,null,null,null,null,null,999,null,null,null,null,null,5019560,null,E02000187,E01000955
100039,202,Camden,3429,St Dominic's Catholic Primary School,2,Voluntary aided school,4,Local authority maintained schools,2,Closed,0,Not applicable,1900-01-01,2,Closure,2023-08-31,2,Primary,3,11,1,No boarders,Has Nursery Classes,2,Does not have a sixth form,3,Mixed,3,Roman Catholic,Does not apply,RC01,Archdiocese of Westminster,0,Not applicable,336,2,No Special Classes,2023-01-19,46,21,25,60,0,Not applicable,null,null,Not applicable,null,Not under a federation,null,null,10076018,null,Not applicable,null,null,null,2023-09-11,Southampton Road,null,null,London,null,NW5 4JS,null,null,null,Jennifer,O'Prey,Headteacher,Not applicable,null,null,null,Not applicable,null,Not applicable,Not applicable,Not applicable,null,null,Not applicable,Not applicable,null,null,null,null,null,null,null,null,null,null,null,null,null,null,null,null,null,null,H,London,E09000007,Camden,E05013658,Gospel Oak,E14000750,Holborn and St Pancras,A1,(England/Wales) Urban major conurbation,E09000007,527842,185252,null,Camden 006,Camden 006D,null,null,null,null,null,999,null,null,null,null,null,5131187,null,E02000171,E01000892
100040,202,Camden,3441,St George the Martyr Church of England Primary School,2,Voluntary aided school,4,Local authority maintained schools,1,Open,0,Not applicable,null,0,Not applicable,null,2,Primary,3,11,1,No boarders,Has Nursery Classes,2,Does not have a sixth form,3,Mixed,2,Church of England,Does not apply,CE23,Diocese of London,0,Not applicable,236,2,No Special Classes,2026-01-15,190,86,104,41.6,0,Not applicable,null,null,Not applicable,null,Supported by a federation,17835,Go Shine Church of England Federation,10079315,null,Not applicable,null,null,null,2026-06-29,John's Mews,null,null,London,null,WC1N 2NX,http://www.stgeorge.camden.sch.uk/,2074055640,Mr,Harvey,Webb,Head of School,Not applicable,null,null,null,Not applicable,null,Not applicable,Not applicable,Not applicable,null,null,Not applicable,Not applicable,null,null,null,null,null,null,null,null,null,null,null,null,null,null,null,null,null,null,H,London,E09000007,Camden,E05013662,Holborn & Covent Garden,E14001290,Holborn and St Pancras,UN1,Urban: Nearer to a major town or city,E09000007,530763,182065,null,Camden 027,Camden 027D,null,null,null,null,null,999,null,null,null,null,null,5109944,null,E02000192,E01000920
100041,202,Camden,3482,St Josephs Catholic Primary School,2,Voluntary aided school,4,Local authority maintained schools,1,Open,0,Not applicable,null,0,Not applicable,null,2,Primary,3,11,1,No boarders,Has Nursery Classes,2,Does not have a sixth form,3,Mixed,35,Catholic,Does not apply,RC01,Archdiocese of Westminster,0,Not applicable,223,2,No Special Classes,2026-01-15,133,68,65,54.1,0,Not applicable,null,null,Not applicable,null,Not under a federation,null,null,10076017,null,Not applicable,null,null,null,2026-06-29,Macklin Street,Covent Garden,null,London,null,WC2B 5NA,http://www.stjosephs.camden.sch.uk,2072427712,Ms,Moya,Richardson,Headteacher,Not applicable,null,null,null,Not applicable,null,Not applicable,Not applicable,Not applicable,null,null,Not applicable,Not applicable,null,null,null,null,null,null,null,null,null,null,null,null,null,Not applicable,null,null,null,null,H,London,E09000007,Camden,E05013662,Holborn & Covent Garden,E14001290,Holborn and St Pancras,UN1,Urban: Nearer to a major town or city,E09000007,530415,181368,null,Camden 028,Camden 028C,null,null,null,null,null,999,null,null,null,null,null,5090710,null,E02000193,E01000918
100042,202,Camden,3517,St Mary's Kilburn Church of England Primary School,2,Voluntary aided school,4,Local authority maintained schools,1,Open,0,Not applicable,null,0,Not applicable,null,2,Primary,3,11,1,No boarders,Has Nursery Classes,2,Does not have a sixth form,3,Mixed,2,Church of England,Does not apply,CE23,Diocese of London,0,Not applicable,210,2,No Special Classes,2026-01-15,217,110,107,67.3,0,Not applicable,null,null,Not applicable,null,Supported by a federation,17835,Go Shine Church of England Federation,10079314,null,Not applicable,null,null,null,2026-06-29,Quex Road,Kilburn,null,London,null,NW6 4PG,http://www.stmarykilburn.camden.sch.uk/,2073726565,Mr,Harvey,Webb,Executive Headteacher,Not applicable,null,null,null,Not applicable,null,Not applicable,Not applicable,Not applicable,null,null,Not applicable,Not applicable,null,null,null,null,null,null,null,null,null,null,null,null,null,Not applicable,null,null,null,null,H,London,E09000007,Camden,E05013665,Kilburn,E14001265,Hampstead and Highgate,UN1,Urban: Nearer to a major town or city,E09000007,525389,183932,null,Camden 020,Camden 020C,null,null,null,null,null,999,null,null,null,null,null,5060998,null,E02000185,E01000933
100043,202,Camden,3521,St Mary and St Pancras Church of England Primary School,2,Voluntary aided school,4,Local authority maintained schools,1,Open,0,Not applicable,null,0,Not applicable,null,2,Primary,3,11,1,No boarders,Has Nursery Classes,2,Does not have a sixth form,3,Mixed,2,Church of England,Does not apply,CE23,Diocese of London,0,Not applicable,236,2,No Special Classes,2026-01-15,178,71,107,71.9,0,Not applicable,null,null,Not applicable,null,Not under a federation,null,null,10079313,null,Not applicable,null,null,null,2026-06-29,81 Werrington Street,null,null,London,null,NW1 1QP,www.stmp.camden.sch.uk,2073876117,Ms,Jules,Belton,Headteacher,Not applicable,null,null,null,Not applicable,null,Not applicable,Not applicable,Not applicable,null,null,Not applicable,Not applicable,null,null,null,null,null,null,null,null,null,null,null,null,null,null,null,null,null,null,H,London,E09000007,Camden,E05013669,St Pancras & Somers Town,E14001290,Holborn and St Pancras,UN1,Urban: Nearer to a major town or city,E09000007,529495,183146,null,Camden 022,Camden 022D,null,null,null,null,null,999,null,null,null,null,null,5083198,null,E02000187,E01000955
100044,202,Camden,3546,St Michael's Church of England Primary School,2,Voluntary aided school,4,Local authority maintained schools,2,Closed,0,Not applicable,1900-01-01,2,Closure,2023-04-30,2,Primary,4,11,1,No boarders,No Nursery Classes,2,Does not have a sixth form,3,Mixed,2,Church of England,Does not apply,CE23,Diocese of London,0,Not applicable,210,2,No Special Classes,2023-01-19,0,0,0,0,0,Not applicable,null,null,Not applicable,null,Not under a federation,null,null,10046787,null,Not applicable,null,null,null,2024-10-28,88 Camden Street,null,null,London,null,NW1 0JA,null,null,Ms,Moya,Richardson,Headteacher,Not applicable,null,null,null,Not applicable,null,Not applicable,Not applicable,Not applicable,null,null,Not applicable,Not applicable,null,null,null,null,null,null,null,null,null,null,null,null,null,null,null,null,null,null,H,London,E09000007,Camden,E05013669,St Pancras & Somers Town,E14000750,Holborn and St Pancras,A1,(England/Wales) Urban major conurbation,E09000007,529204,183886,null,Camden 019,Camden 019B,null,null,null,null,null,999,null,null,null,null,null,5090687,null,E02000184,E01000861
100045,202,Camden,3560,St Patrick's Catholic Primary School,2,Voluntary aided school,4,Local authority maintained schools,1,Open,0,Not applicable,null,0,Not applicable,null,2,Primary,3,11,1,No boarders,Has Nursery Classes,2,Does not have a sixth form,3,Mixed,3,Roman Catholic,Does not apply,RC01,Archdiocese of Westminster,0,Not applicable,210,2,No Special Classes,2026-01-15,114,55,59,67.5,0,Not applicable,null,null,Not applicable,null,Not under a federation,null,null,10076016,null,Not applicable,null,null,null,2026-06-29,Holmes Road,null,null,London,null,NW5 3AH,http://www.stpatricks.camden.sch.uk/,2072671200,Miss,Chloe,Toop,Headteacher,Not applicable,null,null,null,Not applicable,null,Not applicable,Not applicable,Not applicable,null,null,Not applicable,Not applicable,null,null,null,null,null,null,null,null,null,null,null,null,null,null,null,null,null,null,H,London,E09000007,Camden,E05013664,Kentish Town South,E14001290,Holborn and St Pancras,UN1,Urban: Nearer to a major town or city,E09000007,528861,185010,null,Camden 007,Camden 007E,null,null,null,null,null,999,null,null,null,null,null,5090698,null,E02000172,E01000922
100046,202,Camden,3568,St Paul's Church of England Primary School,2,Voluntary aided school,4,Local authority maintained schools,1,Open,0,Not applicable,null,0,Not applicable,null,2,Primary,4,11,1,No boarders,No Nursery Classes,2,Does not have a sixth form,3,Mixed,2,Church of England,Does not apply,CE23,Diocese of London,0,Not applicable,210,2,No Special Classes,2026-01-15,174,93,81,38.5,0,Not applicable,null,null,Not applicable,null,Not under a federation,null,null,10074738,null,Not applicable,null,null,null,2026-06-29,Elsworthy Road,Primrose Hill,null,London,null,NW3 3DS,http://www.stpauls.camden.sch.uk,2077227381,Mr,Clive,Hale,Headteacher,Not applicable,null,null,null,Not applicable,null,Not applicable,Not applicable,Not applicable,null,null,Not applicable,Not applicable,null,null,null,null,null,null,null,null,null,null,null,null,null,null,null,null,null,null,H,London,E09000007,Camden,E05013667,Primrose Hill,E14001265,Hampstead and Highgate,UN1,Urban: Nearer to a major town or city,E09000007,527498,184129,null,Camden 017,Camden 017D,null,null,null,null,null,999,null,null,null,null,null,5114710,null,E02000182,E01000967
100047,202,Camden,3649,St Eugene de Mazenod Roman Catholic Primary School,2,Voluntary aided school,4,Local authority maintained schools,1,Open,0,Not applicable,null,0,Not applicable,null,2,Primary,4,11,1,No boarders,No Nursery Classes,2,Does not have a sixth form,3,Mixed,3,Roman Catholic,Does not apply,RC01,Archdiocese of Westminster,0,Not applicable,210,2,No Special Classes,2026-01-15,203,98,105,42.9,0,Not applicable,null,null,Not applicable,null,Not under a federation,null,null,10076015,null,Not applicable,null,null,null,2026-06-29,Mazenod Avenue,null,null,London,null,NW6 4LS,http://www.steugene.camden.sch.uk/,2076244837,Ms,Rebecca,Smith,Headteacher,Not applicable,null,null,null,Not applicable,null,Not applicable,Not applicable,Not applicable,null,null,Not applicable,Not applicable,null,null,null,null,null,null,null,null,null,null,null,null,null,null,null,null,null,null,H,London,E09000007,Camden,E05013665,Kilburn,E14001265,Hampstead and Highgate,UN1,Urban: Nearer to a major town or city,E09000007,525360,183998,null,Camden 020,Camden 020C,null,null,null,null,null,999,null,null,null,null,null,5144612,null,E02000185,E01000933
100048,202,Camden,3655,Our Lady Roman Catholic Primary School,2,Voluntary aided school,4,Local authority maintained schools,1,Open,0,Not applicable,null,0,Not applicable,null,2,Primary,3,11,1,No boarders,Has Nursery Classes,2,Does not have a sixth form,3,Mixed,35,Catholic,Does not apply,RC01,Archdiocese of Westminster,0,Not applicable,240,2,No Special Classes,2026-01-15,200,90,110,64.5,0,Not applicable,null,null,Not applicable,null,Not under a federation,null,null,10076014,null,Not applicable,null,null,null,2026-08-07,Pratt Street,Camden,null,London,null,NW1 0DP,https://www.ourladys.camden.sch.uk/,2074857997,Ms,Moya,Richardson,Associate Headteacher,Not applicable,null,null,null,Not applicable,null,Not applicable,Not applicable,Not applicable,null,null,Not applicable,Not applicable,null,null,null,null,null,null,null,null,null,null,null,null,null,null,null,null,null,null,H,London,E09000007,Camden,E05013669,St Pancras & Somers Town,E14001290,Holborn and St Pancras,UN1,Urban: Nearer to a major town or city,E09000007,529268,183862,null,Camden 019,Camden 019B,null,null,null,null,null,999,null,null,null,null,null,5090619,null,E02000184,E01000861
100049,202,Camden,4104,Haverstock School,1,Community school,4,Local authority maintained schools,1,Open,0,Not applicable,null,0,Not applicable,null,4,Secondary,11,18,1,No boarders,No Nursery Classes,1,Has a sixth form,3,Mixed,0,Does not apply,Does not apply,0000,Not applicable,4,Non-selective,1035,2,No Special Classes,2026-01-15,878,494,384,72.8,0,Not applicable,null,null,Not applicable,null,Supported by a federation,17669,H3 Federation,10002938,null,Not applicable,null,null,null,2026-06-29,24 Haverstock Hill,Chalk Farm,null,London,null,NW3 2BQ,http://www.haverstock.camden.sch.uk/,2072670975,Mr,Joe,Edwards,Headteacher,Not applicable,null,null,null,Not applicable,null,Not applicable,Not applicable,Not applicable,null,null,Not applicable,Not applicable,ASD - Autistic Spectrum Disorder,null,null,null,null,null,null,null,null,null,null,null,null,Resourced provision,8,8,null,null,H,London,E09000007,Camden,E05013660,Haverstock,E14001290,Holborn and St Pancras,UN1,Urban: Nearer to a major town or city,E09000007,528159,184498,null,Camden 012,Camden 012B,null,null,null,null,null,999,null,null,null,null,null,10091822489,null,E02000177,E01000902
100050,202,Camden,4166,Parliament Hill School,1,Community school,4,Local authority maintained schools,1,Open,0,Not applicable,null,0,Not applicable,null,4,Secondary,11,18,1,No boarders,No Nursery Classes,1,Has a sixth form,2,Girls,0,Does not apply,Does not apply,0000,Not applicable,4,Non-selective,1164,2,No Special Classes,2026-01-15,1191,81,1110,38,0,Not applicable,null,null,Not applicable,null,Not under a federation,null,null,10004992,null,Not applicable,null,null,null,2026-06-29,Highgate Road,null,null,London,null,NW5 1RL,http://www.parliamenthill.camden.sch.uk/,2074857077,Ms,Sarah,Creasey,Headteacher,Not applicable,null,null,null,Not applicable,null,Not applicable,Not applicable,Not applicable,null,null,Not applicable,Not applicable,null,null,null,null,null,null,null,null,null,null,null,null,null,null,null,null,null,null,H,London,E09000007,Camden,E05013661,Highgate,E14001265,Hampstead and Highgate,UN1,Urban: Nearer to a major town or city,E09000007,528369,186019,null,Camden 001,Camden 001D,null,null,null,null,null,999,null,null,null,null,null,5109911,null,E02000166,E01000912
100051,202,Camden,4196,Regent High School,1,Community school,4,Local authority maintained schools,1,Open,0,Not applicable,null,0,Not applicable,null,4,Secondary,11,18,1,No boarders,No Nursery Classes,1,Has a sixth form,3,Mixed,0,Does not apply,Does not apply,0000,Not applicable,4,Non-selective,1100,2,No Special Classes,2026-01-15,1050,618,432,72.1,0,Not applicable,null,null,Not applicable,null,Not under a federation,null,null,10005970,null,Not applicable,null,null,null,2026-06-29,Chalton Street,Camden,null,London,null,NW1 1RX,http://www.regenthighschool.org.uk/,2073870126,Mr,Gary,Moore,Headteacher,Not applicable,null,null,null,Not applicable,null,Not applicable,Not applicable,Not applicable,null,null,Not applicable,Not applicable,SpLD - Specific Learning Difficulty,VI - Visual Impairment,OTH - Other Difficulty/Disability,HI - Hearing Impairment,"SLCN - Speech, language and Communication",ASD - Autistic Spectrum Disorder,"SEMH - Social, Emotional and Mental Health",PD - Physical Disability,MLD - Moderate Learning Difficulty,null,null,null,null,Resourced provision,3,4,null,null,H,London,E09000007,Camden,E05013669,St Pancras & Somers Town,E14001290,Holborn and St Pancras,UN1,Urban: Nearer to a major town or city,E09000007,529555,183356,null,Camden 022,Camden 022A,null,null,null,null,null,999,null,null,null,null,null,5002198,null,E02000187,E01000952
100052,202,Camden,4275,Hampstead School,1,Community school,4,Local authority maintained schools,1,Open,0,Not applicable,null,0,Not applicable,null,4,Secondary,11,18,1,No boarders,No Nursery Classes,1,Has a sixth form,3,Mixed,0,Does not apply,Does not apply,0000,Not applicable,4,Non-selective,1320,2,No Special Classes,2026-01-15,1191,622,569,51.5,0,Not applicable,null,null,Not applicable,null,Not under a federation,null,null,10002876,null,Not applicable,null,null,null,2026-06-29,Westbere Road,Hampstead,null,London,null,NW2 3RT,http://www.hampsteadschool.org.uk/,2077948133,Mr,Matthew,Sadler,Head,Not applicable,null,null,null,Not applicable,null,Not applicable,Not applicable,Not applicable,null,null,Not applicable,Not applicable,null,null,null,null,null,null,null,null,null,null,null,null,null,null,null,null,null,null,H,London,E09000007,Camden,E05013656,Fortune Green,E14001265,Hampstead and Highgate,UN1,Urban: Nearer to a major town or city,E09000007,524402,185633,null,Camden 005,Camden 005A,null,null,null,null,null,999,null,null,null,null,null,5090623,null,E02000170,E01000871
100053,202,Camden,4285,Acland Burghley School,1,Community school,4,Local authority maintained schools,1,Open,0,Not applicable,null,0,Not applicable,null,4,Secondary,11,18,1,No boarders,No Nursery Classes,1,Has a sixth form,3,Mixed,0,Does not apply,Does not apply,0000,Not applicable,4,Non-selective,1200,2,No Special Classes,2026-01-15,1252,802,450,36.7,0,Not applicable,null,null,Not applicable,null,Not under a federation,null,null,10000101,null,Not applicable,null,null,null,2026-08-17,Burghley Road,null,null,London,null,NW5 1UJ,http://www.aclandburghley.camden.sch.uk/,2074858515,Mr,Nicholas,John,Headteacher,Not applicable,null,null,null,Not applicable,null,Not applicable,Not applicable,Not applicable,null,null,Not applicable,Not applicable,ASD - Autistic Spectrum Disorder,null,null,null,null,null,null,null,null,null,null,null,null,Resourced provision,24,25,null,null,H,London,E09000007,Camden,E05013663,Kentish Town North,E14001290,Holborn and St Pancras,UN1,Urban: Nearer to a major town or city,E09000007,528962,185931,null,Camden 003,Camden 003E,null,null,null,null,null,999,null,null,null,null,null,5011527,null,E02000168,E01000928
100054,202,Camden,4611,The Camden School for Girls,2,Voluntary aided school,4,Local authority maintained schools,1,Open,0,Not applicable,null,0,Not applicable,null,4,Secondary,11,18,1,No boarders,No Nursery Classes,1,Has a sixth form,2,Girls,6,None,Does not apply,0000,Not applicable,4,Non-selective,1040,2,No Special Classes,2026-01-15,1108,174,934,30.3,0,Not applicable,null,null,Not applicable,null,Not under a federation,null,null,10000001,null,Not applicable,null,null,null,2026-07-01,Sandall Road,null,null,London,null,NW5 2DB,http://www.camdengirls.camden.sch.uk,2074853414,Mrs,Kateryna,Law,Headteacher,Not applicable,null,null,null,Not applicable,null,Not applicable,Not applicable,Not applicable,null,null,Not applicable,Not applicable,null,null,null,null,null,null,null,null,null,null,null,null,null,null,null,null,null,null,H,London,E09000007,Camden,E05013664,Kentish Town South,E14001290,Holborn and St Pancras,UN1,Urban: Nearer to a major town or city,E09000007,529441,184659,null,Camden 015,Camden 015F,null,null,null,null,null,999,null,null,null,null,null,5090615,null,E02000180,E01035707
100055,202,Camden,4652,Maria Fidelis Catholic School FCJ,2,Voluntary aided school,4,Local authority maintained schools,1,Open,0,Not applicable,null,0,Not applicable,null,4,Secondary,11,18,1,No boarders,No Nursery Classes,1,Has a sixth form,3,Mixed,3,Roman Catholic,Does not apply,RC01,Archdiocese of Westminster,4,Non-selective,917,2,No Special Classes,2026-01-15,738,383,355,63,0,Not applicable,null,null,Not applicable,null,Not under a federation,null,null,10004201,null,Not applicable,null,null,null,2026-06-29,1 - 39 Drummond Crescent,null,null,London,null,NW1 1LY,http://www.mariafidelis.camden.sch.uk/,2073873856,Mr,Mark,Anthony,Headteacher,Not applicable,null,null,null,Not applicable,null,Not applicable,Not applicable,Not applicable,null,null,Not applicable,Not applicable,null,null,null,null,null,null,null,null,null,null,null,null,null,null,null,null,null,null,H,London,E09000007,Camden,E05013669,St Pancras & Somers Town,E14001290,Holborn and St Pancras,UN1,Urban: Nearer to a major town or city,E09000007,529642,182873,null,Camden 022,Camden 022D,null,null,null,null,null,999,null,null,null,null,United Kingdom,5082123,null,E02000187,E01000955
100056,202,Camden,4688,William Ellis School,2,Voluntary aided school,4,Local authority maintained schools,1,Open,0,Not applicable,null,0,Not applicable,null,4,Secondary,11,18,1,No boarders,No Nursery Classes,1,Has a sixth form,1,Boys,6,None,Does not apply,0000,Not applicable,4,Non-selective,895,2,No Special Classes,2026-01-15,771,653,118,57.5,0,Not applicable,null,null,Not applicable,null,Not under a federation,null,null,10007511,null,Not applicable,null,null,null,2026-06-29,Highgate Road,null,null,London,null,NW5 1RN,http://www.williamellis.camden.sch.uk/,2072679346,Ms,Izzy,Jones,Headteacher,Not applicable,null,null,null,Not applicable,null,Not applicable,Not applicable,Not applicable,null,null,Not applicable,Not applicable,null,null,null,null,null,null,null,null,null,null,null,null,null,Not applicable,null,null,null,null,H,London,E09000007,Camden,E05013661,Highgate,E14001265,Hampstead and Highgate,UN1,Urban: Nearer to a major town or city,E09000007,528267,186049,null,Camden 001,Camden 001D,null,null,null,null,null,999,null,null,null,null,null,5109912,null,E02000166,E01000912
100057,202,Camden,4713,St Richard of Chichester School,2,Voluntary aided school,4,Local authority maintained schools,2,Closed,0,Not applicable,null,0,Not applicable,1998-07-31,4,Secondary,11,18,1,No boarders,Not applicable,0,Not applicable,3,Mixed,6,None,Does not apply,9999,null,4,Non-selective,null,2,No Special Classes,null,null,null,null,null,0,Not applicable,null,null,Not applicable,null,Not under a federation,null,null,null,null,Not applicable,null,null,null,2018-11-14,Royal College Street,null,null,London,null,NW1 9LY,null,null,Mr,P D,Segalini,Headteacher,Not applicable,null,null,null,Not applicable,null,Not applicable,Not applicable,Not applicable,null,null,Not applicable,Not applicable,null,null,null,null,null,null,null,null,null,null,null,null,null,null,null,null,null,null,H,London,E09000007,Camden,E05000131,Cantelowes,E14000750,Holborn and St Pancras,A1,(England/Wales) Urban major conurbation,E09000007,529066,184477,null,Camden 009,Camden 009A,null,null,null,null,null,999,null,null,null,null,null,null,null,E02000174,E01000866
100059,202,Camden,5401,La Sainte Union Catholic Secondary School,2,Voluntary aided school,4,Local authority maintained schools,1,Open,0,Not applicable,null,0,Not applicable,null,4,Secondary,11,18,1,No boarders,No Nursery Classes,1,Has a sixth form,2,Girls,3,Roman Catholic,Does not apply,RC01,Archdiocese of Westminster,4,Non-selective,1219,2,No Special Classes,2026-01-15,550,48,502,42.6,0,Not applicable,null,null,Not applicable,null,Not under a federation,null,null,10003733,null,Not applicable,null,null,null,2026-07-02,Highgate Road,null,null,London,null,NW5 1RP,http://www.lasainteunion.org.uk/,2074284600,Mrs,Sophie,Fegan,Headteacher,Not applicable,null,null,null,Not applicable,null,Not applicable,Not applicable,Not applicable,null,null,Not applicable,Not applicable,null,null,null,null,null,null,null,null,null,null,null,null,null,null,null,null,null,null,H,London,E09000007,Camden,E05013661,Highgate,E14001265,Hampstead and Highgate,UN1,Urban: Nearer to a major town or city,E09000007,528379,186191,null,Camden 003,Camden 003A,null,null,null,null,null,999,null,null,null,null,null,5090721,null,E02000168,E01000910
100060,202,Camden,5950,Children's Hospital School at Gt Ormond Street and UCH,12,Foundation special school,5,Special schools,1,Open,0,Not applicable,null,0,Not applicable,null,0,Not applicable,4,18,1,No boarders,Not applicable,0,Not applicable,3,Mixed,0,Does not apply,Does not apply,0000,Not applicable,0,Not applicable,null,1,Has Special Classes,2026-01-15,0,0,0,null,2,Not supported by a trust,null,null,Not applicable,null,Not under a federation,null,null,10015430,null,Not applicable,null,null,null,2026-06-29,Great Ormond Street,Camden,null,London,null,WC1N 3JH,https://www.goshschool.org/,2078138269,Ms,Neela,Moorghen,Headteacher,Not applicable,null,null,null,Not applicable,null,Not applicable,Not applicable,Not applicable,null,null,Not applicable,Not applicable,null,null,null,null,null,null,null,null,null,null,null,null,null,null,null,null,null,null,H,London,E09000007,Camden,E05013662,Holborn & Covent Garden,E14001290,Holborn and St Pancras,UN1,Urban: Nearer to a major town or city,E09000007,530533,182041,null,Camden 027,Camden 027A,null,null,null,null,null,999,null,null,null,null,null,5090726,null,E02000192,E01000915
100061,202,Camden,6013,St Christopher's School,11,Other independent school,3,Independent schools,1,Open,0,Not applicable,1924-01-01,0,Not applicable,null,0,Not applicable,4,11,1,No boarders,No Nursery Classes,2,Does not have a sixth form,2,Girls,6,None,Inter- / non- denominational,0000,Not applicable,2,Selective,275,2,No Special Classes,2024-01-18,253,0,253,null,0,Not applicable,null,null,Not applicable,null,Not applicable,null,null,10075167,null,Not applicable,null,null,null,2026-07-23,32 Belsize Lane,null,null,London,null,NW3 5AE,www.stchristophers.london,2074351521,Mr,Mark,Maddocks,null,Not applicable,null,null,null,Not applicable,null,Not applicable,Not applicable,Not applicable,null,null,Not applicable,Not approved,null,null,null,null,null,null,null,null,null,null,null,null,null,null,null,null,null,null,H,London,E09000007,Camden,E05013652,Belsize,E14001265,Hampstead and Highgate,UN1,Urban: Nearer to a major town or city,E09000007,526978,185153,null,Camden 008,Camden 008D,ISI,1,60,Does not have boarders,St Christopher's School,999,null,null,null,null,null,5053500,null,E02000173,E01000897
100062,202,Camden,6014,St Margaret's School,11,Other independent school,3,Independent schools,1,Open,0,Not applicable,1920-01-01,0,Not applicable,null,0,Not applicable,4,16,1,No boarders,No Nursery Classes,2,Does not have a sixth form,2,Girls,6,None,None,0000,Not applicable,2,Selective,170,2,No Special Classes,2024-01-18,152,0,152,null,0,Not applicable,null,null,Not applicable,null,Not applicable,null,null,10017630,null,Not applicable,null,null,null,2026-07-23,18 Kidderpore Gardens,null,null,London,null,NW3 7SR,http://www.st-margarets.co.uk/,2074352439,Mrs,Sharron,Shackell,Principal,Not applicable,null,null,null,Not applicable,null,Not applicable,Not applicable,Not applicable,null,null,Not applicable,Not approved,null,null,null,null,null,null,null,null,null,null,null,null,null,null,null,null,null,null,H,London,E09000007,Camden,E05013657,Frognal,E14001265,Hampstead and Highgate,UN1,Urban: Nearer to a major town or city,E09000007,525551,185876,null,Camden 004,Camden 004D,ISI,1,57,Does not have boarders,St Margaret's School (Hampstead) Ltd,999,null,null,null,null,null,5009911,null,E02000169,E01000884
100063,202,Camden,6016,Sarum Hall School,11,Other independent school,3,Independent schools,1,Open,0,Not applicable,1934-01-01,0,Not applicable,null,0,Not applicable,3,11,1,No boarders,Has Nursery Classes,2,Does not have a sixth form,2,Girls,2,Church of England,Church of England,0000,Not applicable,4,Non-selective,192,2,No Special Classes,2024-01-18,184,0,184,null,0,Not applicable,null,null,Not applicable,null,Not applicable,null,null,10075166,null,Not applicable,null,null,null,2026-07-23,15 Eton Avenue,null,null,London,null,NW3 3EL,https://www.sarumhallschool.co.uk/,2077942261,Miss,Karen,Coles,Headteacher,Not applicable,null,null,null,Not applicable,null,Not applicable,Not applicable,Not applicable,null,null,Not applicable,Not approved,null,null,null,null,null,null,null,null,null,null,null,null,null,null,null,null,null,null,H,London,E09000007,Camden,E05013667,Primrose Hill,E14001265,Hampstead and Highgate,UN1,Urban: Nearer to a major town or city,E09000007,527291,184479,null,Camden 014,Camden 014B,ISI,0,43,Does not have boarders,Sarum Hall School Trust Ltd,999,null,null,null,null,null,5055751,null,E02000179,E01000845
100064,202,Camden,6017,The Hall School,11,Other independent school,3,Independent schools,1,Open,0,Not applicable,1919-01-01,0,Not applicable,null,0,Not applicable,4,13,1,No boarders,No Nursery Classes,2,Does not have a sixth form,1,Boys,2,Church of England,Church of England,0000,Not applicable,2,Selective,470,2,No Special Classes,2024-01-18,463,463,0,null,0,Not applicable,null,null,Not applicable,null,Not applicable,null,null,10018605,null,Not applicable,null,null,null,2026-07-23,23 Crossfield Road,Hampstead,null,London,null,NW3 4NU,www.hallschool.co.uk,2077221700,Dr,Willem,Steyn,Headteacher,Not applicable,null,null,null,Not applicable,null,Not applicable,Not applicable,Not applicable,null,null,Not applicable,Not approved,null,null,null,null,null,null,null,null,null,null,null,null,null,null,null,null,null,null,H,London,E09000007,Camden,E05013652,Belsize,E14001265,Hampstead and Highgate,UN1,Urban: Nearer to a major town or city,E09000007,526932,184533,null,Camden 011,Camden 011B,ISI,2,107,Does not have boarders,The Hall School Charitable Trust,999,null,null,null,null,null,5105233,null,E02000176,E01000844
100065,202,Camden,6018,University College School,11,Other independent school,3,Independent schools,1,Open,0,Not applicable,1907-01-01,0,Not applicable,null,0,Not applicable,4,18,1,No boarders,No Nursery Classes,1,Has a sixth form,3,Mixed,6,None,None,0000,Not applicable,0,Not applicable,1318,2,No Special Classes,2024-01-18,1297,1184,113,null,0,Not applicable,null,null,Not applicable,null,Not applicable,null,null,10016008,null,Not applicable,null,null,null,2026-07-23,Frognal,Hampstead,null,London,null,NW3 6XH,http://www.ucs.org.uk/,2074352215,Mr,Mark,Beard,Headmaster,Not applicable,null,null,null,Not applicable,null,Not applicable,Not applicable,Not applicable,null,null,Not applicable,Not approved,null,null,null,null,null,null,null,null,null,null,null,null,null,null,null,null,null,null,H,London,E09000007,Camden,E05013657,Frognal,E14001265,Hampstead and Highgate,UN1,Urban: Nearer to a major town or city,E09000007,526202,185414,null,Camden 004,Camden 004B,ISI,2,160,Does not have boarders,University College School,999,null,null,null,null,null,5105233,null,E02000169,E01000879
100066,202,Camden,6038,The Cavendish School,11,Other independent school,3,Independent schools,1,Open,0,Not applicable,1950-01-01,0,Not applicable,null,0,Not applicable,3,11,1,No boarders,Has Nursery Classes,2,Does not have a sixth form,2,Girls,3,Roman Catholic,Christian,0000,Not applicable,4,Non-selective,276,2,No Special Classes,2024-01-18,194,0,194,null,0,Not applicable,null,null,Not applicable,null,Not applicable,null,null,10075165,null,Not applicable,null,null,null,2026-07-23,31 Inverness Street,null,null,London,null,NW1 7HB,http://www.cavendish-school.co.uk/,2074851958,Mrs,Taryn,Lombard,Headteacher,Not applicable,null,null,null,Not applicable,null,Not applicable,Not applicable,Not applicable,null,null,Not applicable,Not approved,null,null,null,null,null,null,null,null,null,null,null,null,null,null,null,null,null,null,H,London,E09000007,Camden,E05013655,Camden Town,E14001290,Holborn and St Pancras,UN1,Urban: Nearer to a major town or city,E09000007,528739,183866,null,Camden 021,Camden 021A,ISI,0,32,Does not have boarders,The Cavendish School Charitable Trust Ltd,999,null,null,null,null,null,5137032,null,E02000186,E01000863
100067,202,Camden,6084,"St Mary's School, Hampstead",11,Other independent school,3,Independent schools,1,Open,0,Not applicable,1951-01-01,0,Not applicable,null,0,Not applicable,2,11,1,No boarders,Has Nursery Classes,2,Does not have a sixth form,2,Girls,3,Roman Catholic,Roman Catholic,0000,Not applicable,4,Non-selective,307,2,No Special Classes,2024-01-18,194,0,194,null,0,Not applicable,null,null,Not applicable,null,Not applicable,null,null,10079908,null,Not applicable,null,null,null,2026-07-23,47 Fitzjohn's Avenue,London,null,null,null,NW3 6PG,http://www.stmh.co.uk/,2074351868,Miss,Charlotte,Owen,Headteacher,Not applicable,null,null,null,Not applicable,null,Not applicable,Not applicable,Not applicable,null,null,Not applicable,Not approved,null,null,null,null,null,null,null,null,null,null,null,null,null,null,null,null,null,null,H,London,E09000007,Camden,E05013652,Belsize,E14001265,Hampstead and Highgate,UN1,Urban: Nearer to a major town or city,E09000007,526543,185092,null,Camden 008,Camden 008A,ISI,4,19,Does not have boarders,St Mary's School Hampstead,999,null,null,null,null,null,5105233,null,E02000173,E01000881
100068,202,Camden,6174,North Bridge House Nursery & Pre-Prep Schools,11,Other independent school,3,Independent schools,1,Open,0,Not applicable,1957-11-18,0,Not applicable,null,0,Not applicable,2,7,1,No boarders,Has Nursery Classes,2,Does not have a sixth form,3,Mixed,6,None,None,0000,Not applicable,0,Not applicable,420,2,No Special Classes,2024-01-18,138,75,63,null,0,Not applicable,null,null,Not applicable,null,Not applicable,null,null,10070531,null,Not applicable,null,null,null,2026-07-23,8 Netherhall Gardens,null,null,London,null,NW3 5RR,www.northbridgehouse.com,2072676266,Mrs,Sarah,Cartwright-Styles,Headteacher,Not applicable,null,null,null,Not applicable,null,Not applicable,Not applicable,Not applicable,null,null,Not applicable,Not approved,null,null,null,null,null,null,null,null,null,null,null,null,null,null,null,null,null,null,H,London,E09000007,Camden,E05013652,Belsize,E14001265,Hampstead and Highgate,UN1,Urban: Nearer to a major town or city,E09000007,526368,184811,null,Camden 008,Camden 008C,ISI,0,12,Does not have boarders,Cognita Schools Ltd,999,null,null,null,null,null,5000951,null,E02000173,E01000883
100069,202,Camden,6179,Hereward House School,11,Other independent school,3,Independent schools,1,Open,0,Not applicable,1957-10-15,0,Not applicable,null,0,Not applicable,4,13,1,No boarders,No Nursery Classes,2,Does not have a sixth form,1,Boys,6,None,None,0000,Not applicable,0,Not applicable,170,2,No Special Classes,2024-01-18,156,156,0,null,0,Not applicable,null,null,Not applicable,null,Not applicable,null,null,10070530,null,Not applicable,null,null,null,2026-07-23,14 Strathray Gardens,null,null,London,null,NW3 4NY,null,2077944820,Mr,Pascal,Evans,Headteacher,Not applicable,null,null,null,Not applicable,null,Not applicable,Not applicable,Not applicable,null,null,Not applicable,Not approved,null,null,null,null,null,null,null,null,null,null,null,null,null,null,null,null,null,null,H,London,E09000007,Camden,E05013652,Belsize,E14001265,Hampstead and Highgate,UN1,Urban: Nearer to a major town or city,E09000007,527001,184495,null,Camden 011,Camden 011B,ISI,1,25,Does not have boarders,Leonie Sampson,999,null,null,null,null,null,5042307,null,E02000176,E01000844
100070,202,Camden,6181,St Anthony's School for Boys,11,Other independent school,3,Independent schools,1,Open,0,Not applicable,1956-01-01,0,Not applicable,null,0,Not applicable,2,13,1,No boarders,Has Nursery Classes,2,Does not have a sixth form,1,Boys,35,Catholic,Roman Catholic,0000,Not applicable,0,Not applicable,390,2,No Special Classes,2024-01-18,256,245,11,null,0,Not applicable,null,null,Not applicable,null,Not applicable,null,null,10018478,null,Not applicable,null,null,null,2026-07-23,90 Fitzjohn's Avenue,London,null,null,null,NW3 6NP,www.stanthonysprep.org.uk,2074353597,Mr,Richard,Berlie,Headmaster,Not applicable,null,null,null,Not applicable,null,Not applicable,Not applicable,Not applicable,null,null,Not applicable,Not approved,null,null,null,null,null,null,null,null,null,null,null,null,null,null,null,null,null,null,H,London,E09000007,Camden,E05013659,Hampstead Town,E14001265,Hampstead and Highgate,UN1,Urban: Nearer to a major town or city,E09000007,526536,185454,null,Camden 008,Camden 008D,ISI,1,60,Does not have boarders,Alpha Plus Group Limited,999,null,null,null,null,United Kingdom,5037567,null,E02000173,E01000897
100071,202,Camden,6195,North Bridge Nursery School,11,Other independent school,3,Independent schools,2,Closed,0,Not applicable,1958-06-18,1,Result of Amalgamation/Merger,2021-08-31,0,Not applicable,2,5,1,No boarders,Has Nursery Classes,2,Does not have a sixth form,3,Mixed,6,None,None,0000,Not applicable,4,Non-selective,220,2,No Special Classes,2021-01-21,172,102,70,0,0,Not applicable,null,null,Not applicable,null,Not applicable,null,null,10070529,null,Not applicable,null,null,null,2021-09-16,33 Fitzjohn's Avenue,Hampstead,null,London,null,NW3 5JY,null,null,Mrs,Christine,McLelland,Headteacher,Not applicable,null,null,null,Not applicable,null,Not applicable,Not applicable,Not applicable,null,null,Not applicable,Not approved,null,null,null,null,null,null,null,null,null,null,null,null,null,null,null,null,null,null,H,London,E09000007,Camden,E05000133,Frognal and Fitzjohns,E14000727,Hampstead and Kilburn,A1,(England/Wales) Urban major conurbation,E09000007,526549,184913,null,Camden 008,Camden 008C,ISI,1,10,Does not have boarders,Cognita Schools Ltd,999,null,null,null,null,null,5105233,null,E02000173,E01000883
100072,202,Camden,6210,Lyndhurst House Preparatory School,11,Other independent school,3,Independent schools,2,Closed,0,Not applicable,1957-01-01,2,Closure,2023-08-31,0,Not applicable,4,13,1,No boarders,No Nursery Classes,2,Does not have a sixth form,1,Boys,6,None,None,0000,Not applicable,0,Not applicable,168,2,No Special Classes,2022-01-20,106,106,0,0,0,Not applicable,null,null,Not applicable,null,Not applicable,null,null,10018763,null,Not applicable,null,null,null,2024-01-23,24 Lyndhurst Gardens,Hampstead,null,London,null,NW3 5NW,null,null,Mr,A J C,Reid,Headteacher,Not applicable,null,null,null,Not applicable,null,Not applicable,Not applicable,Not applicable,null,null,Not applicable,Not approved,null,null,null,null,null,null,null,null,null,null,null,null,null,null,null,null,null,null,H,London,E09000007,Camden,E05013652,Belsize,E14000727,Hampstead and Kilburn,A1,(England/Wales) Urban major conurbation,E09000007,526875,185297,null,Camden 008,Camden 008D,ISI,0,17,Does not have boarders,Dukes Education,999,null,null,null,null,null,5105233,null,E02000173,E01000897
100073,202,Camden,6264,Hampstead Hill School,11,Other independent school,3,Independent schools,1,Open,0,Not applicable,1970-10-23,0,Not applicable,null,0,Not applicable,2,11,1,No boarders,Has Nursery Classes,2,Does not have a sixth form,3,Mixed,6,None,None,0000,Not applicable,4,Non-selective,521,2,No Special Classes,2024-01-18,359,190,169,null,0,Not applicable,null,null,Not applicable,null,Not applicable,null,null,10070528,null,Not applicable,null,null,null,2026-07-23,St Stephen's,Pond Street,Hampstead,London,null,NW3 2PP,www.hampsteadhillschool.co.uk,2074356262,Mrs,A,Taylor,Headteacher,Not applicable,null,null,null,Not applicable,null,Not applicable,Not applicable,Not applicable,null,null,Not applicable,Not approved,null,null,null,null,null,null,null,null,null,null,null,null,null,null,null,null,null,null,H,London,E09000007,Camden,E05013658,Gospel Oak,E14001265,Hampstead and Highgate,UN1,Urban: Nearer to a major town or city,E09000007,527085,185400,null,Camden 008,Camden 008E,ISI,0,34,Does not have boarders,Hampstead Hill School Ltd,999,null,null,null,null,null,5110228,null,E02000173,E01000898
100074,202,Camden,6269,North Bridge House Senior School,11,Other independent school,3,Independent schools,1,Open,0,Not applicable,1972-03-03,0,Not applicable,null,0,Not applicable,11,18,1,No boarders,No Nursery Classes,1,Has a sixth form,3,Mixed,6,None,None,0000,Not applicable,4,Non-selective,500,2,No Special Classes,2024-01-18,365,268,97,null,0,Not applicable,null,null,Not applicable,null,Not applicable,null,null,10007975,null,Not applicable,null,null,null,2026-07-23,65 Rosslyn Hill,Hampstead,null,null,null,NW3 5UD,null,2072676266,Mr,Christopher,Jones,Headteacher,Not applicable,null,null,null,Not applicable,null,Not applicable,Not applicable,Not applicable,null,null,Not applicable,Not approved,null,null,null,null,null,null,null,null,null,null,null,null,null,null,null,null,null,null,H,London,E09000007,Camden,E05013659,Hampstead Town,E14001265,Hampstead and Highgate,UN1,Urban: Nearer to a major town or city,E09000007,526640,185531,null,Camden 002,Camden 002B,ISI,7,2,Does not have boarders,Cognita Schools Ltd,999,null,null,null,null,null,5069754,null,E02000167,E01000894
100075,202,Camden,6295,Trevor-Roberts School,11,Other independent school,3,Independent schools,1,Open,0,Not applicable,1977-12-20,0,Not applicable,null,0,Not applicable,4,13,1,No boarders,No Nursery Classes,2,Does not have a sixth form,3,Mixed,6,None,Church of England,0000,Not applicable,0,Not applicable,180,2,No Special Classes,2024-01-18,160,86,74,null,0,Not applicable,null,null,Not applicable,null,Not applicable,null,null,10032215,null,Not applicable,null,null,null,2026-07-23,55-57 Eton Avenue,null,null,London,null,NW3 3ET,null,2075861444,Mr,Simon,Trevor-Roberts,Headteacher,Not applicable,null,null,null,Not applicable,null,Not applicable,Not applicable,Not applicable,null,null,Not applicable,Not approved,null,null,null,null,null,null,null,null,null,null,null,null,null,null,null,null,null,null,H,London,E09000007,Camden,E05013667,Primrose Hill,E14001265,Hampstead and Highgate,UN1,Urban: Nearer to a major town or city,E09000007,526981,184414,null,Camden 011,Camden 011B,ISI,0,43,Does not have boarders,Trevor-Roberts School LTD,999,null,null,null,null,null,5067462,null,E02000176,E01000844
100076,202,Camden,6307,South Hampstead High School GDST,11,Other independent school,3,Independent schools,1,Open,0,Not applicable,1980-09-30,0,Not applicable,null,0,Not applicable,4,19,1,No boarders,No Nursery Classes,1,Has a sixth form,2,Girls,6,None,None,0000,Not applicable,2,Selective,964,2,No Special Classes,2024-01-18,961,0,961,null,0,Not applicable,null,null,Not applicable,null,Not applicable,null,null,10008499,null,Not applicable,null,null,null,2026-07-23,3 Maresfield Gardens,null,null,London,null,NW3 5SS,http://www.shhs.gdst.net/,2074352899,Mrs,Anna,Paul,Headmistress,Not applicable,null,null,null,Not applicable,null,Not applicable,Not applicable,Not applicable,null,null,Not applicable,Not approved,null,null,null,null,null,null,null,null,null,null,null,null,null,null,null,null,null,null,H,London,E09000007,Camden,E05013652,Belsize,E14001265,Hampstead and Highgate,UN1,Urban: Nearer to a major town or city,E09000007,526491,184607,null,Camden 008,Camden 008C,ISI,3,144,Does not have boarders,Girls Day School Trust,999,null,null,null,null,null,5083448,null,E02000173,E01000883
100077,202,Camden,6353,The Village School,11,Other independent school,3,Independent schools,2,Closed,0,Not applicable,1985-10-02,2,Closure,2025-07-10,0,Not applicable,2,14,1,No boarders,Has Nursery Classes,2,Does not have a sixth form,2,Girls,6,None,Inter- / non- denominational,0000,Not applicable,4,Non-selective,140,2,No Special Classes,2024-01-18,57,0,57,null,0,Not applicable,null,null,Not applicable,null,Not applicable,null,null,10075164,null,Not applicable,null,null,null,2025-07-24,2 Parkhill Road,Belsize Park,null,London,null,NW3 2YN,null,null,Mrs,Kirstie,Hampshire,Headteacher,Not applicable,null,null,null,Not applicable,null,Not applicable,Not applicable,Not applicable,null,null,Not applicable,Not approved,null,null,null,null,null,null,null,null,null,null,null,null,null,null,null,null,null,null,H,London,E09000007,Camden,E05013660,Haverstock,E14001290,Holborn and St Pancras,UN1,Urban: Nearer to a major town or city,E09000007,527781,184808,null,Camden 006,Camden 006E,ISI,2,29,Does not have boarders,Chatsworth Schools (Village Prep) Limited,999,null,null,null,null,null,5023205,null,E02000171,E01000903
100078,202,Camden,6360,Heathside Preparatory School,11,Other independent school,3,Independent schools,2,Closed,0,Not applicable,1986-09-19,2,Closure,2026-07-10,0,Not applicable,2,16,1,No boarders,Has Nursery Classes,2,Does not have a sixth form,3,Mixed,6,None,None,0000,Not applicable,4,Non-selective,600,2,No Special Classes,2024-01-18,79,55,24,null,0,Not applicable,null,null,Not applicable,null,Not applicable,null,null,10070527,null,Not applicable,null,null,null,2026-07-23,84A Heath Street,Hampstead,London,London,null,NW3 1DN,www.heathsideschoolhampstead.com,null,Mrs,Sara,Williams-Ryan,Headteacher,Not applicable,null,null,null,Not applicable,null,Not applicable,Not applicable,Not applicable,null,null,Not applicable,Not approved,null,null,null,null,null,null,null,null,null,null,null,null,null,null,null,null,null,null,H,London,E09000007,Camden,E05013659,Hampstead Town,E14001265,Hampstead and Highgate,UN1,Urban: Nearer to a major town or city,E09000007,526506,185985,null,Camden 002,Camden 002C,ISI,6,27,Has boarders,Hampstead Schools Ltd,999,null,null,null,null,null,5090648,null,E02000167,E01000895
100079,202,Camden,6379,Willoughby Hall School,11,Other independent school,3,Independent schools,2,Closed,0,Not applicable,null,0,Not applicable,1999-03-16,0,Not applicable,2,11,1,No boarders,Not applicable,0,Not applicable,3,Mixed,6,None,Roman Catholic,0000,Not applicable,2,Selective,null,2,No Special Classes,null,null,null,null,null,0,Not applicable,null,null,Not applicable,null,Not applicable,null,null,null,null,Not applicable,null,null,null,2019-07-09,1 Willoughby Road,Hampstead,null,London,null,NW3 1RP,null,null,Mrs,C A,Segal,Headteacher,Not applicable,null,null,null,Not applicable,null,Not applicable,Not applicable,Not applicable,null,null,Not applicable,Not approved,null,null,null,null,null,null,null,null,null,null,null,null,null,null,null,null,null,null,H,London,E09000007,Camden,E05000135,Hampstead Town,E14000727,Hampstead and Kilburn,A1,(England/Wales) Urban major conurbation,E09000007,526681,185700,null,Camden 002,Camden 002B,null,null,null,null,null,999,null,null,null,null,null,null,null,E02000167,E01000894
100080,202,Camden,6380,Devonshire House Preparatory School,11,Other independent school,3,Independent schools,1,Open,0,Not applicable,1989-09-25,0,Not applicable,null,0,Not applicable,2,13,1,No boarders,Has Nursery Classes,2,Does not have a sixth form,3,Mixed,6,None,None,0000,Not applicable,0,Not applicable,685,2,No Special Classes,2024-01-18,430,265,165,null,0,Not applicable,null,null,Not applicable,null,Not applicable,null,null,10018772,null,Not applicable,null,null,null,2026-07-23,2,Arkwright road,Hampstead,London,null,NW3 6AE,http://www.devonshirehouseschool.co.uk/,2074351916,Mr,Henry,Keighley-Elstub,Headteacher,Not applicable,null,null,null,Not applicable,null,Not applicable,Not applicable,Not applicable,null,null,Not applicable,Not approved,null,null,null,null,null,null,null,null,null,null,null,null,null,null,null,null,null,null,H,London,E09000007,Camden,E05013657,Frognal,E14001265,Hampstead and Highgate,UN1,Urban: Nearer to a major town or city,E09000007,526456,185413,null,Camden 004,Camden 004B,ISI,3,48,Does not have boarders,Dukes Education,999,null,null,null,null,United Kingdom,5084702,null,E02000169,E01000879
100081,202,Camden,6384,Broadhurst School,11,Other independent school,3,Independent schools,1,Open,0,Not applicable,1991-03-04,0,Not applicable,null,0,Not applicable,2,5,1,No boarders,Has Nursery Classes,2,Does not have a sixth form,3,Mixed,6,None,None,0000,Not applicable,4,Non-selective,135,2,No Special Classes,2024-01-18,77,39,38,null,0,Not applicable,null,null,Not applicable,null,Not applicable,null,null,10070526,null,Not applicable,null,null,null,2026-07-23,19 Greencroft Gardens,null,null,London,null,NW6 3LP,www.broadhurstschool.com,2073284280,Mrs,Eilish,Sleator,Head Mistress,Not applicable,null,null,null,Not applicable,null,Not applicable,Not applicable,Not applicable,null,null,Not applicable,Not approved,null,null,null,null,null,null,null,null,null,null,null,null,null,null,null,null,null,null,H,London,E09000007,Camden,E05013670,South Hampstead,E14001265,Hampstead and Highgate,UN1,Urban: Nearer to a major town or city,E09000007,526211,184422,null,Camden 016,Camden 016A,ISI,1,3,Does not have boarders,Brian Berkery,999,null,null,null,null,null,5013925,null,E02000181,E01000962
100082,202,Camden,6385,College Francais Bilingue De Londres,11,Other independent school,3,Independent schools,1,Open,0,Not applicable,1992-02-18,0,Not applicable,null,0,Not applicable,3,16,1,No boarders,Has Nursery Classes,2,Does not have a sixth form,3,Mixed,6,None,None,0000,Not applicable,4,Non-selective,740,2,No Special Classes,2024-01-18,684,359,325,null,0,Not applicable,null,null,Not applicable,null,Not applicable,null,null,10035396,null,Not applicable,null,null,null,2026-07-23,87 Holmes Road,null,Kentish Town,London,null,NW5 3AX,www.cfbl.org.uk,2079937400,Mr,David,Gassian,Headteacher,Not applicable,null,null,null,Not applicable,null,Not applicable,Not applicable,Not applicable,null,null,Not applicable,Not approved,null,null,null,null,null,null,null,null,null,null,null,null,null,null,null,null,null,null,H,London,E09000007,Camden,E05013664,Kentish Town South,E14001290,Holborn and St Pancras,UN1,Urban: Nearer to a major town or city,E09000007,528672,184981,null,Camden 007,Camden 007E,Ofsted,3,114,Does not have boarders,College  Francais Bilingue de Londres Limited,999,null,null,null,null,null,5004036,null,E02000172,E01000922
100083,202,Camden,6386,Royal School Hampstead,11,Other independent school,3,Independent schools,2,Closed,0,Not applicable,1986-01-28,1,Result of Amalgamation/Merger,2013-04-24,0,Not applicable,3,16,3,Boarding school,Has Nursery Classes,2,Does not have a sixth form,2,Girls,2,Church of England,Christian,0000,Not applicable,0,Not applicable,272,2,No Special Classes,null,null,null,null,null,0,Not applicable,null,null,Not applicable,null,Not applicable,null,null,null,null,Not applicable,null,null,null,2019-07-09,65 Rosslyn Hill,Hampstead,null,London,null,NW3 5UD,null,null,Ms,Jo,Ebner,Headteacher,Not applicable,null,null,null,Not applicable,null,Not applicable,Not applicable,Not applicable,null,null,Not applicable,Not approved,null,null,null,null,null,null,null,null,null,null,null,null,null,null,null,null,null,null,H,London,E09000007,Camden,E05000135,Hampstead Town,E14000727,Hampstead and Kilburn,A1,(England/Wales) Urban major conurbation,E09000007,526640,185531,null,Camden 002,Camden 002B,ISI,2,44,Has boarders,Cognita Schoosl Ltd,999,null,null,null,null,null,5069754,null,E02000167,E01000894
100084,202,Camden,6387,Fine Arts College,11,Other independent school,3,Independent schools,1,Open,0,Not applicable,1992-06-10,0,Not applicable,null,0,Not applicable,13,19,1,No boarders,No Nursery Classes,1,Has a sixth form,3,Mixed,6,None,None,0000,Not applicable,4,Non-selective,240,2,No Special Classes,2024-01-18,187,56,131,null,0,Not applicable,null,null,Not applicable,null,Not applicable,null,null,10010605,null,Not applicable,null,null,null,2026-07-23,Centre Studios,41-43 Englands Lane,Belsize Park,London,null,NW3 4YD,www.hampsteadfinearts.com,2075860312,Ms,Emmy,Schwieters,Principal,Not applicable,null,null,null,Not applicable,null,Not applicable,Not applicable,Not applicable,null,null,Not applicable,Not approved,null,null,null,null,null,null,null,null,null,null,null,null,null,null,null,null,null,null,H,London,E09000007,Camden,E05013652,Belsize,E14001265,Hampstead and Highgate,UN1,Urban: Nearer to a major town or city,E09000007,527535,184578,null,Camden 014,Camden 014B,ISI,13,14,Does not have boarders,Dukes Education,999,null,null,null,null,null,5087787,null,E02000179,E01000845
100085,202,Camden,6388,Davies's College,11,Other independent school,3,Independent schools,2,Closed,0,Not applicable,null,0,Not applicable,1998-09-08,0,Not applicable,14,19,2,Children's home (Boarding school),Not applicable,0,Not applicable,3,Mixed,6,None,Church of England,0000,Not applicable,4,Non-selective,null,2,No Special Classes,null,null,null,null,null,0,Not applicable,null,null,Not applicable,null,Not applicable,null,null,null,null,Not applicable,null,null,null,2019-07-09,25 Old Gloucester Street,Queen Square,null,London,null,WC1N 3AF,null,null,Mrs,N A,Symmonds,Headteacher,Not applicable,null,null,null,Not applicable,null,Not applicable,Not applicable,Not applicable,null,null,Not applicable,Not approved,null,null,null,null,null,null,null,null,null,null,null,null,null,null,null,null,null,null,H,London,E09000007,Camden,E05000138,Holborn and Covent Garden,E14000750,Holborn and St Pancras,A1,(England/Wales) Urban major conurbation,E09000007,530372,181878,null,Camden 028,Camden 028B,null,null,null,null,null,999,null,null,null,null,null,5047476,null,E02000193,E01000914
100086,202,Camden,6390,Rainbow Montessori School,11,Other independent school,3,Independent schools,2,Closed,0,Not applicable,1993-02-19,2,Closure,2019-07-19,0,Not applicable,3,12,1,No boarders,Has Nursery Classes,2,Does not have a sixth form,3,Mixed,6,None,None,0000,Not applicable,4,Non-selective,114,2,No Special Classes,2019-01-17,39,23,16,0,0,Not applicable,null,null,Not applicable,null,Not applicable,null,null,10070525,null,Not applicable,null,null,null,2020-02-19,13 Woodchurch Road,null,null,London,null,NW6 3PL,null,null,Ms,Sylvia,Peternell,Headteacher,Not applicable,null,null,null,Not applicable,null,Not applicable,Not applicable,Not applicable,null,null,Not applicable,Not approved,null,null,null,null,null,null,null,null,null,null,null,null,null,null,null,null,null,null,H,London,E09000007,Camden,E05000144,Swiss Cottage,E14000727,Hampstead and Kilburn,A1,(England/Wales) Urban major conurbation,E09000007,525526,184221,null,Camden 016,Camden 016C,Ofsted,0,4,Does not have boarders,Rainbow Montessori School Ltd,999,null,null,null,null,null,5031474,null,E02000181,E01000965
100087,202,Camden,6392,The Mulberry House School,11,Other independent school,3,Independent schools,1,Open,0,Not applicable,1994-06-09,0,Not applicable,null,0,Not applicable,2,7,1,No boarders,Has Nursery Classes,2,Does not have a sixth form,3,Mixed,6,None,None,0000,Not applicable,4,Non-selective,223,2,No Special Classes,2024-01-18,172,89,83,null,0,Not applicable,null,null,Not applicable,null,Not applicable,null,null,10070524,null,Not applicable,null,null,null,2026-07-23,7 Minster Road,null,null,London,null,NW2 3SD,www.mulberryhouseschool.com,2084527340,Miss,Erika,Billmore,Headteacher,Not applicable,null,null,null,Not applicable,null,Not applicable,Not applicable,Not applicable,null,null,Not applicable,Not approved,null,null,null,null,null,null,null,null,null,null,null,null,null,null,null,null,null,null,H,London,E09000007,Camden,E05013656,Fortune Green,E14001265,Hampstead and Highgate,UN1,Urban: Nearer to a major town or city,E09000007,524389,185149,null,Camden 005,Camden 005B,ISI,1,23,Does not have boarders,The Mulberry House School Ltd,999,null,null,null,null,United Kingdom,5024455,null,E02000170,E01000872
100088,202,Camden,6393,UCS Pre-Prep,11,Other independent school,3,Independent schools,2,Closed,0,Not applicable,1994-09-12,1,Result of Amalgamation/Merger,2018-12-31,0,Not applicable,4,7,1,No boarders,No Nursery Classes,2,Does not have a sixth form,3,Mixed,6,None,None,0000,Not applicable,0,Not applicable,127,2,No Special Classes,2018-01-18,100,91,9,null,0,Not applicable,null,null,Not applicable,null,Not applicable,null,null,10070523,null,Not applicable,null,null,null,2019-07-09,36 College Crescent,null,null,London,null,NW3 5LF,null,null,Dr,Zoe,Dunn,Headteacher,Not applicable,null,null,null,Not applicable,null,Not applicable,Not applicable,Not applicable,null,Not applicable,Not applicable,Not approved,null,null,null,null,null,null,null,null,null,null,null,null,null,Not applicable,null,null,null,null,H,London,E09000007,Camden,E05000133,Frognal and Fitzjohns,E14000727,Hampstead and Kilburn,A1,(England/Wales) Urban major conurbation,E09000007,526485,184553,null,Camden 008,Camden 008C,ISI,0,10,Does not have boarders,null,999,null,null,null,null,null,5044048,null,E02000173,E01000883
100089,202,Camden,6394,The New Learning Centre,11,Other independent school,3,Independent schools,2,Closed,0,Not applicable,null,0,Not applicable,1998-03-12,0,Not applicable,9,19,1,No boarders,Not applicable,0,Not applicable,3,Mixed,6,None,None,0000,Not applicable,4,Non-selective,null,2,No Special Classes,null,null,null,null,null,0,Not applicable,null,null,Not applicable,null,Not applicable,null,null,null,null,Not applicable,null,null,null,2019-07-09,211 Sumatra Road,null,null,London,null,NW6 1PF,null,null,Mrs,C,Merton,Headteacher,Not applicable,null,null,null,Not applicable,null,Not applicable,Not applicable,Not applicable,null,null,Not applicable,Not approved,null,null,null,null,null,null,null,null,null,null,null,null,null,null,null,null,null,null,H,London,E09000007,Camden,E05000145,West Hampstead,E14000727,Hampstead and Kilburn,A1,(England/Wales) Urban major conurbation,E09000007,525479,184878,null,Camden 010,Camden 010E,null,null,null,null,null,999,null,null,null,null,null,null,null,E02000175,E01000973
100090,202,Camden,6395,Southbank International School Hampstead,11,Other independent school,3,Independent schools,1,Open,0,Not applicable,1995-10-06,0,Not applicable,null,0,Not applicable,2,11,1,No boarders,Has Nursery Classes,2,Does not have a sixth form,3,Mixed,6,None,Inter- / non- denominational,0000,Not applicable,0,Not applicable,224,2,No Special Classes,2024-01-18,133,72,61,null,0,Not applicable,null,null,Not applicable,null,Not applicable,null,null,10017663,null,Not applicable,null,null,null,2026-07-23,16 Netherhall Gardens,null,null,London,null,NW3 5TH,http://www.southbank.org/,2074311200,Mr,Stuart,Bain,Principal,Not applicable,null,null,null,Not applicable,null,Not applicable,Not applicable,Not applicable,null,null,Not applicable,Not approved,null,null,null,null,null,null,null,null,null,null,null,null,null,null,null,null,null,null,H,London,E09000007,Camden,E05013652,Belsize,E14001265,Hampstead and Highgate,UN1,Urban: Nearer to a major town or city,E09000007,526368,184950,null,Camden 008,Camden 008A,ISI,0,44,Does not have boarders,Cognita Schools Ltd,999,null,null,null,null,null,5001728,null,E02000173,E01000881
100091,202,Camden,7008,Frank Barnes School for Deaf Children,7,Community special school,5,Special schools,1,Open,0,Not applicable,null,0,Not applicable,null,0,Not applicable,2,11,1,No boarders,Has Nursery Classes,0,Not applicable,3,Mixed,0,Does not apply,Does not apply,0000,Not applicable,0,Not applicable,35,1,Has Special Classes,2026-01-15,40,18,22,47.5,0,Not applicable,null,null,Not applicable,null,Not under a federation,null,null,10077052,null,Not applicable,null,null,null,2026-06-29,4 Wollstonecraft Street,Kings Cross,null,London,null,N1C 4BT,www.fbarnes.camden.sch.uk,2073917040,Mr,Dani,Sive,Headteacher,Not applicable,null,null,null,Not applicable,null,Not applicable,Not applicable,Not applicable,null,null,Not applicable,Not applicable,HI - Hearing Impairment,null,null,null,null,null,null,null,null,null,null,null,null,Not applicable,null,null,null,null,H,London,E09000007,Camden,E05013666,King's Cross,E14001290,Holborn and St Pancras,UN1,Urban: Nearer to a major town or city,E09000007,530000,183795,null,Camden 022,Camden 022F,null,null,null,null,null,999,null,null,null,null,null,5172256,null,E02000187,E01035708
100092,202,Camden,7137,Harmood School,7,Community special school,5,Special schools,1,Open,0,Not applicable,null,0,Not applicable,null,0,Not applicable,11,16,1,No boarders,Not applicable,0,Not applicable,3,Mixed,0,Does not apply,Does not apply,0000,Not applicable,0,Not applicable,35,1,Has Special Classes,2026-01-15,36,25,11,72.2,0,Not applicable,null,null,Not applicable,null,Supported by a federation,17669,H3 Federation,10015123,null,Not applicable,null,null,null,2026-06-29,Harmood Street,Camden,null,London,null,NW1 8DP,http://harmood.h3federation.org.uk/,2079743953,Ms,Debbie,Man,Headteacher,Not applicable,null,null,null,Not applicable,null,Not applicable,Not applicable,Not applicable,null,null,Not applicable,Not applicable,"SEMH - Social, Emotional and Mental Health",null,null,null,null,null,null,null,null,null,null,null,null,null,null,null,null,null,H,London,E09000007,Camden,E05013660,Haverstock,E14001290,Holborn and St Pancras,UN1,Urban: Nearer to a major town or city,E09000007,528612,184451,null,Camden 012,Camden 012C,null,null,null,null,null,999,null,null,null,null,null,5009077,null,E02000177,E01000904
100093,202,Camden,7185,Jack Taylor School,7,Community special school,5,Special schools,2,Closed,0,Not applicable,null,1,Result of Amalgamation/Merger,2012-02-01,0,Not applicable,5,19,1,No boarders,Not applicable,1,Has a sixth form,3,Mixed,0,Does not apply,Does not apply,0000,Not applicable,0,Not applicable,null,1,Has Special Classes,null,null,null,null,null,0,Not applicable,null,null,Not applicable,null,Not under a federation,null,null,10016043,null,Not applicable,null,null,null,2018-11-14,Ainsworth Way,null,null,London,null,NW8 0SR,null,null,Mr,Stephen,Smith,Headteacher,Not applicable,null,null,null,Not applicable,null,Not applicable,Not applicable,Not applicable,null,null,Not applicable,Not applicable,SLD - Severe Learning Difficulty,null,null,null,null,null,null,null,null,null,null,null,null,null,null,null,null,null,H,London,E09000007,Camden,E05000140,Kilburn,E14000727,Hampstead and Kilburn,A1,(England/Wales) Urban major conurbation,E09000007,526234,183905,null,Camden 020,Camden 020D,null,null,null,null,null,999,null,null,null,null,null,5090694,null,E02000185,E01000934
100094,202,Camden,7201,Royal Free Hospital Children's School,7,Community special school,5,Special schools,1,Open,0,Not applicable,null,0,Not applicable,null,0,Not applicable,5,16,1,No boarders,Not applicable,2,Does not have a sixth form,3,Mixed,0,Does not apply,Does not apply,0000,Not applicable,0,Not applicable,null,1,Has Special Classes,2026-01-15,48,16,32,null,0,Not applicable,null,null,Not applicable,null,Not under a federation,null,null,10017496,null,Not applicable,null,null,null,2026-06-29,Floor 6 - 6 West B,Pond Street,null,London,null,NW3 2QG,http://www.royalfree.camden.sch.uk/,2038384740,Mr,David,Wilson,Headteacher,Not applicable,null,null,null,Not applicable,null,Not applicable,Not applicable,Not applicable,null,null,Not applicable,Not applicable,null,null,null,null,null,null,null,null,null,null,null,null,null,null,null,null,null,null,H,London,E09000007,Camden,E05013658,Gospel Oak,E14001265,Hampstead and Highgate,UN1,Urban: Nearer to a major town or city,E09000007,527297,185410,null,Camden 008,Camden 008E,null,null,null,null,null,999,null,null,null,null,null,5087826,null,E02000173,E01000898
100095,202,Camden,7204,Penn School,7,Community special school,5,Special schools,2,Closed,0,Not applicable,null,0,Not applicable,2001-12-19,0,Not applicable,5,16,1,No boarders,Not applicable,0,Not applicable,3,Mixed,0,Does not apply,Does not apply,0000,Not applicable,0,Not applicable,null,1,Has Special Classes,null,null,null,null,null,0,Not applicable,null,null,Not applicable,null,Not under a federation,null,null,null,null,Not applicable,null,null,null,2018-11-14,Church Road,Penn,null,High Wycombe,Buckinghamshire,HP10 8LZ,null,null,Mr,C A,Jones,Headteacher,Not applicable,null,null,null,Not applicable,null,Not applicable,Not applicable,Not applicable,null,null,Not applicable,Not applicable,HI - Hearing Impairment,"SLCN - Speech, language and Communication",null,null,null,null,null,null,null,null,null,null,null,null,null,null,null,null,H,London,E07000007,Wycombe,E05002701,Tylers Green and Loudwater,E14001056,Wycombe,C1,(England/Wales) Urban city and town,E09000007,490670,193438,null,Buckinghamshire 045,Buckinghamshire 045A,null,null,null,null,null,999,null,null,null,null,null,10000170261,null,E02003704,E01017937
100096,202,Camden,7205,Swiss Cottage School - Development & Research Centre,7,Community special school,5,Special schools,1,Open,0,Not applicable,null,0,Not applicable,null,0,Not applicable,4,19,1,No boarders,No Nursery Classes,1,Has a sixth form,3,Mixed,0,Does not apply,Does not apply,0000,Not applicable,0,Not applicable,260,1,Has Special Classes,2026-01-15,264,191,73,62.2,0,Not applicable,null,null,Not applicable,null,Not under a federation,null,null,10017655,null,Not applicable,null,null,null,2026-06-29,80 Avenue Road,null,null,London,null,NW8 6HX,www.swisscottage.camden.sch.uk,2076818080,Ms,Syra,Sowe,Principal,Not applicable,null,null,null,Not applicable,null,Not applicable,Not applicable,Not applicable,null,null,Not applicable,Not applicable,"SLCN - Speech, language and Communication",ASD - Autistic Spectrum Disorder,SLD - Severe Learning Difficulty,PMLD - Profound and Multiple Learning Difficulty,null,null,null,null,null,null,null,null,null,Not applicable,null,null,null,null,H,London,E09000007,Camden,E05013667,Primrose Hill,E14001265,Hampstead and Highgate,UN1,Urban: Nearer to a major town or city,E09000007,526914,184029,null,Camden 017,Camden 017C,null,null,null,null,null,999,null,null,null,null,null,5128973,null,E02000182,E01000963
100097,203,Greenwich,1001,Rachel McMillan Nursery School and Children's Centre,15,Local authority nursery school,4,Local authority maintained schools,1,Open,0,Not applicable,null,0,Not applicable,null,1,Nursery,2,5,1,No boarders,Has Nursery Classes,0,Not applicable,3,Mixed,0,Does not apply,Does not apply,0000,Not applicable,0,Not applicable,null,0,Not applicable,2026-01-15,123,64,59,4.7,0,Not applicable,null,null,Not applicable,null,Not under a federation,null,null,null,null,Not applicable,null,null,null,2026-06-29,McMillan Street,Deptford,null,London,null,SE8 3EH,www.rachelmcmillannursery.co.uk,2086924041,Ms,Nicola,Metcalfe,Headteacher,Not applicable,null,null,null,Not applicable,null,Not applicable,Not applicable,Not applicable,null,null,Not applicable,Not applicable,null,null,null,null,null,null,null,null,null,null,null,null,null,null,null,null,null,null,H,London,E09000011,Greenwich,E05014080,Greenwich Creekside,E14001257,Greenwich and Woolwich,UN1,Urban: Nearer to a major town or city,E09000011,537362,177674,null,Greenwich 035,Greenwich 035B,null,null,null,null,null,999,null,null,null,null,null,10023231343,null,E02006928,E01033727
100098,203,Greenwich,1006,Pound Park Nursery School,15,Local authority nursery school,4,Local authority maintained schools,1,Open,0,Not applicable,null,0,Not applicable,null,1,Nursery,2,4,1,No boarders,Has Nursery Classes,0,Not applicable,3,Mixed,0,Does not apply,Does not apply,0000,Not applicable,0,Not applicable,null,0,Not applicable,2026-01-15,137,71,66,14.8,0,Not applicable,null,null,Not applicable,null,Not under a federation,null,null,null,null,Not applicable,null,null,null,2026-06-29,Pound Park Road,Charlton,null,London,null,SE7 8AF,http://www.poundparknursery.co.uk/,2088581791,Mrs,Solin,Flash,Headteacher,Not applicable,null,null,null,Not applicable,null,Not applicable,Not applicable,Not applicable,null,null,Not applicable,Not applicable,null,null,null,null,null,null,null,null,null,null,null,null,null,null,null,null,null,null,H,London,E09000011,Greenwich,E05014075,Charlton Village & Riverside,E14001257,Greenwich and Woolwich,UN1,Urban: Nearer to a major town or city,E09000011,541837,178429,null,Greenwich 012,Greenwich 012B,null,null,null,null,null,999,null,null,null,null,null,100023280249,null,E02000324,E01001589
100099,203,Greenwich,1016,Abbey Wood Nursery School,15,Local authority nursery school,4,Local authority maintained schools,1,Open,0,Not applicable,null,0,Not applicable,null,1,Nursery,2,5,1,No boarders,Has Nursery Classes,0,Not applicable,3,Mixed,0,Does not apply,Does not apply,0000,Not applicable,0,Not applicable,null,0,Not applicable,2026-01-15,115,58,57,13.7,0,Not applicable,null,null,Not applicable,null,Not under a federation,null,null,null,null,Not applicable,null,null,null,2026-06-29,Dahlia Road,null,Abbey Wood,London,null,SE2 0SX,http://abbeywoodnurseryschool.co.uk/,2083110619,Mrs,Gillian,Crowley,Headteacher,Not applicable,null,null,null,Not applicable,null,Not applicable,Not applicable,Not applicable,null,null,Not applicable,Not applicable,null,null,null,null,null,null,null,null,null,null,null,null,null,null,null,null,null,null,H,London,E09000011,Greenwich,E05014072,Abbey Wood,E14001229,Erith and Thamesmead,UN1,Urban: Nearer to a major town or city,E09000011,546762,178508,null,Greenwich 008,Greenwich 008D,null,null,null,null,null,999,null,null,null,null,null,100023249498,null,E02000320,E01001574
100100,203,Greenwich,1017,Woolwich Common Nursery School,15,Local authority nursery school,4,Local authority maintained schools,2,Closed,0,Not applicable,null,5,Close Nursery School,2004-03-31,1,Nursery,3,5,1,No boarders,Not applicable,0,Not applicable,3,Mixed,0,Does not apply,Does not apply,0000,Not applicable,0,Not applicable,null,0,Not applicable,null,null,null,null,null,0,Not applicable,null,null,Not applicable,null,Not under a federation,null,null,null,null,Not applicable,null,null,null,2018-11-14,Woolwich Common,null,null,London,null,SE18 4DJ,null,null,Mrs,J,Cowell,Headteacher,Not applicable,null,null,null,Not applicable,null,Not applicable,Not applicable,Not applicable,null,null,Not applicable,Not applicable,null,null,null,null,null,null,null,null,null,null,null,null,null,null,null,null,null,null,H,London,E09000011,Greenwich,E05000229,Woolwich Common,E14000718,Greenwich and Woolwich,A1,(England/Wales) Urban major conurbation,E09000011,543130,177700,null,Greenwich 015,Greenwich 015C,null,null,null,null,null,999,null,null,null,null,null,null,null,E02000327,E01001701
100101,203,Greenwich,1018,Cyril Henry Nursery School,15,Local authority nursery school,4,Local authority maintained schools,2,Closed,0,Not applicable,null,5,Close Nursery School,2004-04-01,1,Nursery,3,5,1,No boarders,Not applicable,0,Not applicable,3,Mixed,0,Does not apply,Does not apply,0000,Not applicable,0,Not applicable,null,0,Not applicable,null,null,null,null,null,0,Not applicable,null,null,Not applicable,null,Not under a federation,null,null,null,null,Not applicable,null,null,null,2018-11-14,57 St Mary Street,Woolwich,null,London,null,SE18 5AP,null,null,Mrs,Merryl,Silsby,Headteacher,Not applicable,null,null,null,Not applicable,null,Not applicable,Not applicable,Not applicable,null,null,Not applicable,Not applicable,null,null,null,null,null,null,null,null,null,null,null,null,null,null,null,null,null,null,H,London,E09000011,Greenwich,E05000230,Woolwich Riverside,E14000718,Greenwich and Woolwich,A1,(England/Wales) Urban major conurbation,E09000011,543058,179008,null,Greenwich 004,Greenwich 042B,null,null,null,null,null,999,null,null,null,null,null,null,null,E02000316,E01033737
100102,203,Greenwich,1022,Robert Owen Nursery School,15,Local authority nursery school,4,Local authority maintained schools,1,Open,0,Not applicable,null,0,Not applicable,null,1,Nursery,2,4,1,No boarders,Has Nursery Classes,0,Not applicable,3,Mixed,0,Does not apply,Does not apply,0000,Not applicable,0,Not applicable,null,0,Not applicable,2026-01-15,135,71,64,9.3,0,Not applicable,null,null,Not applicable,null,Not under a federation,null,null,null,null,Not applicable,null,null,null,2026-06-29,43 Commerell Street,Greenwich,null,London,null,SE10 0EA,www.robertowenearlyyears.org.uk,2088580529,Miss,Jo,Graham,Headteacher,Not applicable,null,null,null,Not applicable,null,Not applicable,Not applicable,Not applicable,null,null,Not applicable,Not applicable,null,null,null,null,null,null,null,null,null,null,null,null,null,null,null,null,null,null,H,London,E09000011,Greenwich,E05014076,East Greenwich,E14001257,Greenwich and Woolwich,UN1,Urban: Nearer to a major town or city,E09000011,539393,178453,null,Greenwich 037,Greenwich 037E,null,null,null,null,null,999,null,null,null,null,null,200001517263,null,E02006930,E01034183
100103,203,Greenwich,1101,Newhaven Pupil Referral Unit,14,Pupil referral unit,4,Local authority maintained schools,1,Open,0,Not applicable,null,0,Not applicable,null,0,Not applicable,11,19,1,No boarders,Not applicable,1,Has a sixth form,3,Mixed,0,Does not apply,Does not apply,0000,Not applicable,0,Not applicable,null,0,Not applicable,2026-01-15,207,122,85,42.7,0,Not applicable,null,null,Not applicable,null,Not applicable,null,null,10016844,null,Not applicable,null,null,null,2026-06-29,Newhaven Gardens,Eltham,Greenwich,London,null,SE9 6HR,www.newhavenschool.co.uk,2088593114,Mr,Jon,Kelly,Headteacher,Not applicable,null,null,null,Does not provide places for Teen Mothers,null,Does not have child care facilities,PRU Does have Provision for SEN,PRU Does have EBD provision,null,PRU offers full time provision,PRU does offer tuition by another provider,Not applicable,null,null,null,null,null,null,null,null,null,null,null,null,null,null,null,null,null,null,H,London,E09000011,Greenwich,E05014077,Eltham Page,E14001223,Eltham and Chislehurst,UN1,Urban: Nearer to a major town or city,E09000011,541731,175472,null,Greenwich 025,Greenwich 025E,null,null,null,null,null,999,null,null,null,null,null,10010233365,null,E02000337,E01001625
100104,203,Greenwich,1102,Briset Centre,14,Pupil referral unit,4,Local authority maintained schools,2,Closed,0,Not applicable,null,0,Not applicable,1995-09-25,0,Not applicable,5,18,1,No boarders,Not applicable,0,Not applicable,3,Mixed,0,Does not apply,Does not apply,0000,Not applicable,0,Not applicable,null,0,Not applicable,null,null,null,null,null,0,Not applicable,null,null,Not applicable,null,Not applicable,null,null,null,null,Not applicable,null,null,null,2015-09-24,Briset School,Briset,null,London,null,SE9 6HN,null,null,null,null,null,Headteacher,Not applicable,null,null,null,Not applicable,null,Not applicable,Not applicable,Not applicable,null,null,Not applicable,Not applicable,null,null,null,null,null,null,null,null,null,null,null,null,null,null,null,null,null,null,H,London,E09000011,Greenwich,E05000220,Eltham West,E14000690,Eltham,A1,(England/Wales) Urban major conurbation,E09000011,541763,175533,null,Greenwich 025,Greenwich 025E,null,null,null,null,null,999,null,null,null,null,null,null,null,E02000337,E01001625
100105,203,Greenwich,1103,Foxhill Centre,14,Pupil referral unit,4,Local authority maintained schools,2,Closed,0,Not applicable,null,0,Not applicable,1995-09-25,0,Not applicable,5,18,1,No boarders,Not applicable,0,Not applicable,3,Mixed,0,Does not apply,Does not apply,0000,Not applicable,0,Not applicable,null,0,Not applicable,null,null,null,null,null,0,Not applicable,null,null,Not applicable,null,Not applicable,null,null,null,null,Not applicable,null,null,null,2015-09-24,Plumstead Common Road,null,null,London,null,SE18 3AT,null,null,null,null,null,Headteacher,Not applicable,null,null,null,Not applicable,null,Not applicable,Not applicable,Not applicable,null,null,Not applicable,Not applicable,null,null,null,null,null,null,null,null,null,null,null,null,null,null,null,null,null,null,H,London,E09000011,Greenwich,E05000229,Woolwich Common,E14000718,Greenwich and Woolwich,A1,(England/Wales) Urban major conurbation,E09000011,543979,177956,null,Greenwich 011,Greenwich 011D,null,null,null,null,null,999,null,null,null,null,null,null,null,E02000323,E01001700
100106,203,Greenwich,1104,Kings Park Centre,14,Pupil referral unit,4,Local authority maintained schools,2,Closed,0,Not applicable,null,0,Not applicable,1995-09-25,0,Not applicable,5,18,1,No boarders,Not applicable,0,Not applicable,3,Mixed,0,Does not apply,Does not apply,0000,Not applicable,0,Not applicable,null,0,Not applicable,null,null,null,null,null,0,Not applicable,null,null,Not applicable,null,Not applicable,null,null,null,null,Not applicable,null,null,null,2015-09-24,131 Eltham Palace Road,null,null,London,null,SE9 5LX,null,null,null,null,null,Headteacher,Not applicable,null,null,null,Not applicable,null,Not applicable,Not applicable,Not applicable,null,null,Not applicable,Not applicable,null,null,null,null,null,null,null,null,null,null,null,null,null,null,null,null,null,null,H,London,E09000011,Greenwich,E05000224,Middle Park and Sutcliffe,E14000690,Eltham,A1,(England/Wales) Urban major conurbation,E09000011,541639,174217,null,Greenwich 029,Greenwich 029E,null,null,null,null,null,999,null,null,null,null,null,null,null,E02000341,E01001661
100107,203,Greenwich,1105,Westcombe Centre,14,Pupil referral unit,4,Local authority maintained schools,2,Closed,0,Not applicable,null,0,Not applicable,1995-09-25,0,Not applicable,5,18,1,No boarders,Not applicable,0,Not applicable,3,Mixed,0,Does not apply,Does not apply,0000,Not applicable,0,Not applicable,null,0,Not applicable,null,null,null,null,null,0,Not applicable,null,null,Not applicable,null,Not applicable,null,null,null,null,Not applicable,null,null,null,2015-09-24,Annandale Road,null,null,London,null,SE10 0JY,null,null,null,null,null,Headteacher,Not applicable,null,null,null,Not applicable,null,Not applicable,Not applicable,Not applicable,null,null,Not applicable,Not applicable,null,null,null,null,null,null,null,null,null,null,null,null,null,null,null,null,null,null,H,London,E09000011,Greenwich,E05000225,Peninsula,E14000718,Greenwich and Woolwich,A1,(England/Wales) Urban major conurbation,E09000011,539778,178137,null,Greenwich 037,Greenwich 037C,null,null,null,null,null,999,null,null,null,null,null,null,null,E02006930,E01001665
100108,203,Greenwich,1106,Greenacres Tutorial Class,14,Pupil referral unit,4,Local authority maintained schools,2,Closed,0,Not applicable,null,0,Not applicable,1994-09-01,0,Not applicable,5,18,1,No boarders,Not applicable,0,Not applicable,3,Mixed,0,Does not apply,Does not apply,0000,Not applicable,0,Not applicable,null,0,Not applicable,null,null,null,null,null,0,Not applicable,null,null,Not applicable,null,Not applicable,null,null,null,null,Not applicable,null,null,null,2015-09-24,C/O Greenacres School,Witherston Way,null,London,null,SE9 3JN,null,null,null,null,null,Headteacher,Not applicable,null,null,null,Not applicable,null,Not applicable,Not applicable,Not applicable,null,null,Not applicable,Not applicable,null,null,null,null,null,null,null,null,null,null,null,null,null,null,null,null,null,null,H,London,E09000011,Greenwich,E05000217,Coldharbour and New Eltham,E14000690,Eltham,A1,(England/Wales) Urban major conurbation,E09000011,543070,172575,null,Greenwich 031,Greenwich 031C,null,null,null,null,null,999,null,null,null,null,null,null,null,E02000343,E01001602
100109,203,Greenwich,2005,Alexander McLeod Junior School,1,Community school,4,Local authority maintained schools,2,Closed,0,Not applicable,null,0,Not applicable,1998-12-31,2,Primary,7,11,1,No boarders,No Nursery Classes,0,Not applicable,3,Mixed,0,Does not apply,Does not apply,0000,Not applicable,0,Not applicable,null,2,No Special Classes,null,null,null,null,null,0,Not applicable,null,null,Not applicable,null,Not under a federation,null,null,null,null,Not applicable,null,null,null,2018-11-14,Fuchsia Street,Abbey Wood,null,London,null,SE2 0QS,null,null,Mr,L P,Cawthorne,Headteacher,Not applicable,null,null,null,Not applicable,null,Not applicable,Not applicable,Not applicable,null,null,Not applicable,Not applicable,null,null,null,null,null,null,null,null,null,null,null,null,null,null,null,null,null,null,H,London,E09000011,Greenwich,E05000214,Abbey Wood,E14000696,Erith and Thamesmead,A1,(England/Wales) Urban major conurbation,E09000011,546854,178507,null,Greenwich 008,Greenwich 008A,null,null,null,null,null,999,null,null,null,null,null,null,null,E02000320,E01001571
100110,203,Greenwich,2006,Alexander McLeod Infant School,1,Community school,4,Local authority maintained schools,2,Closed,0,Not applicable,null,0,Not applicable,1998-12-31,2,Primary,5,7,1,No boarders,No Nursery Classes,0,Not applicable,3,Mixed,0,Does not apply,Does not apply,0000,Not applicable,0,Not applicable,null,2,No Special Classes,null,null,null,null,null,0,Not applicable,null,null,Not applicable,null,Not under a federation,null,null,null,null,Not applicable,null,null,null,2018-11-14,Fuchsia Street,Bostall Lane,null,London,null,SE2 0QS,null,null,Mrs,L,Pratt,Headteacher,Not applicable,null,null,null,Not applicable,null,Not applicable,Not applicable,Not applicable,null,null,Not applicable,Not applicable,null,null,null,null,null,null,null,null,null,null,null,null,null,null,null,null,null,null,H,London,E09000011,Greenwich,E05000214,Abbey Wood,E14000696,Erith and Thamesmead,A1,(England/Wales) Urban major conurbation,E09000011,546803,178377,null,Greenwich 008,Greenwich 008A,null,null,null,null,null,999,null,null,null,null,null,100023249560,null,E02000320,E01001571
100111,203,Greenwich,2018,Millennium Primary School,1,Community school,4,Local authority maintained schools,2,Closed,0,Not applicable,null,10,Academy Converter,2016-08-31,2,Primary,3,11,1,No boarders,Has Nursery Classes,2,Does not have a sixth form,3,Mixed,0,Does not apply,Does not apply,0000,Not applicable,0,Not applicable,450,1,Has Special Classes,null,null,null,null,null,0,Not applicable,null,null,Not applicable,null,Not under a federation,null,null,null,null,Not applicable,null,null,null,2018-10-15,50 John Harrison Way,Greenwich,null,London,null,SE10 0BG,null,null,Ms,Joanna,Gledhill,Head of School,Not applicable,null,null,null,Not applicable,null,Not applicable,Not applicable,Not applicable,null,null,Not applicable,Not applicable,ASD - Autistic Spectrum Disorder,null,null,null,null,null,null,null,null,null,null,null,null,Resourced provision,null,null,null,null,H,London,E09000011,Greenwich,E05000225,Peninsula,E14000718,Greenwich and Woolwich,A1,(England/Wales) Urban major conurbation,E09000011,539725,179099,null,Greenwich 036,Greenwich 041E,null,null,null,null,null,999,null,null,null,null,null,10010215866,null,E02006929,E01033732
100112,203,Greenwich,2024,Alderwood Primary School,1,Community school,4,Local authority maintained schools,2,Closed,0,Not applicable,null,10,Academy Converter,2017-06-30,2,Primary,3,11,1,No boarders,Has Nursery Classes,2,Does not have a sixth form,3,Mixed,0,Does not apply,Does not apply,0000,Not applicable,0,Not applicable,250,2,No Special Classes,2017-01-19,225,110,115,30.5,0,Not applicable,null,null,Not applicable,null,Not under a federation,null,null,null,null,Not applicable,null,null,null,2018-10-15,Rainham Close,Eltham,null,London,null,SE9 2JH,null,null,Mrs,Joanne,Gordon,Executive Headteacher,Not applicable,null,null,null,Not applicable,null,Not applicable,Not applicable,Not applicable,null,null,Not applicable,Not applicable,ASD - Autistic Spectrum Disorder,null,null,null,null,null,null,null,null,null,null,null,null,Resourced provision,null,null,null,null,H,London,E09000011,Greenwich,E05000219,Eltham South,E14000690,Eltham,A1,(England/Wales) Urban major conurbation,E09000011,545054,174230,null,Greenwich 030,Greenwich 030E,null,null,null,null,null,999,null,null,null,null,null,null,null,E02000342,E01033729
100113,203,Greenwich,2028,Bannockburn Primary School,1,Community school,4,Local authority maintained schools,2,Closed,0,Not applicable,null,10,Academy Converter,2023-10-31,2,Primary,3,11,1,No boarders,Has Nursery Classes,2,Does not have a sixth form,3,Mixed,0,Does not apply,Does not apply,0000,Not applicable,0,Not applicable,892,2,No Special Classes,2023-01-19,886,468,418,19.2,0,Not applicable,null,null,Not applicable,null,Not under a federation,null,null,10078056,null,Not applicable,null,null,null,2023-10-31,Plumstead High Street,null,null,London,null,SE18 1HE,null,null,Mrs,Rachel,Ford,Headteacher,Not applicable,null,null,null,Not applicable,null,Not applicable,Not applicable,Not applicable,null,null,Not applicable,Not applicable,null,null,null,null,null,null,null,null,null,null,null,null,null,null,null,null,null,null,H,London,E09000011,Greenwich,E05014087,Plumstead & Glyndon,E14000696,Erith and Thamesmead,A1,(England/Wales) Urban major conurbation,E09000011,545529,178546,null,Greenwich 006,Greenwich 006B,null,null,null,null,null,999,null,null,null,null,null,10010194247,null,E02000318,E01001673
100114,203,Greenwich,2071,Morden Mount Primary School,1,Community school,4,Local authority maintained schools,1,Open,0,Not applicable,null,0,Not applicable,null,2,Primary,3,11,1,No boarders,Has Nursery Classes,2,Does not have a sixth form,3,Mixed,0,Does not apply,Does not apply,0000,Not applicable,0,Not applicable,450,2,No Special Classes,2026-01-15,383,206,177,36.3,0,Not applicable,null,null,Not applicable,null,Not under a federation,null,null,10078055,null,Not applicable,null,null,null,2026-06-29,Lewisham Road,null,null,London,null,SE13 7QP,www.mordenmount.greenwich.sch.uk/,2086922920,Mr,Stephen,Harris,Executive Headteacher,Not applicable,null,null,null,Not applicable,null,Not applicable,Not applicable,Not applicable,null,null,Not applicable,Not applicable,null,null,null,null,null,null,null,null,null,null,null,null,null,null,null,null,null,null,H,London,E09000011,Greenwich,E05014081,Greenwich Park,E14001257,Greenwich and Woolwich,UN1,Urban: Nearer to a major town or city,E09000011,538003,176437,null,Greenwich 038,Greenwich 038A,null,null,null,null,null,999,null,null,null,null,null,100023236740,null,E02006931,E01001638
100115,203,Greenwich,2106,Cherry Orchard Primary School,1,Community school,4,Local authority maintained schools,1,Open,0,Not applicable,null,0,Not applicable,null,2,Primary,4,11,1,No boarders,No Nursery Classes,2,Does not have a sixth form,3,Mixed,0,Does not apply,Does not apply,0000,Not applicable,0,Not applicable,210,2,No Special Classes,2026-01-15,174,102,72,44.3,0,Not applicable,null,null,Not applicable,null,Supported by a federation,17708,Acorn Federation Greenwich,10078054,null,Not applicable,null,null,null,2026-06-29,Rectory Field Crescent,Marlborough Lane,null,London,null,SE7 7DG,www.cherryorchardschool.org.uk,2088566766,Mrs,Maria,Hill,Headteacher,Not applicable,null,null,null,Not applicable,null,Not applicable,Not applicable,Not applicable,null,null,Not applicable,Not applicable,null,null,null,null,null,null,null,null,null,null,null,null,null,null,null,null,null,null,H,London,E09000011,Greenwich,E05014074,Charlton Hornfair,E14001257,Greenwich and Woolwich,UN1,Urban: Nearer to a major town or city,E09000011,541222,177219,null,Greenwich 012,Greenwich 012D,null,null,null,null,null,999,null,null,null,null,null,100023279427,null,E02000324,E01001595
100116,203,Greenwich,2125,Conway Junior School,1,Community school,4,Local authority maintained schools,2,Closed,0,Not applicable,null,0,Not applicable,2000-12-31,2,Primary,7,11,1,No boarders,No Nursery Classes,0,Not applicable,3,Mixed,0,Does not apply,Does not apply,0000,Not applicable,0,Not applicable,null,2,No Special Classes,null,null,null,null,null,0,Not applicable,null,null,Not applicable,null,Not under a federation,null,null,null,null,Not applicable,null,null,null,2018-11-14,Gallosson Road,Plumstead High Street,null,London,null,SE18 1QY,null,null,Mr,B,Dickens,Headteacher,Not applicable,null,null,null,Not applicable,null,Not applicable,Not applicable,Not applicable,null,null,Not applicable,Not applicable,null,null,null,null,null,null,null,null,null,null,null,null,null,null,null,null,null,null,H,London,E09000011,Greenwich,E05000226,Plumstead,E14000696,Erith and Thamesmead,A1,(England/Wales) Urban major conurbation,E09000011,545170,178615,null,Greenwich 006,Greenwich 006D,null,null,null,null,null,999,null,null,null,null,null,null,null,E02000318,E01001675
100117,203,Greenwich,2126,Conway Infant School,1,Community school,4,Local authority maintained schools,2,Closed,0,Not applicable,null,0,Not applicable,2000-12-31,2,Primary,3,7,1,No boarders,Has Nursery Classes,0,Not applicable,3,Mixed,0,Does not apply,Does not apply,0000,Not applicable,0,Not applicable,null,2,No Special Classes,null,null,null,null,null,0,Not applicable,null,null,Not applicable,null,Not under a federation,null,null,null,null,Not applicable,null,null,null,2018-11-14,Gallosson Road,null,null,London,null,SE18 1QY,null,null,Ms,H,Flaherty,Headteacher,Not applicable,null,null,null,Not applicable,null,Not applicable,Not applicable,Not applicable,null,null,Not applicable,Not applicable,null,null,null,null,null,null,null,null,null,null,null,null,null,null,null,null,null,null,H,London,E09000011,Greenwich,E05000226,Plumstead,E14000696,Erith and Thamesmead,A1,(England/Wales) Urban major conurbation,E09000011,545112,178560,null,Greenwich 006,Greenwich 006D,null,null,null,null,null,999,null,null,null,null,null,null,null,E02000318,E01001675
100118,203,Greenwich,2155,Deansfield Junior School,1,Community school,4,Local authority maintained schools,2,Closed,0,Not applicable,null,0,Not applicable,2001-08-31,2,Primary,7,11,1,No boarders,No Nursery Classes,0,Not applicable,3,Mixed,0,Does not apply,Does not apply,0000,Not applicable,0,Not applicable,null,2,No Special Classes,null,null,null,null,null,0,Not applicable,null,null,Not applicable,null,Not under a federation,null,null,null,null,Not applicable,null,null,null,2018-11-14,Rochester Way,Eltham,null,London,null,SE9 1RD,null,null,Mrs,C A,Warnke,Headteacher,Not applicable,null,null,null,Not applicable,null,Not applicable,Not applicable,Not applicable,null,null,Not applicable,Not applicable,null,null,null,null,null,null,null,null,null,null,null,null,null,null,null,null,null,null,H,London,E09000011,Greenwich,E05000218,Eltham North,E14000690,Eltham,A1,(England/Wales) Urban major conurbation,E09000011,543387,175634,null,Greenwich 023,Greenwich 023A,null,null,null,null,null,999,null,null,null,null,null,null,null,E02000335,E01001605
100119,203,Greenwich,2156,Deansfield Infant School,1,Community school,4,Local authority maintained schools,2,Closed,0,Not applicable,null,0,Not applicable,2001-08-31,2,Primary,3,7,1,No boarders,Has Nursery Classes,0,Not applicable,3,Mixed,0,Does not apply,Does not apply,0000,Not applicable,0,Not applicable,null,2,No Special Classes,null,null,null,null,null,0,Not applicable,null,null,Not applicable,null,Not under a federation,null,null,null,null,Not applicable,null,null,null,2018-11-14,Rochester Way,Eltham,null,London,null,SE9 1RD,null,null,Mrs,R,Smith,Headteacher,Not applicable,null,null,null,Not applicable,null,Not applicable,Not applicable,Not applicable,null,null,Not applicable,Not applicable,null,null,null,null,null,null,null,null,null,null,null,null,null,null,null,null,null,null,H,London,E09000011,Greenwich,E05000218,Eltham North,E14000690,Eltham,A1,(England/Wales) Urban major conurbation,E09000011,543387,175634,null,Greenwich 023,Greenwich 023A,null,null,null,null,null,999,null,null,null,null,null,null,null,E02000335,E01001605
100120,203,Greenwich,2174,Ealdham Primary School,1,Community school,4,Local authority maintained schools,1,Open,0,Not applicable,null,0,Not applicable,null,2,Primary,3,11,1,No boarders,Has Nursery Classes,2,Does not have a sixth form,3,Mixed,0,Does not apply,Does not apply,0000,Not applicable,0,Not applicable,520,2,No Special Classes,2026-01-15,455,225,230,42.5,0,Not applicable,null,null,Not applicable,null,Not under a federation,null,null,10077180,null,Not applicable,null,null,null,2026-06-29,Ealdham Square,Eltham,null,London,null,SE9 6BP,www.ealdhamprimary.org.uk,2088505484,Mr,Christian,York,Headteacher,Not applicable,null,null,null,Not applicable,null,Not applicable,Not applicable,Not applicable,null,null,Not applicable,Not applicable,null,null,null,null,null,null,null,null,null,null,null,null,null,Not applicable,null,null,null,null,H,London,E09000011,Greenwich,E05014077,Eltham Page,E14001223,Eltham and Chislehurst,UN1,Urban: Nearer to a major town or city,E09000011,541517,175119,null,Greenwich 034,Greenwich 034H,null,null,null,null,null,999,null,null,null,null,null,100023284337,null,E02006927,E01034176
100121,203,Greenwich,2178,South Rise Junior School,1,Community school,4,Local authority maintained schools,2,Closed,0,Not applicable,null,0,Not applicable,1997-04-01,2,Primary,7,11,1,No boarders,No Nursery Classes,0,Not applicable,3,Mixed,0,Does not apply,Does not apply,0000,Not applicable,0,Not applicable,null,2,No Special Classes,null,null,null,null,null,0,Not applicable,null,null,Not applicable,null,Not under a federation,null,null,null,null,Not applicable,null,null,null,2015-09-24,Brewery Road,null,null,London,null,SE18 7PX,null,null,null,null,null,Headteacher,Not applicable,null,null,null,Not applicable,null,Not applicable,Not applicable,Not applicable,null,null,Not applicable,Not applicable,null,null,null,null,null,null,null,null,null,null,null,null,null,null,null,null,null,null,H,London,E09000011,Greenwich,E05000221,Glyndon,E14000718,Greenwich and Woolwich,A1,(England/Wales) Urban major conurbation,E09000011,544595,178418,null,Greenwich 007,Greenwich 007C,null,null,null,null,null,999,null,null,null,null,null,10010203419,null,E02000319,E01001632
100122,203,Greenwich,2179,South Rise Infant School,1,Community school,4,Local authority maintained schools,2,Closed,0,Not applicable,null,0,Not applicable,1997-04-01,2,Primary,5,7,1,No boarders,Has Nursery Classes,0,Not applicable,3,Mixed,0,Does not apply,Does not apply,0000,Not applicable,0,Not applicable,null,2,No Special Classes,null,null,null,null,null,0,Not applicable,null,null,Not applicable,null,Not under a federation,null,null,null,null,Not applicable,null,null,null,2018-11-14,Brewery Road,Plumstead,null,London,null,SE18 7PX,null,null,null,null,null,Headteacher,Not applicable,null,null,null,Not applicable,null,Not applicable,Not applicable,Not applicable,null,null,Not applicable,Not applicable,null,null,null,null,null,null,null,null,null,null,null,null,null,null,null,null,null,null,H,London,E09000011,Greenwich,E05000221,Glyndon,E14000718,Greenwich and Woolwich,A1,(England/Wales) Urban major conurbation,E09000011,544595,178418,null,Greenwich 007,Greenwich 007C,null,null,null,null,null,999,null,null,null,null,null,10010203419,null,E02000319,E01001632
100123,203,Greenwich,2194,Eglinton Junior School,1,Community school,4,Local authority maintained schools,2,Closed,0,Not applicable,null,0,Not applicable,2001-04-01,2,Primary,7,11,1,No boarders,No Nursery Classes,0,Not applicable,3,Mixed,0,Does not apply,Does not apply,0000,Not applicable,0,Not applicable,null,2,No Special Classes,null,null,null,null,null,0,Not applicable,null,null,Not applicable,null,Not under a federation,null,null,null,null,Not applicable,null,null,null,2018-11-14,Whitworth Road,null,null,London,null,SE18 3SX,null,null,Mr,J,Mountford,Headteacher,Not applicable,null,null,null,Not applicable,null,Not applicable,Not applicable,Not applicable,null,null,Not applicable,Not applicable,null,null,null,null,null,null,null,null,null,null,null,null,null,null,null,null,null,null,H,London,E09000011,Greenwich,E05000229,Woolwich Common,E14000718,Greenwich and Woolwich,A1,(England/Wales) Urban major conurbation,E09000011,543406,177516,null,Greenwich 015,Greenwich 015A,null,null,null,null,null,999,null,null,null,null,null,null,null,E02000327,E01001698
100124,203,Greenwich,2195,Eglinton Infant School,1,Community school,4,Local authority maintained schools,2,Closed,0,Not applicable,null,0,Not applicable,2001-04-01,2,Primary,3,7,1,No boarders,Has Nursery Classes,0,Not applicable,3,Mixed,0,Does not apply,Does not apply,0000,Not applicable,0,Not applicable,null,2,No Special Classes,null,null,null,null,null,0,Not applicable,null,null,Not applicable,null,Not under a federation,null,null,null,null,Not applicable,null,null,null,2018-11-14,Paget Rise,null,null,London,null,SE18 3PY,null,null,Miss,W,Jarvis,Headteacher,Not applicable,null,null,null,Not applicable,null,Not applicable,Not applicable,Not applicable,null,null,Not applicable,Not applicable,null,null,null,null,null,null,null,null,null,null,null,null,null,null,null,null,null,null,H,London,E09000011,Greenwich,E05000229,Woolwich Common,E14000718,Greenwich and Woolwich,A1,(England/Wales) Urban major conurbation,E09000011,543464,177512,null,Greenwich 015,Greenwich 015A,null,null,null,null,null,999,null,null,null,null,null,null,null,E02000327,E01001698
100125,203,Greenwich,2228,Fossdene Primary School,1,Community school,4,Local authority maintained schools,1,Open,0,Not applicable,null,0,Not applicable,null,2,Primary,4,11,1,No boarders,No Nursery Classes,2,Does not have a sixth form,3,Mixed,0,Does not apply,Does not apply,0000,Not applicable,0,Not applicable,226,2,No Special Classes,2026-01-15,206,108,98,40.8,0,Not applicable,null,null,Not applicable,null,Supported by a federation,17708,Acorn Federation Greenwich,10078053,null,Not applicable,null,null,null,2026-06-29,Victoria Way,Charlton,null,London,null,SE7 7NQ,http://www.fossdene.greenwich.sch.uk,2088585585,Mrs,Maria,Hill,Headteacher,Not applicable,null,null,null,Not applicable,null,Not applicable,Not applicable,Not applicable,null,null,Not applicable,Not applicable,ASD - Autistic Spectrum Disorder,SLD - Severe Learning Difficulty,null,null,null,null,null,null,null,null,null,null,null,Resourced provision,12,16,null,null,H,London,E09000011,Greenwich,E05014075,Charlton Village & Riverside,E14001257,Greenwich and Woolwich,UN1,Urban: Nearer to a major town or city,E09000011,540841,178110,null,Greenwich 014,Greenwich 014B,null,null,null,null,null,999,null,null,null,null,null,100023279550,null,E02000326,E01001592
100126,203,Greenwich,2242,Gallions Mount Primary School,1,Community school,4,Local authority maintained schools,2,Closed,0,Not applicable,1900-01-01,2,Closure,2025-08-31,2,Primary,3,11,1,No boarders,Has Nursery Classes,2,Does not have a sixth form,3,Mixed,0,Does not apply,Does not apply,0000,Not applicable,0,Not applicable,234,2,No Special Classes,2025-01-16,132,68,64,40.7,0,Not applicable,null,null,Not applicable,null,Not under a federation,null,null,10078052,null,Not applicable,null,null,null,2025-08-31,Purrett Road,Plumstead,null,London,null,SE18 1JR,null,null,Mrs,Susan,Slack,Headteacher,Not applicable,null,null,null,Not applicable,null,Not applicable,Not applicable,Not applicable,null,null,Not applicable,Not applicable,null,null,null,null,null,null,null,null,null,null,null,null,null,null,null,null,null,null,H,London,E09000011,Greenwich,E05014087,Plumstead & Glyndon,E14001229,Erith and Thamesmead,UN1,Urban: Nearer to a major town or city,E09000011,545821,178268,null,Greenwich 006,Greenwich 006E,null,null,null,null,null,999,null,null,null,null,null,100023243004,null,E02000318,E01001677
100127,203,Greenwich,2258,Gordon Primary School,1,Community school,4,Local authority maintained schools,1,Open,0,Not applicable,null,0,Not applicable,null,2,Primary,3,11,1,No boarders,Has Nursery Classes,2,Does not have a sixth form,3,Mixed,0,Does not apply,Does not apply,0000,Not applicable,0,Not applicable,420,2,No Special Classes,2026-01-15,439,214,225,14.2,0,Not applicable,null,null,Not applicable,null,Not under a federation,null,null,10078051,null,Not applicable,null,null,null,2026-06-29,Grangehill Road,Eltham,null,London,null,SE9 1QG,www.gordonprimary.co.uk,2088505486,Mr,Jason,Taylor,Headteacher,Not applicable,null,null,null,Not applicable,null,Not applicable,Not applicable,Not applicable,null,null,Not applicable,Not applicable,null,null,null,null,null,null,null,null,null,null,null,null,null,null,null,null,null,null,H,London,E09000011,Greenwich,E05014078,Eltham Park & Progress,E14001223,Eltham and Chislehurst,UN1,Urban: Nearer to a major town or city,E09000011,542832,175288,null,Greenwich 027,Greenwich 027A,null,null,null,null,null,999,null,null,null,null,null,100023282436,null,E02000339,E01001604
100128,203,Greenwich,2266,Greenacres Primary School and Language Impairment Unit,1,Community school,4,Local authority maintained schools,2,Closed,0,Not applicable,null,10,Academy Converter,2017-10-31,2,Primary,2,11,1,No boarders,Has Nursery Classes,2,Does not have a sixth form,3,Mixed,0,Does not apply,Does not apply,0000,Not applicable,0,Not applicable,210,1,Has Special Classes,2017-01-19,312,170,140,21,0,Not applicable,null,null,Not applicable,null,Not under a federation,null,null,null,null,Not applicable,null,null,null,2017-10-31,Witherston Way,Eltham,null,London,null,SE9 3JN,null,null,Mr,David,Marsh,Head of School,Not applicable,null,null,null,Not applicable,null,Not applicable,Not applicable,Not applicable,null,null,Not applicable,Not applicable,"SLCN - Speech, language and Communication",null,null,null,null,null,null,null,null,null,null,null,null,Resourced provision,null,null,null,null,H,London,E09000011,Greenwich,E05000217,Coldharbour and New Eltham,E14000690,Eltham,A1,(England/Wales) Urban major conurbation,E09000011,543070,172575,null,Greenwich 031,Greenwich 031C,null,null,null,null,null,999,null,null,null,null,null,100023283259,null,E02000343,E01001602
100129,203,Greenwich,2271,Haimo Primary School,1,Community school,4,Local authority maintained schools,1,Open,0,Not applicable,null,0,Not applicable,null,2,Primary,3,11,1,No boarders,Has Nursery Classes,2,Does not have a sixth form,3,Mixed,0,Does not apply,Does not apply,0000,Not applicable,0,Not applicable,420,2,No Special Classes,2026-01-15,351,195,156,39.1,0,Not applicable,null,null,Not applicable,null,Not under a federation,null,null,10078050,null,Not applicable,null,null,null,2026-06-29,Haimo Road,Eltham,null,London,null,SE9 6DY,http://www.haimoprimaryschool.co.uk,2088504911,Ms,Kathleen,Barnes,Headteacher,Not applicable,null,null,null,Not applicable,null,Not applicable,Not applicable,Not applicable,null,null,Not applicable,Not applicable,null,null,null,null,null,null,null,null,null,null,null,null,null,null,null,null,null,null,H,London,E09000011,Greenwich,E05014077,Eltham Page,E14001223,Eltham and Chislehurst,UN1,Urban: Nearer to a major town or city,E09000011,541948,174911,null,Greenwich 025,Greenwich 025A,null,null,null,null,null,999,null,null,null,null,null,100023284296,null,E02000337,E01001620
100130,203,Greenwich,2275,Halstow Primary School,1,Community school,4,Local authority maintained schools,2,Closed,0,Not applicable,null,10,Academy Converter,2017-06-30,2,Primary,5,11,1,No boarders,No Nursery Classes,2,Does not have a sixth form,3,Mixed,0,Does not apply,Does not apply,0000,Not applicable,0,Not applicable,420,2,No Special Classes,2017-01-19,386,185,205,4.7,0,Not applicable,null,null,Not applicable,null,Not under a federation,null,null,null,null,Not applicable,null,null,null,2018-10-15,Halstow Road,Greenwich,null,London,null,SE10 0LD,null,null,Mr,Tom,Gray,Headteacher,Not applicable,null,null,null,Not applicable,null,Not applicable,Not applicable,Not applicable,null,null,Not applicable,Not applicable,null,null,null,null,null,null,null,null,null,null,null,null,null,null,null,null,null,null,H,London,E09000011,Greenwich,E05000225,Peninsula,E14000718,Greenwich and Woolwich,A1,(England/Wales) Urban major conurbation,E09000011,540019,178163,null,Greenwich 037,Greenwich 037C,null,null,null,null,null,999,null,null,null,null,null,null,null,E02006930,E01001665
100131,203,Greenwich,2299,Henwick Primary School,1,Community school,4,Local authority maintained schools,1,Open,0,Not applicable,null,0,Not applicable,null,2,Primary,3,11,1,No boarders,Has Nursery Classes,2,Does not have a sixth form,3,Mixed,0,Does not apply,Does not apply,0000,Not applicable,0,Not applicable,476,2,No Special Classes,2026-01-15,332,166,166,33.4,0,Not applicable,null,null,Not applicable,null,Supported by a federation,17713,The Ambition Federation of Schools,10078049,null,Not applicable,null,null,null,2026-06-29,Henwick Road,Eltham,null,London,null,SE9 6NZ,http://www.henwickprimary.co.uk,2088568627,Mrs,Lisa,Lazell,Headteacher,Not applicable,null,null,null,Not applicable,null,Not applicable,Not applicable,Not applicable,null,null,Not applicable,Not applicable,null,null,null,null,null,null,null,null,null,null,null,null,null,null,null,null,null,null,H,London,E09000011,Greenwich,E05014077,Eltham Page,E14001223,Eltham and Chislehurst,UN1,Urban: Nearer to a major town or city,E09000011,542011,175689,null,Greenwich 025,Greenwich 025D,null,null,null,null,null,999,null,null,null,null,null,100023284375,null,E02000337,E01001624
100132,203,Greenwich,2313,Horn Park Primary School,1,Community school,4,Local authority maintained schools,2,Closed,0,Not applicable,null,10,Academy Converter,2017-06-30,2,Primary,3,11,1,No boarders,Has Nursery Classes,2,Does not have a sixth form,3,Mixed,0,Does not apply,Does not apply,0000,Not applicable,0,Not applicable,420,2,No Special Classes,2017-01-19,434,215,215,32.6,0,Not applicable,null,null,Not applicable,null,Not under a federation,null,null,null,null,Not applicable,null,null,null,2018-10-15,Alnwick Road,Lee,null,London,null,SE12 9BT,null,null,Ms,Michelle,Bernard,Headteacher,Not applicable,null,null,null,Not applicable,null,Not applicable,Not applicable,Not applicable,null,null,Not applicable,Not applicable,null,null,null,null,null,null,null,null,null,null,null,null,null,null,null,null,null,null,H,London,E09000011,Greenwich,E05000224,Middle Park and Sutcliffe,E14000690,Eltham,A1,(England/Wales) Urban major conurbation,E09000011,540826,173663,null,Greenwich 029,Greenwich 029B,null,null,null,null,null,999,null,null,null,null,null,null,null,E02000341,E01001654
100133,203,Greenwich,2318,Hughes Fields Primary School,1,Community school,4,Local authority maintained schools,2,Closed,0,Not applicable,null,4,Fresh Start,2002-12-31,2,Primary,3,11,1,No boarders,Has Nursery Classes,0,Not applicable,3,Mixed,0,Does not apply,Does not apply,0000,Not applicable,0,Not applicable,null,2,No Special Classes,null,null,null,null,null,0,Not applicable,null,null,Not applicable,null,Not under a federation,null,null,null,null,Not applicable,null,null,null,2018-11-14,Benbow Street,Deptford,null,London,null,SE8 3HD,null,null,Mrs,J,Persaud,Headteacher,Not applicable,null,null,null,Not applicable,null,Not applicable,Not applicable,Not applicable,null,null,Not applicable,Not applicable,null,null,null,null,null,null,null,null,null,null,null,null,null,null,null,null,null,null,H,London,E09000011,Greenwich,E05000222,Greenwich West,E14000718,Greenwich and Woolwich,A1,(England/Wales) Urban major conurbation,E09000011,537289,177940,null,Greenwich 035,Greenwich 035B,null,null,null,null,null,999,null,null,null,null,null,10023231343,null,E02006928,E01033727
100134,203,Greenwich,2325,Invicta Primary School,1,Community school,4,Local authority maintained schools,1,Open,0,Not applicable,null,0,Not applicable,null,2,Primary,3,11,1,No boarders,Has Nursery Classes,2,Does not have a sixth form,3,Mixed,0,Does not apply,Does not apply,0000,Not applicable,0,Not applicable,630,2,No Special Classes,2026-01-15,714,332,382,27.9,0,Not applicable,null,null,Not applicable,null,Not under a federation,null,null,10078048,null,Not applicable,null,null,null,2026-06-29,Invicta Road,Greenwich,null,London,null,SE3 7HE,www.invictaprimaryschool.org.uk/,2088583831,Mrs,Jodie,Cawte,Headteacher,Not applicable,null,null,null,Not applicable,null,Not applicable,Not applicable,Not applicable,null,null,Not applicable,Not applicable,null,null,null,null,null,null,null,null,null,null,null,null,null,null,null,null,null,null,H,London,E09000011,Greenwich,E05014073,Blackheath Westcombe,E14001257,Greenwich and Woolwich,UN1,Urban: Nearer to a major town or city,E09000011,540412,177493,null,Greenwich 016,Greenwich 016A,null,null,null,null,null,999,null,null,null,null,null,100023268139,null,E02000328,E01001581
100135,203,Greenwich,2330,James Wolfe Junior School,1,Community school,4,Local authority maintained schools,2,Closed,0,Not applicable,null,0,Not applicable,1997-09-01,2,Primary,7,11,1,No boarders,No Nursery Classes,0,Not applicable,3,Mixed,0,Does not apply,Does not apply,0000,Not applicable,0,Not applicable,null,2,No Special Classes,null,null,null,null,null,0,Not applicable,null,null,Not applicable,null,Not under a federation,null,null,null,null,Not applicable,null,null,null,2018-11-14,Randall Place,Greenwich,null,London,null,SE10 9LA,null,null,null,null,null,Headteacher,Not applicable,null,null,null,Not applicable,null,Not applicable,Not applicable,Not applicable,null,null,Not applicable,Not applicable,null,null,null,null,null,null,null,null,null,null,null,null,null,null,null,null,null,null,H,London,E09000011,Greenwich,E05000222,Greenwich West,E14000718,Greenwich and Woolwich,A1,(England/Wales) Urban major conurbation,E09000011,538073,177440,null,Greenwich 038,Greenwich 038B,null,null,null,null,null,999,null,null,null,null,null,null,null,E02006931,E01001641
100136,203,Greenwich,2353,Kidbrooke Park Primary School,1,Community school,4,Local authority maintained schools,2,Closed,0,Not applicable,null,10,Academy Converter,2023-09-30,2,Primary,3,11,1,No boarders,Has Nursery Classes,2,Does not have a sixth form,3,Mixed,0,Does not apply,Does not apply,0000,Not applicable,0,Not applicable,472,2,No Special Classes,2023-01-19,400,196,204,41.3,0,Not applicable,null,null,Not applicable,null,Not under a federation,null,null,10078047,null,Not applicable,null,null,null,2023-09-30,202a Holburne Road,null,null,London,null,SE3 8JG,null,null,Mr,Adam,Wilson,Executive Headteacher,Not applicable,null,null,null,Not applicable,null,Not applicable,Not applicable,Not applicable,null,null,Not applicable,Not applicable,null,null,null,null,null,null,null,null,null,null,null,null,null,null,null,null,null,null,H,London,E09000011,Greenwich,E05014083,Kidbrooke Park,E14000690,Eltham,A1,(England/Wales) Urban major conurbation,E09000011,541246,176520,null,Greenwich 022,Greenwich 022C,null,null,null,null,null,999,null,null,null,null,United Kingdom,100020975886,null,E02000334,E01001648
100137,203,Greenwich,2410,Meridian Primary School,1,Community school,4,Local authority maintained schools,1,Open,0,Not applicable,null,0,Not applicable,null,2,Primary,3,11,1,No boarders,Has Nursery Classes,2,Does not have a sixth form,3,Mixed,0,Does not apply,Does not apply,0000,Not applicable,0,Not applicable,240,2,No Special Classes,2026-01-15,231,102,129,15.4,0,Not applicable,null,null,Not applicable,null,Not under a federation,null,null,10077179,null,Not applicable,null,null,null,2026-06-29,Old Woolwich Road,Greenwich,null,London,null,SE10 9NY,www.meridian.greenwich.sch.uk,2088583572,Ms,Jo,Graham,Headteacher,Not applicable,null,null,null,Not applicable,null,Not applicable,Not applicable,Not applicable,null,null,Not applicable,Not applicable,HI - Hearing Impairment,null,null,null,null,null,null,null,null,null,null,null,null,Resourced provision,14,18,null,null,H,London,E09000011,Greenwich,E05014076,East Greenwich,E14001257,Greenwich and Woolwich,UN1,Urban: Nearer to a major town or city,E09000011,538861,177987,null,Greenwich 037,Greenwich 037B,null,null,null,null,null,999,null,null,null,null,null,100023228977,null,E02006930,E01001664
100138,203,Greenwich,2413,Middle Park Junior School,1,Community school,4,Local authority maintained schools,2,Closed,0,Not applicable,null,0,Not applicable,1996-09-01,2,Primary,7,11,1,No boarders,No Nursery Classes,0,Not applicable,3,Mixed,0,Does not apply,Does not apply,0000,Not applicable,0,Not applicable,null,2,No Special Classes,null,null,null,null,null,0,Not applicable,null,null,Not applicable,null,Not under a federation,null,null,null,null,Not applicable,null,null,null,2015-09-24,Middle Park Avenue,Eltham,null,London,null,SE9 5RX,null,null,null,null,null,Headteacher,Not applicable,null,null,null,Not applicable,null,Not applicable,Not applicable,Not applicable,null,null,Not applicable,Not applicable,null,null,null,null,null,null,null,null,null,null,null,null,null,null,null,null,null,null,H,London,E09000011,Greenwich,E05000224,Middle Park and Sutcliffe,E14000690,Eltham,A1,(England/Wales) Urban major conurbation,E09000011,541724,173671,null,Greenwich 029,Greenwich 029A,null,null,null,null,null,999,null,null,null,null,null,10010224846,null,E02000341,E01001653
100139,203,Greenwich,2415,Middle Park Infant School,1,Community school,4,Local authority maintained schools,2,Closed,0,Not applicable,null,0,Not applicable,1996-09-01,2,Primary,5,7,1,No boarders,Has Nursery Classes,0,Not applicable,3,Mixed,0,Does not apply,Does not apply,0000,Not applicable,0,Not applicable,null,2,No Special Classes,null,null,null,null,null,0,Not applicable,null,null,Not applicable,null,Not under a federation,null,null,null,null,Not applicable,null,null,null,2015-09-24,Middle Park Avenue,null,null,London,null,SE9 5RX,null,null,null,null,null,Headteacher,Not applicable,null,null,null,Not applicable,null,Not applicable,Not applicable,Not applicable,null,null,Not applicable,Not applicable,null,null,null,null,null,null,null,null,null,null,null,null,null,null,null,null,null,null,H,London,E09000011,Greenwich,E05000224,Middle Park and Sutcliffe,E14000690,Eltham,A1,(England/Wales) Urban major conurbation,E09000011,541724,173671,null,Greenwich 029,Greenwich 029A,null,null,null,null,null,999,null,null,null,null,null,10010224846,null,E02000341,E01001653
100140,203,Greenwich,2471,Plumcroft Primary School,1,Community school,4,Local authority maintained schools,1,Open,0,Not applicable,null,0,Not applicable,null,2,Primary,3,11,1,No boarders,Has Nursery Classes,2,Does not have a sixth form,3,Mixed,0,Does not apply,Does not apply,0000,Not applicable,0,Not applicable,1050,2,No Special Classes,2026-01-15,1056,521,535,30.1,0,Not applicable,null,null,Not applicable,null,Not under a federation,null,null,10078046,null,Not applicable,null,null,null,2026-06-29,Plum Lane,Plumstead,Plumcroft Primary School,London,null,SE18 3HW,www.plumcroftprimary.co.uk,2088541308,Mr,Richard,Slade,Headteacher,Not applicable,null,null,null,Not applicable,null,Not applicable,Not applicable,Not applicable,null,null,Not applicable,Not applicable,null,null,null,null,null,null,null,null,null,null,null,null,null,null,null,null,null,null,H,London,E09000011,Greenwich,E05014089,Shooters Hill,E14001229,Erith and Thamesmead,UN1,Urban: Nearer to a major town or city,E09000011,544151,177486,null,Greenwich 020,Greenwich 020C,null,null,null,null,null,999,null,null,null,null,null,10010194247,null,E02000332,E01001681
100141,203,Greenwich,2552,Sherington Primary School,1,Community school,4,Local authority maintained schools,1,Open,0,Not applicable,null,0,Not applicable,null,2,Primary,3,11,1,No boarders,Has Nursery Classes,2,Does not have a sixth form,3,Mixed,0,Does not apply,Does not apply,0000,Not applicable,0,Not applicable,420,2,No Special Classes,2026-01-15,436,208,228,15.9,0,Not applicable,null,null,Not applicable,null,Not under a federation,null,null,10078045,null,Not applicable,null,null,null,2026-06-29,Wyndcliff Road,Charlton,Wyndcliff Road,London,null,SE7 7JP,www.sheringtonprimary.co.uk,2088585497,Mrs,Hannah,Freeman,Headteacher,Not applicable,null,null,null,Not applicable,null,Not applicable,Not applicable,Not applicable,null,null,Not applicable,Not applicable,null,null,null,null,null,null,null,null,null,null,null,null,null,null,null,null,null,null,H,London,E09000011,Greenwich,E05014074,Charlton Hornfair,E14001257,Greenwich and Woolwich,UN1,Urban: Nearer to a major town or city,E09000011,540764,177627,null,Greenwich 014,Greenwich 014C,null,null,null,null,null,999,null,null,null,null,null,10010198245,null,E02000326,E01001593
100142,203,Greenwich,2598,Thorntree Primary School,1,Community school,4,Local authority maintained schools,1,Open,0,Not applicable,null,0,Not applicable,null,2,Primary,4,11,1,No boarders,No Nursery Classes,2,Does not have a sixth form,3,Mixed,0,Does not apply,Does not apply,0000,Not applicable,0,Not applicable,210,2,No Special Classes,2026-01-15,190,93,97,28.9,0,Not applicable,null,null,Not applicable,null,Not under a federation,null,null,10077178,null,Not applicable,null,null,null,2026-06-29,Thorntree Road,Charlton,null,London,null,SE7 8AE,www.thorntree.greenwich.sch.uk/,2088580268,Ms,Ann Marie,Walker,Headteacher,Not applicable,null,null,null,Not applicable,null,Not applicable,Not applicable,Not applicable,null,null,Not applicable,Not applicable,null,null,null,null,null,null,null,null,null,null,null,null,null,Not applicable,null,null,null,null,H,London,E09000011,Greenwich,E05014075,Charlton Village & Riverside,E14001257,Greenwich and Woolwich,UN1,Urban: Nearer to a major town or city,E09000011,541865,178397,null,Greenwich 012,Greenwich 012B,null,null,null,null,null,999,null,null,null,null,null,100023280277,null,E02000324,E01001589
100143,203,Greenwich,2601,Timbercroft Junior School,1,Community school,4,Local authority maintained schools,2,Closed,0,Not applicable,null,0,Not applicable,1996-09-01,2,Primary,7,11,1,No boarders,No Nursery Classes,0,Not applicable,3,Mixed,0,Does not apply,Does not apply,0000,Not applicable,0,Not applicable,null,2,No Special Classes,null,null,null,null,null,0,Not applicable,null,null,Not applicable,null,Not under a federation,null,null,null,null,Not applicable,null,null,null,2015-09-24,Timbercroft Lane,Plumstead,null,London,null,SE18 2SG,null,null,null,null,null,Headteacher,Not applicable,null,null,null,Not applicable,null,Not applicable,Not applicable,Not applicable,null,null,Not applicable,Not applicable,null,null,null,null,null,null,null,null,null,null,null,null,null,null,null,null,null,null,H,London,E09000011,Greenwich,E05000227,Shooters Hill,E14000690,Eltham,A1,(England/Wales) Urban major conurbation,E09000011,545264,177428,null,Greenwich 017,Greenwich 017D,null,null,null,null,null,999,null,null,null,null,null,10010194247,null,E02000329,E01001685
100144,203,Greenwich,2602,Timbercroft Infant School,1,Community school,4,Local authority maintained schools,2,Closed,0,Not applicable,null,0,Not applicable,1996-09-01,2,Primary,5,7,1,No boarders,Has Nursery Classes,0,Not applicable,3,Mixed,0,Does not apply,Does not apply,0000,Not applicable,0,Not applicable,null,2,No Special Classes,null,null,null,null,null,0,Not applicable,null,null,Not applicable,null,Not under a federation,null,null,null,null,Not applicable,null,null,null,2015-09-24,Timbercroft Lane,Plumstead,null,London,null,SE18 2SG,null,null,null,null,null,Headteacher,Not applicable,null,null,null,Not applicable,null,Not applicable,Not applicable,Not applicable,null,null,Not applicable,Not applicable,null,null,null,null,null,null,null,null,null,null,null,null,null,null,null,null,null,null,H,London,E09000011,Greenwich,E05000227,Shooters Hill,E14000690,Eltham,A1,(England/Wales) Urban major conurbation,E09000011,545264,177428,null,Greenwich 017,Greenwich 017D,null,null,null,null,null,999,null,null,null,null,null,10010194247,null,E02000329,E01001685
100145,203,Greenwich,2656,Woodhill Primary School,1,Community school,4,Local authority maintained schools,2,Closed,0,Not applicable,null,10,Academy Converter,2017-05-31,2,Primary,3,11,1,No boarders,Has Nursery Classes,2,Does not have a sixth form,3,Mixed,0,Does not apply,Does not apply,0000,Not applicable,0,Not applicable,630,2,No Special Classes,2017-01-19,600,305,295,35,0,Not applicable,null,null,Not applicable,null,Not under a federation,null,null,null,null,Not applicable,null,null,null,2018-10-15,Woodhill,null,null,London,null,SE18 5JE,null,null,Mrs,Melissa,Carpenter,Headteacher,Not applicable,null,null,null,Not applicable,null,Not applicable,Not applicable,Not applicable,null,null,Not applicable,Not applicable,null,null,null,null,null,null,null,null,null,null,null,null,null,null,null,null,null,null,H,London,E09000011,Greenwich,E05000230,Woolwich Riverside,E14000718,Greenwich and Woolwich,A1,(England/Wales) Urban major conurbation,E09000011,542375,178697,null,Greenwich 005,Greenwich 005B,null,null,null,null,null,999,null,null,null,null,null,null,null,E02000317,E01001706
100146,203,Greenwich,2662,Wyborne Primary School,1,Community school,4,Local authority maintained schools,1,Open,0,Not applicable,null,0,Not applicable,null,2,Primary,3,11,1,No boarders,Has Nursery Classes,2,Does not have a sixth form,3,Mixed,0,Does not apply,Does not apply,0000,Not applicable,0,Not applicable,403,2,No Special Classes,2026-01-15,408,201,207,16.7,0,Not applicable,null,null,Not applicable,null,Not under a federation,null,null,10078044,null,Not applicable,null,null,null,2026-06-29,Footscray Road,New Eltham,null,London,null,SE9 2EH,www.wyborne.greenwich.sch.uk/,2088504933,Mr,James,Searjeant,Headteacher,Not applicable,null,null,null,Not applicable,null,Not applicable,Not applicable,Not applicable,null,null,Not applicable,Not applicable,null,null,null,null,null,null,null,null,null,null,null,null,null,null,null,null,null,null,H,London,E09000011,Greenwich,E05014079,Eltham Town & Avery Hill,E14001223,Eltham and Chislehurst,UN1,Urban: Nearer to a major town or city,E09000011,543932,173264,null,Greenwich 030,Greenwich 030D,null,null,null,null,null,999,null,null,null,null,null,10010197752,null,E02000342,E01001619
100147,203,Greenwich,2776,Ruxley Manor Primary School,1,Community school,4,Local authority maintained schools,2,Closed,0,Not applicable,null,2,Closure,2001-08-31,2,Primary,3,11,1,No boarders,Has Nursery Classes,0,Not applicable,3,Mixed,0,Does not apply,Does not apply,0000,Not applicable,0,Not applicable,null,2,No Special Classes,null,null,null,null,null,0,Not applicable,null,null,Not applicable,null,Not under a federation,null,null,null,null,Not applicable,null,null,null,2018-11-14,Milverton Way,Eltham,null,London,null,SE9 3EY,null,null,Mrs,T,Woodhead,Headteacher,Not applicable,null,null,null,Not applicable,null,Not applicable,Not applicable,Not applicable,null,null,Not applicable,Not applicable,null,null,null,null,null,null,null,null,null,null,null,null,null,null,null,null,null,null,H,London,E09000011,Greenwich,E05000217,Coldharbour and New Eltham,E14000690,Eltham,A1,(England/Wales) Urban major conurbation,E09000011,543448,171926,null,Greenwich 031,Greenwich 031D,null,null,null,null,null,999,null,null,null,null,null,null,null,E02000343,E01001603
100148,203,Greenwich,2790,Brooklands Primary School,1,Community school,4,Local authority maintained schools,2,Closed,0,Not applicable,null,10,Academy Converter,2016-08-31,2,Primary,3,11,1,No boarders,Has Nursery Classes,2,Does not have a sixth form,3,Mixed,0,Does not apply,Does not apply,0000,Not applicable,0,Not applicable,210,2,No Special Classes,null,null,null,null,null,0,Not applicable,null,null,Not applicable,null,Not under a federation,null,null,null,null,Not applicable,null,null,null,2018-10-15,Medebourne Close,Casterbridge Road,null,London,null,SE3 9AB,null,null,Mr,Nick,Osborne,Headteacher,Not applicable,null,null,null,Not applicable,null,Not applicable,Not applicable,Not applicable,null,null,Not applicable,Not applicable,null,null,null,null,null,null,null,null,null,null,null,null,null,null,null,null,null,null,H,London,E09000011,Greenwich,E05000224,Middle Park and Sutcliffe,E14000690,Eltham,A1,(England/Wales) Urban major conurbation,E09000011,540311,175836,null,Greenwich 034,Greenwich 034A,null,null,null,null,null,999,null,null,null,null,null,null,null,E02006927,E01001656
100149,203,Greenwich,2798,Montbelle Primary School,1,Community school,4,Local authority maintained schools,1,Open,0,Not applicable,null,0,Not applicable,null,2,Primary,3,11,1,No boarders,Has Nursery Classes,2,Does not have a sixth form,3,Mixed,0,Does not apply,Does not apply,0000,Not applicable,0,Not applicable,470,2,No Special Classes,2026-01-15,364,180,184,28.5,0,Not applicable,null,null,Not applicable,null,Not under a federation,null,null,10078043,null,Not applicable,null,null,null,2026-06-29,Milverton Way,Eltham,null,London,null,SE9 3EY,www.montbelle.org.uk/,2088573909,Mrs,E,Geden,Headteacher,Not applicable,null,null,null,Not applicable,null,Not applicable,Not applicable,Not applicable,null,null,Not applicable,Not applicable,null,null,null,null,null,null,null,null,null,null,null,null,null,null,null,null,null,null,H,London,E09000011,Greenwich,E05014086,"Mottingham, Coldharbour & New Eltham",E14001223,Eltham and Chislehurst,UN1,Urban: Nearer to a major town or city,E09000011,543480,171884,null,Greenwich 031,Greenwich 031D,null,null,null,null,null,999,null,null,null,null,null,100023283258,null,E02000343,E01001603
100150,203,Greenwich,2801,Boxgrove Primary School,1,Community school,4,Local authority maintained schools,2,Closed,0,Not applicable,null,10,Academy Converter,2023-09-30,2,Primary,3,11,1,No boarders,Has Nursery Classes,2,Does not have a sixth form,3,Mixed,0,Does not apply,Does not apply,0000,Not applicable,0,Not applicable,472,2,No Special Classes,2023-01-19,428,236,192,41.5,0,Not applicable,null,null,Not applicable,null,Not under a federation,null,null,10078042,null,Not applicable,null,null,null,2023-09-30,Boxgrove Road,Abbey Wood,null,Greenwich,null,SE2 9JP,null,null,Ms,Holly,Broughton,Executive Headteacher,Not applicable,null,null,null,Not applicable,null,Not applicable,Not applicable,Not applicable,null,null,Not applicable,Not applicable,ASD - Autistic Spectrum Disorder,null,null,null,null,null,null,null,null,null,null,null,null,Resourced provision,6,16,null,null,H,London,E09000011,Greenwich,E05014072,Abbey Wood,E14000696,Erith and Thamesmead,A1,(England/Wales) Urban major conurbation,E09000011,547069,179278,null,Greenwich 003,Greenwich 003D,null,null,null,null,null,999,null,null,null,null,null,100023249698,null,E02000315,E01001578
100151,203,Greenwich,2804,Rockliffe Manor Primary School,1,Community school,4,Local authority maintained schools,2,Closed,0,Not applicable,null,10,Academy Converter,2017-05-31,2,Primary,3,11,1,No boarders,Has Nursery Classes,2,Does not have a sixth form,3,Mixed,0,Does not apply,Does not apply,0000,Not applicable,0,Not applicable,210,2,No Special Classes,2017-01-19,230,120,110,20,0,Not applicable,null,null,Not applicable,null,Not under a federation,null,null,null,null,Not applicable,null,null,null,2018-10-15,Bassant Road,null,null,London,null,SE18 2NP,null,null,Mrs,Abigail,Oldfield,Headteacher,Not applicable,null,null,null,Not applicable,null,Not applicable,Not applicable,Not applicable,null,null,Not applicable,Not applicable,null,null,null,null,null,null,null,null,null,null,null,null,null,null,null,null,null,null,H,London,E09000011,Greenwich,E05000226,Plumstead,E14000696,Erith and Thamesmead,A1,(England/Wales) Urban major conurbation,E09000011,545525,177585,null,Greenwich 033,Greenwich 033B,null,null,null,null,null,999,null,null,null,null,null,null,null,E02006786,E01001671
100152,203,Greenwich,2813,De Lucy Primary School,1,Community school,4,Local authority maintained schools,1,Open,0,Not applicable,null,99,null,null,2,Primary,3,11,1,No boarders,Has Nursery Classes,2,Does not have a sixth form,3,Mixed,0,Does not apply,Does not apply,0000,Not applicable,0,Not applicable,446,2,No Special Classes,2026-01-15,251,123,128,57.6,0,Not applicable,null,null,Not applicable,null,Not under a federation,null,null,10078041,null,Not applicable,null,null,null,2026-06-29,Cookhill Road,Abbey Wood,null,London,null,SE2 9PD,www.delucyprimaryschool.co.uk/,2083105290,Mrs,Kerry,Lodge,Headteacher,Not applicable,null,null,null,Not applicable,null,Not applicable,Not applicable,Not applicable,null,null,Not applicable,Not applicable,null,null,null,null,null,null,null,null,null,null,null,null,null,null,null,null,null,null,H,London,E09000011,Greenwich,E05014072,Abbey Wood,E14001229,Erith and Thamesmead,UN1,Urban: Nearer to a major town or city,E09000011,546656,179560,null,Greenwich 003,Greenwich 003B,null,null,null,null,null,999,null,null,null,null,null,100023249695,null,E02000315,E01001576
100153,203,Greenwich,2822,James Wolfe Infant School,1,Community school,4,Local authority maintained schools,2,Closed,0,Not applicable,null,0,Not applicable,1997-09-01,2,Primary,5,7,1,No boarders,Has Nursery Classes,0,Not applicable,3,Mixed,0,Does not apply,Does not apply,0000,Not applicable,0,Not applicable,null,1,Has Special Classes,null,null,null,null,null,0,Not applicable,null,null,Not applicable,null,Not under a federation,null,null,null,null,Not applicable,null,null,null,2018-11-14,Randall Place,Greenwich,null,London,null,SE10 9LA,null,null,null,null,null,Headteacher,Not applicable,null,null,null,Not applicable,null,Not applicable,Not applicable,Not applicable,null,null,Not applicable,Not applicable,null,null,null,null,null,null,null,null,null,null,null,null,null,null,null,null,null,null,H,London,E09000011,Greenwich,E05000222,Greenwich West,E14000718,Greenwich and Woolwich,A1,(England/Wales) Urban major conurbation,E09000011,538073,177440,null,Greenwich 038,Greenwich 038B,null,null,null,null,null,999,null,null,null,null,null,null,null,E02006931,E01001641
100154,203,Greenwich,2851,Wingfield Primary School,1,Community school,4,Local authority maintained schools,2,Closed,0,Not applicable,1900-01-01,10,Academy Converter,2021-03-31,2,Primary,3,11,1,No boarders,Has Nursery Classes,2,Does not have a sixth form,3,Mixed,0,Does not apply,Does not apply,0000,Not applicable,0,Not applicable,532,2,No Special Classes,2021-01-21,491,226,265,12.2,0,Not applicable,null,null,Not applicable,null,Not under a federation,null,null,10081231,null,Not applicable,null,null,null,2021-07-02,Ensign Street,null,null,London,null,SE3 9GJ,null,null,Mr,Ross,Silcock,Head of School,Not applicable,null,null,null,Not applicable,null,Not applicable,Not applicable,Not applicable,null,null,Not applicable,Not applicable,null,null,null,null,null,null,null,null,null,null,null,null,null,null,null,null,null,null,H,London,E09000011,Greenwich,E05000220,Eltham West,E14000690,Eltham,A1,(England/Wales) Urban major conurbation,E09000011,540596,175520,null,Greenwich 034,Greenwich 034E,null,null,null,null,null,999,null,null,null,null,United Kingdom,10010258211,null,E02006927,E01033726
100155,203,Greenwich,2877,Cardwell Primary School,1,Community school,4,Local authority maintained schools,1,Open,0,Not applicable,null,0,Not applicable,null,2,Primary,3,11,1,No boarders,Has Nursery Classes,2,Does not have a sixth form,3,Mixed,0,Does not apply,Does not apply,0000,Not applicable,0,Not applicable,480,2,No Special Classes,2026-01-15,423,197,226,44.6,0,Not applicable,null,null,Not applicable,null,Supported by a federation,17713,The Ambition Federation of Schools,10078040,null,Not applicable,null,null,null,2026-06-29,118 Frances Street,Woolwich,null,London,null,SE18 5LP,www.cardwellschool.co.uk,2088541051,Mrs,Lisa,Lazell,Headteacher,Not applicable,null,null,null,Not applicable,null,Not applicable,Not applicable,Not applicable,null,null,Not applicable,Not applicable,null,null,null,null,null,null,null,null,null,null,null,null,null,Not applicable,null,null,null,null,H,London,E09000011,Greenwich,E05014094,Woolwich Dockyard,E14001257,Greenwich and Woolwich,UN1,Urban: Nearer to a major town or city,E09000011,542625,178829,null,Greenwich 005,Greenwich 005A,null,null,null,null,null,999,null,null,null,null,null,10010199240,null,E02000317,E01001705
100156,203,Greenwich,2885,Foxfield Primary School,1,Community school,4,Local authority maintained schools,2,Closed,0,Not applicable,null,10,Academy Converter,2017-05-31,2,Primary,3,11,1,No boarders,Has Nursery Classes,2,Does not have a sixth form,3,Mixed,0,Does not apply,Does not apply,0000,Not applicable,0,Not applicable,630,2,No Special Classes,2017-01-19,707,350,360,21.4,0,Not applicable,null,null,Not applicable,null,Not under a federation,null,null,null,null,Not applicable,null,null,null,2018-10-15,Sandbach Place,null,null,London,null,SE18 7EX,null,null,Ms,Rupinder,Bansil,Headteacher,Not applicable,null,null,null,Not applicable,null,Not applicable,Not applicable,Not applicable,null,null,Not applicable,Not applicable,null,null,null,null,null,null,null,null,null,null,null,null,null,null,null,null,null,null,H,London,E09000011,Greenwich,E05000221,Glyndon,E14000718,Greenwich and Woolwich,A1,(England/Wales) Urban major conurbation,E09000011,544122,178461,null,Greenwich 009,Greenwich 009C,null,null,null,null,null,999,null,null,null,null,null,10010213441,null,E02000321,E01001634
100157,203,Greenwich,2890,Windrush Primary School,1,Community school,4,Local authority maintained schools,2,Closed,0,Not applicable,null,10,Academy Converter,2016-08-31,2,Primary,3,11,1,No boarders,Has Nursery Classes,2,Does not have a sixth form,3,Mixed,0,Does not apply,Does not apply,0000,Not applicable,0,Not applicable,200,2,No Special Classes,null,null,null,null,null,0,Not applicable,null,null,Not applicable,null,Not under a federation,null,null,null,null,Not applicable,null,null,null,2018-10-15,2 Bentham Road,Thamesmead,null,London,null,SE28 8AR,null,null,Ms,Jo,Marchant,Executive Headteacher,Not applicable,null,null,null,Not applicable,null,Not applicable,Not applicable,Not applicable,null,null,Not applicable,Not applicable,null,null,null,null,null,null,null,null,null,null,null,null,null,null,null,null,null,null,H,London,E09000011,Greenwich,E05000228,Thamesmead Moorings,E14000696,Erith and Thamesmead,A1,(England/Wales) Urban major conurbation,E09000011,546939,180338,null,Greenwich 001,Greenwich 001D,null,null,null,null,null,999,null,null,null,null,null,100023267208,null,E02000313,E01001694
100158,203,Greenwich,2900,Heronsgate Primary School,1,Community school,4,Local authority maintained schools,1,Open,0,Not applicable,null,0,Not applicable,null,2,Primary,3,11,1,No boarders,Has Nursery Classes,2,Does not have a sixth form,3,Mixed,0,Does not apply,Does not apply,0000,Not applicable,0,Not applicable,918,2,No Special Classes,2026-01-15,707,369,338,29.2,0,Not applicable,null,null,Not applicable,null,Not under a federation,null,null,10078039,null,Not applicable,null,null,null,2026-06-29,Whinchat Road,null,null,London,null,SE28 0EA,www.heronsgate.greenwich.sch.uk,2083170809,Mr,Stephen,Harris,Executive Headteacher,Not applicable,null,null,null,Not applicable,null,Not applicable,Not applicable,Not applicable,null,null,Not applicable,Not applicable,null,null,null,null,null,null,null,null,null,null,null,null,null,null,null,null,null,null,H,London,E09000011,Greenwich,E05014091,West Thamesmead,E14001229,Erith and Thamesmead,UN1,Urban: Nearer to a major town or city,E09000011,544682,179291,null,Greenwich 007,Greenwich 007G,null,null,null,null,null,999,null,null,null,null,null,100023266976,null,E02000319,E01033744
100159,203,Greenwich,2901,Linton Mead Primary School,1,Community school,4,Local authority maintained schools,1,Open,0,Not applicable,null,0,Not applicable,null,2,Primary,3,11,1,No boarders,Has Nursery Classes,2,Does not have a sixth form,3,Mixed,0,Does not apply,Does not apply,0000,Not applicable,0,Not applicable,386,2,No Special Classes,2026-01-15,282,151,131,46.1,0,Not applicable,null,null,Not applicable,null,Not under a federation,null,null,10078038,null,Not applicable,null,null,null,2026-06-29,Central Way,Thamesmead,null,London,null,SE28 8DT,www.lintonmead.org.uk,2083101902,Miss,Sarah,Critchell,Headteacher,Not applicable,null,null,null,Not applicable,null,Not applicable,Not applicable,Not applicable,null,null,Not applicable,Not applicable,null,null,null,null,null,null,null,null,null,null,null,null,null,null,null,null,null,null,H,London,E09000011,Greenwich,E05014090,Thamesmead Moorings,E14001229,Erith and Thamesmead,UN1,Urban: Nearer to a major town or city,E09000011,546738,180895,null,Greenwich 002,Greenwich 002B,null,null,null,null,null,999,null,null,null,null,null,100023267210,null,E02000314,E01001688
100160,203,Greenwich,2902,Nightingale Primary School,1,Community school,4,Local authority maintained schools,2,Closed,0,Not applicable,null,10,Academy Converter,2017-10-31,2,Primary,3,11,1,No boarders,Has Nursery Classes,2,Does not have a sixth form,3,Mixed,0,Does not apply,Does not apply,0000,Not applicable,0,Not applicable,210,2,No Special Classes,2017-01-19,240,120,120,14,0,Not applicable,null,null,Not applicable,null,Not under a federation,null,null,null,null,Not applicable,null,null,null,2017-10-31,Bloomfield Road,Woolwich,null,London,null,SE18 7JJ,null,null,Mr,Roy,Coleman,Headteacher,Not applicable,null,null,null,Not applicable,null,Not applicable,Not applicable,Not applicable,null,null,Not applicable,Not applicable,null,null,null,null,null,null,null,null,null,null,null,null,null,null,null,null,null,null,H,London,E09000011,Greenwich,E05000229,Woolwich Common,E14000718,Greenwich and Woolwich,A1,(England/Wales) Urban major conurbation,E09000011,543887,178056,null,Greenwich 011,Greenwich 011D,null,null,null,null,null,999,null,null,null,null,null,100023246397,null,E02000323,E01001700
100161,203,Greenwich,2907,Briset Primary School,1,Community school,4,Local authority maintained schools,2,Closed,0,Not applicable,null,2,Closure,2002-08-31,2,Primary,3,11,1,No boarders,Has Nursery Classes,0,Not applicable,3,Mixed,0,Does not apply,Does not apply,0000,Not applicable,0,Not applicable,null,2,No Special Classes,null,null,null,null,null,0,Not applicable,null,null,Not applicable,null,Not under a federation,null,null,null,null,Not applicable,null,null,null,2018-11-14,Briset Road,Eltham,null,London,null,SE9 6HN,null,null,null,Bina,Tomes,Headteacher,Not applicable,null,null,null,Not applicable,null,Not applicable,Not applicable,Not applicable,null,null,Not applicable,Not applicable,null,null,null,null,null,null,null,null,null,null,null,null,null,null,null,null,null,null,H,London,E09000011,Greenwich,E05000220,Eltham West,E14000690,Eltham,A1,(England/Wales) Urban major conurbation,E09000011,541763,175533,null,Greenwich 025,Greenwich 025E,null,null,null,null,null,999,null,null,null,null,null,null,null,E02000337,E01001625
100162,203,Greenwich,2915,Greenslade Primary School,1,Community school,4,Local authority maintained schools,1,Open,0,Not applicable,null,0,Not applicable,null,2,Primary,4,11,1,No boarders,No Nursery Classes,2,Does not have a sixth form,3,Mixed,0,Does not apply,Does not apply,0000,Not applicable,0,Not applicable,210,2,No Special Classes,2026-01-15,198,92,106,14.6,0,Not applicable,null,null,Not applicable,null,Not under a federation,null,null,10078037,null,Not applicable,null,null,null,2026-06-29,Erindale,Plumstead Common,null,London,null,SE18 2QQ,www.greensladeprimary.org.uk/,2083166847,Mr,David,Ashley,Headteacher,Not applicable,null,null,null,Not applicable,null,Not applicable,Not applicable,Not applicable,null,null,Not applicable,Not applicable,null,null,null,null,null,null,null,null,null,null,null,null,null,null,null,null,null,null,H,London,E09000011,Greenwich,E05014088,Plumstead Common,E14001229,Erith and Thamesmead,UN1,Urban: Nearer to a major town or city,E09000011,544981,177699,null,Greenwich 017,Greenwich 017B,null,null,null,null,null,999,null,null,null,null,null,100023243256,null,E02000329,E01001683
100163,203,Greenwich,2916,Mulgrave Primary School,1,Community school,4,Local authority maintained schools,1,Open,0,Not applicable,null,0,Not applicable,null,2,Primary,2,11,1,No boarders,Has Nursery Classes,2,Does not have a sixth form,3,Mixed,0,Does not apply,Does not apply,0000,Not applicable,0,Not applicable,498,2,No Special Classes,2026-01-15,328,163,165,34.2,0,Not applicable,null,null,Not applicable,null,Not under a federation,null,null,10069171,null,Not applicable,null,null,null,2026-06-29,Rectory Place,Woolwich,null,London,null,SE18 5DL,www.mulgraveprimary.org.uk,2083179211,Mrs,Amanda,Weaver,Acting Headteacher,Not applicable,null,null,null,Not applicable,null,Not applicable,Not applicable,Not applicable,null,null,Not applicable,Not applicable,null,null,null,null,null,null,null,null,null,null,null,null,null,Not applicable,null,null,null,null,H,London,E09000011,Greenwich,E05014094,Woolwich Dockyard,E14001257,Greenwich and Woolwich,UN1,Urban: Nearer to a major town or city,E09000011,543186,178646,null,Greenwich 005,Greenwich 005A,null,null,null,null,null,999,null,null,null,null,null,100023245287,null,E02000317,E01001705
100164,203,Greenwich,2917,Charlton Manor Primary School,1,Community school,4,Local authority maintained schools,1,Open,0,Not applicable,null,0,Not applicable,null,2,Primary,3,11,1,No boarders,Has Nursery Classes,2,Does not have a sixth form,3,Mixed,0,Does not apply,Does not apply,0000,Not applicable,0,Not applicable,484,2,No Special Classes,2026-01-15,410,201,209,24.5,0,Not applicable,null,null,Not applicable,null,Not under a federation,null,null,10078036,null,Not applicable,null,null,null,2026-06-29,Indus Road,null,Charlton,London,null,SE7 7EF,www.charltonmanorprimary.co.uk/,2088566525,Mrs,Amy,Goold,Headteacher,Not applicable,null,null,null,Not applicable,null,Not applicable,Not applicable,Not applicable,null,null,Not applicable,Not applicable,null,null,null,null,null,null,null,null,null,null,null,null,null,Not applicable,null,null,null,null,H,London,E09000011,Greenwich,E05014074,Charlton Hornfair,E14001223,Eltham and Chislehurst,UN1,Urban: Nearer to a major town or city,E09000011,541549,177353,null,Greenwich 019,Greenwich 019B,null,null,null,null,null,999,null,null,null,null,null,200001085631,null,E02000331,E01001650
100165,203,Greenwich,3322,Christ Church Church of England Primary School,2,Voluntary aided school,4,Local authority maintained schools,1,Open,0,Not applicable,null,0,Not applicable,null,2,Primary,4,11,1,No boarders,No Nursery Classes,2,Does not have a sixth form,3,Mixed,2,Church of England,Does not apply,CE36,Diocese of Southwark,0,Not applicable,210,2,No Special Classes,2026-01-15,161,76,85,54.7,0,Not applicable,null,null,Not applicable,null,Supported by a federation,16268,Koinonia Federation,10074737,null,Not applicable,null,null,null,2026-06-29,45 Commerell Street,Greenwich,null,London,null,SE10 0DZ,www.koinoniafederation.com,2088583974,Co Headteacher,Victoria Wainwright /,Claire Harrison,Federation Co-Headteacher,Not applicable,null,null,null,Not applicable,null,Not applicable,Not applicable,Not applicable,null,null,Not applicable,Not applicable,null,null,null,null,null,null,null,null,null,null,null,null,null,null,null,null,null,null,H,London,E09000011,Greenwich,E05014076,East Greenwich,E14001257,Greenwich and Woolwich,UN1,Urban: Nearer to a major town or city,E09000011,539398,178485,null,Greenwich 037,Greenwich 037E,null,null,null,null,null,999,null,null,null,null,null,100023229017,null,E02006930,E01034183
100166,203,Greenwich,3331,"Christ Church Church of England Primary School, Shooters Hill",2,Voluntary aided school,4,Local authority maintained schools,1,Open,0,Not applicable,null,0,Not applicable,null,2,Primary,5,11,1,No boarders,No Nursery Classes,2,Does not have a sixth form,3,Mixed,2,Church of England,Does not apply,CE36,Diocese of Southwark,0,Not applicable,210,2,No Special Classes,2026-01-15,207,119,88,13,0,Not applicable,null,null,Not applicable,null,Not under a federation,null,null,10076255,null,Not applicable,null,null,null,2026-06-29,Shooters Hill,null,null,London,null,SE18 3RS,www.ccshprimary.org.uk,2088564513,Mrs,Anne-Marie,Bahlol,Headteacher,Not applicable,null,null,null,Not applicable,null,Not applicable,Not applicable,Not applicable,null,null,Not applicable,Not applicable,null,null,null,null,null,null,null,null,null,null,null,null,null,null,null,null,null,null,H,London,E09000011,Greenwich,E05014089,Shooters Hill,E14001229,Erith and Thamesmead,UN1,Urban: Nearer to a major town or city,E09000011,543236,176562,null,Greenwich 020,Greenwich 020D,null,null,null,null,null,999,null,null,null,null,null,10010201626,null,E02000332,E01001682
100167,203,Greenwich,3338,Eltham Church of England Primary School,2,Voluntary aided school,4,Local authority maintained schools,1,Open,0,Not applicable,null,0,Not applicable,null,2,Primary,3,11,1,No boarders,Has Nursery Classes,2,Does not have a sixth form,3,Mixed,2,Church of England,Does not apply,CE36,Diocese of Southwark,0,Not applicable,446,2,No Special Classes,2026-01-15,450,237,213,11.8,0,Not applicable,null,null,Not applicable,null,Not under a federation,null,null,10079312,null,Not applicable,null,null,null,2026-06-29,Roper Street,Eltham,null,London,null,SE9 1TR,http://www.elthamcoeschool.co.uk/,2088501528,Ms,Maryanne,Boon,Executive Headteacher,Not applicable,null,null,null,Not applicable,null,Not applicable,Not applicable,Not applicable,null,null,Not applicable,Not applicable,null,null,null,null,null,null,null,null,null,null,null,null,null,null,null,null,null,null,H,London,E09000011,Greenwich,E05014079,Eltham Town & Avery Hill,E14001223,Eltham and Chislehurst,UN1,Urban: Nearer to a major town or city,E09000011,542989,174524,null,Greenwich 027,Greenwich 027D,null,null,null,null,null,999,null,null,null,null,null,100023282435,null,E02000339,E01001609
100168,203,Greenwich,3382,Our Lady of Grace Catholic Primary School,2,Voluntary aided school,4,Local authority maintained schools,1,Open,0,Not applicable,null,0,Not applicable,null,2,Primary,4,11,1,No boarders,No Nursery Classes,2,Does not have a sixth form,3,Mixed,3,Roman Catholic,Does not apply,RC19,Archdiocese of Southwark,0,Not applicable,420,2,No Special Classes,2026-01-15,416,221,195,21.4,0,Not applicable,null,null,Not applicable,null,Not under a federation,null,null,10076013,null,Not applicable,null,null,null,2026-06-29,16 Highcombe,Charlton,null,London,null,SE7 7HR,www.ourladyofgracecatholicprimaryschool.co.uk,2088582262,Mr,Sean,Small,Headteacher,Not applicable,null,null,null,Not applicable,null,Not applicable,Not applicable,Not applicable,null,null,Not applicable,Not applicable,null,null,null,null,null,null,null,null,null,null,null,null,null,null,null,null,null,null,H,London,E09000011,Greenwich,E05014074,Charlton Hornfair,E14001257,Greenwich and Woolwich,UN1,Urban: Nearer to a major town or city,E09000011,540873,177706,null,Greenwich 014,Greenwich 014D,null,null,null,null,null,999,null,null,null,null,null,10010254524,null,E02000326,E01001594
100169,203,Greenwich,3481,St Joseph's Catholic Primary School,2,Voluntary aided school,4,Local authority maintained schools,1,Open,0,Not applicable,null,0,Not applicable,null,2,Primary,4,11,1,No boarders,No Nursery Classes,2,Does not have a sixth form,3,Mixed,3,Roman Catholic,Does not apply,RC19,Archdiocese of Southwark,0,Not applicable,210,2,No Special Classes,2026-01-15,124,61,63,46,0,Not applicable,null,null,Not applicable,null,Not under a federation,null,null,10076012,null,Not applicable,null,null,null,2026-06-29,Commerell Street,Greenwich,null,London,null,SE10 9AN,www.stjosephs.greenwich.sch.uk/,2088584182,Mrs,Suzanne,Long,Headteacher,Not applicable,null,null,null,Not applicable,null,Not applicable,Not applicable,Not applicable,null,null,Not applicable,Not applicable,null,null,null,null,null,null,null,null,null,null,null,null,null,null,null,null,null,null,H,London,E09000011,Greenwich,E05014076,East Greenwich,E14001257,Greenwich and Woolwich,UN1,Urban: Nearer to a major town or city,E09000011,539329,178289,null,Greenwich 037,Greenwich 037G,null,null,null,null,null,999,null,null,null,null,null,100023229074,null,E02006930,E01034185
100170,203,Greenwich,3500,St Margaret's Church of England Primary School,2,Voluntary aided school,4,Local authority maintained schools,1,Open,0,Not applicable,null,0,Not applicable,null,2,Primary,3,11,1,No boarders,No Nursery Classes,2,Does not have a sixth form,3,Mixed,2,Church of England,Does not apply,CE36,Diocese of Southwark,0,Not applicable,420,2,No Special Classes,2026-01-15,164,81,83,46.3,0,Not applicable,null,null,Not applicable,null,Not under a federation,null,null,10069856,null,Not applicable,null,null,null,2026-06-29,St Margaret's Grove,Plumstead,null,London,null,SE18 7RL,http://www.stmargaretce.greenwich.sch.uk,2088543924,Ms,Anna,Sullivan,Headteacher,Not applicable,null,null,null,Not applicable,null,Not applicable,Not applicable,Not applicable,null,null,Not applicable,Not applicable,null,null,null,null,null,null,null,null,null,null,null,null,null,Not applicable,null,null,null,null,H,London,E09000011,Greenwich,E05014093,Woolwich Common,E14001229,Erith and Thamesmead,UN1,Urban: Nearer to a major town or city,E09000011,544274,178095,null,Greenwich 009,Greenwich 009B,null,null,null,null,null,999,null,null,null,null,null,100023246065,null,E02000321,E01001633
100171,203,Greenwich,3526,Saint Mary Magdalene Church of England All Through School,2,Voluntary aided school,4,Local authority maintained schools,1,Open,0,Not applicable,null,0,Not applicable,null,7,All-through,3,18,1,No boarders,Has Nursery Classes,1,Has a sixth form,3,Mixed,2,Church of England,Does not apply,CE36,Diocese of Southwark,4,Non-selective,1860,2,No Special Classes,2026-01-15,1624,843,781,46,0,Not applicable,null,null,Not applicable,null,Supported by a federation,16268,Koinonia Federation,10068732,null,Not applicable,null,null,null,2026-06-29,Kingsman Street,null,null,London,null,SE18 5PW,www.koinoniafederation.com,2088543531,Co Headteacher,Claire Harrison /,Victoria Wainwright,Co - Headteachers,Not applicable,null,null,null,Not applicable,null,Not applicable,Not applicable,Not applicable,null,null,Not applicable,Not applicable,null,null,null,null,null,null,null,null,null,null,null,null,null,null,null,null,null,null,H,London,E09000011,Greenwich,E05014094,Woolwich Dockyard,E14001257,Greenwich and Woolwich,UN1,Urban: Nearer to a major town or city,E09000011,543194,178936,null,Greenwich 042,Greenwich 042B,null,null,null,null,null,999,null,null,null,null,null,10010240417,null,E02006994,E01033737
100172,203,Greenwich,3535,St Mary's Catholic Primary School,2,Voluntary aided school,4,Local authority maintained schools,2,Closed,0,Not applicable,null,10,Academy Converter,2017-06-30,2,Primary,3,11,1,No boarders,Has Nursery Classes,2,Does not have a sixth form,3,Mixed,3,Roman Catholic,Does not apply,RC19,Archdiocese of Southwark,0,Not applicable,420,2,No Special Classes,2017-01-19,465,225,240,5.5,0,Not applicable,null,null,Not applicable,null,Not under a federation,null,null,null,null,Not applicable,null,null,null,2018-10-15,Glenure Road,Eltham,null,London,null,SE9 1UF,null,null,Miss,M A,Jackson,Headteacher,Not applicable,null,null,null,Not applicable,null,Not applicable,Not applicable,Not applicable,null,null,Not applicable,Not applicable,null,null,null,null,null,null,null,null,null,null,null,null,null,null,null,null,null,null,H,London,E09000011,Greenwich,E05000218,Eltham North,E14000690,Eltham,A1,(England/Wales) Urban major conurbation,E09000011,543505,174748,null,Greenwich 027,Greenwich 027C,null,null,null,null,null,999,null,null,null,null,null,null,null,E02000339,E01001608
100173,203,Greenwich,3561,St Patrick's Catholic Primary School,2,Voluntary aided school,4,Local authority maintained schools,1,Open,0,Not applicable,null,0,Not applicable,null,2,Primary,3,11,1,No boarders,Has Nursery Classes,2,Does not have a sixth form,3,Mixed,3,Roman Catholic,Does not apply,RC19,Archdiocese of Southwark,0,Not applicable,367,2,No Special Classes,2026-01-15,314,168,146,28.9,0,Not applicable,null,null,Not applicable,null,Not under a federation,null,null,10076011,null,Not applicable,null,null,null,2026-06-29,"St Patrick's Catholic Primary School,Griffin Road",Plumstead,null,London,null,SE18 7QG,http://www.lgfl.net/lgfl/leas/greenwich/schools/stpatricks/,2088543881,Ms,M,Murphy,Headteacher,Not applicable,null,null,null,Not applicable,null,Not applicable,Not applicable,Not applicable,null,null,Not applicable,Not applicable,null,null,null,null,null,null,null,null,null,null,null,null,null,Not applicable,null,null,null,null,H,London,E09000011,Greenwich,E05014087,Plumstead & Glyndon,E14001229,Erith and Thamesmead,UN1,Urban: Nearer to a major town or city,E09000011,544890,178606,null,Greenwich 007,Greenwich 007B,null,null,null,null,null,999,null,null,null,null,null,100023246394,null,E02000319,E01001631
100174,203,Greenwich,3577,St Alfege with St Peter's Church of England Primary School,2,Voluntary aided school,4,Local authority maintained schools,1,Open,0,Not applicable,null,0,Not applicable,null,2,Primary,3,11,1,No boarders,Has Nursery Classes,2,Does not have a sixth form,3,Mixed,2,Church of England,Does not apply,CE36,Diocese of Southwark,0,Not applicable,262,2,No Special Classes,2026-01-15,200,82,118,45.3,0,Not applicable,null,null,Not applicable,null,Not under a federation,null,null,10079311,null,Not applicable,null,null,null,2026-07-21,Creek Road,Greenwich,null,London,null,SE10 9RB,http://www.stalfegeschool.org.uk,2088583613,Mrs,Amanda,Wilson,Headteacher,Not applicable,null,null,null,Not applicable,null,Not applicable,Not applicable,Not applicable,null,null,Not applicable,Not applicable,null,null,null,null,null,null,null,null,null,null,null,null,null,null,null,null,null,null,H,London,E09000011,Greenwich,E05014080,Greenwich Creekside,E14001257,Greenwich and Woolwich,UN1,Urban: Nearer to a major town or city,E09000011,538127,177732,null,Greenwich 035,Greenwich 035F,null,null,null,null,null,999,null,null,null,null,null,10010200592,null,E02006928,E01034179
100175,203,Greenwich,3585,St Peter's Catholic Primary School,2,Voluntary aided school,4,Local authority maintained schools,1,Open,0,Not applicable,null,0,Not applicable,null,2,Primary,5,11,1,No boarders,No Nursery Classes,2,Does not have a sixth form,3,Mixed,3,Roman Catholic,Does not apply,RC19,Archdiocese of Southwark,0,Not applicable,210,2,No Special Classes,2026-01-15,208,116,92,21.2,0,Not applicable,null,null,Not applicable,null,Not under a federation,null,null,10076010,null,Not applicable,null,null,null,2026-06-29,Crescent Road,null,null,London,null,SE18 7BN,www.stpeters.greenwich.sch.uk,2082650028,Ms,Marna,Du Bruyn,Headteacher,Not applicable,null,null,null,Not applicable,null,Not applicable,Not applicable,Not applicable,null,null,Not applicable,Not applicable,null,null,null,null,null,null,null,null,null,null,null,null,null,null,null,null,null,null,H,London,E09000011,Greenwich,E05014093,Woolwich Common,E14001257,Greenwich and Woolwich,UN1,Urban: Nearer to a major town or city,E09000011,543728,178491,null,Greenwich 011,Greenwich 011C,null,null,null,null,null,999,null,null,null,null,null,10010202775,null,E02000323,E01001697
100176,203,Greenwich,3604,St Thomas More Catholic Primary School,2,Voluntary aided school,4,Local authority maintained schools,1,Open,0,Not applicable,null,0,Not applicable,null,2,Primary,4,11,1,No boarders,No Nursery Classes,2,Does not have a sixth form,3,Mixed,3,Roman Catholic,Does not apply,RC19,Archdiocese of Southwark,0,Not applicable,210,2,No Special Classes,2026-01-15,201,104,97,33.8,0,Not applicable,null,null,Not applicable,null,Not under a federation,null,null,10076009,null,Not applicable,null,null,null,2026-06-29,Appleton Road,Eltham,null,London,null,SE9 6NS,www.stmprimary.org,2088569153,Mrs,L,Collins,Headteacher,Not applicable,null,null,null,Not applicable,null,Not applicable,Not applicable,Not applicable,null,null,Not applicable,Not applicable,null,null,null,null,null,null,null,null,null,null,null,null,null,null,null,null,null,null,H,London,E09000011,Greenwich,E05014077,Eltham Page,E14001223,Eltham and Chislehurst,UN1,Urban: Nearer to a major town or city,E09000011,542156,175625,null,Greenwich 025,Greenwich 025D,null,null,null,null,null,999,null,null,null,null,null,100023284387,null,E02000337,E01001624
100177,203,Greenwich,3632,St Thomas A Becket Roman Catholic Primary School,2,Voluntary aided school,4,Local authority maintained schools,1,Open,0,Not applicable,null,0,Not applicable,null,2,Primary,3,11,1,No boarders,Has Nursery Classes,2,Does not have a sixth form,3,Mixed,3,Roman Catholic,Does not apply,RC19,Archdiocese of Southwark,0,Not applicable,420,2,No Special Classes,2026-01-15,371,162,209,33.8,0,Not applicable,null,null,Not applicable,null,Not under a federation,null,null,10076008,null,Not applicable,null,null,null,2026-06-29,Mottisfont Road,Abbey Wood,null,London,null,SE2 9LY,www.stthomasabecketsch.org.uk/,2083105394,Mrs,Joanne,Cooper,Headteacher,Not applicable,null,null,null,Not applicable,null,Not applicable,Not applicable,Not applicable,null,null,Not applicable,Not applicable,null,null,null,null,null,null,null,null,null,null,null,null,null,null,null,null,null,null,H,London,E09000011,Greenwich,E05014072,Abbey Wood,E14001229,Erith and Thamesmead,UN1,Urban: Nearer to a major town or city,E09000011,546166,179075,null,Greenwich 003,Greenwich 003E,null,null,null,null,null,999,null,null,null,null,null,100023249699,null,E02000315,E01001579
100178,203,Greenwich,3657,Holy Family Catholic Primary School,2,Voluntary aided school,4,Local authority maintained schools,2,Closed,0,Not applicable,1900-01-01,2,Closure,2024-08-31,2,Primary,3,11,1,No boarders,Has Nursery Classes,2,Does not have a sixth form,3,Mixed,3,Roman Catholic,Does not apply,RC19,Archdiocese of Southwark,0,Not applicable,210,2,No Special Classes,2024-01-18,143,80,63,19,0,Not applicable,null,null,Not applicable,null,Not under a federation,null,null,10076007,null,Not applicable,null,null,null,2024-08-31,Tudway Road,Kidbrooke,Greenwich,London,null,SE3 9YX,null,null,Mrs,Tracey,Lewis,Headteacher,Not applicable,null,null,null,Not applicable,null,Not applicable,Not applicable,Not applicable,null,null,Not applicable,Not applicable,null,null,null,null,null,null,null,null,null,null,null,null,null,null,null,null,null,null,H,London,E09000011,Greenwich,E05014084,Kidbrooke Village & Sutcliffe,E14001223,Eltham and Chislehurst,A1,(England/Wales) Urban major conurbation,E09000011,541151,175396,null,Greenwich 034,Greenwich 034G,null,null,null,null,null,999,null,null,null,null,null,100023270022,null,E02006927,E01034175
100179,203,Greenwich,3662,Notre Dame Catholic Primary School,2,Voluntary aided school,4,Local authority maintained schools,2,Closed,0,Not applicable,null,10,Academy Converter,2025-03-31,2,Primary,5,11,1,No boarders,No Nursery Classes,2,Does not have a sixth form,3,Mixed,3,Roman Catholic,Does not apply,RC19,Archdiocese of Southwark,0,Not applicable,210,2,No Special Classes,2025-01-16,183,101,82,35.5,0,Not applicable,null,null,Not applicable,null,Not under a federation,null,null,10076006,null,Not applicable,null,null,null,2025-07-07,169 Eglinton Road,null,null,London,null,SE18 3SJ,null,null,Mrs,Nicola,McNelis,Executive Headteacher,Not applicable,null,null,null,Not applicable,null,Not applicable,Not applicable,Not applicable,null,null,Not applicable,Not applicable,null,null,null,null,null,null,null,null,null,null,null,null,null,null,null,null,null,null,H,London,E09000011,Greenwich,E05014089,Shooters Hill,E14001257,Greenwich and Woolwich,A1,(England/Wales) Urban major conurbation,E09000011,543633,177821,null,Greenwich 015,Greenwich 015A,null,null,null,null,null,999,null,null,null,null,null,10010228391,null,E02000327,E01001698
100180,203,Greenwich,3666,St Margaret Clitherow Catholic Primary School,2,Voluntary aided school,4,Local authority maintained schools,1,Open,0,Not applicable,null,0,Not applicable,null,2,Primary,3,11,1,No boarders,No Nursery Classes,2,Does not have a sixth form,3,Mixed,3,Roman Catholic,Does not apply,RC19,Archdiocese of Southwark,0,Not applicable,262,2,No Special Classes,2026-01-15,173,88,85,26,0,Not applicable,null,null,Not applicable,null,Not under a federation,null,null,10076005,null,Not applicable,null,null,null,2026-06-29,Cole Close,Thamesmead,null,London,null,SE28 8GB,http://www.lgfl.net/lgfl/leas/greenwich/schools/stmargaretclitherow/,2083101699,Ms,Dawn,Webb,Headteacher,Not applicable,null,null,null,Not applicable,null,Not applicable,Not applicable,Not applicable,null,null,Not applicable,Not applicable,null,null,null,null,null,null,null,null,null,null,null,null,null,null,null,null,null,null,H,London,E09000011,Greenwich,E05014090,Thamesmead Moorings,E14001229,Erith and Thamesmead,UN1,Urban: Nearer to a major town or city,E09000011,546767,180139,null,Greenwich 001,Greenwich 001D,null,null,null,null,null,999,null,null,null,null,null,10023304878,null,E02000313,E01001694
100181,203,Greenwich,3668,Bishop John Robinson Church of England Primary School,2,Voluntary aided school,4,Local authority maintained schools,1,Open,0,Not applicable,null,0,Not applicable,null,2,Primary,3,11,1,No boarders,Has Nursery Classes,2,Does not have a sixth form,3,Mixed,2,Church of England,Does not apply,CE36,Diocese of Southwark,0,Not applicable,236,2,No Special Classes,2026-01-15,209,115,94,18.4,0,Not applicable,null,null,Not applicable,null,Not under a federation,null,null,10079310,null,Not applicable,null,null,null,2026-06-29,Hoveton Road,Thamesmead,null,London,null,SE28 8LW,www.bishopjohnrobinsonprimary.co.uk/,2083109160,Ms,Sarah,Biney,Headteacher,Not applicable,null,null,null,Not applicable,null,Not applicable,Not applicable,Not applicable,null,null,Not applicable,Not applicable,null,null,null,null,null,null,null,null,null,null,null,null,null,Not applicable,null,null,null,null,H,London,E09000011,Greenwich,E05014090,Thamesmead Moorings,E14001229,Erith and Thamesmead,UN1,Urban: Nearer to a major town or city,E09000011,547142,180957,null,Greenwich 002,Greenwich 002B,null,null,null,null,null,999,null,null,null,null,null,100023267157,null,E02000314,E01001688
100182,203,Greenwich,4077,Eltham Hill School,1,Community school,4,Local authority maintained schools,1,Open,0,Not applicable,null,0,Not applicable,null,4,Secondary,11,19,1,No boarders,No Nursery Classes,1,Has a sixth form,2,Girls,0,Does not apply,Does not apply,0000,Not applicable,4,Non-selective,1050,2,No Special Classes,2026-01-15,1350,39,1311,23.7,0,Not applicable,null,null,Not applicable,null,Not under a federation,null,null,10015766,null,Not applicable,null,null,null,2026-06-29,Eltham Hill,null,null,London,null,SE9 5EE,http://elthamhill.com,2088592843,Ms,Erika,Podmore,Headteacher,Not applicable,null,null,null,Not applicable,null,Not applicable,Not applicable,Not applicable,null,null,Not applicable,Not applicable,null,null,null,null,null,null,null,null,null,null,null,null,null,null,null,null,null,null,H,London,E09000011,Greenwich,E05014085,Middle Park & Horn Park,E14001223,Eltham and Chislehurst,UN1,Urban: Nearer to a major town or city,E09000011,542250,174421,null,Greenwich 029,Greenwich 029C,null,null,null,null,null,999,null,null,null,null,null,100023284003,null,E02000341,E01001655
100183,203,Greenwich,4130,Plumstead Manor School,1,Community school,4,Local authority maintained schools,1,Open,0,Not applicable,null,0,Not applicable,null,4,Secondary,11,19,1,No boarders,No Nursery Classes,1,Has a sixth form,3,Mixed,0,Does not apply,Does not apply,0000,Not applicable,4,Non-selective,1500,2,No Special Classes,2026-01-15,1413,724,689,40.1,0,Not applicable,null,null,Not applicable,null,Not under a federation,null,null,10005125,null,Not applicable,null,null,null,2026-06-29,Old Mill Road,null,null,London,null,SE18 1QF,http://www.plumsteadmanor.com,2032603333,Mr,Douglas,Greig,Head Teacher,Not applicable,null,null,null,Not applicable,null,Not applicable,Not applicable,Not applicable,null,null,Not applicable,Not applicable,MLD - Moderate Learning Difficulty,null,null,null,null,null,null,null,null,null,null,null,null,Resourced provision,25,25,null,null,H,London,E09000011,Greenwich,E05014087,Plumstead & Glyndon,E14001229,Erith and Thamesmead,UN1,Urban: Nearer to a major town or city,E09000011,544831,178057,null,Greenwich 007,Greenwich 007E,null,null,null,null,null,999,null,null,null,null,null,100023537874,null,E02000319,E01001636
100184,203,Greenwich,4190,Eaglesfield School,1,Community school,4,Local authority maintained schools,2,Closed,0,Not applicable,null,2,Closure,2005-07-31,4,Secondary,15,16,1,No boarders,No Nursery Classes,2,Does not have a sixth form,1,Boys,0,Does not apply,Does not apply,0000,Not applicable,4,Non-selective,544,2,No Special Classes,null,null,null,null,null,0,Not applicable,null,null,Not applicable,null,Not under a federation,null,null,null,null,Not applicable,null,null,null,2018-11-14,Red Lion Lane,Shooters Hill,null,London,null,SE18 4LD,null,null,Mr,J,Collins,Headteacher,Not applicable,null,null,null,Not applicable,null,Not applicable,Not applicable,Not applicable,null,null,Not applicable,Not applicable,null,null,null,null,null,null,null,null,null,null,null,null,null,null,null,null,null,null,H,London,E09000011,Greenwich,E05000227,Shooters Hill,E14000690,Eltham,A1,(England/Wales) Urban major conurbation,E09000011,543268,176919,null,Greenwich 020,Greenwich 020A,null,null,null,null,null,999,null,null,null,null,null,200003449057,null,E02000332,E01001679
100185,203,Greenwich,4243,Kidbrooke School,1,Community school,4,Local authority maintained schools,2,Closed,0,Not applicable,null,10,Academy Converter,2011-08-31,4,Secondary,11,19,1,No boarders,Not applicable,1,Has a sixth form,3,Mixed,0,Does not apply,Does not apply,0000,Not applicable,4,Non-selective,1479,2,No Special Classes,null,null,null,null,null,0,Not applicable,null,null,Not applicable,null,Not under a federation,null,null,10003600,null,Not applicable,null,null,null,2019-11-29,Corelli Road,Shooters Hill Road,null,London,null,SE3 8EP,null,null,Ms,T,Jaffe,Headteacher,Not applicable,null,null,null,Not applicable,null,Not applicable,Not applicable,Not applicable,null,null,Not applicable,Not applicable,ASD - Autistic Spectrum Disorder,null,null,null,null,null,null,null,null,null,null,null,null,Resourced provision,null,null,null,null,H,London,E09000011,Greenwich,E05000223,Kidbrooke with Hornfair,E14000690,Eltham,A1,(England/Wales) Urban major conurbation,E09000011,542034,176480,null,Greenwich 022,Greenwich 022D,null,null,null,null,null,999,null,null,null,null,null,null,null,E02000334,E01001649
100186,203,Greenwich,4245,Abbey Wood School,1,Community school,4,Local authority maintained schools,2,Closed,0,Not applicable,null,6,For Academy,2009-08-31,4,Secondary,11,16,1,No boarders,Not applicable,2,Does not have a sixth form,3,Mixed,0,Does not apply,Does not apply,0000,Not applicable,4,Non-selective,1225,2,No Special Classes,null,null,null,null,null,0,Not applicable,null,null,Not applicable,null,Not under a federation,null,null,10014881,null,Not applicable,null,null,null,2018-11-14,Eynsham Drive,Abbey Wood,null,London,null,SE2 9AJ,null,null,Ms,S,Harry,Headteacher,Not applicable,null,null,null,Not applicable,null,Not applicable,Not applicable,Not applicable,null,null,Not applicable,Not applicable,null,null,null,null,null,null,null,null,null,null,null,null,null,null,null,null,null,null,H,London,E09000011,Greenwich,E05000214,Abbey Wood,E14000696,Erith and Thamesmead,A1,(England/Wales) Urban major conurbation,E09000011,546423,179244,null,Greenwich 003,Greenwich 003E,null,null,null,null,null,999,null,null,null,null,null,null,null,E02000315,E01001579
100187,203,Greenwich,4250,Woolwich Polytechnic School for Boys,1,Community school,4,Local authority maintained schools,2,Closed,0,Not applicable,null,10,Academy Converter,2014-07-31,4,Secondary,11,19,1,No boarders,No Nursery Classes,1,Has a sixth form,1,Boys,0,Does not apply,Does not apply,0000,Not applicable,4,Non-selective,1349,2,No Special Classes,null,null,null,null,null,0,Not applicable,null,null,Not applicable,null,Not under a federation,null,null,10013305,null,Not applicable,null,null,null,2018-10-18,Hutchins Road,Thamesmead,null,London,null,SE28 8AT,null,null,Mr,Byron,Parker,Headteacher,Not applicable,null,null,null,Not applicable,null,Not applicable,Not applicable,Not applicable,null,null,Not applicable,Not applicable,null,null,null,null,null,null,null,null,null,null,null,null,null,null,null,null,null,null,H,London,E09000011,Greenwich,E05000228,Thamesmead Moorings,E14000696,Erith and Thamesmead,A1,(England/Wales) Urban major conurbation,E09000011,546432,180397,null,Greenwich 002,Greenwich 002I,null,null,null,null,null,999,null,null,null,null,null,null,null,E02000314,E01033745
100188,203,Greenwich,4257,The Eltham Foundation School,5,Foundation school,4,Local authority maintained schools,2,Closed,0,Not applicable,null,6,For Academy,2012-08-31,4,Secondary,11,16,1,No boarders,No Nursery Classes,2,Does not have a sixth form,3,Mixed,6,None,Does not apply,0000,Not applicable,4,Non-selective,1200,2,No Special Classes,null,null,null,null,null,1,Supported by a trust,1247,Eltham Green School Trust,Not applicable,null,Not under a federation,null,null,10015721,null,Not applicable,null,null,null,2018-11-14,1 Middle Park Avenue,Eltham,null,London,null,SE9 5EQ,null,null,Mr,George,McMillan,Headteacher,Not applicable,null,null,null,Not applicable,null,Not applicable,Not applicable,Not applicable,null,null,Not applicable,Not applicable,null,null,null,null,null,null,null,null,null,null,null,null,null,null,null,null,null,null,H,London,E09000011,Greenwich,E05000224,Middle Park and Sutcliffe,E14000690,Eltham,A1,(England/Wales) Urban major conurbation,E09000011,541806,174461,null,Greenwich 029,Greenwich 029E,null,null,null,null,null,999,null,null,null,null,null,null,null,E02000341,E01001661
100189,203,Greenwich,4271,Crown Woods College,1,Community school,4,Local authority maintained schools,2,Closed,0,Not applicable,null,10,Academy Converter,2014-08-31,4,Secondary,11,18,1,No boarders,No Nursery Classes,1,Has a sixth form,3,Mixed,0,Does not apply,Does not apply,0000,Not applicable,4,Non-selective,1963,2,No Special Classes,null,null,null,null,null,0,Not applicable,null,null,Not applicable,null,Not under a federation,null,null,10001773,null,Not applicable,null,null,null,2018-11-14,145 Bexley Road,Eltham,null,London,null,SE9 2QN,null,null,Mr,M J,Murphy,Headteacher,Not applicable,null,null,null,Not applicable,null,Not applicable,Not applicable,Not applicable,null,null,Not applicable,Not applicable,VI - Visual Impairment,null,null,null,null,null,null,null,null,null,null,null,null,Resourced provision,null,null,null,null,H,London,E09000011,Greenwich,E05000219,Eltham South,E14000690,Eltham,A1,(England/Wales) Urban major conurbation,E09000011,544345,174937,null,Greenwich 028,Greenwich 028B,null,null,null,null,null,999,null,null,null,null,null,10010238137,null,E02000340,E01001614
100190,203,Greenwich,4294,Thomas Tallis School,1,Community school,4,Local authority maintained schools,1,Open,0,Not applicable,null,0,Not applicable,null,4,Secondary,11,19,1,No boarders,No Nursery Classes,1,Has a sixth form,3,Mixed,0,Does not apply,Does not apply,0000,Not applicable,4,Non-selective,1950,2,No Special Classes,2026-01-15,2092,1130,962,31.1,0,Not applicable,null,null,Not applicable,null,Not under a federation,null,null,10006893,null,Not applicable,null,null,null,2026-06-29,134 Kidbrooke Park Road,null,null,London,null,SE3 9PX,www.thomastallisschool.com,2088560115,Mr,Steve,Parsons,Head Teacher,Not applicable,null,null,null,Not applicable,null,Not applicable,Not applicable,Not applicable,null,null,Not applicable,Not applicable,HI - Hearing Impairment,"SLCN - Speech, language and Communication",null,null,null,null,null,null,null,null,null,null,null,Resourced provision,41,40,null,null,H,London,E09000011,Greenwich,E05014084,Kidbrooke Village & Sutcliffe,E14001223,Eltham and Chislehurst,UN1,Urban: Nearer to a major town or city,E09000011,540856,175919,null,Greenwich 034,Greenwich 034F,null,null,null,null,null,999,null,null,null,null,null,10010195758,null,E02006927,E01034174
100191,203,Greenwich,4296,Waterfield School,1,Community school,4,Local authority maintained schools,2,Closed,0,Not applicable,null,0,Not applicable,1996-08-31,4,Secondary,11,18,1,No boarders,Not applicable,0,Not applicable,3,Mixed,0,Does not apply,Does not apply,0000,Not applicable,4,Non-selective,null,2,No Special Classes,null,null,null,null,null,0,Not applicable,null,null,Not applicable,null,Not under a federation,null,null,null,null,Not applicable,null,null,null,2018-11-14,Waterfield Close,null,null,London,null,SE28 8AT,null,null,null,null,null,Headteacher,Not applicable,null,null,null,Not applicable,null,Not applicable,Not applicable,Not applicable,null,null,Not applicable,Not applicable,null,null,null,null,null,null,null,null,null,null,null,null,null,null,null,null,null,null,H,London,E09000011,Greenwich,E05000228,Thamesmead Moorings,E14000696,Erith and Thamesmead,A1,(England/Wales) Urban major conurbation,E09000011,546432,180397,null,Greenwich 002,Greenwich 002I,null,null,null,null,null,999,null,null,null,null,null,null,null,E02000314,E01033745
100192,203,Greenwich,4508,The John Roan School,3,Voluntary controlled school,4,Local authority maintained schools,2,Closed,0,Not applicable,1900-01-01,6,For Academy,2019-08-31,4,Secondary,11,18,1,No boarders,No Nursery Classes,1,Has a sixth form,3,Mixed,6,None,Does not apply,0000,Not applicable,4,Non-selective,1400,2,No Special Classes,2019-01-17,1216,698,518,23.4,0,Not applicable,null,null,Not applicable,null,Not under a federation,null,null,10006718,null,Not applicable,null,null,null,2019-08-31,Westcombe Park Road,Blackheath,null,London,null,SE3 7QR,null,null,Ms,Cath,Smith,Interim Headteacher,Not applicable,null,null,null,Not applicable,null,Not applicable,Not applicable,Not applicable,null,null,Not applicable,Not applicable,ASD - Autistic Spectrum Disorder,null,null,null,null,null,null,null,null,null,null,null,null,Resourced provision,null,null,null,null,H,London,E09000011,Greenwich,E05000215,Blackheath Westcombe,E14000718,Greenwich and Woolwich,A1,(England/Wales) Urban major conurbation,E09000011,539630,177440,null,Greenwich 016,Greenwich 016D,null,null,null,null,null,999,null,null,null,null,null,100023268140,null,E02000328,E01001587
100193,203,Greenwich,4682,St Ursula's Convent School,2,Voluntary aided school,4,Local authority maintained schools,1,Open,0,Not applicable,null,0,Not applicable,null,4,Secondary,11,16,1,No boarders,No Nursery Classes,2,Does not have a sixth form,2,Girls,3,Roman Catholic,Does not apply,RC19,Archdiocese of Southwark,4,Non-selective,675,2,No Special Classes,2026-01-15,481,0,481,29,0,Not applicable,null,null,Not applicable,null,Not under a federation,null,null,10017241,null,Not applicable,null,null,null,2026-06-29,Crooms Hill,Greenwich,null,London,null,SE10 8HN,www.stursulas.com,2088584613,Mr,Mark,O'Shaughnessy,Headteacher,Not applicable,null,null,null,Not applicable,null,Not applicable,Not applicable,Not applicable,null,null,Not applicable,Not applicable,null,null,null,null,null,null,null,null,null,null,null,null,null,null,null,null,null,null,H,London,E09000011,Greenwich,E05014081,Greenwich Park,E14001257,Greenwich and Woolwich,UN1,Urban: Nearer to a major town or city,E09000011,538590,177088,null,Greenwich 038,Greenwich 038C,null,null,null,null,null,999,null,null,null,null,null,100023229017,null,E02006931,E01001642
100194,203,Greenwich,4696,St Paul's Catholic School,2,Voluntary aided school,4,Local authority maintained schools,2,Closed,0,Not applicable,null,6,For Academy,2005-08-31,4,Secondary,11,16,1,No boarders,Not applicable,2,Does not have a sixth form,3,Mixed,3,Roman Catholic,Does not apply,RC19,Archdiocese of Southwark,4,Non-selective,471,2,No Special Classes,null,null,null,null,null,0,Not applicable,null,null,Not applicable,null,Not under a federation,null,null,null,null,Not applicable,null,null,null,2018-11-14,Wickham Lane,Abbey Wood,null,London,null,SE2 0XX,null,null,Mr,P G,Winston,Headteacher,Not applicable,null,null,null,Not applicable,null,Not applicable,Not applicable,Not applicable,null,null,Not applicable,Not applicable,null,null,null,null,null,null,null,null,null,null,null,null,null,null,null,null,null,null,H,London,E09000011,Greenwich,E05000226,Plumstead,E14000696,Erith and Thamesmead,A1,(England/Wales) Urban major conurbation,E09000011,546176,177800,null,Greenwich 033,Greenwich 033A,null,null,null,null,null,999,null,null,null,null,null,null,null,E02006786,E01001669
100195,203,Greenwich,4715,Blackheath Bluecoat Church of England School,2,Voluntary aided school,4,Local authority maintained schools,2,Closed,0,Not applicable,null,2,Closure,2014-08-31,4,Secondary,11,18,1,No boarders,No Nursery Classes,1,Has a sixth form,3,Mixed,2,Church of England,Does not apply,CE36,Diocese of Southwark,4,Non-selective,943,2,No Special Classes,null,null,null,null,null,0,Not applicable,null,null,Not applicable,null,Not under a federation,null,null,10000753,null,Not applicable,null,null,null,2018-11-14,Old Dover Road,Blackheath,null,London,null,SE3 8SY,null,null,Mr,Barnaby,Ash,Headteacher,Not applicable,null,null,null,Not applicable,null,Not applicable,Not applicable,Not applicable,null,null,Not applicable,Not applicable,null,null,null,null,null,null,null,null,null,null,null,null,null,null,null,null,null,null,H,London,E09000011,Greenwich,E05000223,Kidbrooke with Hornfair,E14000690,Eltham,A1,(England/Wales) Urban major conurbation,E09000011,540926,177226,null,Greenwich 019,Greenwich 019D,null,null,null,null,null,999,null,null,null,null,null,null,null,E02000331,E01001652
100196,203,Greenwich,4716,St Thomas More Roman Catholic Comprehensive School,2,Voluntary aided school,4,Local authority maintained schools,2,Closed,0,Not applicable,null,10,Academy Converter,2015-01-31,4,Secondary,11,16,1,No boarders,No Nursery Classes,2,Does not have a sixth form,3,Mixed,3,Roman Catholic,Does not apply,RC19,Archdiocese of Southwark,4,Non-selective,613,2,No Special Classes,null,null,null,null,null,0,Not applicable,null,null,Not applicable,null,Not under a federation,null,null,10013306,null,Not applicable,null,null,null,2018-10-18,Footscray Road,null,null,London,null,SE9 2SU,null,null,Mr,Markus,Ryan,Headteacher,Not applicable,null,null,null,Not applicable,null,Not applicable,Not applicable,Not applicable,null,null,Not applicable,Not applicable,null,null,null,null,null,null,null,null,null,null,null,null,null,null,null,null,null,null,H,London,E09000011,Greenwich,E05000219,Eltham South,E14000690,Eltham,A1,(England/Wales) Urban major conurbation,E09000011,543353,174161,null,Greenwich 028,Greenwich 028A,null,null,null,null,null,999,null,null,null,null,null,10010197752,null,E02000340,E01001613
100197,203,Greenwich,5200,Hawksmoor School,5,Foundation school,4,Local authority maintained schools,2,Closed,0,Not applicable,1900-01-01,6,For Academy,2021-03-31,2,Primary,3,11,1,No boarders,Has Nursery Classes,2,Does not have a sixth form,3,Mixed,6,None,Does not apply,0000,Not applicable,0,Not applicable,730,2,No Special Classes,2021-01-21,460,231,229,23.1,2,Not supported by a trust,null,null,Not applicable,null,Not under a federation,null,null,10069600,null,Not applicable,null,null,null,2021-07-02,Bentham Road,Thamesmead,null,London,null,SE28 8AS,null,null,Mr,Gareth,Thomas,Executive Headteacher,Not applicable,null,null,null,Not applicable,null,Not applicable,Not applicable,Not applicable,null,null,Not applicable,Not applicable,null,null,null,null,null,null,null,null,null,null,null,null,null,null,null,null,null,null,H,London,E09000011,Greenwich,E05000228,Thamesmead Moorings,E14000696,Erith and Thamesmead,A1,(England/Wales) Urban major conurbation,E09000011,546726,180495,null,Greenwich 001,Greenwich 001B,null,null,null,null,null,999,null,null,null,null,null,100023267208,null,E02000313,E01001692
100198,203,Greenwich,6065,The Pointer School,11,Other independent school,3,Independent schools,1,Open,0,Not applicable,1957-11-06,0,Not applicable,null,0,Not applicable,3,11,1,No boarders,Has Nursery Classes,2,Does not have a sixth form,3,Mixed,6,None,Christian,0000,Not applicable,4,Non-selective,364,2,No Special Classes,2024-01-18,344,225,119,null,0,Not applicable,null,null,Not applicable,null,Not applicable,null,null,10079116,null,Not applicable,null,null,null,2026-07-23,19 Stratheden Road,Blackheath,null,London,null,SE3 7TH,http://pointers.school,2082931331,Mrs,Charlotte,Crookes,Headteacher,Not applicable,null,null,null,Not applicable,null,Not applicable,Not applicable,Not applicable,null,null,Not applicable,Not approved,null,null,null,null,null,null,null,null,null,null,null,null,null,null,null,null,null,null,H,London,E09000011,Greenwich,E05014073,Blackheath Westcombe,E14001257,Greenwich and Woolwich,UN1,Urban: Nearer to a major town or city,E09000011,540209,177029,null,Greenwich 021,Greenwich 021A,ISI,1,35,Does not have boarders,Dukes Education Group Ltd,999,null,null,null,null,null,100023269083,null,E02000333,E01001580
100199,203,Greenwich,6114,Blackheath Prep,11,Other independent school,3,Independent schools,1,Open,0,Not applicable,1958-02-26,0,Not applicable,null,0,Not applicable,3,11,1,No boarders,Has Nursery Classes,2,Does not have a sixth form,3,Mixed,6,None,Church of England/Christian,0000,Not applicable,2,Selective,420,2,No Special Classes,2024-01-18,390,189,201,null,0,Not applicable,null,null,Not applicable,null,Not applicable,null,null,10079115,null,Not applicable,null,null,null,2026-07-23,4 St German's Place,Blackheath,null,London,null,SE3 0NJ,www.blackheathprep.co.uk,2088580692,Ms,Vikki,Lloyd,Headteacher,Not applicable,null,null,null,Not applicable,null,Not applicable,Not applicable,Not applicable,null,null,Not applicable,Not approved,null,null,null,null,null,null,null,null,null,null,null,null,null,null,null,null,null,null,H,London,E09000011,Greenwich,E05014073,Blackheath Westcombe,E14001257,Greenwich and Woolwich,UN1,Urban: Nearer to a major town or city,E09000011,540095,176757,null,Greenwich 021,Greenwich 021C,ISI,0,43,Does not have boarders,Eltham College,999,null,null,null,null,null,10010215818,null,E02000333,E01001583
100200,203,Greenwich,6169,Riverston School,11,Other independent school,3,Independent schools,1,Open,0,Not applicable,1957-11-28,0,Not applicable,null,0,Not applicable,1,21,1,No boarders,No Nursery Classes,1,Has a sixth form,3,Mixed,6,None,None,0000,Not applicable,4,Non-selective,326,2,No Special Classes,2024-01-18,206,133,73,null,0,Not applicable,null,null,Not applicable,null,Not applicable,null,null,10017042,null,Not applicable,null,null,null,2026-07-23,63-69 Eltham Road,Lee Green,null,London,null,SE12 8UF,www.riverstonschool.co.uk,2083184327,Mr,Guy,Baker,Headteacher,Not applicable,null,null,null,Not applicable,null,Not applicable,Not applicable,Not applicable,null,null,Not applicable,Not approved,null,null,null,null,null,null,null,null,null,null,null,null,null,null,null,null,null,null,H,London,E09000011,Greenwich,E05014084,Kidbrooke Village & Sutcliffe,E14001223,Eltham and Chislehurst,UN1,Urban: Nearer to a major town or city,E09000011,540433,174828,null,Greenwich 034,Greenwich 034C,ISI,125,9,Does not have boarders,Cavendish Education Ltd,999,null,null,null,null,null,10023233154,null,E02006927,E01001658
100201,203,Greenwich,6170,St Olave's Prep School,11,Other independent school,3,Independent schools,1,Open,0,Not applicable,1957-11-25,0,Not applicable,null,0,Not applicable,3,11,1,No boarders,Has Nursery Classes,2,Does not have a sixth form,3,Mixed,6,None,None,0000,Not applicable,4,Non-selective,220,2,No Special Classes,2024-01-18,217,110,107,null,0,Not applicable,null,null,Not applicable,null,Not applicable,null,null,10079114,null,Not applicable,null,null,null,2026-07-23,106-110 Southwood Road,New Eltham,null,London,null,SE9 3QS,www.stolaves.org.uk,2082948930,Miss,Claire,Holloway,Headteacher,Not applicable,null,null,null,Not applicable,null,Not applicable,Not applicable,Not applicable,null,null,Not applicable,Not approved,null,null,null,null,null,null,null,null,null,null,null,null,null,null,null,null,null,null,H,London,E09000011,Greenwich,E05014086,"Mottingham, Coldharbour & New Eltham",E14001223,Eltham and Chislehurst,UN1,Urban: Nearer to a major town or city,E09000011,543704,172762,null,Greenwich 032,Greenwich 032C,ISI,2,18,Does not have boarders,St Olave's School Trust,999,null,null,null,null,null,10010198081,null,E02000344,E01001600
100202,203,Greenwich,6293,Colfe's School,11,Other independent school,3,Independent schools,1,Open,0,Not applicable,1977-09-01,0,Not applicable,null,0,Not applicable,3,19,1,No boarders,Has Nursery Classes,1,Has a sixth form,3,Mixed,99,null,Church of England,0000,Not applicable,2,Selective,1400,2,No Special Classes,2024-01-18,1325,732,593,null,0,Not applicable,null,null,Not applicable,null,Not applicable,null,null,10008171,null,Not applicable,null,null,null,2026-07-23,Horn Park Lane,Lee,null,London,null,SE12 8AW,www.colfes.com,2084638104,Mr,Daniel,Gabriele,Headteacher,Not applicable,null,null,null,Not applicable,null,Not applicable,Not applicable,Not applicable,null,null,Not applicable,Not approved,null,null,null,null,null,null,null,null,null,null,null,null,null,null,null,null,null,null,H,London,E09000011,Greenwich,E05014085,Middle Park & Horn Park,E14001223,Eltham and Chislehurst,UN1,Urban: Nearer to a major town or city,E09000011,540572,174309,null,Greenwich 034,Greenwich 034D,ISI,8,492,Does not have boarders,Colfe's School Ltd,999,null,null,null,null,null,100023232104,null,E02006927,E01001659
100204,203,Greenwich,7118,King's Oak School,7,Community special school,5,Special schools,1,Open,0,Not applicable,null,0,Not applicable,null,0,Not applicable,11,16,1,No boarders,Not applicable,0,Not applicable,1,Boys,0,Does not apply,Does not apply,0000,Not applicable,0,Not applicable,49,1,Has Special Classes,2026-01-15,39,39,0,61.5,0,Not applicable,null,null,Not applicable,null,Supported by a federation,17047,Imperium Federation,10016539,null,Not applicable,null,null,null,2026-06-29,Eltham Palace Road,Eltham,null,London,null,SE9 5LX,www.imperiumfederation.co.uk,2088508081,Mr,Meic,Griffiths,Headteacher,Not applicable,null,null,null,Not applicable,null,Not applicable,Not applicable,Not applicable,null,null,Not applicable,Not applicable,"SLCN - Speech, language and Communication",ASD - Autistic Spectrum Disorder,"SEMH - Social, Emotional and Mental Health",MLD - Moderate Learning Difficulty,null,null,null,null,null,null,null,null,null,Not applicable,null,null,null,null,H,London,E09000011,Greenwich,E05014085,Middle Park & Horn Park,E14001223,Eltham and Chislehurst,UN1,Urban: Nearer to a major town or city,E09000011,541778,174205,null,Greenwich 029,Greenwich 029E,null,null,null,null,null,999,null,null,null,null,null,100023284144,null,E02000341,E01001661
100205,203,Greenwich,7130,Charlton Park School,7,Community special school,5,Special schools,2,Closed,0,Not applicable,null,0,Not applicable,2001-08-31,0,Not applicable,5,19,1,No boarders,Not applicable,0,Not applicable,3,Mixed,0,Does not apply,Does not apply,0000,Not applicable,0,Not applicable,null,1,Has Special Classes,null,null,null,null,null,0,Not applicable,null,null,Not applicable,null,Not under a federation,null,null,null,null,Not applicable,null,null,null,2018-11-14,Charlton Park Road,Charlton,null,London,null,SE7 8HX,null,null,Mr,M,Dale-Emberton,Headteacher,Not applicable,null,null,null,Not applicable,null,Not applicable,Not applicable,Not applicable,null,null,Not applicable,Not applicable,PD - Physical Disability,SLD - Severe Learning Difficulty,null,null,null,null,null,null,null,null,null,null,null,null,null,null,null,null,H,London,E09000011,Greenwich,E05000216,Charlton,E14000718,Greenwich and Woolwich,A1,(England/Wales) Urban major conurbation,E09000011,542173,177854,null,Greenwich 012,Greenwich 012D,null,null,null,null,null,999,null,null,null,null,null,null,null,E02000324,E01001595
100206,203,Greenwich,7157,Griffin Manor School,7,Community special school,5,Special schools,2,Closed,0,Not applicable,null,0,Not applicable,2001-09-01,0,Not applicable,4,19,1,No boarders,Not applicable,0,Not applicable,3,Mixed,0,Does not apply,Does not apply,0000,Not applicable,0,Not applicable,null,1,Has Special Classes,null,null,null,null,null,0,Not applicable,null,null,Not applicable,null,Not under a federation,null,null,null,null,Not applicable,null,null,null,2018-11-14,Welton Road,Swingate Lane,null,London,null,SE18 2JD,null,null,Ms,Linda,Carroll,Headteacher,Not applicable,null,null,null,Not applicable,null,Not applicable,Not applicable,Not applicable,null,null,Not applicable,Not applicable,ASD - Autistic Spectrum Disorder,null,null,null,null,null,null,null,null,null,null,null,null,null,null,null,null,null,H,London,E09000011,Greenwich,E05000227,Shooters Hill,E14000690,Eltham,A1,(England/Wales) Urban major conurbation,E09000011,545275,176991,null,Greenwich 017,Greenwich 017A,null,null,null,null,null,999,null,null,null,null,null,null,null,E02000329,E01001678
100207,203,Greenwich,7181,Maze Hill School,7,Community special school,5,Special schools,2,Closed,0,Not applicable,null,0,Not applicable,2001-08-31,0,Not applicable,4,19,1,No boarders,Not applicable,0,Not applicable,3,Mixed,0,Does not apply,Does not apply,0000,Not applicable,0,Not applicable,null,1,Has Special Classes,null,null,null,null,null,0,Not applicable,null,null,Not applicable,null,Not under a federation,null,null,null,null,Not applicable,null,null,null,2018-11-14,Woodland Crescent,Greenwich,null,London,null,SE10 9UP,null,null,Ms,P,Hardaker,Headteacher,Not applicable,null,null,null,Not applicable,null,Not applicable,Not applicable,Not applicable,null,null,Not applicable,Not applicable,SLD - Severe Learning Difficulty,null,null,null,null,null,null,null,null,null,null,null,null,null,null,null,null,null,H,London,E09000011,Greenwich,E05000225,Peninsula,E14000718,Greenwich and Woolwich,A1,(England/Wales) Urban major conurbation,E09000011,539092,178006,null,Greenwich 037,Greenwich 037B,null,null,null,null,null,999,null,null,null,null,null,null,null,E02006930,E01001664
100208,203,Greenwich,7187,Nine Acres School,7,Community special school,5,Special schools,2,Closed,0,Not applicable,null,0,Not applicable,2001-08-31,0,Not applicable,5,19,1,No boarders,Not applicable,0,Not applicable,3,Mixed,0,Does not apply,Does not apply,0000,Not applicable,0,Not applicable,null,1,Has Special Classes,null,null,null,null,null,0,Not applicable,null,null,Not applicable,null,Not under a federation,null,null,null,null,Not applicable,null,null,null,2018-11-14,Robert Street,Plumstead,null,London,null,SE18 7NB,null,null,Miss,S B M,Batstone,Headteacher,Not applicable,null,null,null,Not applicable,null,Not applicable,Not applicable,Not applicable,null,null,Not applicable,Not applicable,SLD - Severe Learning Difficulty,null,null,null,null,null,null,null,null,null,null,null,null,null,null,null,null,null,H,London,E09000011,Greenwich,E05000221,Glyndon,E14000718,Greenwich and Woolwich,A1,(England/Wales) Urban major conurbation,E09000011,544584,178535,null,Greenwich 009,Greenwich 009C,null,null,null,null,null,999,null,null,null,null,null,10010194247,null,E02000321,E01001634
100209,203,Greenwich,7196,Brantridge School,7,Community special school,5,Special schools,2,Closed,0,Not applicable,null,2,Closure,2002-12-31,0,Not applicable,6,14,1,No boarders,Not applicable,0,Not applicable,1,Boys,0,Does not apply,Does not apply,0000,Not applicable,0,Not applicable,null,1,Has Special Classes,null,null,null,null,null,0,Not applicable,null,null,Not applicable,null,Not under a federation,null,null,null,null,Not applicable,null,null,null,2018-11-14,Staplefield Place,Staplefield,null,Haywards Heath,West Sussex,RH17 6EQ,null,null,Mr,R,Winn,Headteacher,Not applicable,null,null,null,Not applicable,null,Not applicable,Not applicable,Not applicable,null,null,Not applicable,Not applicable,"SEMH - Social, Emotional and Mental Health",null,null,null,null,null,null,null,null,null,null,null,null,null,null,null,null,null,H,London,E07000228,Mid Sussex,E05007679,Cuckfield,E14000817,Mid Sussex,F1,(England/Wales) Rural hamlet and isolated dwellings,E09000011,527323,128190,null,Mid Sussex 007,Mid Sussex 007D,null,null,null,null,null,999,null,null,null,null,null,10070642950,null,E02006610,E01031727
100210,203,Greenwich,7197,Greenwood School,7,Community special school,5,Special schools,2,Closed,0,Not applicable,null,0,Not applicable,2001-08-31,0,Not applicable,2,11,1,No boarders,Not applicable,0,Not applicable,3,Mixed,0,Does not apply,Does not apply,0000,Not applicable,0,Not applicable,null,1,Has Special Classes,null,null,null,null,null,0,Not applicable,null,null,Not applicable,null,Not under a federation,null,null,null,null,Not applicable,null,null,null,2018-11-14,Swingate Lane,Plumstead,null,London,null,SE18 2JD,null,null,Ms,B,Brammer,Headteacher,Not applicable,null,null,null,Not applicable,null,Not applicable,Not applicable,Not applicable,null,null,Not applicable,Not applicable,"SEMH - Social, Emotional and Mental Health",MLD - Moderate Learning Difficulty,null,null,null,null,null,null,null,null,null,null,null,null,null,null,null,null,H,London,E09000011,Greenwich,E05000227,Shooters Hill,E14000690,Eltham,A1,(England/Wales) Urban major conurbation,E09000011,545275,176991,null,Greenwich 017,Greenwich 017A,null,null,null,null,null,999,null,null,null,null,null,10010224939,null,E02000329,E01001678
100211,203,Greenwich,7198,Churchfield School,7,Community special school,5,Special schools,2,Closed,0,Not applicable,null,2,Closure,2006-08-31,0,Not applicable,11,16,1,No boarders,Not applicable,0,Not applicable,3,Mixed,0,Does not apply,Does not apply,0000,Not applicable,0,Not applicable,null,1,Has Special Classes,null,null,null,null,null,0,Not applicable,null,null,Not applicable,null,Not under a federation,null,null,null,null,Not applicable,null,null,null,2018-11-14,Church Manor Way,Abbey Wood,null,London,null,SE2 0HY,null,null,Mr,M,Holmes,Headteacher,Not applicable,null,null,null,Not applicable,null,Not applicable,Not applicable,Not applicable,null,null,Not applicable,Not applicable,SpLD - Specific Learning Difficulty,"SEMH - Social, Emotional and Mental Health",MLD - Moderate Learning Difficulty,null,null,null,null,null,null,null,null,null,null,null,null,null,null,null,H,London,E09000011,Greenwich,E05000226,Plumstead,E14000696,Erith and Thamesmead,A1,(England/Wales) Urban major conurbation,E09000011,546020,178549,null,Greenwich 006,Greenwich 006C,null,null,null,null,null,999,null,null,null,null,null,null,null,E02000318,E01001674
100463,201,City of London,6354,Charterhouse Square School,11,Other independent school,3,Independent schools,1,Open,0,Not applicable,1985-11-19,0,Not applicable,null,0,Not applicable,3,11,1,No boarders,Has Nursery Classes,2,Does not have a sixth form,3,Mixed,6,None,None,0000,Not applicable,4,Non-selective,400,2,No Special Classes,2024-01-18,301,156,145,null,0,Not applicable,null,null,Not applicable,null,Not applicable,null,null,10079110,null,Not applicable,null,null,null,2026-07-23,33-40 Charterhouse Square,null,null,London,null,EC1M 6EA,www.charterhousesquareschool.co.uk,2076003805,Mrs,Tushi,Gorasia,Headteacher,Not applicable,null,null,null,Not applicable,null,Not applicable,Not applicable,Not applicable,null,null,Not applicable,Not approved,null,null,null,null,null,null,null,null,null,null,null,null,null,null,null,null,null,null,H,London,E09000001,City of London,E05009304,Farringdon Within,E14001172,Cities of London and Westminster,UN1,Urban: Nearer to a major town or city,E09000001,531998,181875,null,City of London 001,City of London 001G,ISI,0,33,Does not have boarders,Cognita Schools Ltd,999,null,null,null,null,null,200000071092,null,E02000001,E01032740
100544,201,City of London,6000,David Game College,11,Other independent school,3,Independent schools,1,Open,0,Not applicable,1991-05-02,0,Not applicable,null,0,Not applicable,13,22,3,Boarding school,No Nursery Classes,1,Has a sixth form,3,Mixed,6,None,None,0000,Not applicable,4,Non-selective,380,2,No Special Classes,2024-01-18,247,139,108,null,0,Not applicable,null,null,Not applicable,null,Not applicable,null,null,10015688,null,Not applicable,null,null,null,2026-07-23,31 Jewry Street,London,null,null,null,EC3N 2ET,www.davidgamecollege.com,2072216665,Mr,John,Dalton,Vice Principals,Not applicable,null,null,null,Not applicable,null,Not applicable,Not applicable,Not applicable,null,null,Not applicable,Not approved,null,null,null,null,null,null,null,null,null,null,null,null,null,null,null,null,null,null,H,London,E09000001,City of London,E05009310,Tower,E14001172,Cities of London and Westminster,UN1,Urban: Nearer to a major town or city,E09000001,533574,181078,null,City of London 001,City of London 001E,ISI,0,34,Does not have boarders,Mr D T P Game,213,Westminster,6005,null,null,null,95514552,null,E02000001,E01000005
100756,203,Greenwich,6295,Blackheath High School GDST,11,Other independent school,3,Independent schools,1,Open,0,Not applicable,1980-09-30,0,Not applicable,null,0,Not applicable,3,18,1,No boarders,Has Nursery Classes,1,Has a sixth form,2,Girls,6,None,None,0000,Not applicable,0,Not applicable,826,2,No Special Classes,2024-01-18,704,0,704,null,0,Not applicable,null,null,Not applicable,null,Not applicable,null,null,10008109,null,Not applicable,null,null,null,2026-07-23,27 Vanbrugh Park,Blackheath,null,null,null,SE3 7AG,www.blackheathhighschool.gdst.net,2088532929,Mrs,Natalie,Argile,Headteacher,Not applicable,null,null,null,Not applicable,null,Not applicable,Not applicable,Not applicable,null,null,Not applicable,Not approved,null,null,null,null,null,null,null,null,null,null,null,null,null,null,null,null,null,null,H,London,E09000011,Greenwich,E05014073,Blackheath Westcombe,E14001257,Greenwich and Woolwich,UN1,Urban: Nearer to a major town or city,E09000011,540064,177357,null,Greenwich 021,Greenwich 021A,ISI,1,142,Does not have boarders,Girls' Day School Trust,999,null,null,null,null,United Kingdom,10010201475,null,E02000333,E01001580
105135,203,Greenwich,6905,St Paul's Academy,28,Academy sponsor led,10,Academies,1,Open,6,New Provision,2005-09-01,0,Not applicable,null,4,Secondary,11,16,1,No boarders,Not applicable,0,Not applicable,3,Mixed,3,Roman Catholic,Roman Catholic,RC19,Archdiocese of Southwark,4,Non-selective,1200,0,Not applicable,2026-01-15,1066,645,421,38.9,3,Supported by a multi-academy trust,17729,ST BENEDICT CATHOLIC ACADEMY TRUST,-,null,Not applicable,null,null,10017649,null,Not applicable,null,null,null,2026-07-15,Finchale Road,Abbey Wood,null,London,null,SE2 9PX,http://www.stpaulsacademy.org.uk/,2083113868,Mr,Anton,Innocent,Principal,Not applicable,null,null,null,Not applicable,null,Not applicable,Not applicable,Not applicable,null,null,Not applicable,Not applicable,null,null,null,null,null,null,null,null,null,null,null,null,null,Not applicable,null,null,null,null,H,London,E09000011,Greenwich,E05014072,Abbey Wood,E14001229,Erith and Thamesmead,UN1,Urban: Nearer to a major town or city,E09000011,546278,179196,null,Greenwich 003,Greenwich 003E,null,null,null,null,null,999,null,null,null,null,null,10010234010,null,E02000315,E01001579
126566,202,Camden,1042,St Christopher's Nursery School,15,Local authority nursery school,4,Local authority maintained schools,2,Closed,0,Not applicable,null,0,Not applicable,1994-01-01,1,Nursery,3,5,1,No boarders,Not applicable,0,Not applicable,3,Mixed,0,Does not apply,Does not apply,0000,Not applicable,0,Not applicable,null,0,Not applicable,null,null,null,null,null,0,Not applicable,null,null,Not applicable,null,Not under a federation,null,null,null,null,Not applicable,null,null,null,2015-09-24,Bridgeway Street,null,null,London,null,NW1 1QR,null,null,null,null,null,Headteacher,Not applicable,null,null,null,Not applicable,null,Not applicable,Not applicable,Not applicable,null,null,Not applicable,Not applicable,null,null,null,null,null,null,null,null,null,null,null,null,null,null,null,null,null,null,H,London,E09000007,Camden,E05000143,St Pancras and Somers Town,E14000750,Holborn and St Pancras,A1,(England/Wales) Urban major conurbation,E09000007,529495,183146,null,Camden 022,Camden 022C,null,null,null,null,null,999,null,null,null,null,null,100023121743,null,E02000187,E01000954
126567,202,Camden,2476,Primrose Hill Infant School,1,Community school,4,Local authority maintained schools,2,Closed,0,Not applicable,null,0,Not applicable,1991-03-31,2,Primary,5,7,1,No boarders,Not applicable,0,Not applicable,3,Mixed,0,Does not apply,Does not apply,0000,Not applicable,0,Not applicable,null,0,Not applicable,null,null,null,null,null,0,Not applicable,null,null,Not applicable,null,Not under a federation,null,null,null,null,Not applicable,null,null,null,2015-09-24,Princess Road,null,null,London,null,NW1 8JL,null,null,null,null,null,Headteacher,Not applicable,null,null,null,Not applicable,null,Not applicable,Not applicable,Not applicable,null,null,Not applicable,Not applicable,null,null,null,null,null,null,null,null,null,null,null,null,null,null,null,null,null,null,H,London,E09000007,Camden,E05000130,Camden Town with Primrose Hill,E14000750,Holborn and St Pancras,A1,(England/Wales) Urban major conurbation,E09000007,528274,183871,null,Camden 018,Camden 018E,null,null,null,null,null,999,null,null,null,null,null,5082685,null,E02000183,E01000862
126568,202,Camden,6266,International School of London,11,Other independent school,3,Independent schools,2,Closed,0,Not applicable,null,0,Not applicable,1991-02-12,0,Not applicable,null,null,1,No boarders,Not applicable,0,Not applicable,9,null,6,None,None,0000,Not applicable,9,null,null,0,Not applicable,null,null,null,null,null,0,Not applicable,null,null,Not applicable,null,Not applicable,null,null,null,null,Not applicable,null,null,null,2019-07-09,null,null,null,null,null,null,null,null,null,null,null,Headteacher,Not applicable,null,null,null,Not applicable,null,Not applicable,Not applicable,Not applicable,null,null,Not applicable,Not approved,null,null,null,null,null,null,null,null,null,null,null,null,null,null,null,null,null,null,H,London,9999,null,999999,null,999,null,99,null,E09000007,null,null,null,null,null,null,null,null,null,null,999,null,null,null,null,null,null,null,999999999,999999999
126569,202,Camden,6322,Hampstead International School,11,Other independent school,3,Independent schools,2,Closed,0,Not applicable,null,0,Not applicable,1990-08-14,0,Not applicable,null,null,1,No boarders,Not applicable,0,Not applicable,9,null,6,None,None,0000,Not applicable,9,null,null,0,Not applicable,null,null,null,null,null,0,Not applicable,null,null,Not applicable,null,Not applicable,null,null,null,null,Not applicable,null,null,null,2019-07-09,null,null,null,null,null,null,null,null,null,null,null,Headteacher,Not applicable,null,null,null,Not applicable,null,Not applicable,Not applicable,Not applicable,null,null,Not applicable,Not approved,null,null,null,null,null,null,null,null,null,null,null,null,null,null,null,null,null,null,H,London,9999,null,999999,null,999,null,99,null,E09000007,null,null,null,null,null,null,null,null,null,null,999,null,null,null,null,null,null,null,999999999,999999999
126570,202,Camden,6329,Hampstead Hill Pre-Preparatory School,11,Other independent school,3,Independent schools,2,Closed,0,Not applicable,null,0,Not applicable,1992-08-31,0,Not applicable,null,null,1,No boarders,Not applicable,0,Not applicable,0,Not applicable,6,None,None,0000,Not applicable,9,null,null,0,Not applicable,null,null,null,null,null,0,Not applicable,null,null,Not applicable,null,Not applicable,null,null,null,null,Not applicable,null,null,null,2019-11-29,Rosslyn Hall,Willoughby Road,null,London,null,NW3 1SB,null,null,null,null,null,Headteacher,Not applicable,null,null,null,Not applicable,null,Not applicable,Not applicable,Not applicable,null,null,Not applicable,Not approved,null,null,null,null,null,null,null,null,null,null,null,null,null,null,null,null,null,null,H,London,E09000007,Camden,E05000135,Hampstead Town,E14000727,Hampstead and Kilburn,A1,(England/Wales) Urban major conurbation,E09000007,526711,185637,null,Camden 002,Camden 002D,null,null,null,null,null,999,null,null,null,null,null,5031943,null,E02000167,E01000896
126571,202,Camden,6367,Davies College,11,Other independent school,3,Independent schools,2,Closed,0,Not applicable,null,0,Not applicable,1990-08-31,0,Not applicable,null,null,1,No boarders,Not applicable,0,Not applicable,0,Not applicable,6,None,None,0000,Not applicable,9,null,null,0,Not applicable,null,null,null,null,null,0,Not applicable,null,null,Not applicable,null,Not applicable,null,null,null,null,Not applicable,null,null,null,2019-07-09,66 Southampton Row,null,null,London,null,WC1B 4BY,null,null,null,null,null,Headteacher,Not applicable,null,null,null,Not applicable,null,Not applicable,Not applicable,Not applicable,null,null,Not applicable,Not approved,null,null,null,null,null,null,null,null,null,null,null,null,null,null,null,null,null,null,H,London,E09000007,Camden,E05000138,Holborn and Covent Garden,E14000750,Holborn and St Pancras,A1,(England/Wales) Urban major conurbation,E09000007,530400,181700,null,Camden 028,Camden 028B,null,null,null,null,null,999,null,null,null,null,null,null,null,E02000193,E01000914
126572,202,Camden,6383,The Learning Centre School,11,Other independent school,3,Independent schools,2,Closed,0,Not applicable,null,0,Not applicable,1992-07-30,0,Not applicable,null,null,1,No boarders,Not applicable,0,Not applicable,0,Not applicable,6,None,None,0000,Not applicable,9,null,null,0,Not applicable,null,null,null,null,null,0,Not applicable,null,null,Not applicable,null,Not applicable,null,null,null,null,Not applicable,null,null,null,2019-07-09,89 Parkway,null,null,London,null,NW1 7PP,null,null,null,null,null,Headteacher,Not applicable,null,null,null,Not applicable,null,Not applicable,Not applicable,Not applicable,null,null,Not applicable,Not approved,null,null,null,null,null,null,null,null,null,null,null,null,null,null,null,null,null,null,H,London,E09000007,Camden,E05000130,Camden Town with Primrose Hill,E14000750,Holborn and St Pancras,A1,(England/Wales) Urban major conurbation,E09000007,528719,183661,null,Camden 021,Camden 021A,null,null,null,null,null,999,null,null,null,null,null,null,null,E02000186,E01000863
126573,202,Camden,6391,The Swan Phoenix School,11,Other independent school,3,Independent schools,2,Closed,0,Not applicable,null,2,Closure,1994-09-07,0,Not applicable,null,null,1,No boarders,Not applicable,0,Not applicable,0,Not applicable,6,None,None,0000,Not applicable,9,null,null,0,Not applicable,null,null,null,null,null,0,Not applicable,null,null,Not applicable,null,Not applicable,null,null,null,null,Not applicable,null,null,null,2019-07-09,Netherhall Gardens,Hampstead,null,London,null,NW3 5TH,null,null,null,null,null,Headteacher,Not applicable,null,null,null,Not applicable,null,Not applicable,Not applicable,Not applicable,null,null,Not applicable,Not approved,null,null,null,null,null,null,null,null,null,null,null,null,null,null,null,null,null,null,H,London,E09000007,Camden,E05000133,Frognal and Fitzjohns,E14000727,Hampstead and Kilburn,A1,(England/Wales) Urban major conurbation,E09000007,526365,185035,null,Camden 008,Camden 008A,null,null,null,null,null,999,null,null,null,null,null,null,null,E02000173,E01000881
126574,202,Camden,7102,Holly Court School,7,Community special school,5,Special schools,2,Closed,0,Not applicable,null,0,Not applicable,1990-08-02,0,Not applicable,5,16,1,No boarders,Not applicable,0,Not applicable,3,Mixed,0,Does not apply,Does not apply,0000,Not applicable,0,Not applicable,null,1,Has Special Classes,null,null,null,null,null,0,Not applicable,null,null,Not applicable,null,Not under a federation,null,null,null,null,Not applicable,null,null,null,2015-09-24,Merton Lane,Highgate,null,London,null,N6 6NA,null,null,null,null,null,Headteacher,Not applicable,null,null,null,Not applicable,null,Not applicable,Not applicable,Not applicable,null,null,Not applicable,Not applicable,null,null,null,null,null,null,null,null,null,null,null,null,null,null,null,null,null,null,H,London,E09000007,Camden,E05000137,Highgate,E14000750,Holborn and St Pancras,A1,(England/Wales) Urban major conurbation,E09000007,527939,186953,null,Camden 001,Camden 001E,null,null,null,null,null,999,null,null,null,null,null,5016178,null,E02000166,E01000913
126575,202,Camden,7104,Franklin Delano Roosevelt School,7,Community special school,5,Special schools,2,Closed,0,Not applicable,null,0,Not applicable,1995-03-31,0,Not applicable,2,11,1,No boarders,Not applicable,0,Not applicable,3,Mixed,0,Does not apply,Does not apply,0000,Not applicable,0,Not applicable,null,1,Has Special Classes,null,null,null,null,null,0,Not applicable,null,null,Not applicable,null,Not under a federation,null,null,null,null,Not applicable,null,null,null,2015-09-24,Avenue Road,Hampstead,null,London,null,NW8 6HX,null,null,null,null,null,Headteacher,Not applicable,null,null,null,Not applicable,null,Not applicable,Not applicable,Not applicable,null,null,Not applicable,Not applicable,null,null,null,null,null,null,null,null,null,null,null,null,null,null,null,null,null,null,H,London,E09000007,Camden,E05000144,Swiss Cottage,E14000727,Hampstead and Kilburn,A1,(England/Wales) Urban major conurbation,E09000007,526914,184029,null,Camden 017,Camden 017C,null,null,null,null,null,999,null,null,null,null,null,5128973,null,E02000182,E01000963
126576,202,Camden,7113,John Keats Special School,7,Community special school,5,Special schools,2,Closed,0,Not applicable,null,0,Not applicable,1995-03-31,0,Not applicable,5,16,1,No boarders,Not applicable,0,Not applicable,3,Mixed,0,Does not apply,Does not apply,0000,Not applicable,0,Not applicable,null,1,Has Special Classes,null,null,null,null,null,0,Not applicable,null,null,Not applicable,null,Not under a federation,null,null,null,null,Not applicable,null,null,null,2015-09-24,Adelaide Road,Swiss Cottage,null,London,null,NW3 3NT,null,null,null,null,null,Headteacher,Not applicable,null,null,null,Not applicable,null,Not applicable,Not applicable,Not applicable,null,null,Not applicable,Not applicable,null,null,null,null,null,null,null,null,null,null,null,null,null,null,null,null,null,null,H,London,E09000007,Camden,E05000128,Belsize,E14000727,Hampstead and Kilburn,A1,(England/Wales) Urban major conurbation,E09000007,526847,184318,null,Camden 014,Camden 014D,null,null,null,null,null,999,null,null,null,null,null,null,null,E02000179,E01000847
126577,202,Camden,7162,Stockgrove Park School,7,Community special school,5,Special schools,2,Closed,0,Not applicable,null,0,Not applicable,1994-12-31,0,Not applicable,11,15,1,No boarders,Not applicable,0,Not applicable,1,Boys,0,Does not apply,Does not apply,0000,Not applicable,0,Not applicable,null,1,Has Special Classes,null,null,null,null,null,0,Not applicable,null,null,Not applicable,null,Not under a federation,null,null,null,null,Not applicable,null,null,null,2019-11-29,Heath and Reach,null,null,Leighton Buzzard,Bedfordshire,LU7 0BB,null,null,null,null,null,Headteacher,Not applicable,null,null,null,Not applicable,null,Not applicable,Not applicable,Not applicable,null,null,Not applicable,Not applicable,null,null,null,null,null,null,null,null,null,null,null,null,null,null,null,null,null,null,H,London,E07000004,Aylesbury Vale,E05010341,Great Brickhill & Newton Longville,E14000608,Buckingham,E1,(England/Wales) Rural village,E09000007,491497,229569,null,Buckinghamshire 006,Buckinghamshire 006B,null,null,null,null,null,999,null,null,null,null,null,null,null,E02003657,E01017670
126578,203,Greenwich,1100,Main Office and Primary Resource,14,Pupil referral unit,4,Local authority maintained schools,2,Closed,0,Not applicable,null,0,Not applicable,1995-01-17,0,Not applicable,null,null,1,No boarders,Not applicable,0,Not applicable,9,null,0,Does not apply,Does not apply,0000,Not applicable,9,null,null,0,Not applicable,null,null,null,null,null,0,Not applicable,null,null,Not applicable,null,Not applicable,null,null,null,null,Not applicable,null,null,null,2013-10-26,null,null,null,null,null,null,null,null,null,null,null,Headteacher,Not applicable,null,null,null,Not applicable,null,Not applicable,Not applicable,Not applicable,null,null,Not applicable,Not applicable,null,null,null,null,null,null,null,null,null,null,null,null,null,null,null,null,null,null,H,London,9999,null,999999,null,999,null,99,null,E09000011,null,null,null,null,null,null,null,null,null,null,999,null,null,null,null,null,null,null,999999999,999999999
126579,203,Greenwich,2103,Charlton Manor Junior School,1,Community school,4,Local authority maintained schools,2,Closed,0,Not applicable,null,0,Not applicable,1995-08-31,2,Primary,7,11,1,No boarders,Not applicable,0,Not applicable,3,Mixed,0,Does not apply,Does not apply,0000,Not applicable,0,Not applicable,null,0,Not applicable,null,null,null,null,null,0,Not applicable,null,null,Not applicable,null,Not under a federation,null,null,null,null,Not applicable,null,null,null,2015-09-24,Hornfair Road,null,null,London,null,SE7 7BE,null,null,null,null,null,Headteacher,Not applicable,null,null,null,Not applicable,null,Not applicable,Not applicable,Not applicable,null,null,Not applicable,Not applicable,null,null,null,null,null,null,null,null,null,null,null,null,null,null,null,null,null,null,H,London,E09000011,Greenwich,E05000223,Kidbrooke with Hornfair,E14000690,Eltham,A1,(England/Wales) Urban major conurbation,E09000011,541582,177417,null,Greenwich 019,Greenwich 019B,null,null,null,null,null,999,null,null,null,null,null,null,null,E02000331,E01001650
126580,203,Greenwich,2104,Charlton Manor Infant School,1,Community school,4,Local authority maintained schools,2,Closed,0,Not applicable,null,0,Not applicable,1995-08-31,2,Primary,5,7,1,No boarders,Has Nursery Classes,0,Not applicable,3,Mixed,0,Does not apply,Does not apply,0000,Not applicable,0,Not applicable,null,0,Not applicable,null,null,null,null,null,0,Not applicable,null,null,Not applicable,null,Not under a federation,null,null,null,null,Not applicable,null,null,null,2015-09-24,Hornfair Road,Charlton,null,London,null,SE7 7BE,null,null,null,null,null,Headteacher,Not applicable,null,null,null,Not applicable,null,Not applicable,Not applicable,Not applicable,null,null,Not applicable,Not applicable,null,null,null,null,null,null,null,null,null,null,null,null,null,null,null,null,null,null,H,London,E09000011,Greenwich,E05000223,Kidbrooke with Hornfair,E14000690,Eltham,A1,(England/Wales) Urban major conurbation,E09000011,541582,177417,null,Greenwich 019,Greenwich 019B,null,null,null,null,null,999,null,null,null,null,null,null,null,E02000331,E01001650
126581,203,Greenwich,2433,Mulgrave Junior School,1,Community school,4,Local authority maintained schools,2,Closed,0,Not applicable,null,0,Not applicable,1994-08-31,2,Primary,5,11,1,No boarders,Not applicable,0,Not applicable,3,Mixed,0,Does not apply,Does not apply,0000,Not applicable,0,Not applicable,null,0,Not applicable,null,null,null,null,null,0,Not applicable,null,null,Not applicable,null,Not under a federation,null,null,null,null,Not applicable,null,null,null,2015-09-24,Rectory Place,null,null,London,null,SE18 7QA,null,null,null,null,null,Headteacher,Not applicable,null,null,null,Not applicable,null,Not applicable,Not applicable,Not applicable,null,null,Not applicable,Not applicable,null,null,null,null,null,null,null,null,null,null,null,null,null,null,null,null,null,null,H,London,E09000011,Greenwich,E05000221,Glyndon,E14000718,Greenwich and Woolwich,A1,(England/Wales) Urban major conurbation,E09000011,544753,178279,null,Greenwich 007,Greenwich 007C,null,null,null,null,null,999,null,null,null,null,null,null,null,E02000319,E01001632
126582,203,Greenwich,2663,Wyborne Infant School,1,Community school,4,Local authority maintained schools,2,Closed,0,Not applicable,null,2,Closure,1900-01-01,2,Primary,4,7,1,No boarders,Not applicable,0,Not applicable,3,Mixed,0,Does not apply,Does not apply,0000,Not applicable,0,Not applicable,null,0,Not applicable,null,null,null,null,null,0,Not applicable,null,null,Not applicable,null,Not under a federation,null,null,null,null,Not applicable,null,null,null,2015-09-24,Footscray Road,null,null,London,null,SE9 2EH,null,null,null,null,null,Headteacher,Not applicable,null,null,null,Not applicable,null,Not applicable,Not applicable,Not applicable,null,null,Not applicable,Not applicable,null,null,null,null,null,null,null,null,null,null,null,null,null,null,null,null,null,null,H,London,E09000011,Greenwich,E05000219,Eltham South,E14000690,Eltham,A1,(England/Wales) Urban major conurbation,E09000011,543932,173264,null,Greenwich 030,Greenwich 030D,null,null,null,null,null,999,null,null,null,null,null,10010197752,null,E02000342,E01001619
126583,203,Greenwich,2787,Horn Park Infant School,1,Community school,4,Local authority maintained schools,2,Closed,0,Not applicable,null,2,Closure,1900-01-01,2,Primary,5,7,1,No boarders,Not applicable,0,Not applicable,3,Mixed,0,Does not apply,Does not apply,0000,Not applicable,0,Not applicable,null,0,Not applicable,null,null,null,null,null,0,Not applicable,null,null,Not applicable,null,Not under a federation,null,null,null,null,Not applicable,null,null,null,2015-09-24,Alnwick Road,Lee,null,London,null,SE12 9BT,null,null,null,null,null,Headteacher,Not applicable,null,null,null,Not applicable,null,Not applicable,Not applicable,Not applicable,null,null,Not applicable,Not applicable,null,null,null,null,null,null,null,null,null,null,null,null,null,null,null,null,null,null,H,London,E09000011,Greenwich,E05000224,Middle Park and Sutcliffe,E14000690,Eltham,A1,(England/Wales) Urban major conurbation,E09000011,540941,173630,null,Greenwich 029,Greenwich 029B,null,null,null,null,null,999,null,null,null,null,null,null,null,E02000341,E01001654
126584,203,Greenwich,2894,Mulgrave Infant and Nursery School,1,Community school,4,Local authority maintained schools,2,Closed,0,Not applicable,null,0,Not applicable,1994-08-31,2,Primary,3,7,1,No boarders,Not applicable,0,Not applicable,3,Mixed,0,Does not apply,Does not apply,0000,Not applicable,0,Not applicable,null,0,Not applicable,null,null,null,null,null,0,Not applicable,null,null,Not applicable,null,Not under a federation,null,null,null,null,Not applicable,null,null,null,2015-09-24,Rectory Place,Woolwich,null,London,null,SE18 5DA,null,null,null,null,null,Headteacher,Not applicable,null,null,null,Not applicable,null,Not applicable,Not applicable,Not applicable,null,null,Not applicable,Not applicable,null,null,null,null,null,null,null,null,null,null,null,null,null,null,null,null,null,null,H,London,E09000011,Greenwich,E05000230,Woolwich Riverside,E14000718,Greenwich and Woolwich,A1,(England/Wales) Urban major conurbation,E09000011,543123,178746,null,Greenwich 004,Greenwich 042B,null,null,null,null,null,999,null,null,null,null,null,100023245287,null,E02000316,E01033737
126585,203,Greenwich,2899,Foxfield Infant School,1,Community school,4,Local authority maintained schools,2,Closed,0,Not applicable,null,2,Closure,1900-01-01,2,Primary,5,7,1,No boarders,Not applicable,0,Not applicable,3,Mixed,0,Does not apply,Does not apply,0000,Not applicable,0,Not applicable,null,0,Not applicable,null,null,null,null,null,0,Not applicable,null,null,Not applicable,null,Not under a federation,null,null,null,null,Not applicable,null,null,null,2015-09-24,Sandbach Place,null,null,London,null,SE18 7EX,null,null,null,null,null,Headteacher,Not applicable,null,null,null,Not applicable,null,Not applicable,Not applicable,Not applicable,null,null,Not applicable,Not applicable,null,null,null,null,null,null,null,null,null,null,null,null,null,null,null,null,null,null,H,London,E09000011,Greenwich,E05000221,Glyndon,E14000718,Greenwich and Woolwich,A1,(England/Wales) Urban major conurbation,E09000011,544122,178461,null,Greenwich 009,Greenwich 009C,null,null,null,null,null,999,null,null,null,null,null,10010213441,null,E02000321,E01001634
126586,203,Greenwich,6039,Frant Court Ch (E),11,Other independent school,3,Independent schools,2,Closed,0,Not applicable,1950-01-01,2,Closure,2006-08-31,0,Not applicable,null,null,1,No boarders,Not applicable,0,Not applicable,9,null,6,None,None,0000,Not applicable,9,null,null,0,Not applicable,null,null,null,null,null,0,Not applicable,null,null,Not applicable,null,Not applicable,null,null,null,null,Not applicable,null,null,null,2019-07-09,null,null,null,null,null,null,null,null,null,null,null,Headteacher,Not applicable,null,null,null,Not applicable,null,Not applicable,Not applicable,Not applicable,null,null,Not applicable,Not approved,null,null,null,null,null,null,null,null,null,null,null,null,null,null,null,null,null,null,H,London,9999,null,999999,null,999,null,99,null,E09000011,null,null,null,null,null,null,null,null,null,null,999,null,null,null,null,null,null,null,999999999,999999999
126587,203,Greenwich,7017,Rose Cottage School,7,Community special school,5,Special schools,2,Closed,0,Not applicable,null,0,Not applicable,1992-08-31,0,Not applicable,null,null,1,No boarders,Not applicable,0,Not applicable,0,Not applicable,0,Does not apply,Does not apply,0000,Not applicable,0,Not applicable,null,1,Has Special Classes,null,null,null,null,null,0,Not applicable,null,null,Not applicable,null,Not under a federation,null,null,null,null,Not applicable,null,null,null,2015-09-24,Swingate Lane,Plumstead,null,London,null,SE18 2JD,null,null,null,null,null,Headteacher,Not applicable,null,null,null,Not applicable,null,Not applicable,Not applicable,Not applicable,null,null,Not applicable,Not applicable,null,null,null,null,null,null,null,null,null,null,null,null,null,null,null,null,null,null,H,London,E09000011,Greenwich,E05000227,Shooters Hill,E14000690,Eltham,A1,(England/Wales) Urban major conurbation,E09000011,545275,176991,null,Greenwich 017,Greenwich 017A,null,null,null,null,null,999,null,null,null,null,null,10010224939,null,E02000329,E01001678
126588,203,Greenwich,7100,Hatchford Park School,7,Community special school,5,Special schools,2,Closed,0,Not applicable,null,0,Not applicable,1993-07-31,0,Not applicable,null,null,1,No boarders,Not applicable,0,Not applicable,0,Not applicable,0,Does not apply,Does not apply,0000,Not applicable,0,Not applicable,null,1,Has Special Classes,null,null,null,null,null,0,Not applicable,null,null,Not applicable,null,Not under a federation,null,null,null,null,Not applicable,null,null,null,2019-11-29,Ockham Lane,null,null,Cobham,Surrey,KT11 1LR,null,null,null,null,null,Headteacher,Not applicable,null,null,null,Not applicable,null,Not applicable,Not applicable,Not applicable,null,null,Not applicable,Not applicable,null,null,null,null,null,null,null,null,null,null,null,null,null,null,null,null,null,null,H,London,E07000207,Elmbridge,E05011075,Cobham and Downside,E14000697,Esher and Walton,F1,(England/Wales) Rural hamlet and isolated dwellings,E09000011,509217,158112,null,Elmbridge 017,Elmbridge 017C,null,null,null,null,null,999,null,null,null,null,null,null,null,E02006333,E01030302
126589,203,Greenwich,7112,Hawthorn Cottage School,7,Community special school,5,Special schools,2,Closed,0,Not applicable,null,0,Not applicable,1992-08-31,0,Not applicable,null,null,1,No boarders,Not applicable,0,Not applicable,0,Not applicable,0,Does not apply,Does not apply,0000,Not applicable,0,Not applicable,null,1,Has Special Classes,null,null,null,null,null,0,Not applicable,null,null,Not applicable,null,Not under a federation,null,null,null,null,Not applicable,null,null,null,2015-09-24,Swingate Lane,Plumstead,null,London,null,SE18 2JD,null,null,null,null,null,Headteacher,Not applicable,null,null,null,Not applicable,null,Not applicable,Not applicable,Not applicable,null,null,Not applicable,Not applicable,null,null,null,null,null,null,null,null,null,null,null,null,null,null,null,null,null,null,H,London,E09000011,Greenwich,E05000227,Shooters Hill,E14000690,Eltham,A1,(England/Wales) Urban major conurbation,E09000011,545275,176991,null,Greenwich 017,Greenwich 017A,null,null,null,null,null,999,null,null,null,null,null,10010224939,null,E02000329,E01001678
126590,203,Greenwich,7188,Manormead School,7,Community special school,5,Special schools,2,Closed,0,Not applicable,null,0,Not applicable,1992-08-31,0,Not applicable,2,19,1,No boarders,Not applicable,0,Not applicable,3,Mixed,0,Does not apply,Does not apply,0000,Not applicable,0,Not applicable,null,1,Has Special Classes,null,null,null,null,null,0,Not applicable,null,null,Not applicable,null,Not under a federation,null,null,null,null,Not applicable,null,null,null,2018-11-14,Church Manorway,Abbey Wood,null,London,null,SE2 0HY,null,null,null,null,null,Headteacher,Not applicable,null,null,null,Not applicable,null,Not applicable,Not applicable,Not applicable,null,null,Not applicable,Not applicable,null,null,null,null,null,null,null,null,null,null,null,null,null,null,null,null,null,null,H,London,E09000011,Greenwich,E05000226,Plumstead,E14000696,Erith and Thamesmead,A1,(England/Wales) Urban major conurbation,E09000011,545974,178568,null,Greenwich 006,Greenwich 006C,null,null,null,null,null,999,null,null,null,null,null,null,null,E02000318,E01001674
130282,203,Greenwich,6296,Lollipops School (At Bramble House),11,Other independent school,3,Independent schools,2,Closed,0,Not applicable,1996-01-23,0,Not applicable,1999-06-30,0,Not applicable,2,5,1,No boarders,Not applicable,0,Not applicable,3,Mixed,6,None,None,0000,Not applicable,4,Non-selective,null,0,Not applicable,null,null,null,null,null,0,Not applicable,null,null,Not applicable,null,Not applicable,null,null,null,null,Not applicable,null,null,null,2019-07-09,Lollipops Child Care Limited,88 Southwood Road,New Eltham,London,null,SE9 3QT,null,null,null,null,null,Headteacher,Not applicable,null,null,null,Not applicable,null,Not applicable,Not applicable,Not applicable,null,null,Not applicable,Not approved,null,null,null,null,null,null,null,null,null,null,null,null,null,null,null,null,null,null,H,London,E09000011,Greenwich,E05000217,Coldharbour and New Eltham,E14000690,Eltham,A1,(England/Wales) Urban major conurbation,E09000011,543820,172809,null,Greenwich 032,Greenwich 032C,null,null,null,null,null,999,null,null,null,null,null,10010197543,null,E02000344,E01001600
130342,202,Camden,2842,Christopher Hatton Primary School,1,Community school,4,Local authority maintained schools,1,Open,0,Not applicable,1996-01-01,0,Not applicable,null,2,Primary,3,11,1,No boarders,Has Nursery Classes,2,Does not have a sixth form,3,Mixed,0,Does not apply,Does not apply,0000,Not applicable,0,Not applicable,210,0,Not applicable,2026-01-15,228,115,113,42.1,0,Not applicable,null,null,Not applicable,null,Not under a federation,null,null,10078214,null,Not applicable,null,null,null,2026-06-30,38 Laystall Street,null,null,London,null,EC1R 4PQ,http://www.chrishatton.camden.sch.uk/,2072784500,Ms,Clare,McBride,Headteacher,Not applicable,null,null,null,Not applicable,null,Not applicable,Not applicable,Not applicable,null,null,Not applicable,Not applicable,null,null,null,null,null,null,null,null,null,null,null,null,null,Not applicable,null,null,null,null,H,London,E09000007,Camden,E05013662,Holborn & Covent Garden,E14001290,Holborn and St Pancras,UN1,Urban: Nearer to a major town or city,E09000007,531069,182107,null,Camden 027,Camden 027D,null,null,null,null,null,999,null,null,null,null,null,5037736,null,E02000192,E01000920
130401,202,Camden,8016,City Lit,18,Further education,1,Colleges,1,Open,0,Not applicable,null,0,Not applicable,null,6,16 plus,16,99,9,null,Not applicable,0,Not applicable,3,Mixed,0,Does not apply,null,0000,Not applicable,0,Not applicable,null,0,Not applicable,null,null,null,null,null,0,Not applicable,null,null,Not applicable,null,Not applicable,null,null,10001463,108356,Specialist Designated College,null,null,null,2025-06-25,Keeley Street,Covent Garden,null,London,null,WC2B 4BA,www.citylit.ac.uk,2072429872,Mr,Mark,Malcomson,Principal,Not applicable,null,null,null,Not applicable,null,Not applicable,Not applicable,Not applicable,null,null,Not applicable,Not applicable,null,null,null,null,null,null,null,null,null,null,null,null,null,null,null,null,null,null,H,London,E09000007,Camden,E05013662,Holborn & Covent Garden,E14001290,Holborn and St Pancras,UN1,Urban: Nearer to a major town or city,E09000007,530540,181228,null,Camden 028,Camden 028C,null,null,null,null,null,999,null,null,null,null,null,10033547198,null,E02000193,E01000918
130402,202,Camden,8017,Kingsway College,18,Further education,1,Colleges,2,Closed,0,Not applicable,null,0,Not applicable,2000-09-01,6,16 plus,16,99,9,null,Not applicable,0,Not applicable,3,Mixed,0,Does not apply,null,0000,Not applicable,0,Not applicable,null,0,Not applicable,null,null,null,null,null,0,Not applicable,null,null,Not applicable,null,Not applicable,null,null,null,null,Not applicable,null,null,null,2015-09-24,Gray's Inn Centre,null,null,London,null,WC1H 8JB,null,null,null,null,null,Principal,Not applicable,null,null,null,Not applicable,null,Not applicable,Not applicable,Not applicable,null,null,Not applicable,Not applicable,null,null,null,null,null,null,null,null,null,null,null,null,null,null,null,null,null,null,H,London,E09000007,Camden,E05000141,King's Cross,E14000750,Holborn and St Pancras,A1,(England/Wales) Urban major conurbation,E09000007,530603,182565,null,Camden 025,Camden 029G,null,null,null,null,null,999,null,null,null,null,null,null,null,E02000190,E01000937
130403,202,Camden,8018,WM College,18,Further education,1,Colleges,1,Open,0,Not applicable,null,0,Not applicable,null,6,16 plus,16,99,9,null,Not applicable,0,Not applicable,3,Mixed,0,Does not apply,null,0000,Not applicable,0,Not applicable,null,0,Not applicable,null,null,null,null,null,0,Not applicable,null,null,Not applicable,null,Not applicable,null,null,10007636,108346,Specialist Designated College,null,null,null,2025-06-25,44 Crowndale Road,null,null,London,null,NW1 1TR,www.wmcollege.ac.uk,2072554700,null,Dipa,Ganguli,Principal,Not applicable,null,null,null,Not applicable,null,Not applicable,Not applicable,Not applicable,null,null,Not applicable,Not applicable,null,null,null,null,null,null,null,null,null,null,null,null,null,null,null,null,null,null,H,London,E09000007,Camden,E05013669,St Pancras & Somers Town,E14001290,Holborn and St Pancras,UN1,Urban: Nearer to a major town or city,E09000007,529378,183461,null,Camden 022,Camden 022A,null,null,null,null,null,999,null,null,null,null,null,5005485,null,E02000187,E01000952
130404,202,Camden,8019,The Mary Ward Centre (AE Centre),18,Further education,1,Colleges,1,Open,0,Not applicable,null,0,Not applicable,null,6,16 plus,16,99,1,No boarders,Not applicable,0,Not applicable,3,Mixed,0,Does not apply,null,0000,Not applicable,0,Not applicable,null,0,Not applicable,null,null,null,null,null,0,Not applicable,null,null,Not applicable,null,Not applicable,null,null,10007875,108351,Specialist Designated College,null,null,null,2025-12-11,275 - 285 High Street,Stratford,null,London,null,E15 2TF,https://www.marywardcentre.ac.uk/,2072696000,Ms,Therese,Reinheimer-Jones,Principal,Not applicable,null,null,null,Not applicable,null,Not applicable,Not applicable,Not applicable,null,null,Not applicable,Not applicable,null,null,null,null,null,null,null,null,null,null,null,null,null,null,null,null,null,null,H,London,E09000025,Newham,E05013924,Stratford,E14001525,Stratford and Bow,UN1,Urban: Nearer to a major town or city,E09000007,538563,183833,null,Newham 039,Newham 039E,null,null,null,null,null,999,null,null,null,null,United Kingdom,10008995996,null,E02006996,E01034221
130405,203,Greenwich,8047,Greenwich Community College at Plumstead Centre,18,Further education,1,Colleges,2,Closed,0,Not applicable,null,1,Result of Amalgamation/Merger,2016-08-01,6,16 plus,16,99,9,null,Not applicable,0,Not applicable,3,Mixed,0,Does not apply,null,0000,Not applicable,0,Not applicable,null,0,Not applicable,null,null,null,null,null,0,Not applicable,null,null,Not applicable,null,Not applicable,null,null,10002780,108473,General Further Education College,null,null,null,2018-11-14,95 Plumstead Road,Plumstead,null,London,null,SE18 7DQ,null,null,Mr,Gary,Chin,Principal,Not applicable,null,null,null,Not applicable,null,Not applicable,Not applicable,Not applicable,null,null,Not applicable,Not applicable,null,null,null,null,null,null,null,null,null,null,null,null,null,null,null,null,null,null,H,London,E09000011,Greenwich,E05000221,Glyndon,E14000718,Greenwich and Woolwich,A1,(England/Wales) Urban major conurbation,E09000011,544439,178911,null,Greenwich 009,Greenwich 009A,null,null,null,null,null,999,null,null,null,null,null,null,null,E02000321,E01001629
130421,202,Camden,8045,Capital City College,18,Further education,1,Colleges,1,Open,0,Not applicable,null,0,Not applicable,null,6,16 plus,14,99,9,null,Not applicable,0,Not applicable,3,Mixed,0,Does not apply,null,0000,Not applicable,0,Not applicable,null,0,Not applicable,null,null,null,null,null,0,Not applicable,null,null,Not applicable,null,Not applicable,null,null,10007455,108476,General Further Education College,null,null,null,2025-06-25,211 Gray's Inn Road,null,null,London,null,WC1X 8RA,www.capitalccg.ac.uk,2079634181,Ms,Angela,Joyce,Chief Executive Officer,Not applicable,null,null,null,Not applicable,null,Not applicable,Not applicable,Not applicable,null,null,Not applicable,Not applicable,null,null,null,null,null,null,null,null,null,null,null,null,null,null,null,null,null,null,H,London,E09000007,Camden,E05013666,King's Cross,E14001290,Holborn and St Pancras,UN1,Urban: Nearer to a major town or city,E09000007,530598,182565,null,Camden 029,Camden 029E,null,null,null,null,null,213,Westminster,null,null,null,United Kingdom,5155126,null,E02007115,E01035712
130921,203,Greenwich,2918,Middle Park Primary School,1,Community school,4,Local authority maintained schools,1,Open,0,Not applicable,1996-09-01,0,Not applicable,null,2,Primary,3,11,1,No boarders,Has Nursery Classes,2,Does not have a sixth form,3,Mixed,0,Does not apply,Does not apply,0000,Not applicable,0,Not applicable,497,0,Not applicable,2026-01-15,425,180,245,50.1,0,Not applicable,null,null,Not applicable,null,Not under a federation,null,null,10075294,null,Not applicable,null,null,null,2026-06-30,Middle Park Avenue,Eltham,null,London,null,SE9 5RX,www.middlepark.co.uk,2088508747,Mrs,Theresa,Adams,Headteacher,Not applicable,null,null,null,Not applicable,null,Not applicable,Not applicable,Not applicable,null,null,Not applicable,Not applicable,null,null,null,null,null,null,null,null,null,null,null,null,null,null,null,null,null,null,H,London,E09000011,Greenwich,E05014085,Middle Park & Horn Park,E14001223,Eltham and Chislehurst,UN1,Urban: Nearer to a major town or city,E09000011,541724,173671,null,Greenwich 029,Greenwich 029A,null,null,null,null,null,999,null,null,null,null,null,100023284007,null,E02000341,E01001653
130922,203,Greenwich,2919,Timbercroft Primary School,1,Community school,4,Local authority maintained schools,2,Closed,0,Not applicable,1996-09-01,10,Academy Converter,2016-08-31,2,Primary,3,11,1,No boarders,Has Nursery Classes,2,Does not have a sixth form,3,Mixed,0,Does not apply,Does not apply,0000,Not applicable,0,Not applicable,437,0,Not applicable,null,null,null,null,null,0,Not applicable,null,null,Not applicable,null,Not under a federation,null,null,null,null,Not applicable,null,null,null,2018-10-15,Timbercroft Lane,Plumstead,null,London,null,SE18 2SG,null,null,Ms,Debra,Joyce,Headteacher,Not applicable,null,null,null,Not applicable,null,Not applicable,Not applicable,Not applicable,null,null,Not applicable,Not applicable,null,null,null,null,null,null,null,null,null,null,null,null,null,null,null,null,null,null,H,London,E09000011,Greenwich,E05000227,Shooters Hill,E14000690,Eltham,A1,(England/Wales) Urban major conurbation,E09000011,545264,177428,null,Greenwich 017,Greenwich 017D,null,null,null,null,null,999,null,null,null,null,null,10010194247,null,E02000329,E01001685
131109,203,Greenwich,3670,Discovery Primary School,1,Community school,4,Local authority maintained schools,1,Open,6,New Provision,2007-09-01,0,Not applicable,null,2,Primary,3,11,1,No boarders,Has Nursery Classes,2,Does not have a sixth form,3,Mixed,0,Does not apply,Does not apply,0000,Not applicable,0,Not applicable,700,2,No Special Classes,2026-01-15,523,254,269,26.4,0,Not applicable,null,null,Not applicable,null,Not under a federation,null,null,10078197,null,Not applicable,null,null,null,2026-06-30,Battery Road,null,Thamesmead,London,null,SE28 0JN,www.discovery.greenwich.sch.uk/,2088552470,null,Sarah,Harvey,Headteacher,Not applicable,null,null,null,Not applicable,null,Not applicable,Not applicable,Not applicable,null,null,Not applicable,Not applicable,ASD - Autistic Spectrum Disorder,null,null,null,null,null,null,null,null,null,null,null,null,Resourced provision,8,8,null,null,H,London,E09000011,Greenwich,E05014091,West Thamesmead,E14001229,Erith and Thamesmead,UN1,Urban: Nearer to a major town or city,E09000011,545486,180007,null,Greenwich 002,Greenwich 002G,null,null,null,null,null,999,null,null,null,null,null,10023304878,null,E02000314,E01033741
131183,203,Greenwich,2920,South Rise Primary School,1,Community school,4,Local authority maintained schools,2,Closed,0,Not applicable,1997-04-01,10,Academy Converter,2017-06-30,2,Primary,3,11,1,No boarders,Has Nursery Classes,2,Does not have a sixth form,3,Mixed,0,Does not apply,Does not apply,0000,Not applicable,0,Not applicable,557,0,Not applicable,2017-01-19,689,335,355,22.7,0,Not applicable,null,null,Not applicable,null,Not under a federation,null,null,null,null,Not applicable,null,null,null,2018-10-15,Brewery Road,Plumstead,null,London,null,SE18 7PX,null,null,Mrs,Sophie,Powell,Head of School,Not applicable,null,null,null,Not applicable,null,Not applicable,Not applicable,Not applicable,null,null,Not applicable,Not applicable,null,null,null,null,null,null,null,null,null,null,null,null,null,null,null,null,null,null,H,London,E09000011,Greenwich,E05000221,Glyndon,E14000718,Greenwich and Woolwich,A1,(England/Wales) Urban major conurbation,E09000011,544713,178425,null,Greenwich 007,Greenwich 007C,null,null,null,null,null,999,null,null,null,null,null,10010203419,null,E02000319,E01001632
131246,203,Greenwich,2921,James Wolfe Primary School and Centre for the Deaf,1,Community school,4,Local authority maintained schools,1,Open,0,Not applicable,1997-09-01,0,Not applicable,null,2,Primary,3,11,1,No boarders,Has Nursery Classes,2,Does not have a sixth form,3,Mixed,0,Does not apply,Does not apply,0000,Not applicable,0,Not applicable,840,1,Has Special Classes,2026-01-15,673,353,320,30,0,Not applicable,null,null,Not applicable,null,Not under a federation,null,null,10078187,null,Not applicable,null,null,null,2026-06-30,Royal Hill,null,null,London,null,SE10 8RZ,http://www.jameswolfe.greenwich.sch.uk,2088582472,Ms,Victoria,Gallagher,Headteacher,Not applicable,null,null,null,Not applicable,null,Not applicable,Not applicable,Not applicable,null,null,Not applicable,Not applicable,HI - Hearing Impairment,null,null,null,null,null,null,null,null,null,null,null,null,Resourced provision,12,12,null,null,H,London,E09000011,Greenwich,E05014081,Greenwich Park,E14001257,Greenwich and Woolwich,UN1,Urban: Nearer to a major town or city,E09000011,538374,177202,null,Greenwich 038,Greenwich 038C,null,null,null,null,null,999,null,null,null,null,United Kingdom,10010241727,null,E02006931,E01001642
131291,202,Camden,6396,The Academy School,11,Other independent school,3,Independent schools,1,Open,0,Not applicable,1997-06-04,0,Not applicable,null,0,Not applicable,6,14,1,No boarders,No Nursery Classes,2,Does not have a sixth form,3,Mixed,6,None,None,0000,Not applicable,2,Selective,95,0,Not applicable,2024-01-18,91,62,29,null,0,Not applicable,null,null,Not applicable,null,Not applicable,null,null,10018187,null,Not applicable,null,null,null,2026-07-23,2 Pilgrims Place,Rosslyn Hill,Hampstead,London,null,NW3 1NG,http://www.academyschoolhampstead.com/,2074356621,Mr,Garth,Evans,Headteacher,Not applicable,null,null,null,Not applicable,null,Not applicable,Not applicable,Not applicable,null,null,Not applicable,Not approved,null,null,null,null,null,null,null,null,null,null,null,null,null,null,null,null,null,null,H,London,E09000007,Camden,E05013659,Hampstead Town,E14001265,Hampstead and Highgate,UN1,Urban: Nearer to a major town or city,E09000007,526729,185626,null,Camden 002,Camden 002D,Ofsted,0,0,Does not have boarders,Academy School (Hampstead) LLP,999,null,null,null,null,null,5110219,null,E02000167,E01000896
131387,203,Greenwich,6298,Belcanto London Academy Theatre School,11,Other independent school,3,Independent schools,2,Closed,0,Not applicable,1997-10-13,2,Closure,2009-06-26,0,Not applicable,8,16,1,No boarders,No Nursery Classes,0,Not applicable,3,Mixed,6,None,None,0000,Not applicable,2,Selective,48,0,Not applicable,null,null,null,null,null,0,Not applicable,null,null,Not applicable,null,Not applicable,null,null,10017239,null,Not applicable,null,null,null,2019-07-09,20 Passey Place,Eltham Palace,Eltham,London,null,SE9 5DQ,null,null,Miss,CAROLINE,WESTGATE,Headteacher,Not applicable,null,null,null,Not applicable,null,Not applicable,Not applicable,Not applicable,null,null,Not applicable,Not approved,null,null,null,null,null,null,null,null,null,null,null,null,null,null,null,null,null,null,H,London,E09000011,Greenwich,E05000219,Eltham South,E14000690,Eltham,A1,(England/Wales) Urban major conurbation,E09000011,542804,174329,null,Greenwich 028,Greenwich 028C,Ofsted,null,9,null,SUSAN PENDERGAST,999,null,null,null,null,null,null,null,E02000340,E01001615
131399,203,Greenwich,6297,First Steps Pre-Preparatory and Preparatory School,11,Other independent school,3,Independent schools,2,Closed,0,Not applicable,null,0,Not applicable,1998-01-14,0,Not applicable,3,5,1,No boarders,Not applicable,0,Not applicable,3,Mixed,6,None,None,0000,Not applicable,9,null,null,0,Not applicable,null,null,null,null,null,0,Not applicable,null,null,Not applicable,null,Not applicable,null,null,null,null,Not applicable,null,null,null,2019-07-09,1 Pond Road,Blackheath,null,London,null,SE3 9JL,null,null,null,null,null,Headteacher,Not applicable,null,null,null,Not applicable,null,Not applicable,Not applicable,Not applicable,null,null,Not applicable,Not approved,null,null,null,null,null,null,null,null,null,null,null,null,null,null,null,null,null,null,H,London,E09000011,Greenwich,E05000215,Blackheath Westcombe,E14000718,Greenwich and Woolwich,A1,(England/Wales) Urban major conurbation,E09000011,539964,176029,null,Greenwich 021,Greenwich 021D,null,null,null,null,null,999,null,null,null,null,null,100023280249,null,E02000333,E01001584
131763,202,Camden,6398,Willoughby Hall Dyslexia Centre,10,Other independent special school,5,Special schools,2,Closed,0,Not applicable,1999-02-15,0,Not applicable,2003-07-10,0,Not applicable,1,10,1,No boarders,Not applicable,0,Not applicable,3,Mixed,6,None,None,0000,Not applicable,2,Selective,null,1,Has Special Classes,null,null,null,null,null,0,Not applicable,null,null,Not applicable,null,Not applicable,null,null,null,null,Not applicable,null,null,null,2019-07-09,1 Willoughby Road,Hampstead,null,London,null,NW3 1RP,null,null,Mrs,June,Hawkins,Headteacher,Not applicable,null,null,null,Not applicable,null,Not applicable,Not applicable,Not applicable,null,null,Not applicable,Not approved,null,null,null,null,null,null,null,null,null,null,null,null,null,null,null,null,null,null,H,London,E09000007,Camden,E05000135,Hampstead Town,E14000727,Hampstead and Kilburn,A1,(England/Wales) Urban major conurbation,E09000007,526681,185700,null,Camden 002,Camden 002B,null,null,null,null,null,999,null,null,null,null,null,null,null,E02000167,E01000894
131841,203,Greenwich,2922,Alexander McLeod Primary School,1,Community school,4,Local authority maintained schools,1,Open,0,Not applicable,1999-01-01,0,Not applicable,null,2,Primary,5,11,1,No boarders,No Nursery Classes,2,Does not have a sixth form,3,Mixed,0,Does not apply,Does not apply,0000,Not applicable,0,Not applicable,630,0,Not applicable,2026-01-15,544,296,248,37.9,0,Not applicable,null,null,Not applicable,null,Not under a federation,null,null,10054301,null,Not applicable,null,null,null,2026-06-30,Fuchsia Street,null,null,London,null,SE2 0QS,www.alexmcleod.org.uk/,2083112266,Mr,Mohammed,Mustafa,Headteacher,Not applicable,null,null,null,Not applicable,null,Not applicable,Not applicable,Not applicable,null,null,Not applicable,Not applicable,null,null,null,null,null,null,null,null,null,null,null,null,null,null,null,null,null,null,H,London,E09000011,Greenwich,E05014072,Abbey Wood,E14001229,Erith and Thamesmead,UN1,Urban: Nearer to a major town or city,E09000011,546803,178377,null,Greenwich 008,Greenwich 008A,null,null,null,null,null,999,null,null,null,null,null,100020942806,null,E02000320,E01001571
131978,202,Camden,6399,Maria Montessori School,11,Other independent school,3,Independent schools,1,Open,0,Not applicable,1999-10-15,0,Not applicable,null,0,Not applicable,3,16,1,No boarders,Has Nursery Classes,2,Does not have a sixth form,3,Mixed,6,None,None,0000,Not applicable,0,Not applicable,325,0,Not applicable,2024-01-18,157,79,78,null,0,Not applicable,null,null,Not applicable,null,Not applicable,null,null,10071867,null,Not applicable,null,null,null,2026-07-23,26 Lyndhurst Gardens,null,null,London,null,NW3 5NW,www.mariamontessori.org,2074353646,Mrs,Michel,Capobianco,Headteacher,Not applicable,null,null,null,Not applicable,null,Not applicable,Not applicable,Not applicable,null,null,Not applicable,Not approved,null,null,null,null,null,null,null,null,null,null,null,null,null,null,null,null,null,null,H,London,E09000007,Camden,E05013652,Belsize,E14001265,Hampstead and Highgate,UN1,Urban: Nearer to a major town or city,E09000007,526875,185297,null,Camden 008,Camden 008D,Ofsted,3,30,Does not have boarders,Maria Montessori Institute,999,null,null,null,null,null,5087242,null,E02000173,E01000897
132066,203,Greenwich,6299,Greenwich Waldorf School,11,Other independent school,3,Independent schools,1,Open,0,Not applicable,2000-02-18,0,Not applicable,null,0,Not applicable,3,18,1,No boarders,Has Nursery Classes,1,Has a sixth form,3,Mixed,6,None,None,0000,Not applicable,4,Non-selective,230,0,Not applicable,2024-01-18,123,66,57,null,0,Not applicable,null,null,Not applicable,null,Not applicable,null,null,10025469,null,Not applicable,null,null,null,2026-07-23,90 Mycenae Road,Woodlands,Greenwich,London,null,SE3 7SE,https://www.greenwichwaldorfschool.com,2088584404,Headteacher,Alexander,Matthews,Headteacher,Not applicable,null,null,null,Not applicable,null,Not applicable,Not applicable,Not applicable,null,null,Not applicable,Not approved,null,null,null,null,null,null,null,null,null,null,null,null,null,null,null,null,null,null,H,London,E09000011,Greenwich,E05014073,Blackheath Westcombe,E14001257,Greenwich and Woolwich,UN1,Urban: Nearer to a major town or city,E09000011,540176,177619,null,Greenwich 016,Greenwich 016C,ISI,2,19,Does not have boarders,Greenwich Waldorf School Initiative,999,null,null,null,null,null,10010236448,null,E02000328,E01001586
132245,202,Camden,2843,Kingsgate Primary School,1,Community school,4,Local authority maintained schools,1,Open,1,Result of Amalgamation,2000-09-01,0,Not applicable,null,2,Primary,3,11,1,No boarders,Has Nursery Classes,2,Does not have a sixth form,3,Mixed,0,Does not apply,Does not apply,0000,Not applicable,0,Not applicable,669,0,Not applicable,2026-01-15,587,319,268,60,0,Not applicable,null,null,Not applicable,null,Not under a federation,null,null,10073615,null,Not applicable,null,null,null,2026-06-30,Kingsgate Road,null,null,London,null,NW6 4LB,www.kingsgateprimaryschool.org.uk,2076245379,Ms,Meg,Jones,Headteacher,Not applicable,null,null,null,Not applicable,null,Not applicable,Not applicable,Not applicable,null,null,Not applicable,Not applicable,null,null,null,null,null,null,null,null,null,null,null,null,null,null,null,null,null,null,H,London,E09000007,Camden,E05013665,Kilburn,E14001265,Hampstead and Highgate,UN1,Urban: Nearer to a major town or city,E09000007,525140,184253,null,Camden 013,Camden 013C,null,null,null,null,null,999,null,null,null,null,null,5090693,null,E02000178,E01000931
132777,203,Greenwich,6377,Schoolhouse Education,11,Other independent school,3,Independent schools,2,Closed,6,New Provision,2006-07-04,2,Closure,2018-07-13,0,Not applicable,14,16,1,No boarders,No Nursery Classes,2,Does not have a sixth form,3,Mixed,6,None,None,0000,Not applicable,0,Not applicable,30,0,Not applicable,2018-01-18,18,9,9,null,0,Not applicable,null,null,Not applicable,null,Not applicable,null,null,10017859,null,Not applicable,null,null,null,2019-07-09,42 Combwell Crescent,null,Abbey Wood,London,null,SE2 9LZ,null,null,null,Lynda,Smith,Head of School,Not applicable,null,null,null,Not applicable,null,Not applicable,Not applicable,Not applicable,null,null,Not applicable,Not approved,null,null,null,null,null,null,null,null,null,null,null,null,null,null,null,null,null,null,H,London,E09000011,Greenwich,E05000214,Abbey Wood,E14000696,Erith and Thamesmead,A1,(England/Wales) Urban major conurbation,E09000011,546309,179041,null,Greenwich 003,Greenwich 003E,Ofsted,0,18,Does not have boarders,null,999,null,null,null,null,null,10010194588,null,E02000315,E01001579
132800,203,Greenwich,2924,Conway Primary School,1,Community school,4,Local authority maintained schools,1,Open,0,Not applicable,2001-01-01,0,Not applicable,null,2,Primary,3,11,1,No boarders,Has Nursery Classes,2,Does not have a sixth form,3,Mixed,0,Does not apply,Does not apply,0000,Not applicable,0,Not applicable,480,0,Not applicable,2026-01-15,430,228,202,26.1,0,Not applicable,null,null,Not applicable,null,Not under a federation,null,null,10069439,null,Not applicable,null,null,null,2026-06-30,Gallosson Road,null,Plumstead,London,null,SE18 1QY,www.conwayprimaryschool.co.uk/,2088540897,Mrs,Yalini,Carlsson-Ruban,Headteacher,Not applicable,null,null,null,Not applicable,null,Not applicable,Not applicable,Not applicable,null,null,Not applicable,Not applicable,null,null,null,null,null,null,null,null,null,null,null,null,null,Not applicable,null,null,null,null,H,London,E09000011,Greenwich,E05014087,Plumstead & Glyndon,E14001229,Erith and Thamesmead,UN1,Urban: Nearer to a major town or city,E09000011,545112,178560,null,Greenwich 006,Greenwich 006D,null,null,null,null,null,999,null,null,null,null,null,100023243032,null,E02000318,E01001675
132827,203,Greenwich,2925,Eglinton Primary School,1,Community school,4,Local authority maintained schools,1,Open,0,Not applicable,2001-04-01,0,Not applicable,null,2,Primary,3,11,1,No boarders,Has Nursery Classes,2,Does not have a sixth form,3,Mixed,0,Does not apply,Does not apply,0000,Not applicable,0,Not applicable,480,0,Not applicable,2026-01-15,360,176,184,42.8,0,Not applicable,null,null,Not applicable,null,Supported by a federation,17713,The Ambition Federation of Schools,10069435,null,Not applicable,null,null,null,2026-06-30,Paget Rise,null,null,London,null,SE18 3PY,www.eglinton-royalgreenwich.co.uk,2088546917,Mrs,Lisa,Lazell,Executive Headteacher,Not applicable,null,null,null,Not applicable,null,Not applicable,Not applicable,Not applicable,null,null,Not applicable,Not applicable,null,null,null,null,null,null,null,null,null,null,null,null,null,null,null,null,null,null,H,London,E09000011,Greenwich,E05014089,Shooters Hill,E14001257,Greenwich and Woolwich,UN1,Urban: Nearer to a major town or city,E09000011,543464,177512,null,Greenwich 015,Greenwich 015A,null,null,null,null,null,999,null,null,null,null,null,100023243889,null,E02000327,E01001698
132837,203,Greenwich,2923,Deansfield Primary School,1,Community school,4,Local authority maintained schools,2,Closed,0,Not applicable,2001-05-09,10,Academy Converter,2017-06-30,2,Primary,3,11,1,No boarders,Has Nursery Classes,2,Does not have a sixth form,3,Mixed,0,Does not apply,Does not apply,0000,Not applicable,4,Non-selective,450,0,Not applicable,2017-01-19,499,240,260,4.7,0,Not applicable,null,null,Not applicable,null,Not under a federation,null,null,null,null,Not applicable,null,null,null,2018-10-15,Dairsie Road,Eltham,null,London,null,SE9 1XP,null,null,Mr,J,Camp,Executive Headteacher,Not applicable,null,null,null,Not applicable,null,Not applicable,Not applicable,Not applicable,null,null,Not applicable,Not applicable,null,null,null,null,null,null,null,null,null,null,null,null,null,null,null,null,null,null,H,London,E09000011,Greenwich,E05000218,Eltham North,E14000690,Eltham,A1,(England/Wales) Urban major conurbation,E09000011,543353,175720,null,Greenwich 023,Greenwich 023B,null,null,null,null,null,999,null,null,null,null,null,null,null,E02000335,E01001606
132838,202,Camden,4952,LaSWAP Sixth Form,31,Sixth form centres,1,Colleges,1,Open,0,Not applicable,null,0,Not applicable,null,0,Not applicable,16,19,9,null,Not applicable,0,Not applicable,3,Mixed,99,null,Does not apply,0000,Not applicable,0,Not applicable,null,0,Not applicable,null,null,null,null,null,0,Not applicable,null,null,Not applicable,null,Not applicable,null,null,10029079,null,Not applicable,null,null,null,2025-06-25,C/O William Ellis School,Highgate Road,null,London,null,NW5 1RN,null,2076924157,null,to be,confirmed,null,Not applicable,null,null,null,Not applicable,null,Not applicable,Not applicable,Not applicable,null,null,Not applicable,Not applicable,null,null,null,null,null,null,null,null,null,null,null,null,null,null,null,null,null,null,H,London,E09000007,Camden,E05013661,Highgate,E14001265,Hampstead and Highgate,UN1,Urban: Nearer to a major town or city,E09000007,0,0,null,Camden 001,Camden 001D,null,null,null,null,null,999,null,null,null,null,null,5109912,null,E02000166,E01000912
132839,203,Greenwich,4901,Negus Sixth Form Centre,31,Sixth form centres,1,Colleges,2,Closed,0,Not applicable,null,0,Not applicable,1996-08-31,0,Not applicable,17,17,9,null,Not applicable,0,Not applicable,3,Mixed,99,null,Does not apply,0000,Not applicable,0,Not applicable,null,0,Not applicable,null,null,null,null,null,0,Not applicable,null,null,Not applicable,null,Not applicable,null,null,null,null,Not applicable,null,null,null,2015-09-24,Plumstead Manor School,Old Mill Road,null,London,null,SE18 1QF,null,null,null,null,null,null,Not applicable,null,null,null,Not applicable,null,Not applicable,Not applicable,Not applicable,null,null,Not applicable,Not applicable,null,null,null,null,null,null,null,null,null,null,null,null,null,null,null,null,null,null,H,London,E09000011,Greenwich,E05000221,Glyndon,E14000718,Greenwich and Woolwich,A1,(England/Wales) Urban major conurbation,E09000011,544831,178057,null,Greenwich 007,Greenwich 007E,null,null,null,null,null,999,null,null,null,null,null,null,null,E02000319,E01001636
132930,203,Greenwich,4902,Eltham Sixth Form Centre,31,Sixth form centres,1,Colleges,2,Closed,0,Not applicable,null,0,Not applicable,1997-08-31,0,Not applicable,16,18,9,null,Not applicable,0,Not applicable,0,Not applicable,99,null,Does not apply,0000,Not applicable,0,Not applicable,null,0,Not applicable,null,null,null,null,null,0,Not applicable,null,null,Not applicable,null,Not applicable,null,null,null,null,Not applicable,null,null,null,2013-10-24,null,null,null,null,null,null,null,null,null,null,null,null,Not applicable,null,null,null,Not applicable,null,Not applicable,Not applicable,Not applicable,null,null,Not applicable,Not applicable,null,null,null,null,null,null,null,null,null,null,null,null,null,null,null,null,null,null,H,London,9999,null,999999,null,999,null,99,null,E09000011,null,null,null,null,null,null,null,null,null,null,999,null,null,null,null,null,null,null,999999999,999999999
133086,203,Greenwich,9900,Wildwood Montessori School,27,Miscellaneous,9,Other types,1,Open,0,Not applicable,null,0,Not applicable,null,0,Not applicable,null,null,1,No boarders,Not applicable,0,Not applicable,0,Not applicable,99,null,Does not apply,0000,Not applicable,0,Not applicable,null,0,Not applicable,null,null,null,null,null,0,Not applicable,null,null,Not applicable,null,Not applicable,null,null,null,null,Not applicable,null,null,null,2025-06-25,10 Greta House,60 Hardy Road,Greenwich,London,null,SE3 7PA,null,null,Ms,W,Fidler,null,Not applicable,null,null,null,Not applicable,null,Not applicable,Not applicable,Not applicable,null,null,Not applicable,Not applicable,null,null,null,null,null,null,null,null,null,null,null,null,null,null,null,null,null,null,H,London,E09000011,Greenwich,E05014073,Blackheath Westcombe,E14001257,Greenwich and Woolwich,UN1,Urban: Nearer to a major town or city,E09000011,539835,177566,null,Greenwich 016,Greenwich 016C,null,null,null,null,null,999,null,null,null,null,null,null,null,E02000328,E01001586
133146,203,Greenwich,4900,The Triangle Sixth Form Centre,31,Sixth form centres,1,Colleges,2,Closed,0,Not applicable,null,0,Not applicable,1994-08-31,0,Not applicable,16,18,9,null,Not applicable,0,Not applicable,0,Not applicable,99,null,Does not apply,0000,Not applicable,0,Not applicable,null,0,Not applicable,null,null,null,null,null,0,Not applicable,null,null,Not applicable,null,Not applicable,null,null,null,null,Not applicable,null,null,null,2013-10-26,null,null,null,null,null,null,null,null,null,null,null,null,Not applicable,null,null,null,Not applicable,null,Not applicable,Not applicable,Not applicable,null,null,Not applicable,Not applicable,null,null,null,null,null,null,null,null,null,null,null,null,null,null,null,null,null,null,H,London,9999,null,999999,null,999,null,99,null,E09000011,null,null,null,null,null,null,null,null,null,null,999,null,null,null,null,null,null,null,999999999,999999999
133313,203,Greenwich,4717,Shooters Hill Post-16 Campus,1,Community school,4,Local authority maintained schools,2,Closed,2,Result of Closure,2002-09-01,10,Academy Converter,2012-10-31,6,16 plus,16,19,1,No boarders,No Nursery Classes,1,Has a sixth form,3,Mixed,0,Does not apply,Does not apply,0000,Not applicable,0,Not applicable,1045,0,Not applicable,null,null,null,null,null,0,Not applicable,null,null,Not applicable,null,Not under a federation,null,null,10009784,null,Not applicable,null,null,null,2018-11-14,Red Lion Lane,null,Shooters Hill,London,null,SE18 4LD,null,null,Mr,Mark,Vincent,Headteacher,Not applicable,null,null,null,Not applicable,null,Not applicable,Not applicable,Not applicable,null,null,Not applicable,Not applicable,null,null,null,null,null,null,null,null,null,null,null,null,null,null,null,null,null,null,H,London,E09000011,Greenwich,E05000227,Shooters Hill,E14000690,Eltham,A1,(England/Wales) Urban major conurbation,E09000011,543357,176968,null,Greenwich 020,Greenwich 020A,null,null,null,null,null,999,null,null,null,null,null,200003449057,null,E02000332,E01001679
133399,203,Greenwich,7201,Willow Dene School,7,Community special school,5,Special schools,2,Closed,0,Not applicable,2001-09-01,10,Academy Converter,2017-06-30,0,Not applicable,2,16,1,No boarders,Has Nursery Classes,0,Not applicable,3,Mixed,0,Does not apply,Does not apply,0000,Not applicable,0,Not applicable,null,1,Has Special Classes,2017-01-19,207,150,55,37.2,0,Not applicable,null,null,Not applicable,null,Not under a federation,null,null,null,null,Not applicable,null,null,null,2018-10-15,Swingate Lane,null,null,Plumstead,null,SE18 2JD,null,null,Mr,John,Camp,Executive Headteacher,Not applicable,null,null,null,Not applicable,null,Not applicable,Not applicable,Not applicable,null,null,Not applicable,Not applicable,null,null,null,null,null,null,null,null,null,null,null,null,null,null,null,null,null,null,H,London,E09000011,Greenwich,E05000227,Shooters Hill,E14000690,Eltham,A1,(England/Wales) Urban major conurbation,E09000011,545325,176972,null,Greenwich 017,Greenwich 017A,null,null,null,null,null,999,null,null,null,null,null,10010224939,null,E02000329,E01001678
133400,203,Greenwich,7199,Charlton School,7,Community special school,5,Special schools,2,Closed,0,Not applicable,2001-09-01,10,Academy Converter,2012-07-31,0,Not applicable,11,19,3,Boarding school,Not applicable,1,Has a sixth form,3,Mixed,0,Does not apply,Does not apply,0000,Not applicable,0,Not applicable,150,1,Has Special Classes,null,null,null,null,null,0,Not applicable,null,null,Not applicable,null,Not under a federation,null,null,10015071,null,Not applicable,null,null,null,2018-11-14,Charlton Park Road,null,null,London,null,SE7 8HX,null,null,Mr,Mark,Dale-Emberton,Headteacher,Not applicable,null,null,null,Not applicable,null,Not applicable,Not applicable,Not applicable,null,null,Not applicable,Not applicable,ASD - Autistic Spectrum Disorder,SLD - Severe Learning Difficulty,PMLD - Profound and Multiple Learning Difficulty,null,null,null,null,null,null,null,null,null,null,Not applicable,null,null,null,null,H,London,E09000011,Greenwich,E05000216,Charlton,E14000718,Greenwich and Woolwich,A1,(England/Wales) Urban major conurbation,E09000011,542173,177854,null,Greenwich 012,Greenwich 012D,null,null,null,null,null,999,null,null,null,null,null,null,null,E02000324,E01001595
133401,203,Greenwich,7200,Waterside School,7,Community special school,5,Special schools,1,Open,0,Not applicable,2001-09-01,0,Not applicable,null,0,Not applicable,5,11,1,No boarders,Not applicable,0,Not applicable,3,Mixed,0,Does not apply,Does not apply,0000,Not applicable,0,Not applicable,48,1,Has Special Classes,2026-01-15,45,38,7,77.8,0,Not applicable,null,null,Not applicable,null,Supported by a federation,17047,Imperium Federation,10069431,null,Not applicable,null,null,null,2026-06-30,Robert Street,null,null,London,null,SE18 7NB,http://www.imperiumfederation.co.uk,2083177659,Mr,Meic,Griffiths,Headteacher,Not applicable,null,null,null,Not applicable,null,Not applicable,Not applicable,Not applicable,null,null,Not applicable,Not applicable,ASD - Autistic Spectrum Disorder,"SEMH - Social, Emotional and Mental Health",null,null,null,null,null,null,null,null,null,null,null,Not applicable,null,null,null,null,H,London,E09000011,Greenwich,E05014087,Plumstead & Glyndon,E14001229,Erith and Thamesmead,UN1,Urban: Nearer to a major town or city,E09000011,544602,178478,null,Greenwich 009,Greenwich 009C,null,null,null,null,null,999,null,null,null,null,null,100023246399,null,E02000321,E01001634
133797,203,Greenwich,null,Ravensbourne,29,Higher education institutions,2,Universities,1,Open,0,Not applicable,null,0,Not applicable,null,0,Not applicable,null,null,1,No boarders,Not applicable,0,Not applicable,3,Mixed,99,null,Does not apply,0000,Not applicable,0,Not applicable,null,0,Not applicable,null,null,null,null,null,0,Not applicable,null,null,Not applicable,null,Not applicable,null,null,10005389,30,Not applicable,null,null,null,2025-06-25,6 Penrose Way,null,null,London,null,SE10 0EW,https://www.ravensbourne.ac.uk/,2002030403500,Mr,Andy,Cook,Acting Vice-Chancellor and Chief Operating Officer,Not applicable,null,null,null,Not applicable,null,Not applicable,Not applicable,Not applicable,null,null,Not applicable,Not applicable,null,null,null,null,null,null,null,null,null,null,null,null,null,null,null,null,null,null,H,London,E09000011,Greenwich,E05014082,Greenwich Peninsula,E14001257,Greenwich and Woolwich,UN1,Urban: Nearer to a major town or city,E09000011,539279,179966,null,Greenwich 040,Greenwich 040A,null,null,null,null,null,305,Bromley,null,null,null,null,10010237499,null,E02006992,E01034188
133816,201,City of London,null,London Metropolitan University,29,Higher education institutions,2,Universities,1,Open,0,Not applicable,null,0,Not applicable,null,0,Not applicable,null,null,1,No boarders,Not applicable,0,Not applicable,3,Mixed,99,null,Does not apply,0000,Not applicable,0,Not applicable,null,0,Not applicable,null,null,null,null,null,0,Not applicable,null,null,Not applicable,null,Not applicable,null,null,10004048,202,Not applicable,null,null,null,2025-06-25,166 - 220 Holloway Road,null,null,London,null,N7 8DB,https://www.londonmet.ac.uk,2073203581,Professor,Lynn,Dobbs,Vice-Chancellor and Chief Executive,Not applicable,null,null,null,Not applicable,null,Not applicable,Not applicable,Not applicable,null,null,Not applicable,Not applicable,null,null,null,null,null,null,null,null,null,null,null,null,null,null,null,null,null,null,H,London,E09000019,Islington,E05013697,Arsenal,E14001305,Islington North,UN1,Urban: Nearer to a major town or city,E09000001,531120,185351,null,Islington 011,Islington 011H,null,null,null,null,null,999,null,null,null,null,null,5300047823,null,E02000564,E01033491
133859,202,Camden,null,The Royal Veterinary College,29,Higher education institutions,2,Universities,1,Open,0,Not applicable,null,0,Not applicable,null,0,Not applicable,null,null,1,No boarders,Not applicable,0,Not applicable,3,Mixed,99,null,Does not apply,0000,Not applicable,0,Not applicable,null,0,Not applicable,null,null,null,null,null,0,Not applicable,null,null,Not applicable,null,Not applicable,null,null,10007779,143,Not applicable,null,null,null,2025-06-25,Royal College Street,null,null,London,null,NW1 0TU,https://www.rvc.ac.uk,2074685000,Professor,Stuart,Reid,Principal,Not applicable,null,null,null,Not applicable,null,Not applicable,Not applicable,Not applicable,null,null,Not applicable,Not applicable,null,null,null,null,null,null,null,null,null,null,null,null,null,null,null,null,null,null,H,London,E09000007,Camden,E05013669,St Pancras & Somers Town,E14001290,Holborn and St Pancras,UN1,Urban: Nearer to a major town or city,E09000007,529548,183646,null,Camden 019,Camden 019D,null,null,null,null,null,999,null,null,null,null,null,5090735,null,E02000184,E01000958
133862,202,Camden,null,Central School of Speech and Drama,29,Higher education institutions,2,Universities,1,Open,0,Not applicable,null,0,Not applicable,null,0,Not applicable,null,null,1,No boarders,Not applicable,0,Not applicable,3,Mixed,99,null,Does not apply,0000,Not applicable,0,Not applicable,null,0,Not applicable,null,null,null,null,null,0,Not applicable,null,null,Not applicable,null,Not applicable,null,null,10007816,10,Not applicable,null,null,null,2025-06-25,64 Eton Avenue,Swiss Cottage,null,London,null,NW3 3HY,https://www.cssd.ac.uk,2077228183,Professor,Gavin,Henderson,Principal,Not applicable,null,null,null,Not applicable,null,Not applicable,Not applicable,Not applicable,null,null,Not applicable,Not applicable,null,null,null,null,null,null,null,null,null,null,null,null,null,null,null,null,null,null,H,London,E09000007,Camden,E05013652,Belsize,E14001265,Hampstead and Highgate,UN1,Urban: Nearer to a major town or city,E09000007,526706,184406,null,Camden 011,Camden 011B,null,null,null,null,null,999,null,null,null,null,null,5000412,null,E02000176,E01000844
133875,203,Greenwich,null,Trinity Laban,29,Higher education institutions,2,Universities,1,Open,0,Not applicable,null,0,Not applicable,null,0,Not applicable,null,null,1,No boarders,Not applicable,0,Not applicable,3,Mixed,99,null,Does not apply,0000,Not applicable,0,Not applicable,null,0,Not applicable,null,null,null,null,null,0,Not applicable,null,null,Not applicable,null,Not applicable,null,null,10008017,41,Not applicable,null,null,null,2025-06-25,Laban,Creekside,Greenwich,Deptford,null,SE8 3DZ,https://www.trinitylaban.ac.uk,2083054444,Professor,Anthony,Bowne,Principal and Accountable Officer,Not applicable,null,null,null,Not applicable,null,Not applicable,Not applicable,Not applicable,null,null,Not applicable,Not applicable,null,null,null,null,null,null,null,null,null,null,null,null,null,null,null,null,null,null,H,London,E09000023,Lewisham,E05013719,Deptford,E14001332,Lewisham North,UN1,Urban: Nearer to a major town or city,E09000011,537590,177455,null,Lewisham 039,Lewisham 039E,null,null,null,null,null,999,null,null,null,null,null,100023569221,null,E02006798,E01032579
133876,203,Greenwich,null,University of Greenwich,29,Higher education institutions,2,Universities,1,Open,0,Not applicable,null,0,Not applicable,null,0,Not applicable,null,null,1,No boarders,Not applicable,0,Not applicable,3,Mixed,99,null,Does not apply,0000,Not applicable,0,Not applicable,null,0,Not applicable,null,null,null,null,null,0,Not applicable,null,null,Not applicable,null,Not applicable,null,null,10007146,59,Not applicable,null,null,null,2025-06-25,Maritime Greenwich Campus,Old Royal Naval College,null,London,null,SE10 9LS,https://www.gre.ac.uk/,2083318000,Professor,David,Maguire,Vice-Chancellor,Not applicable,null,null,null,Not applicable,null,Not applicable,Not applicable,Not applicable,null,null,Not applicable,Not applicable,null,null,null,null,null,null,null,null,null,null,null,null,null,null,null,null,null,null,H,London,E09000011,Greenwich,E05014076,East Greenwich,E14001257,Greenwich and Woolwich,UN1,Urban: Nearer to a major town or city,E09000011,538695,178060,null,Greenwich 040,Greenwich 040E,null,null,null,null,null,999,null,null,null,null,null,100023228558,null,E02006992,E01034192
133900,202,Camden,null,University of the Arts London,29,Higher education institutions,2,Universities,1,Open,6,New Provision,2003-05-28,0,Not applicable,null,0,Not applicable,null,null,1,No boarders,Not applicable,0,Not applicable,3,Mixed,99,null,Does not apply,0000,Not applicable,0,Not applicable,null,0,Not applicable,null,null,null,null,null,0,Not applicable,null,null,Not applicable,null,Not applicable,null,null,10007162,24,Not applicable,null,null,null,2025-06-25,272 High Holborn,null,null,London,null,WC1V 7EY,https://www.arts.ac.uk,2075146000,Sir,Nigel,Carrington,Vice-Chancellor,Not applicable,null,null,null,Not applicable,null,Not applicable,Not applicable,Not applicable,null,null,Not applicable,Not applicable,null,null,null,null,null,null,null,null,null,null,null,null,null,null,null,null,null,null,H,London,E09000007,Camden,E05013662,Holborn & Covent Garden,E14001290,Holborn and St Pancras,UN1,Urban: Nearer to a major town or city,E09000007,530788,181561,null,Camden 028,Camden 028B,null,null,null,null,null,213,Westminster,null,null,null,null,5154466,null,E02000193,E01000914
133902,202,Camden,null,University College London,29,Higher education institutions,2,Universities,1,Open,0,Not applicable,null,0,Not applicable,null,0,Not applicable,null,null,1,No boarders,Not applicable,0,Not applicable,3,Mixed,99,null,Does not apply,0000,Not applicable,0,Not applicable,null,0,Not applicable,null,null,null,null,null,0,Not applicable,null,null,Not applicable,null,Not applicable,null,null,10007784,149,Not applicable,null,null,null,2025-06-25,Gower Street,null,null,London,null,WC1E 6BT,https://www.ucl.ac.uk/,2076792000,Professor,Michael,Arthur,President and Provost,Not applicable,null,null,null,Not applicable,null,Not applicable,Not applicable,Not applicable,null,null,Not applicable,Not applicable,null,null,null,null,null,null,null,null,null,null,null,null,null,null,null,null,null,null,H,London,E09000007,Camden,E05013653,Bloomsbury,E14001290,Holborn and St Pancras,UN1,Urban: Nearer to a major town or city,E09000007,529589,182302,null,Camden 026,Camden 026E,null,null,null,null,null,999,null,null,null,null,null,5148596,null,E02000191,E01035711
133903,202,Camden,null,London School of Hygiene & Tropical Medicine,29,Higher education institutions,2,Universities,1,Open,0,Not applicable,null,0,Not applicable,null,0,Not applicable,null,null,1,No boarders,Not applicable,0,Not applicable,3,Mixed,99,null,Does not apply,0000,Not applicable,0,Not applicable,null,0,Not applicable,null,null,null,null,null,0,Not applicable,null,null,Not applicable,null,Not applicable,null,null,10007771,138,Not applicable,null,null,null,2025-06-25,Keppel Street,null,null,London,null,WC1E 7HT,https://www.lshtm.ac.uk,2076368636,Professor,Peter,Piot,Director,Not applicable,null,null,null,Not applicable,null,Not applicable,Not applicable,Not applicable,null,null,Not applicable,Not applicable,null,null,null,null,null,null,null,null,null,null,null,null,null,null,null,null,null,null,H,London,E09000007,Camden,E05013653,Bloomsbury,E14001290,Holborn and St Pancras,UN1,Urban: Nearer to a major town or city,E09000007,529790,181879,null,Camden 026,Camden 026A,null,null,null,null,null,999,null,null,null,null,null,5090709,null,E02000191,E01000850
133904,202,Camden,null,University of London,29,Higher education institutions,2,Universities,1,Open,0,Not applicable,null,0,Not applicable,null,0,Not applicable,null,null,1,No boarders,Not applicable,0,Not applicable,3,Mixed,99,null,Does not apply,0000,Not applicable,0,Not applicable,null,0,Not applicable,null,null,null,null,null,0,Not applicable,null,null,Not applicable,null,Not applicable,null,null,10007797,151,Not applicable,null,null,null,2025-06-25,Senate House,Malet Street,null,London,null,WC1E 7HU,https://www.london.ac.uk,2076368000,Professor,Wendy,Thomson,Vice Chancellor,Not applicable,null,null,null,Not applicable,null,Not applicable,Not applicable,Not applicable,null,null,Not applicable,Not applicable,null,null,null,null,null,null,null,null,null,null,null,null,null,null,null,null,null,null,H,London,E09000007,Camden,E05013653,Bloomsbury,E14001290,Holborn and St Pancras,UN1,Urban: Nearer to a major town or city,E09000007,529987,181892,null,Camden 028,Camden 028A,null,null,null,null,null,999,null,null,null,null,null,5108194,null,E02000193,E01000855
133905,202,Camden,null,Birkbeck College,29,Higher education institutions,2,Universities,1,Open,0,Not applicable,null,0,Not applicable,null,0,Not applicable,null,null,1,No boarders,Not applicable,0,Not applicable,3,Mixed,99,null,Does not apply,0000,Not applicable,0,Not applicable,null,0,Not applicable,null,null,null,null,null,0,Not applicable,null,null,Not applicable,null,Not applicable,null,null,10007760,127,Not applicable,null,null,null,2025-09-01,Malet Street,null,null,London,null,WC1E 7HX,https://www.bbk.ac.uk,2076316000,Professor,Sally,Wheeler,Vice-Chancellor,Not applicable,null,null,null,Not applicable,null,Not applicable,Not applicable,Not applicable,null,null,Not applicable,Not applicable,null,null,null,null,null,null,null,null,null,null,null,null,null,null,null,null,null,null,H,London,E09000007,Camden,E05013653,Bloomsbury,E14001290,Holborn and St Pancras,UN1,Urban: Nearer to a major town or city,E09000007,529884,181947,null,Camden 026,Camden 026A,null,null,null,null,null,999,null,null,null,null,null,5108194,null,E02000191,E01000850
133907,202,Camden,null,School of Oriental and African Studies,29,Higher education institutions,2,Universities,1,Open,0,Not applicable,null,0,Not applicable,null,0,Not applicable,null,null,1,No boarders,Not applicable,0,Not applicable,3,Mixed,99,null,Does not apply,0000,Not applicable,0,Not applicable,null,0,Not applicable,null,null,null,null,null,0,Not applicable,null,null,Not applicable,null,Not applicable,null,null,10007780,146,Not applicable,null,null,null,2025-06-25,Thornhaugh Street,Russell Square,null,London,null,WC1H 0XG,https://www.soas.ac.uk,2076372388,Rt Hon,the Lady Amos,of Brondesbury in the London Borough of Brent,Director,Not applicable,null,null,null,Not applicable,null,Not applicable,Not applicable,Not applicable,null,null,Not applicable,Not applicable,null,null,null,null,null,null,null,null,null,null,null,null,null,null,null,null,null,null,H,London,E09000007,Camden,E05013653,Bloomsbury,E14001290,Holborn and St Pancras,UN1,Urban: Nearer to a major town or city,E09000007,529885,182040,null,Camden 028,Camden 028A,null,null,null,null,null,999,null,null,null,null,null,5086881,null,E02000193,E01000855
133908,202,Camden,null,Conservatoire for Dance and Drama,29,Higher education institutions,2,Universities,2,Closed,13,Not Recorded,1900-01-01,2,Closure,2022-07-31,0,Not applicable,null,null,1,No boarders,Not applicable,0,Not applicable,3,Mixed,99,null,Does not apply,0000,Not applicable,0,Not applicable,null,0,Not applicable,null,null,null,null,null,0,Not applicable,null,null,Not applicable,null,Not applicable,null,null,10001653,199,Not applicable,null,null,null,2023-06-20,1 - 7 Woburn Walk,Somers Town,null,London,null,WC1H 0JJ,null,null,Mr,David,Ruebain,Chief Executive,Not applicable,null,null,null,Not applicable,null,Not applicable,Not applicable,Not applicable,null,null,Not applicable,Not applicable,null,null,null,null,null,null,null,null,null,null,null,null,null,null,null,null,null,null,H,London,E09000007,Camden,E05013653,Bloomsbury,E14000750,Holborn and St Pancras,A1,(England/Wales) Urban major conurbation,E09000007,529865,182529,null,Camden 029,Camden 029C,null,null,null,null,null,999,null,null,null,null,null,5083175,null,E02007115,E01000942
133909,202,Camden,null,The School of Pharmacy,29,Higher education institutions,2,Universities,2,Closed,0,Not applicable,null,1,Result of Amalgamation/Merger,2012-08-31,0,Not applicable,null,null,1,No boarders,Not applicable,0,Not applicable,3,Mixed,99,null,Does not apply,0000,Not applicable,0,Not applicable,null,0,Not applicable,null,null,null,null,null,0,Not applicable,null,null,Not applicable,null,Not applicable,null,null,10007781,147,Not applicable,null,null,null,2015-09-24,29 - 39 Brunswick Square,null,null,London,null,WC1N 1AX,null,null,Professor,Alexander,Florence,Principal,Not applicable,null,null,null,Not applicable,null,Not applicable,Not applicable,Not applicable,null,null,Not applicable,Not applicable,null,null,null,null,null,null,null,null,null,null,null,null,null,null,null,null,null,null,H,London,E09000007,Camden,E05000141,King's Cross,E14000750,Holborn and St Pancras,A1,(England/Wales) Urban major conurbation,E09000007,530349,182356,null,Camden 025,Camden 029G,null,null,null,null,null,999,null,null,null,null,null,null,null,E02000190,E01000937
134013,203,Greenwich,3669,Charlotte Turner Primary School,1,Community school,4,Local authority maintained schools,2,Closed,4,Fresh Start,2003-01-01,2,Closure,2009-08-31,2,Primary,3,11,1,No boarders,Has Nursery Classes,0,Not applicable,3,Mixed,0,Does not apply,Does not apply,0000,Not applicable,0,Not applicable,406,0,Not applicable,null,null,null,null,null,0,Not applicable,null,null,Not applicable,null,Not under a federation,null,null,null,null,Not applicable,null,null,null,2018-11-14,Benbow Street,Deptford,null,London,null,SE8 3HD,null,null,Mrs,Janice,Macleod,Headteacher,Not applicable,null,null,null,Not applicable,null,Not applicable,Not applicable,Not applicable,null,null,Not applicable,Not applicable,null,null,null,null,null,null,null,null,null,null,null,null,null,null,null,null,null,null,H,London,E09000011,Greenwich,E05000222,Greenwich West,E14000718,Greenwich and Woolwich,A1,(England/Wales) Urban major conurbation,E09000011,537289,177940,null,Greenwich 035,Greenwich 035B,null,null,null,null,null,999,null,null,null,null,null,10023231343,null,E02006928,E01033727
134334,203,Greenwich,1107,Revitalise,14,Pupil referral unit,4,Local authority maintained schools,2,Closed,6,New Provision,2003-09-01,2,Closure,2004-04-02,0,Not applicable,14,16,1,No boarders,Not applicable,0,Not applicable,3,Mixed,0,Does not apply,Does not apply,0000,Not applicable,0,Not applicable,null,0,Not applicable,null,null,null,null,null,0,Not applicable,null,null,Not applicable,null,Not applicable,null,null,null,null,Not applicable,null,null,null,2015-09-24,17-23 Woolwich Road,Greenwich,null,London,null,SE10 0RA,null,null,null,null,null,null,Not applicable,null,null,null,Does not provide places for Teen Mothers,null,Does not have child care facilities,PRU Does have Provision for SEN,Not applicable,60,PRU offers full time provision,PRU does offer tuition by another provider,Not applicable,null,null,null,null,null,null,null,null,null,null,null,null,null,null,null,null,null,null,H,London,E09000011,Greenwich,E05000225,Peninsula,E14000718,Greenwich and Woolwich,A1,(England/Wales) Urban major conurbation,E09000011,539545,178292,null,Greenwich 037,Greenwich 037A,null,null,null,null,null,999,null,null,null,null,null,null,null,E02006930,E01001662
134384,203,Greenwich,6301,Mayflower Independant School,11,Other independent school,3,Independent schools,2,Closed,6,New Provision,2003-08-29,2,Closure,2004-05-11,0,Not applicable,5,8,1,No boarders,Not applicable,0,Not applicable,3,Mixed,6,None,Christian,0000,Not applicable,9,null,8,0,Not applicable,null,null,null,null,null,0,Not applicable,null,null,Not applicable,null,Not applicable,null,null,null,null,Not applicable,null,null,null,2019-07-09,6 Melba Way,Off John Penn Road,null,London,null,SE13 7QY,null,null,null,null,null,null,Not applicable,null,null,null,Not applicable,null,Not applicable,Not applicable,Not applicable,null,null,Not applicable,Not approved,null,null,null,null,null,null,null,null,null,null,null,null,null,null,null,null,null,null,H,London,E09000011,Greenwich,E05000222,Greenwich West,E14000718,Greenwich and Woolwich,A1,(England/Wales) Urban major conurbation,E09000011,537909,176592,null,Greenwich 038,Greenwich 038D,null,0,0,null,null,999,null,null,null,null,null,200003468875,null,E02006931,E01001644
134402,203,Greenwich,6300,Right Choice Independent Special School,11,Other independent school,3,Independent schools,2,Closed,6,New Provision,2003-08-20,2,Closure,2023-12-05,0,Not applicable,12,18,1,No boarders,No Nursery Classes,1,Has a sixth form,3,Mixed,6,None,None,0000,Not applicable,4,Non-selective,32,0,Not applicable,2022-01-20,15,11,4,0,0,Not applicable,null,null,Not applicable,null,Not applicable,null,null,10018190,null,Not applicable,null,null,null,2024-02-27,First Floor,1-4 Beresford Square,Woolwich,London,null,SE18 6BB,null,null,Mr,Banjo,Aromolaran,null,Not applicable,null,null,null,Not applicable,null,Not applicable,Not applicable,Not applicable,null,null,Not applicable,Not approved,null,null,null,null,null,null,null,null,null,null,null,null,null,null,null,null,null,null,H,London,E09000011,Greenwich,E05014092,Woolwich Arsenal,E14000718,Greenwich and Woolwich,A1,(England/Wales) Urban major conurbation,E09000011,543717,178958,null,Greenwich 039,Greenwich 039C,Ofsted,12,3,Does not have boarders,Adebanjo Aromolaran,999,null,null,null,null,null,100023245416,null,E02006991,E01034186
134643,202,Camden,1103,CCfL Key Stage 3 PRU,14,Pupil referral unit,4,Local authority maintained schools,2,Closed,6,New Provision,2003-09-01,1,Result of Amalgamation/Merger,2022-01-01,0,Not applicable,11,14,1,No boarders,Not applicable,0,Not applicable,3,Mixed,0,Does not apply,Does not apply,0000,Not applicable,0,Not applicable,null,0,Not applicable,2022-01-20,4,3,1,75,0,Not applicable,null,null,Not applicable,null,Not applicable,null,null,10017215,null,Not applicable,null,null,null,2022-07-19,Harmood Street,Camden,null,London,null,NW1 8DP,null,null,Ms,Nina,Foster,null,Not applicable,null,null,null,Does not provide places for Teen Mothers,null,Does not have child care facilities,PRU Does have Provision for SEN,PRU Does have EBD provision,18,PRU offers full time provision,Does not offer tuition by another provider,Not applicable,null,null,null,null,null,null,null,null,null,null,null,null,null,null,null,null,null,null,H,London,E09000007,Camden,E05000136,Haverstock,E14000750,Holborn and St Pancras,A1,(England/Wales) Urban major conurbation,E09000007,528612,184451,null,Camden 012,Camden 012C,null,null,null,null,null,999,null,null,null,null,null,5009077,null,E02000177,E01000904
134827,203,Greenwich,6376,Bellerbys College London,11,Other independent school,3,Independent schools,2,Closed,6,New Provision,2003-08-30,8,Does not meet criteria for registration,2021-08-31,0,Not applicable,15,23,3,Boarding school,No Nursery Classes,1,Has a sixth form,3,Mixed,6,None,None,0000,Not applicable,0,Not applicable,482,0,Not applicable,2021-01-21,135,97,38,0,0,Not applicable,null,null,Not applicable,null,Not applicable,null,null,10043900,null,Not applicable,null,null,null,2021-09-16,Bounty House,Stowage,Greenwich,London,null,SE8 3DE,null,null,Ms,Sarah,McCurrie,Principal,Not applicable,null,null,null,Not applicable,null,Not applicable,Not applicable,Not applicable,null,null,Not applicable,Not approved,null,null,null,null,null,null,null,null,null,null,null,null,null,null,null,null,null,null,H,London,E09000011,Greenwich,E05000222,Greenwich West,E14000718,Greenwich and Woolwich,A1,(England/Wales) Urban major conurbation,E09000011,537449,177699,null,Greenwich 035,Greenwich 035B,ISI,0,2,Has boarders,Study Group Limited,212,Wandsworth,6407,null,null,null,10010217302,null,E02006928,E01033727
134876,202,Camden,1104,"Bridge Education, Camden Tuition Service",14,Pupil referral unit,4,Local authority maintained schools,2,Closed,6,New Provision,2004-04-19,2,Closure,2009-04-01,0,Not applicable,13,16,1,No boarders,Not applicable,0,Not applicable,3,Mixed,0,Does not apply,Does not apply,0000,Not applicable,0,Not applicable,22,0,Not applicable,null,null,null,null,null,0,Not applicable,null,null,Not applicable,null,Not applicable,null,null,10016679,null,Not applicable,null,null,null,2018-11-14,Evershed Street,Camden Town,null,London,null,NW1 1BD,null,null,null,null,null,null,Not applicable,null,null,null,Does not provide places for Teen Mothers,null,Does not have child care facilities,PRU Does have Provision for SEN,PRU Does not have EBD provision,22,PRU offers full time provision,Does not offer tuition by another provider,Not applicable,null,null,null,null,null,null,null,null,null,null,null,null,null,null,null,null,null,null,H,London,E09000007,Camden,E05000142,Regent's Park,E14000750,Holborn and St Pancras,A1,(England/Wales) Urban major conurbation,E09000007,529261,183348,null,Camden 021,Camden 021C,null,null,null,null,null,999,null,null,null,null,null,5053070,null,E02000186,E01000947
135140,202,Camden,6400,Alleyns Regents Park Prep,11,Other independent school,3,Independent schools,1,Open,6,New Provision,1972-03-03,0,Not applicable,null,0,Not applicable,4,13,1,No boarders,No Nursery Classes,2,Does not have a sixth form,3,Mixed,6,None,None,0000,Not applicable,0,Not applicable,486,2,No Special Classes,2024-01-18,292,176,116,null,0,Not applicable,null,null,Not applicable,null,Not applicable,null,null,10018803,null,Not applicable,null,null,null,2026-07-23,1 Gloucester Avenue,null,null,London,null,NW1 7AB,null,2072676266,Mr,Tom,Le Tissier,Head Teacher,Not applicable,null,null,null,Not applicable,null,Not applicable,Not applicable,Not applicable,null,null,Not applicable,Not approved,null,null,null,null,null,null,null,null,null,null,null,null,null,null,null,null,null,null,H,London,E09000007,Camden,E05013667,Primrose Hill,E14001290,Holborn and St Pancras,UN1,Urban: Nearer to a major town or city,E09000007,528627,183598,null,Camden 018,Camden 018E,ISI,3,101,Does not have boarders,Cognita Schools Ltd,999,null,null,null,null,null,100022758664,null,E02000183,E01000862
135167,202,Camden,6401,"Gloucester House, The Tavistock Children's Day Unit",10,Other independent special school,5,Special schools,1,Open,6,New Provision,2007-01-29,0,Not applicable,null,0,Not applicable,5,14,1,No boarders,No Nursery Classes,0,Not applicable,3,Mixed,6,None,None,0000,Not applicable,0,Not applicable,21,1,Has Special Classes,2024-01-18,13,10,3,null,0,Not applicable,null,null,Not applicable,null,Not applicable,null,null,10071845,null,Not applicable,null,null,null,2026-07-23,33 Daleham Gardens,null,null,London,null,NW3 5BU,https://gloucesterhouse.camden.sch.uk/,2089382063,Ms,Chilo,Graham,Headteacher,Not applicable,null,null,null,Not applicable,null,Not applicable,Not applicable,Not applicable,null,null,Not applicable,Approved,null,null,null,null,null,null,null,null,null,null,null,null,null,null,null,null,null,null,H,London,E09000007,Camden,E05013652,Belsize,E14001265,Hampstead and Highgate,UN1,Urban: Nearer to a major town or city,E09000007,526657,185120,null,Camden 008,Camden 008A,Ofsted,13,0,Does not have boarders,North London NHS Foundation Trust,999,null,null,null,null,null,5001683,null,E02000173,E01000881
135412,201,City of London,null,Guildhall School of Music and Drama,29,Higher education institutions,2,Universities,1,Open,6,New Provision,1935-04-01,0,Not applicable,null,0,Not applicable,null,null,1,No boarders,No Nursery Classes,0,Not applicable,3,Mixed,0,Does not apply,Does not apply,0000,Not applicable,0,Not applicable,null,2,No Special Classes,null,null,null,null,null,0,Not applicable,null,null,Not applicable,null,Not applicable,null,null,10007825,null,Not applicable,null,null,null,2025-06-25,Silk Street,Barbican,null,London,null,EC2Y 8DT,https://www.gsmd.ac.uk/,2076282571,Ms,Lynne,Williams,Principal,Not applicable,null,null,null,Not applicable,null,Not applicable,Not applicable,Not applicable,null,null,Not applicable,Not applicable,null,null,null,null,null,null,null,null,null,null,null,null,null,null,null,null,null,null,H,London,E09000001,City of London,E05009302,Cripplegate,E14001172,Cities of London and Westminster,UN1,Urban: Nearer to a major town or city,E09000001,532448,181789,null,City of London 001,City of London 001B,null,null,null,null,null,999,null,null,null,null,null,200000074661,null,E02000001,E01000002
135800,201,City of London,8046,Fashion Retail Academy,27,Miscellaneous,9,Other types,1,Open,99,null,2005-08-01,99,null,null,0,Not applicable,16,99,9,null,Not applicable,0,Not applicable,3,Mixed,0,Does not apply,null,0000,Not applicable,0,Not applicable,500,0,Not applicable,null,null,null,null,null,0,Not applicable,null,null,Not applicable,null,Not applicable,null,null,10009213,null,Not applicable,null,null,null,2025-06-25,84 Moorgate,null,null,London,null,EC2M 6SE,null,2073072354,Mr,Lee,Lucas,null,Not applicable,null,null,null,Not applicable,null,null,Not applicable,Not applicable,null,null,null,Not applicable,null,null,null,null,null,null,null,null,null,null,null,null,null,null,null,null,null,null,H,London,E09000001,City of London,E05009299,Coleman Street,E14001172,Cities of London and Westminster,UN1,Urban: Nearer to a major town or city,E09000001,532747,181599,null,City of London 001,City of London 001F,null,null,null,null,null,213,Westminster,null,null,null,United Kingdom,100022933781,null,E02000001,E01032739
135954,202,Camden,1105,Camden Courthope Education Centre,14,Pupil referral unit,4,Local authority maintained schools,2,Closed,6,New Provision,2009-09-03,2,Closure,2010-07-30,0,Not applicable,4,8,1,No boarders,Not applicable,0,Not applicable,3,Mixed,0,Does not apply,Does not apply,0000,Not applicable,0,Not applicable,30,0,Not applicable,null,null,null,null,null,0,Not applicable,null,null,Not applicable,null,Not applicable,null,null,null,null,Not applicable,null,null,null,2015-09-24,All Hallows Church Hall,53 Courthope Road,null,London,null,NW3 2LE,null,null,Mrs,Jane,O'Brien,Teacher in Charge,Not applicable,null,null,null,Does not provide places for Teen Mothers,null,Does not have child care facilities,PRU Does have Provision for SEN,PRU Does not have EBD provision,30,PRU offers full time provision,Does not offer tuition by another provider,Not applicable,null,null,null,null,null,null,null,null,null,null,null,null,null,null,null,null,null,null,H,London,E09000007,Camden,E05000134,Gospel Oak,E14000750,Holborn and St Pancras,A1,(England/Wales) Urban major conurbation,E09000007,527892,185668,null,Camden 006,Camden 006A,null,null,null,null,null,999,null,null,null,null,null,5020983,null,E02000171,E01000886
136092,203,Greenwich,6040,Wize Up,10,Other independent special school,5,Special schools,1,Open,6,New Provision,2010-03-22,99,null,null,0,Not applicable,11,16,1,No boarders,Not applicable,0,Not applicable,3,Mixed,6,None,None,0000,Not applicable,0,Not applicable,70,0,Not applicable,2024-01-18,46,22,24,null,0,Not applicable,null,null,Not applicable,null,Not applicable,null,null,10029947,null,Not applicable,null,null,null,2026-07-23,579 Westhorne Avenue,Eltham,null,London,null,SE9 6DN,www.wize-up.org.uk,2088599664,Ms,Kimberley,Richardson,null,Not applicable,null,null,null,Not applicable,null,null,Not applicable,Not applicable,null,null,null,Not approved,null,null,null,null,null,null,null,null,null,null,null,null,null,null,null,null,null,null,H,London,E09000011,Greenwich,E05014077,Eltham Page,E14001223,Eltham and Chislehurst,UN1,Urban: Nearer to a major town or city,E09000011,541842,174980,null,Greenwich 025,Greenwich 025A,Ofsted,9,15,Does not have boarders,Karlene Thomas-Ndibe,999,null,null,null,null,null,10010242197,null,E02000337,E01001620
136100,203,Greenwich,6041,StreetVibes Media Academy,11,Other independent school,3,Independent schools,1,Open,6,New Provision,2010-04-19,99,null,null,0,Not applicable,11,19,1,No boarders,No Nursery Classes,1,Has a sixth form,3,Mixed,6,None,None,0000,Not applicable,9,null,40,0,Not applicable,2024-01-18,13,10,3,null,0,Not applicable,null,null,Not applicable,null,Not applicable,null,null,10080825,null,Not applicable,null,null,null,2026-07-23,6 Eltham High Street,null,null,London,null,SE9 1DA,www.sv-academy.com,2030318240,Mr,Will,Conn,null,Not applicable,null,null,null,Not applicable,null,null,Not applicable,Not applicable,null,null,null,Not approved,null,null,null,null,null,null,null,null,null,null,null,null,null,null,null,null,null,null,H,London,E09000011,Greenwich,E05014079,Eltham Town & Avery Hill,E14001223,Eltham and Chislehurst,UN1,Urban: Nearer to a major town or city,E09000011,542505,174452,null,Greenwich 028,Greenwich 028C,Ofsted,6,6,Does not have boarders,Sonia Ramanah,999,null,null,null,null,null,100023282289,null,E02000340,E01001615
136807,202,Camden,2000,St Luke's Church of England School,35,Free schools,11,Free Schools,1,Open,6,New Provision,2011-09-12,99,null,null,2,Primary,4,11,1,No boarders,No Nursery Classes,2,Does not have a sixth form,3,Mixed,2,Church of England,None,CE23,Diocese of London,0,Not applicable,105,0,Not applicable,2026-01-15,97,52,45,30.9,5,Supported by a single-academy trust,4731,ST LUKE'S CHURCH OF ENGLAND SCHOOL,Linked to a sponsor,Diocese of London,Not applicable,null,null,10035320,null,Not applicable,null,null,null,2026-07-01,Kidderpore Avenue,null,null,London,null,NW3 7SU,www.stlukesschool.org.uk,2074355604,Ms,Jo,Iwanicki,null,Not applicable,null,null,null,Not applicable,null,null,Not applicable,Not applicable,null,null,null,Not applicable,null,null,null,null,null,null,null,null,null,null,null,null,null,null,null,null,null,null,H,London,E09000007,Camden,E05013657,Frognal,E14001265,Hampstead and Highgate,UN1,Urban: Nearer to a major town or city,E09000007,525270,185912,null,Camden 004,Camden 004A,null,null,null,null,null,999,null,null,null,null,null,5090607,null,E02000169,E01000878
137181,202,Camden,4000,The UCL Academy,28,Academy sponsor led,10,Academies,1,Open,6,New Provision,2012-09-01,0,Not applicable,null,4,Secondary,11,18,1,No boarders,Not applicable,1,Has a sixth form,3,Mixed,0,Does not apply,None,0000,Not applicable,4,Non-selective,1150,0,Not applicable,2026-01-15,972,508,464,50.2,5,Supported by a single-academy trust,5140,THE UCL ACADEMY,Linked to a sponsor,University College London (UCL),Not applicable,null,null,10035564,null,Not applicable,null,null,null,2026-07-01,Adelaide Road,null,Swiss Cottage,Camden,null,NW3 3AQ,http://www.uclacademy.co.uk,2074493080,null,Andrea,Pomphrey,Co-Principal,Not applicable,null,null,null,Not applicable,null,null,Not applicable,Not applicable,null,null,null,Not applicable,null,null,null,null,null,null,null,null,null,null,null,null,null,null,null,null,null,null,H,London,E09000007,Camden,E05013667,Primrose Hill,E14001265,Hampstead and Highgate,UN1,Urban: Nearer to a major town or city,E09000007,526867,184105,null,Camden 017,Camden 017C,null,null,null,null,null,999,null,null,null,null,null,5156776,null,E02000182,E01000963
137333,202,Camden,6000,Guildhouse School,11,Other independent school,3,Independent schools,1,Open,6,New Provision,2011-09-05,99,null,null,0,Not applicable,15,24,3,Boarding school,No Nursery Classes,1,Has a sixth form,3,Mixed,6,None,None,0000,Not applicable,0,Not applicable,450,0,Not applicable,2024-01-18,143,86,57,null,0,Not applicable,null,null,Not applicable,null,Not applicable,null,null,10026751,null,Not applicable,null,null,null,2026-07-23,43-45 Bloomsbury Square & 2 Southampton Place,null,null,London,null,WC1A 2RA,www.guildhouseschool.com,2045290844,Dr,Ian,Gross,Principal,Not applicable,null,null,null,Not applicable,null,null,Not applicable,Not applicable,null,null,null,Not approved,null,null,null,null,null,null,null,null,null,null,null,null,null,null,null,null,null,null,H,London,E09000007,Camden,E05013653,Bloomsbury,E14001290,Holborn and St Pancras,UN1,Urban: Nearer to a major town or city,E09000007,530364,181581,null,Camden 028,Camden 028B,ISI,0,4,Has boarders,CEG Colleges Limited,999,null,null,null,null,null,5127180,null,E02000193,E01000914
137473,203,Greenwich,4243,Corelli College,34,Academy converter,10,Academies,2,Closed,10,Academy Converter,2011-09-01,4,Fresh Start,2018-02-28,4,Secondary,11,19,1,No boarders,Not applicable,1,Has a sixth form,3,Mixed,0,Does not apply,Does not apply,0000,Not applicable,4,Non-selective,1479,2,No Special Classes,2018-01-18,1096,684,412,21.8,2,Not supported by a trust,null,null,-,null,Not applicable,null,null,10035018,null,Not applicable,null,null,null,2019-11-30,Corelli Road,Blackheath,null,London,null,SE3 8EP,null,null,Mr,John,Dixon,Associate Principal,Not applicable,null,null,null,Not applicable,null,Not applicable,Not applicable,Not applicable,null,null,Not applicable,Not applicable,ASD - Autistic Spectrum Disorder,null,null,null,null,null,null,null,null,null,null,null,null,Resourced provision,null,null,null,null,H,London,E09000011,Greenwich,E05000223,Kidbrooke with Hornfair,E14000690,Eltham,A1,(England/Wales) Urban major conurbation,E09000011,542034,176480,null,Greenwich 022,Greenwich 022D,null,null,null,null,null,999,null,null,null,null,null,100023269117,null,E02000334,E01001649
137889,202,Camden,6001,The Abbey College In London,11,Other independent school,3,Independent schools,2,Closed,6,New Provision,2012-02-08,2,Closure,2015-08-14,0,Not applicable,14,18,1,No boarders,No Nursery Classes,1,Has a sixth form,3,Mixed,6,None,None,0000,Not applicable,0,Not applicable,60,0,Not applicable,null,null,null,null,null,0,Not applicable,null,null,Not applicable,null,Not applicable,null,null,10000195,null,Not applicable,null,null,null,2019-07-09,23 Bloomsbury Square,null,null,London,null,WC1A 2PJ,null,null,Mr,Michael,Addison,Principal,Not applicable,null,null,null,Not applicable,null,null,Not applicable,Not applicable,null,null,null,Not approved,null,null,null,null,null,null,null,null,null,null,null,null,null,null,null,null,null,null,H,London,E09000007,Camden,E05000129,Bloomsbury,E14000750,Holborn and St Pancras,A1,(England/Wales) Urban major conurbation,E09000007,530303,181747,null,Camden 028,Camden 028A,Ofsted,null,null,Does not have boarders,Oxford International Education 3 Ltd,999,null,null,null,null,null,5087185,null,E02000193,E01000855
138245,203,Greenwich,4001,Ark Greenwich Free School,35,Free schools,11,Free Schools,1,Open,6,New Provision,2012-09-01,0,Not applicable,null,4,Secondary,11,16,1,No boarders,No Nursery Classes,2,Does not have a sixth form,3,Mixed,6,None,None,0000,Not applicable,4,Non-selective,600,0,Not applicable,2026-01-15,615,343,272,41.4,3,Supported by a multi-academy trust,2157,ARK SCHOOLS,Linked to a sponsor,ARK Schools,Not applicable,null,null,10037569,null,Not applicable,null,null,null,2026-07-01,403 Shooters Hill Road,null,null,London,null,SE18 4LH,http://www.arkgreenwichfreeschool.org/,2083193692,Mr,James,MacNaughton,Headteacher,Not applicable,null,null,null,Not applicable,null,null,Not applicable,Not applicable,null,null,null,Not applicable,null,null,null,null,null,null,null,null,null,null,null,null,null,Not applicable,null,null,null,null,H,London,E09000011,Greenwich,E05014093,Woolwich Common,E14001257,Greenwich and Woolwich,UN1,Urban: Nearer to a major town or city,E09000011,542669,176775,null,Greenwich 015,Greenwich 015C,null,null,null,null,null,999,null,2000,null,null,null,10010199200,null,E02000327,E01001701
138449,203,Greenwich,4000,Harris Academy Greenwich,28,Academy sponsor led,10,Academies,1,Open,6,New Provision,2012-09-01,99,null,null,4,Secondary,11,18,1,No boarders,Not applicable,1,Has a sixth form,3,Mixed,6,None,None,0000,Not applicable,4,Non-selective,1150,0,Not applicable,2026-01-15,1138,733,405,32.9,3,Supported by a multi-academy trust,3320,HARRIS FEDERATION,Linked to a sponsor,Harris Federation,Not applicable,null,null,10038412,null,Not applicable,null,null,null,2026-07-15,Middle Park Avenue,Eltham,null,London,null,SE9 5EQ,http://www.harrisgreenwich.org.uk/,2088590133,Mr,Jack,Docherty,Headteacher,Not applicable,null,null,null,Not applicable,null,null,Not applicable,Not applicable,null,null,null,Not applicable,null,null,null,null,null,null,null,null,null,null,null,null,null,null,null,null,null,null,H,London,E09000011,Greenwich,E05014085,Middle Park & Horn Park,E14001223,Eltham and Chislehurst,UN1,Urban: Nearer to a major town or city,E09000011,541806,174461,null,Greenwich 029,Greenwich 029E,null,null,null,null,null,999,null,null,null,null,null,10010221623,null,E02000341,E01001661
138547,203,Greenwich,7199,Charlton Park Academy,44,Academy special converter,10,Academies,1,Open,10,Academy Converter,2012-08-01,99,null,null,0,Not applicable,11,19,3,Boarding school,Not applicable,1,Has a sixth form,3,Mixed,0,Does not apply,None,0000,Not applicable,0,Not applicable,202,1,Has Special Classes,2026-01-15,218,170,48,56.7,5,Supported by a single-academy trust,2617,CHARLTON PARK ACADEMY,-,null,Not applicable,null,null,10038163,null,Not applicable,null,null,null,2026-07-01,Charlton Park Road,Charlton,null,London,null,SE7 8HX,www.charltonparkacademy.com,2082496844,Principal,Mark,Dale-Emberton,Principal,Not applicable,null,null,null,Not applicable,null,Not applicable,Not applicable,Not applicable,null,null,Not applicable,Not applicable,SpLD - Specific Learning Difficulty,"SLCN - Speech, language and Communication",ASD - Autistic Spectrum Disorder,MSI - Multi-Sensory Impairment,PD - Physical Disability,MLD - Moderate Learning Difficulty,SLD - Severe Learning Difficulty,PMLD - Profound and Multiple Learning Difficulty,null,null,null,null,null,Resourced provision,1,10,null,null,H,London,E09000011,Greenwich,E05014075,Charlton Village & Riverside,E14001257,Greenwich and Woolwich,UN1,Urban: Nearer to a major town or city,E09000011,542173,177854,null,Greenwich 012,Greenwich 012D,null,null,null,null,null,999,null,null,null,null,null,100023279825,null,E02000324,E01001595
138777,202,Camden,6002,La Petite Ecole Bilingue,11,Other independent school,3,Independent schools,1,Open,6,New Provision,2012-09-10,99,null,null,0,Not applicable,3,11,1,No boarders,Has Nursery Classes,2,Does not have a sixth form,3,Mixed,6,None,None,0000,Not applicable,2,Selective,165,0,Not applicable,2024-01-18,94,55,39,null,0,Not applicable,null,null,Not applicable,null,Not applicable,null,null,10079120,null,Not applicable,null,null,null,2026-07-23,22 Vicar's Road,null,null,London,null,NW5 4NL,www.sis-lpeblkt.com,2072842620,Mrs,Natasha,HENDERSON-STEWART,null,Not applicable,null,null,null,Not applicable,null,null,Not applicable,Not applicable,null,null,null,Not approved,null,null,null,null,null,null,null,null,null,null,null,null,null,null,null,null,null,null,H,London,E09000007,Camden,E05013658,Gospel Oak,E14001265,Hampstead and Highgate,UN1,Urban: Nearer to a major town or city,E09000007,528155,185326,null,Camden 007,Camden 007A,ISI,0,11,Does not have boarders,Anne HENDERSON STEWART,999,null,null,null,null,null,5043740,null,E02000172,E01000889
138966,203,Greenwich,4717,Shooters Hill Sixth Form College,45,Academy 16-19 converter,10,Academies,1,Open,10,Academy Converter,2012-11-01,99,null,null,6,16 plus,16,19,1,No boarders,No Nursery Classes,1,Has a sixth form,3,Mixed,0,Does not apply,None,0000,Not applicable,0,Not applicable,1500,1,Has Special Classes,2022-01-20,0,0,0,0,5,Supported by a single-academy trust,4515,SHOOTERS HILL SIXTH FORM COLLEGE,-,null,Not applicable,null,null,10039420,null,Not applicable,null,null,null,2026-06-29,Red Lion Lane,null,Shooters Hill,London,null,SE18 4LD,http://www.shc.ac.uk,2083199700,Mr,Geoffrey,Osborne,Principal,Not applicable,null,null,null,Not applicable,null,Not applicable,Not applicable,Not applicable,null,null,Not applicable,Not applicable,null,null,null,null,null,null,null,null,null,null,null,null,null,null,null,null,null,null,H,London,E09000011,Greenwich,E05014089,Shooters Hill,E14001229,Erith and Thamesmead,UN1,Urban: Nearer to a major town or city,E09000011,543357,176968,null,Greenwich 020,Greenwich 020A,null,null,null,null,null,999,null,null,null,null,null,100023244403,null,E02000332,E01001679
139428,203,Greenwich,6000,RIMU Music Preparatory School and Nursery,11,Other independent school,3,Independent schools,2,Closed,6,New Provision,2013-03-18,8,Does not meet criteria for registration,2014-10-20,0,Not applicable,4,7,1,No boarders,No Nursery Classes,2,Does not have a sixth form,3,Mixed,6,None,None,0000,Not applicable,0,Not applicable,30,0,Not applicable,null,null,null,null,null,0,Not applicable,null,null,Not applicable,null,Not applicable,null,null,null,null,null,null,null,null,2019-07-09,Sunfields Methodist Church,95 Old Dover Road,Blackheath,London,null,SE3 8JS,null,null,null,null,Mrs N Richardson,null,Not applicable,null,null,null,Not applicable,null,null,Not applicable,Not applicable,null,null,null,Not approved,null,null,null,null,null,null,null,null,null,null,null,null,null,null,null,null,null,null,H,London,E09000011,Greenwich,E05000220,Eltham West,E14000690,Eltham,A1,(England/Wales) Urban major conurbation,E09000011,540694,177219,null,Greenwich 025,Greenwich 025D,Ofsted,null,null,null,Mrs N Richardson,999,null,null,null,null,null,100023269325,null,E02000337,E01001624
139786,203,Greenwich,4002,Royal Greenwich Utc,40,University technical college,11,Free Schools,2,Closed,6,New Provision,2013-09-01,4,Fresh Start,2016-08-31,4,Secondary,11,19,0,Not applicable,No Nursery Classes,1,Has a sixth form,3,Mixed,6,None,Does not apply,9999,null,4,Non-selective,600,0,Not applicable,null,null,null,null,null,2,Not supported by a trust,null,null,-,null,Not applicable,null,null,10042309,null,Not applicable,null,null,null,2020-09-28,765 Woolwich Road,null,null,London,null,SE7 8LJ,null,null,Mr,Richard,Marshall,null,Not applicable,null,null,null,Not applicable,null,null,Not applicable,Not applicable,null,null,null,Not applicable,null,null,null,null,null,null,null,null,null,null,null,null,null,null,null,null,null,null,H,London,E09000011,Greenwich,E05000230,Woolwich Riverside,E14000718,Greenwich and Woolwich,A1,(England/Wales) Urban major conurbation,E09000011,542041,179040,null,Greenwich 004,null,Ofsted,null,null,null,null,999,null,null,null,null,null,10010244319,null,E02000316,999999999
139812,203,Greenwich,6001,ASD Learning Centre - Woolwich,10,Other independent special school,5,Special schools,2,Closed,6,New Provision,2013-06-18,2,Closure,2013-12-31,0,Not applicable,7,14,1,No boarders,Not applicable,0,Not applicable,1,Boys,6,None,None,0000,Not applicable,0,Not applicable,10,0,Not applicable,null,null,null,null,null,0,Not applicable,null,null,Not applicable,null,Not applicable,null,null,null,null,null,null,null,null,2019-07-09,4 Gunnery Terrace,The Royal Arsenal,Woolwich,London,null,SE18 6SW,null,null,Mr,Paul,Mersh,null,Not applicable,null,null,null,Not applicable,null,null,Not applicable,Not applicable,null,null,null,Not approved,null,null,null,null,null,null,null,null,null,null,null,null,null,null,null,null,null,null,H,London,E09000011,Greenwich,E05000230,Woolwich Riverside,E14000718,Greenwich and Woolwich,A1,(England/Wales) Urban major conurbation,E09000011,544100,179066,null,Greenwich 004,Greenwich 004E,Ofsted,null,null,Does not have boarders,Philip Hoppenbrouwers,999,null,null,null,null,null,10010212417,null,E02000316,E01033731
139837,202,Camden,2001,Abacus Belsize Primary School,35,Free schools,11,Free Schools,1,Open,6,New Provision,2013-09-01,99,null,null,2,Primary,4,11,1,No boarders,No Nursery Classes,2,Does not have a sixth form,3,Mixed,6,None,None,9999,null,0,Not applicable,210,0,Not applicable,2026-01-15,168,90,78,16.1,3,Supported by a multi-academy trust,2597,ANTHEM SCHOOLS TRUST,Linked to a sponsor,Anthem Schools Trust,Not applicable,null,null,10042333,null,Not applicable,null,null,null,2026-07-01,Jubilee Waterside Centre,105 Camley Street,null,London,null,N1C 4PF,http://www.abacus-cfbt.org,2073878018,Ms,Melissa,Chandler,null,Not applicable,null,null,null,Not applicable,null,null,Not applicable,Not applicable,null,null,null,Not applicable,null,null,null,null,null,null,null,null,null,null,null,null,null,null,null,null,null,null,H,London,E09000007,Camden,E05013666,King's Cross,E14001290,Holborn and St Pancras,UN1,Urban: Nearer to a major town or city,E09000007,529656,183804,null,Camden 019,Camden 019D,null,null,null,null,null,999,null,null,null,null,null,5185633,null,E02000184,E01000958
140226,203,Greenwich,6002,Full Circle Education,11,Other independent school,3,Independent schools,2,Closed,6,New Provision,2013-09-26,2,Closure,2020-07-17,0,Not applicable,11,16,1,No boarders,No Nursery Classes,2,Does not have a sixth form,3,Mixed,6,None,None,0000,Not applicable,0,Not applicable,30,0,Not applicable,2020-01-16,13,8,5,null,0,Not applicable,null,null,Not applicable,null,Not applicable,null,null,10044751,null,Not applicable,null,null,null,2020-08-05,124-126 Broadwalk,Kidbrooke,Greenwich,London,null,SE3 8ND,null,null,Headteacher,Nina,Moore,null,Not applicable,null,null,null,Not applicable,null,null,Not applicable,Not applicable,null,null,null,Not approved,null,null,null,null,null,null,null,null,null,null,null,null,null,null,null,null,null,null,H,London,E09000011,Greenwich,E05000223,Kidbrooke with Hornfair,E14000690,Eltham,A1,(England/Wales) Urban major conurbation,E09000011,541800,176210,null,Greenwich 022,Greenwich 022D,Ofsted,3,0,Does not have boarders,Gary Bassett,999,null,null,null,null,null,10010196471,null,E02000334,E01001649
140488,203,Greenwich,6003,Charlton Athletic Community Trust Youth,11,Other independent school,3,Independent schools,2,Closed,6,New Provision,2013-12-09,2,Closure,2014-10-31,0,Not applicable,12,16,1,No boarders,No Nursery Classes,2,Does not have a sixth form,3,Mixed,6,None,None,0000,Not applicable,0,Not applicable,40,0,Not applicable,null,null,null,null,null,0,Not applicable,null,null,Not applicable,null,Not applicable,null,null,null,null,null,null,null,null,2019-07-09,Sparrows Lane,"Pippenhall Building, Sparrows Lane",New Eltham,London,null,SE9 2JR,null,null,Mr,John,Scarborough,null,Not applicable,null,null,null,Not applicable,null,null,Not applicable,Not applicable,null,null,null,Not approved,null,null,null,null,null,null,null,null,null,null,null,null,null,null,null,null,null,null,H,London,E09000011,Greenwich,E05000219,Eltham South,E14000690,Eltham,A1,(England/Wales) Urban major conurbation,E09000011,543968,173717,null,Greenwich 028,Greenwich 028D,Ofsted,3,null,Does not have boarders,Charlton Athletic Community Trust,999,null,null,null,null,null,null,null,E02000340,E01001617
140686,202,Camden,2002,Kings Cross Academy,28,Academy sponsor led,10,Academies,1,Open,6,New Provision,2015-09-01,99,null,null,2,Primary,3,11,1,No boarders,Has Nursery Classes,2,Does not have a sixth form,3,Mixed,6,None,None,9999,null,4,Non-selective,446,0,Not applicable,2026-01-15,399,202,197,50.1,5,Supported by a single-academy trust,15819,KING'S CROSS ACADEMY TRUST,Linked to a sponsor,King's Cross Academy Trust,Not applicable,null,null,10052491,null,Not applicable,null,null,null,2026-07-01,Plimsoll Building,4 Wollstonecraft Street,null,London,null,N1C 4BT,kingscrossacademy.org.uk,2075040533,Dr,Stephen,Mitchell,Headteacher,Not applicable,null,null,null,Not applicable,null,null,Not applicable,Not applicable,null,null,null,Not applicable,null,null,null,null,null,null,null,null,null,null,null,null,null,null,null,null,null,null,H,London,E09000007,Camden,E05013666,King's Cross,E14001290,Holborn and St Pancras,UN1,Urban: Nearer to a major town or city,E09000007,529992,183696,null,Camden 022,Camden 022F,null,null,null,null,null,999,null,null,null,null,null,5183814,null,E02000187,E01035708
141163,203,Greenwich,4250,Woolwich Polytechnic School,34,Academy converter,10,Academies,1,Open,10,Academy Converter,2014-08-01,99,null,null,4,Secondary,11,19,1,No boarders,No Nursery Classes,1,Has a sixth form,1,Boys,0,Does not apply,Does not apply,0000,Not applicable,4,Non-selective,1820,2,No Special Classes,2026-01-15,1565,1354,211,36.1,3,Supported by a multi-academy trust,4220,POLYMAT,Linked to a sponsor,PolyMAT,Not applicable,null,null,10046763,null,Not applicable,null,null,null,2026-07-01,Hutchins Road,Thamesmead,null,London,null,SE28 8AT,http://woolwichpoly.co.uk/,2083107000,Mr,Tom,Lawrence,Co Headteacher,Not applicable,null,null,null,Not applicable,null,Not applicable,Not applicable,Not applicable,null,null,Not applicable,Not applicable,OTH - Other Difficulty/Disability,ASD - Autistic Spectrum Disorder,MLD - Moderate Learning Difficulty,null,null,null,null,null,null,null,null,null,null,SEN unit,null,null,14,15,H,London,E09000011,Greenwich,E05014090,Thamesmead Moorings,E14001229,Erith and Thamesmead,UN1,Urban: Nearer to a major town or city,E09000011,546432,180397,null,Greenwich 002,Greenwich 002I,null,null,null,null,null,999,null,null,null,null,null,100023267028,null,E02000314,E01033745
141164,202,Camden,4001,The ArtsXchange,38,Free schools alternative provision,11,Free Schools,1,Open,6,New Provision,2014-09-01,99,null,null,0,Not applicable,14,19,1,No boarders,No Nursery Classes,1,Has a sixth form,3,Mixed,6,None,None,9999,null,0,Not applicable,110,0,Not applicable,2026-01-15,15,10,5,100,3,Supported by a multi-academy trust,17197,THE BECKMEAD TRUST,-,null,Not applicable,null,null,10047087,null,Not applicable,null,null,null,2026-08-10,City Road,null,null,London,null,EC1V 1JX,https://www.beckmeadtrust.org/artsxchange,2045684747,Mrs,Gosia,Klosek,Principal,Not applicable,null,null,null,Not applicable,null,null,Not applicable,Not applicable,null,null,null,Not applicable,ASD - Autistic Spectrum Disorder,"SEMH - Social, Emotional and Mental Health",MLD - Moderate Learning Difficulty,null,null,null,null,null,null,null,null,null,null,Resourced provision,25,25,null,null,H,London,E09000019,Islington,E05013711,St Peter's & Canalside,E14001306,Islington South and Finsbury,UN1,Urban: Nearer to a major town or city,E09000007,532050,182965,null,Islington 020,Islington 020G,null,null,null,null,null,999,null,null,null,null,United Kingdom,5300020118,null,E02000573,E01035656
141309,203,Greenwich,4271,Leigh Stationers' Academy,34,Academy converter,10,Academies,1,Open,10,Academy Converter,2014-09-01,99,null,null,4,Secondary,11,18,1,No boarders,No Nursery Classes,1,Has a sixth form,3,Mixed,0,Does not apply,Does not apply,0000,Not applicable,4,Non-selective,1800,2,No Special Classes,2026-01-15,1764,1060,704,18.1,3,Supported by a multi-academy trust,3725,LEIGH ACADEMIES TRUST,Linked to a sponsor,Leigh Academies Trust,Not applicable,null,null,10047139,null,Not applicable,null,null,null,2026-07-01,145 Bexley Road,Eltham,null,London,null,SE9 2PT,www.scwa.org.uk,2088507678,Mr,Ben,Russell,Executive Principal,Not applicable,null,null,null,Not applicable,null,Not applicable,Not applicable,Not applicable,null,null,Not applicable,Not applicable,VI - Visual Impairment,MLD - Moderate Learning Difficulty,null,null,null,null,null,null,null,null,null,null,null,Resourced provision and SEN unit,8,8,18,25,H,London,E09000011,Greenwich,E05014079,Eltham Town & Avery Hill,E14001223,Eltham and Chislehurst,UN1,Urban: Nearer to a major town or city,E09000011,544337,174636,null,Greenwich 028,Greenwich 028B,null,null,null,null,null,999,null,null,null,null,null,10010238137,null,E02000340,E01001614
141315,203,Greenwich,6004,Pulse and Water College,11,Other independent school,3,Independent schools,1,Open,6,New Provision,2014-09-04,99,null,null,0,Not applicable,11,18,1,No boarders,No Nursery Classes,1,Has a sixth form,3,Mixed,6,None,None,0000,Not applicable,4,Non-selective,55,2,No Special Classes,2024-01-18,13,12,1,null,0,Not applicable,null,null,Not applicable,null,Not applicable,null,null,10049274,null,Not applicable,null,null,null,2026-07-23,138 Eynsham Drive,Abbey Wood,London,Greenwich,null,SE2 9PT,www.pulseandwater.co.uk,2083172639,Dr,Temi,Ladenika,null,Not applicable,null,null,null,Not applicable,null,null,Not applicable,Not applicable,null,null,null,Not approved,null,null,null,null,null,null,null,null,null,null,null,null,null,null,null,null,null,null,H,London,E09000011,Greenwich,E05014072,Abbey Wood,E14001229,Erith and Thamesmead,UN1,Urban: Nearer to a major town or city,E09000011,546683,179342,null,Greenwich 003,Greenwich 003B,Ofsted,6,4,Does not have boarders,Temi Ladenika,999,null,null,null,null,United Kingdom,100020962530,null,E02000315,E01001576
141716,203,Greenwich,4716,St Thomas More Catholic Comprehensive School,34,Academy converter,10,Academies,1,Open,10,Academy Converter,2015-02-01,99,null,null,4,Secondary,11,16,1,No boarders,No Nursery Classes,2,Does not have a sixth form,3,Mixed,35,Catholic,Does not apply,RC19,Archdiocese of Southwark,4,Non-selective,624,2,No Special Classes,2026-01-15,637,336,301,15.9,3,Supported by a multi-academy trust,17515,ST OSCAR ROMERO CATHOLIC ACADEMY TRUST,-,null,Not applicable,null,null,10048674,null,Not applicable,null,null,null,2026-07-01,Footscray Road,Eltham,null,London,null,SE9 2SU,http://www.stmcomprehensive.org/,2088506700,Mr,Stuart,Sharp,Headteacher,Not applicable,null,null,null,Not applicable,null,Not applicable,Not applicable,Not applicable,null,null,Not applicable,Not applicable,null,null,null,null,null,null,null,null,null,null,null,null,null,null,null,null,null,null,H,London,E09000011,Greenwich,E05014079,Eltham Town & Avery Hill,E14001223,Eltham and Chislehurst,UN1,Urban: Nearer to a major town or city,E09000011,543353,174161,null,Greenwich 028,Greenwich 028A,null,null,null,null,null,999,null,null,null,null,null,100023282798,null,E02000340,E01001613
142408,202,Camden,6004,Jeannine Manuel School,11,Other independent school,3,Independent schools,1,Open,6,New Provision,2015-09-08,99,null,null,0,Not applicable,2,18,1,No boarders,Has Nursery Classes,1,Has a sixth form,3,Mixed,6,None,None,0000,Not applicable,2,Selective,1000,0,Not applicable,2024-01-18,687,318,369,null,0,Not applicable,null,null,Not applicable,null,Not applicable,null,null,10073551,null,null,null,null,null,2026-07-23,43-45 Bedford Square,Bloomsbury,null,London,null,WC1B 3DN,www.ecolejeanninemanuel.org.uk,2038295974,Mrs,PAULINE,PREVOT,null,Not applicable,null,null,null,Not applicable,null,null,Not applicable,Not applicable,null,null,null,Not approved,null,null,null,null,null,null,null,null,null,null,null,null,null,null,null,null,null,null,H,London,E09000007,Camden,E05013653,Bloomsbury,E14001290,Holborn and St Pancras,UN1,Urban: Nearer to a major town or city,E09000007,529854,181588,null,Camden 028,Camden 028A,ISI,0,105,Does not have boarders,Ecole Jeannine Manuel UK,999,null,null,null,null,null,5127180,null,E02000193,E01000855
142608,203,Greenwich,4003,International Academy of Greenwich,35,Free schools,11,Free Schools,2,Closed,11,Academy Free School,2016-09-05,2,Closure,2021-08-31,4,Secondary,11,19,9,null,No Nursery Classes,0,Not applicable,3,Mixed,6,None,None,9999,null,4,Non-selective,875,0,Not applicable,2021-01-21,41,27,14,23.1,2,Not supported by a trust,null,null,-,null,Not applicable,null,null,10056975,null,null,null,null,null,2021-08-31,21 Meadowcourt Road,1st Floor King's Church,null,London,null,SE3 9DU,null,null,Mr,Anton,Innocent,Principal,Not applicable,null,null,null,Not applicable,null,null,Not applicable,Not applicable,null,null,null,Not applicable,null,null,null,null,null,null,null,null,null,null,null,null,null,null,null,null,null,null,H,London,E09000011,Greenwich,E05000224,Middle Park and Sutcliffe,E14000690,Eltham,A1,(England/Wales) Urban major conurbation,E09000011,539902,175059,null,Greenwich 034,Greenwich 034B,null,null,null,null,null,999,null,null,null,null,null,100023270029,null,E02006927,E01001657
143079,203,Greenwich,2890,Windrush Thamesmead Primary School,34,Academy converter,10,Academies,1,Open,10,Academy Converter,2016-09-01,99,null,null,2,Primary,3,11,1,No boarders,Has Nursery Classes,2,Does not have a sixth form,3,Mixed,0,Does not apply,Does not apply,0000,Not applicable,0,Not applicable,210,2,No Special Classes,2026-01-15,237,110,127,52.2,3,Supported by a multi-academy trust,16327,ENDEAVOUR PARTNERSHIP TRUST,Linked to a sponsor,Endeavour Partnership Trust,Not applicable,null,null,10057444,null,Not applicable,null,null,null,2026-07-02,2 Bentham Road,Thamesmead,null,London,null,SE28 8AR,https://www.windrushthamesmead.org.uk,2083100157,Ms,Carrie,Lee,Executive Headteacher,Not applicable,null,null,null,Not applicable,null,Not applicable,Not applicable,Not applicable,null,null,Not applicable,Not applicable,null,null,null,null,null,null,null,null,null,null,null,null,null,null,null,null,null,null,H,London,E09000011,Greenwich,E05014090,Thamesmead Moorings,E14001229,Erith and Thamesmead,UN1,Urban: Nearer to a major town or city,E09000011,546939,180338,null,Greenwich 001,Greenwich 001C,null,null,null,null,null,999,null,null,null,null,null,100020940126,null,E02000313,E01001693
143209,203,Greenwich,2919,Timbercroft Primary School,34,Academy converter,10,Academies,1,Open,10,Academy Converter,2016-09-01,99,null,null,2,Primary,3,11,1,No boarders,Has Nursery Classes,2,Does not have a sixth form,3,Mixed,0,Does not apply,Does not apply,0000,Not applicable,0,Not applicable,437,0,Not applicable,2026-01-15,363,190,173,26.6,3,Supported by a multi-academy trust,16311,MARITIME ACADEMY TRUST,Linked to a sponsor,Maritime Academy Trust,Not applicable,null,null,10057776,null,Not applicable,null,null,null,2026-07-02,Timbercroft Lane,Plumstead,null,London,null,SE18 2SG,http://www.timbercroft.greenwich.sch.uk/,2088546915,Ms,Rachel,Mollett,Headteacher,Not applicable,null,null,null,Not applicable,null,Not applicable,Not applicable,Not applicable,null,null,Not applicable,Not applicable,null,null,null,null,null,null,null,null,null,null,null,null,null,null,null,null,null,null,H,London,E09000011,Greenwich,E05014088,Plumstead Common,E14001229,Erith and Thamesmead,UN1,Urban: Nearer to a major town or city,E09000011,545264,177428,null,Greenwich 017,Greenwich 017D,null,null,null,null,null,999,null,null,null,null,null,100023243229,null,E02000329,E01001685
143210,203,Greenwich,2790,Brooklands Primary School,34,Academy converter,10,Academies,1,Open,10,Academy Converter,2016-09-01,99,null,null,2,Primary,2,11,1,No boarders,Has Nursery Classes,2,Does not have a sixth form,3,Mixed,0,Does not apply,Does not apply,0000,Not applicable,0,Not applicable,256,2,No Special Classes,2026-01-15,233,128,105,18.4,3,Supported by a multi-academy trust,16311,MARITIME ACADEMY TRUST,Linked to a sponsor,Maritime Academy Trust,Not applicable,null,null,10057784,null,Not applicable,null,null,null,2026-07-02,Medebourne Close,Casterbridge Road,null,London,null,SE3 9AB,http://www.brooklandsschool.org.uk/,2088528210,Mrs,Joanne,Wilkinson- Tabi,Headteacher,Not applicable,null,null,null,Not applicable,null,Not applicable,Not applicable,Not applicable,null,null,Not applicable,Not applicable,null,null,null,null,null,null,null,null,null,null,null,null,null,Not applicable,null,null,null,null,H,London,E09000011,Greenwich,E05014073,Blackheath Westcombe,E14001223,Eltham and Chislehurst,UN1,Urban: Nearer to a major town or city,E09000011,540311,175836,null,Greenwich 034,Greenwich 034A,null,null,null,null,null,999,null,null,null,null,null,100023269713,null,E02006927,E01001656
143211,203,Greenwich,2018,Millennium Primary School,34,Academy converter,10,Academies,1,Open,10,Academy Converter,2016-09-01,99,null,null,2,Primary,3,11,1,No boarders,Has Nursery Classes,2,Does not have a sixth form,3,Mixed,0,Does not apply,Does not apply,0000,Not applicable,0,Not applicable,450,1,Has Special Classes,2026-01-15,384,188,196,22.2,3,Supported by a multi-academy trust,16311,MARITIME ACADEMY TRUST,Linked to a sponsor,Maritime Academy Trust,Not applicable,null,null,10057782,null,Not applicable,null,null,null,2026-07-02,50 John Harrison Way,Greenwich,null,London,null,SE10 0BG,http://millenniumprimary.org.uk/,2088580394,Ms,Rachel,Mollett,Headteacher,Not applicable,null,null,null,Not applicable,null,Not applicable,Not applicable,Not applicable,null,null,Not applicable,Not applicable,ASD - Autistic Spectrum Disorder,null,null,null,null,null,null,null,null,null,null,null,null,Resourced provision,null,null,null,null,H,London,E09000011,Greenwich,E05014082,Greenwich Peninsula,E14001257,Greenwich and Woolwich,UN1,Urban: Nearer to a major town or city,E09000011,539725,179099,null,Greenwich 041,Greenwich 041E,null,null,null,null,null,999,null,null,null,null,null,100023229017,null,E02006993,E01033732
143592,203,Greenwich,2885,Foxfield Primary School,34,Academy converter,10,Academies,1,Open,10,Academy Converter,2017-06-01,99,null,null,2,Primary,3,11,1,No boarders,Has Nursery Classes,2,Does not have a sixth form,3,Mixed,0,Does not apply,Does not apply,0000,Not applicable,0,Not applicable,630,2,No Special Classes,2026-01-15,666,345,321,31.2,3,Supported by a multi-academy trust,16696,INSPIRE PARTNERSHIP ACADEMY TRUST,Linked to a sponsor,Inspire Partnership Academy Trust,Not applicable,null,null,10062311,null,Not applicable,null,null,null,2026-07-02,Sandbach Place,null,null,London,null,SE18 7EX,www.foxfield.org.uk/,2032607500,null,Megan Minnett & Tatum Sharp,(Co-Headteachers),Headteacher,Not applicable,null,null,null,Not applicable,null,Not applicable,Not applicable,Not applicable,null,null,Not applicable,Not applicable,ASD - Autistic Spectrum Disorder,null,null,null,null,null,null,null,null,null,null,null,null,Resourced provision,7,10,null,null,H,London,E09000011,Greenwich,E05014093,Woolwich Common,E14001229,Erith and Thamesmead,UN1,Urban: Nearer to a major town or city,E09000011,544122,178461,null,Greenwich 009,Greenwich 009C,null,null,null,null,null,999,null,null,null,null,null,10010213441,null,E02000321,E01001634
143593,203,Greenwich,2804,Rockliffe Manor Primary School,34,Academy converter,10,Academies,1,Open,10,Academy Converter,2017-06-01,99,null,null,2,Primary,3,11,1,No boarders,Has Nursery Classes,2,Does not have a sixth form,3,Mixed,0,Does not apply,Does not apply,0000,Not applicable,0,Not applicable,241,2,No Special Classes,2026-01-15,189,92,97,46.3,3,Supported by a multi-academy trust,16696,INSPIRE PARTNERSHIP ACADEMY TRUST,Linked to a sponsor,Inspire Partnership Academy Trust,Not applicable,null,null,10062310,null,Not applicable,null,null,null,2026-07-02,Bassant Road,null,null,London,null,SE18 2NP,www.rockliffemanor.co.uk,2088544785,Mrs,Nancy,Cook,null,Not applicable,null,null,null,Not applicable,null,Not applicable,Not applicable,Not applicable,null,null,Not applicable,Not applicable,null,null,null,null,null,null,null,null,null,null,null,null,null,Not applicable,null,null,null,null,H,London,E09000011,Greenwich,E05014088,Plumstead Common,E14001229,Erith and Thamesmead,UN1,Urban: Nearer to a major town or city,E09000011,545525,177585,null,Greenwich 033,Greenwich 033B,null,null,null,null,null,999,null,null,null,null,null,100023243259,null,E02006786,E01001671
143594,203,Greenwich,2656,Woodhill Primary School,34,Academy converter,10,Academies,1,Open,10,Academy Converter,2017-06-01,99,null,null,2,Primary,3,11,1,No boarders,Has Nursery Classes,2,Does not have a sixth form,3,Mixed,0,Does not apply,Does not apply,0000,Not applicable,0,Not applicable,661,2,No Special Classes,2026-01-15,331,157,174,63.8,3,Supported by a multi-academy trust,16696,INSPIRE PARTNERSHIP ACADEMY TRUST,Linked to a sponsor,Inspire Partnership Academy Trust,Not applicable,null,null,10062309,null,Not applicable,null,null,null,2026-07-02,Woodhill,null,null,London,null,SE18 5JE,www.woodhillschool.co.uk/,2088545055,Miss,Martha,Holder,Headteacher,Not applicable,null,null,null,Not applicable,null,Not applicable,Not applicable,Not applicable,null,null,Not applicable,Not applicable,null,null,null,null,null,null,null,null,null,null,null,null,null,null,null,null,null,null,H,London,E09000011,Greenwich,E05014094,Woolwich Dockyard,E14001257,Greenwich and Woolwich,UN1,Urban: Nearer to a major town or city,E09000011,542375,178697,null,Greenwich 005,Greenwich 005F,null,null,null,null,null,999,null,null,null,null,null,100023244656,null,E02000317,E01034173
143595,203,Greenwich,7201,Willow Dene School,44,Academy special converter,10,Academies,1,Open,10,Academy Converter,2017-07-01,99,null,null,0,Not applicable,2,19,1,No boarders,Has Nursery Classes,1,Has a sixth form,3,Mixed,0,Does not apply,Does not apply,0000,Not applicable,0,Not applicable,264,0,Not applicable,2026-01-15,315,206,109,58.9,3,Supported by a multi-academy trust,16726,THE COMPASS PARTNERSHIP OF SCHOOLS,-,null,Not applicable,null,null,10061511,null,Not applicable,null,null,null,2026-07-02,Swingate Lane,null,null,Plumstead,null,SE18 2JD,www.willowdene.compassps.uk,2088549841,Ms,Rachel,Harrison,Executive Headteacher,Not applicable,null,null,null,Not applicable,null,Not applicable,Not applicable,Not applicable,null,null,Not applicable,Not applicable,null,null,null,null,null,null,null,null,null,null,null,null,null,Not applicable,null,null,null,null,H,London,E09000011,Greenwich,E05014088,Plumstead Common,E14001229,Erith and Thamesmead,UN1,Urban: Nearer to a major town or city,E09000011,545325,176972,null,Greenwich 017,Greenwich 017A,null,null,null,null,null,999,null,null,null,null,null,10010224939,null,E02000329,E01001678
143596,203,Greenwich,2920,South Rise Primary School,34,Academy converter,10,Academies,1,Open,10,Academy Converter,2017-07-01,99,null,null,2,Primary,3,11,1,No boarders,Has Nursery Classes,2,Does not have a sixth form,3,Mixed,0,Does not apply,Does not apply,0000,Not applicable,0,Not applicable,630,0,Not applicable,2026-01-15,508,272,236,41.7,3,Supported by a multi-academy trust,16726,THE COMPASS PARTNERSHIP OF SCHOOLS,-,null,Not applicable,null,null,10063111,null,Not applicable,null,null,null,2026-07-02,Brewery Road,Plumstead,null,London,null,SE18 7PX,http://www.southrise.compassps.uk,2088551050,Mrs,Katie,Cutajar,Head of School,Not applicable,null,null,null,Not applicable,null,Not applicable,Not applicable,Not applicable,null,null,Not applicable,Not applicable,null,null,null,null,null,null,null,null,null,null,null,null,null,Not applicable,null,null,null,null,H,London,E09000011,Greenwich,E05014087,Plumstead & Glyndon,E14001229,Erith and Thamesmead,UN1,Urban: Nearer to a major town or city,E09000011,544713,178425,null,Greenwich 007,Greenwich 007C,null,null,null,null,null,999,null,null,null,null,null,10010203419,null,E02000319,E01001632
143597,203,Greenwich,2275,Halstow Primary School,34,Academy converter,10,Academies,1,Open,10,Academy Converter,2017-07-01,99,null,null,2,Primary,5,11,1,No boarders,No Nursery Classes,2,Does not have a sixth form,3,Mixed,0,Does not apply,Does not apply,0000,Not applicable,0,Not applicable,420,2,No Special Classes,2026-01-15,410,206,204,15.9,3,Supported by a multi-academy trust,16726,THE COMPASS PARTNERSHIP OF SCHOOLS,-,null,Not applicable,null,null,10063110,null,Not applicable,null,null,null,2026-07-02,Halstow Road,Greenwich,null,London,null,SE10 0LD,www.halstow.compassps.uk,2088582767,Ms,Natasha,Tilley,Headteacher,Not applicable,null,null,null,Not applicable,null,Not applicable,Not applicable,Not applicable,null,null,Not applicable,Not applicable,null,null,null,null,null,null,null,null,null,null,null,null,null,null,null,null,null,null,H,London,E09000011,Greenwich,E05014076,East Greenwich,E14001257,Greenwich and Woolwich,UN1,Urban: Nearer to a major town or city,E09000011,540019,178163,null,Greenwich 037,Greenwich 037C,null,null,null,null,null,999,null,null,null,null,null,100023227605,null,E02006930,E01001665
143598,203,Greenwich,2313,Horn Park Primary School,34,Academy converter,10,Academies,1,Open,10,Academy Converter,2017-07-01,99,null,null,2,Primary,4,11,1,No boarders,No Nursery Classes,2,Does not have a sixth form,3,Mixed,0,Does not apply,Does not apply,0000,Not applicable,0,Not applicable,420,2,No Special Classes,2026-01-15,257,137,120,44.4,3,Supported by a multi-academy trust,16726,THE COMPASS PARTNERSHIP OF SCHOOLS,-,null,Not applicable,null,null,10063109,null,Not applicable,null,null,null,2026-07-14,Alnwick Road,Lee,null,London,null,SE12 9BT,www.hornpark.compassps.uk,2088575003,Mr,Jack,Green,Headteacher,Not applicable,null,null,null,Not applicable,null,Not applicable,Not applicable,Not applicable,null,null,Not applicable,Not applicable,null,null,null,null,null,null,null,null,null,null,null,null,null,null,null,null,null,null,H,London,E09000011,Greenwich,E05014085,Middle Park & Horn Park,E14001223,Eltham and Chislehurst,UN1,Urban: Nearer to a major town or city,E09000011,540826,173663,null,Greenwich 029,Greenwich 029B,null,null,null,null,null,999,null,null,null,null,null,100023232882,null,E02000341,E01001654
143599,203,Greenwich,2923,Deansfield Primary School,34,Academy converter,10,Academies,1,Open,10,Academy Converter,2017-07-01,99,null,null,2,Primary,3,11,1,No boarders,Has Nursery Classes,2,Does not have a sixth form,3,Mixed,0,Does not apply,Does not apply,0000,Not applicable,4,Non-selective,420,0,Not applicable,2026-01-15,461,240,221,11.2,3,Supported by a multi-academy trust,16726,THE COMPASS PARTNERSHIP OF SCHOOLS,-,null,Not applicable,null,null,10063108,null,Not applicable,null,null,null,2026-07-02,Dairsie Road,Eltham,null,London,null,SE9 1XP,https://www.deansfield.compassps.uk/,2088501218,Mrs,Karen,Baldwin,Executive Headteacher,Not applicable,null,null,null,Not applicable,null,Not applicable,Not applicable,Not applicable,null,null,Not applicable,Not applicable,null,null,null,null,null,null,null,null,null,null,null,null,null,Not applicable,null,null,null,null,H,London,E09000011,Greenwich,E05014078,Eltham Park & Progress,E14001223,Eltham and Chislehurst,UN1,Urban: Nearer to a major town or city,E09000011,543353,175720,null,Greenwich 023,Greenwich 023B,null,null,null,null,null,999,null,null,null,null,United Kingdom,200002802208,null,E02000335,E01001606
143601,203,Greenwich,2024,Alderwood Primary School,34,Academy converter,10,Academies,1,Open,10,Academy Converter,2017-07-01,99,null,null,2,Primary,3,11,1,No boarders,No Nursery Classes,2,Does not have a sixth form,3,Mixed,0,Does not apply,Does not apply,0000,Not applicable,0,Not applicable,210,2,No Special Classes,2026-01-15,192,102,90,57.3,3,Supported by a multi-academy trust,16726,THE COMPASS PARTNERSHIP OF SCHOOLS,-,null,Not applicable,null,null,10063107,null,Not applicable,null,null,null,2026-07-14,Rainham Close,Eltham,null,London,null,SE9 2JH,http://www.alderwood.compassps.uk,2088506841,Mr,David,Guy,Executive Headteacher,Not applicable,null,null,null,Not applicable,null,Not applicable,Not applicable,Not applicable,null,null,Not applicable,Not applicable,ASD - Autistic Spectrum Disorder,null,null,null,null,null,null,null,null,null,null,null,null,Resourced provision,7,10,null,null,H,London,E09000011,Greenwich,E05014079,Eltham Town & Avery Hill,E14001223,Eltham and Chislehurst,UN1,Urban: Nearer to a major town or city,E09000011,545054,174230,null,Greenwich 030,Greenwich 030E,null,null,null,null,null,999,null,null,null,null,null,100023282789,null,E02000342,E01033729
143686,203,Greenwich,4005,Woolwich Polytechnic School for Girls,35,Free schools,11,Free Schools,1,Open,99,null,2019-09-02,99,null,null,4,Secondary,11,16,1,No boarders,No Nursery Classes,2,Does not have a sixth form,2,Girls,6,None,None,9999,null,4,Non-selective,1200,0,Not applicable,2026-01-15,1120,0,1120,42.2,3,Supported by a multi-academy trust,4220,POLYMAT,Linked to a sponsor,PolyMAT,Not applicable,null,null,10083777,null,null,null,null,null,2026-07-02,1 Birchdene Drive,null,null,Thamesmead,null,SE28 8RF,www.woolwichpolygirls.co.uk,2080592800,Ms,Lizaan,Williams,null,Not applicable,null,null,null,Not applicable,null,null,Not applicable,Not applicable,null,null,null,Not applicable,null,null,null,null,null,null,null,null,null,null,null,null,null,Not applicable,null,null,null,null,H,London,E09000011,Greenwich,E05014090,Thamesmead Moorings,E14001229,Erith and Thamesmead,UN1,Urban: Nearer to a major town or city,E09000011,546456,180360,null,Greenwich 002,Greenwich 002I,null,null,null,null,null,999,null,null,null,null,United Kingdom,10010239372,null,E02000314,E01033745
143927,203,Greenwich,4006,Royal Greenwich Trust School,35,Free schools,11,Free Schools,1,Open,6,New Provision,2016-09-01,99,null,null,4,Secondary,11,19,1,No boarders,No Nursery Classes,1,Has a sixth form,3,Mixed,6,None,None,9999,null,4,Non-selective,900,0,Not applicable,2026-01-15,871,521,350,47.9,3,Supported by a multi-academy trust,16343,"UNIVERSITY SCHOOLS TRUST, EAST LONDON",Linked to a sponsor,University Schools Trust,Not applicable,null,null,10062245,null,null,null,null,null,2026-07-02,765 Woolwich Road,Greenwich,null,London,null,SE7 8LJ,http://www.rgtrustschool.net,2083125480,Mrs,Cath,Smith,Headteacher,Not applicable,null,null,null,Not applicable,null,null,Not applicable,Not applicable,null,null,null,Not applicable,null,null,null,null,null,null,null,null,null,null,null,null,null,Not applicable,null,null,null,null,H,London,E09000011,Greenwich,E05014075,Charlton Village & Riverside,E14001257,Greenwich and Woolwich,UN1,Urban: Nearer to a major town or city,E09000011,542041,179040,null,Greenwich 042,Greenwich 042C,null,null,null,null,null,999,null,null,null,null,null,10010245804,null,E02006994,E01034198
144091,203,Greenwich,3535,St Mary's Catholic Primary School,34,Academy converter,10,Academies,1,Open,10,Academy Converter,2017-07-01,99,null,null,2,Primary,3,11,1,No boarders,Has Nursery Classes,2,Does not have a sixth form,3,Mixed,3,Roman Catholic,Does not apply,RC19,Archdiocese of Southwark,0,Not applicable,420,2,No Special Classes,2026-01-15,447,217,230,10.7,3,Supported by a multi-academy trust,17515,ST OSCAR ROMERO CATHOLIC ACADEMY TRUST,-,null,Not applicable,null,null,10063060,null,Not applicable,null,null,null,2026-07-21,Glenure Road,Eltham,null,London,null,SE9 1UF,www.stmaryrc.org.uk/,2088507835,Mr,Jonathan,Sims,Headteacher,Not applicable,null,null,null,Not applicable,null,Not applicable,Not applicable,Not applicable,null,null,Not applicable,Not applicable,null,null,null,null,null,null,null,null,null,null,null,null,null,null,null,null,null,null,H,London,E09000011,Greenwich,E05014079,Eltham Town & Avery Hill,E14001223,Eltham and Chislehurst,UN1,Urban: Nearer to a major town or city,E09000011,543505,174748,null,Greenwich 027,Greenwich 027C,null,null,null,null,null,999,null,null,null,null,null,100023282375,null,E02000339,E01001608
144813,202,Camden,7905,NHS Choices College,32,Special post 16 institution,9,Other types,1,Open,99,null,null,99,null,null,0,Not applicable,16,24,1,No boarders,Not applicable,0,Not applicable,3,Mixed,0,Does not apply,Does not apply,0000,Not applicable,9,null,250,0,Not applicable,null,null,null,null,null,0,Not applicable,null,null,Not applicable,null,Not applicable,null,null,10064084,null,null,null,null,null,2026-08-11,The Grainger Suite,Dobson House,Regent Centre,Newcastle-upon-Tyne,Tyne and Wear,NE3 3PF,https://swlstg.nhs.uk/service-detail/service/choices-college-213/,null,Mrs,Clare,Learwood,null,Not applicable,null,null,null,Not applicable,null,null,Not applicable,Not applicable,null,null,null,Approved,null,null,null,null,null,null,null,null,null,null,null,null,null,null,null,null,null,null,H,London,E08000021,Newcastle upon Tyne,E05011446,Fawdon & West Gosforth,E14001379,Newcastle upon Tyne North,UN1,Urban: Nearer to a major town or city,E09000007,424165,568580,null,Newcastle upon Tyne 006,Newcastle upon Tyne 006B,null,null,null,null,null,999,null,null,null,null,United Kingdom,4510105605,null,E02001713,E01008355
145210,203,Greenwich,2266,Greenacres Primary School and Language Impairment Unit,34,Academy converter,10,Academies,1,Open,10,Academy Converter,2017-11-01,99,null,null,2,Primary,2,11,1,No boarders,Has Nursery Classes,2,Does not have a sixth form,3,Mixed,0,Does not apply,Does not apply,0000,Not applicable,0,Not applicable,210,1,Has Special Classes,2026-01-15,265,144,121,44.1,3,Supported by a multi-academy trust,16311,MARITIME ACADEMY TRUST,Linked to a sponsor,Maritime Academy Trust,Not applicable,null,null,10065951,null,Not applicable,null,null,null,2026-07-02,Witherston Way,Eltham,null,London,null,SE9 3JN,www.greenacres.org.uk/,2088574965,null,Joanne,Wilkinson-Tabi,Head of School,Not applicable,null,null,null,Not applicable,null,Not applicable,Not applicable,Not applicable,null,null,Not applicable,Not applicable,"SLCN - Speech, language and Communication",ASD - Autistic Spectrum Disorder,null,null,null,null,null,null,null,null,null,null,null,Resourced provision and SEN unit,29,30,8,16,H,London,E09000011,Greenwich,E05014086,"Mottingham, Coldharbour & New Eltham",E14001223,Eltham and Chislehurst,UN1,Urban: Nearer to a major town or city,E09000011,543070,172575,null,Greenwich 031,Greenwich 031C,null,null,null,null,null,999,null,null,null,null,null,100023283259,null,E02000343,E01001602
145215,203,Greenwich,2902,Nightingale Primary School,34,Academy converter,10,Academies,1,Open,10,Academy Converter,2017-11-01,99,null,null,2,Primary,3,11,1,No boarders,Has Nursery Classes,2,Does not have a sixth form,3,Mixed,0,Does not apply,Does not apply,0000,Not applicable,0,Not applicable,210,2,No Special Classes,2026-01-15,224,115,109,41.8,3,Supported by a multi-academy trust,16311,MARITIME ACADEMY TRUST,Linked to a sponsor,Maritime Academy Trust,Not applicable,null,null,10065954,null,Not applicable,null,null,null,2026-07-02,Bloomfield Road,Woolwich,null,London,null,SE18 7JJ,http://www.nightingaleprimary.org.uk/,2088546838,Mr,Omar,Jennings,Headteacher,Not applicable,null,null,null,Not applicable,null,Not applicable,Not applicable,Not applicable,null,null,Not applicable,Not applicable,null,null,null,null,null,null,null,null,null,null,null,null,null,null,null,null,null,null,H,London,E09000011,Greenwich,E05014093,Woolwich Common,E14001257,Greenwich and Woolwich,UN1,Urban: Nearer to a major town or city,E09000011,543887,178056,null,Greenwich 011,Greenwich 011D,null,null,null,null,null,999,null,null,null,null,null,100023246397,null,E02000323,E01001700
145315,203,Greenwich,4007,Leigh Academy Halley,28,Academy sponsor led,10,Academies,1,Open,4,Fresh Start,2018-03-01,99,null,null,4,Secondary,11,19,9,null,No Nursery Classes,1,Has a sixth form,3,Mixed,6,None,None,9999,null,9,null,1100,0,Not applicable,2026-01-15,987,583,404,40.4,3,Supported by a multi-academy trust,3725,LEIGH ACADEMIES TRUST,Linked to a sponsor,Leigh Academies Trust,Not applicable,null,null,10066521,null,null,null,null,null,2026-07-02,Corelli Road,null,null,London,null,SE3 8EP,www.thehalleyacademy.org.uk,2088562828,Mr,Ben,Russell,null,Not applicable,null,null,null,Not applicable,null,null,Not applicable,Not applicable,null,null,null,Not applicable,ASD - Autistic Spectrum Disorder,null,null,null,null,null,null,null,null,null,null,null,null,Resourced provision,15,15,null,null,H,London,E09000011,Greenwich,E05014083,Kidbrooke Park,E14001223,Eltham and Chislehurst,UN1,Urban: Nearer to a major town or city,E09000011,541878,176422,null,Greenwich 022,Greenwich 022D,null,null,null,null,null,999,null,null,null,null,United Kingdom,100023269117,null,E02000334,E01001649
145895,203,Greenwich,4008,Leigh Academy Blackheath,35,Free schools,11,Free Schools,1,Open,99,null,2018-09-01,99,null,null,4,Secondary,11,18,1,No boarders,No Nursery Classes,1,Has a sixth form,3,Mixed,0,Does not apply,Does not apply,9999,null,9,null,1150,2,No Special Classes,2026-01-15,1060,586,474,27.5,3,Supported by a multi-academy trust,3725,LEIGH ACADEMIES TRUST,Linked to a sponsor,Leigh Academies Trust,Not applicable,null,null,10068128,null,null,null,null,null,2026-07-02,Old Dover Road,Blackheath,null,London,null,SE3 8SY,https://leighacademyblackheath.org.uk/,2081040888,Mrs,Emma,Smith,null,Not applicable,null,null,null,Not applicable,null,null,Not applicable,Not applicable,null,null,null,Not applicable,null,null,null,null,null,null,null,null,null,null,null,null,null,null,null,null,null,null,H,London,E09000011,Greenwich,E05014074,Charlton Hornfair,E14001223,Eltham and Chislehurst,UN1,Urban: Nearer to a major town or city,X999999,540954,177252,null,Greenwich 019,Greenwich 019D,null,null,null,null,null,999,null,null,null,null,null,100023269325,null,E02000331,E01001652
146553,202,Camden,6005,LSI Independent College,11,Other independent school,3,Independent schools,1,Open,6,New Provision,2019-08-19,99,null,null,0,Not applicable,15,19,1,No boarders,No Nursery Classes,1,Has a sixth form,3,Mixed,6,None,None,0000,Not applicable,4,Non-selective,80,0,Not applicable,2024-01-18,36,14,22,null,0,Not applicable,null,null,Not applicable,null,Not applicable,null,null,null,null,null,null,null,null,2026-07-23,13 Lyndhurst Terrace,null,null,null,null,NW3 5QA,www.lsi.college,2077948111,Doctor,Iman,Hami,null,Not applicable,null,null,null,Not applicable,null,null,Not applicable,Not applicable,null,null,null,Not approved,null,null,null,null,null,null,null,null,null,null,null,null,null,null,null,null,null,null,H,London,E09000007,Camden,E05013659,Hampstead Town,E14001265,Hampstead and Highgate,UN1,Urban: Nearer to a major town or city,E09000007,526622,185348,null,Camden 008,Camden 008D,Ofsted,1,6,null,LSI Education Ltd,999,null,null,null,null,United Kingdom,5066179,null,E02000173,E01000897
147199,203,Greenwich,6006,Social Arts for Education,10,Other independent special school,5,Special schools,1,Open,6,New Provision,2019-08-07,99,null,null,0,Not applicable,11,19,1,No boarders,Not applicable,0,Not applicable,3,Mixed,99,null,None,0000,Not applicable,9,null,25,0,Not applicable,2024-01-18,21,7,14,null,0,Not applicable,null,null,Not applicable,null,Not applicable,null,null,null,null,null,null,null,null,2026-07-23,253 Eltham High Street,London,null,null,null,SE9 1TY,www.safeschoolbexley.co.uk,2088503286,Miss,Ruth,McWeeney,null,Not applicable,null,null,null,Not applicable,null,null,Not applicable,Not applicable,null,null,null,Not approved,null,null,null,null,null,null,null,null,null,null,null,null,null,null,null,null,null,null,H,London,E09000011,Greenwich,E05014079,Eltham Town & Avery Hill,E14001223,Eltham and Chislehurst,UN1,Urban: Nearer to a major town or city,E09000011,543440,174452,null,Greenwich 027,Greenwich 027C,Ofsted,20,1,null,Social Arts for Education,999,null,null,null,null,United Kingdom,100020961541,null,E02000339,E01001608
147439,203,Greenwich,4009,The John Roan School,28,Academy sponsor led,10,Academies,1,Open,6,New Provision,2019-09-01,99,null,null,4,Secondary,11,18,1,No boarders,No Nursery Classes,1,Has a sixth form,3,Mixed,6,None,None,0000,Not applicable,4,Non-selective,1400,2,No Special Classes,2026-01-15,1112,634,478,41.4,3,Supported by a multi-academy trust,5143,UNITED LEARNING TRUST,Linked to a sponsor,United Learning Trust,Not applicable,null,null,10084227,null,null,null,null,null,2026-07-02,Westcombe Park Road,Blackheath,null,London,null,SE3 7QR,http://www.thejohnroanschool.org.uk,2085167555,Dr,Jennie,Sanderson,null,Not applicable,null,null,null,Not applicable,null,null,Not applicable,Not applicable,null,null,null,Not applicable,ASD - Autistic Spectrum Disorder,null,null,null,null,null,null,null,null,null,null,null,null,Resourced provision,16,16,null,null,H,London,E09000011,Greenwich,E05014073,Blackheath Westcombe,E14001257,Greenwich and Woolwich,UN1,Urban: Nearer to a major town or city,E09000011,539630,177440,null,Greenwich 016,Greenwich 016D,null,null,null,null,null,999,null,null,null,null,United Kingdom,100023268140,null,E02000328,E01001587
147681,203,Greenwich,6007,Greenwich Engineering and Medical School,11,Other independent school,3,Independent schools,2,Closed,6,New Provision,2020-11-06,7,De-registered,2024-03-27,0,Not applicable,15,18,9,null,No Nursery Classes,1,Has a sixth form,3,Mixed,99,null,None,0000,Not applicable,2,Selective,150,0,Not applicable,2024-01-18,0,0,0,null,0,Not applicable,null,null,Not applicable,null,Not applicable,null,null,10088947,null,null,null,null,null,2024-07-12,31 Thomas Street,Woolwich,null,null,null,SE18 6HU,null,null,Mrs,Kyriaki,Eleftheriadou,null,Not applicable,null,null,null,Not applicable,null,null,Not applicable,Not applicable,null,null,null,Not approved,null,null,null,null,null,null,null,null,null,null,null,null,null,null,null,null,null,null,H,London,E09000011,Greenwich,E05014092,Woolwich Arsenal,E14000718,Greenwich and Woolwich,A1,(England/Wales) Urban major conurbation,E09000011,543473,178907,null,Greenwich 042,Greenwich 042D,Ofsted,0,null,null,Philip Onwuachi,999,null,null,null,null,United Kingdom,10010214075,null,E02006994,E01033735
147913,203,Greenwich,6008,Sumus Woolwich,11,Other independent school,3,Independent schools,2,Closed,6,New Provision,2020-11-11,2,Closure,2021-10-22,0,Not applicable,7,18,0,Not applicable,No Nursery Classes,1,Has a sixth form,3,Mixed,6,None,None,0000,Not applicable,0,Not applicable,50,0,Not applicable,2021-01-21,null,null,null,null,0,Not applicable,null,null,Not applicable,null,Not applicable,null,null,10086951,null,null,null,null,null,2021-11-11,38 Wellington Street,Woolwich,Greenwich,null,null,SE18 6HQ,null,null,Mrs,Janice,Thomas,null,Not applicable,null,null,null,Not applicable,null,null,Not applicable,Not applicable,null,null,null,Not approved,null,null,null,null,null,null,null,null,null,null,null,null,null,null,null,null,null,null,H,London,E09000011,Greenwich,E05000229,Woolwich Common,E14000718,Greenwich and Woolwich,A1,(England/Wales) Urban major conurbation,E09000011,543462,178787,null,Greenwich 011,Greenwich 011B,Ofsted,null,null,null,Sumus Education Ltd,999,null,null,null,null,United Kingdom,100023245447,null,E02000323,E01001696
147991,203,Greenwich,6009,Serenity School Eltham,10,Other independent special school,5,Special schools,1,Open,6,New Provision,2021-01-29,99,null,null,0,Not applicable,4,18,1,No boarders,Not applicable,0,Not applicable,3,Mixed,99,null,None,0000,Not applicable,9,null,150,1,Has Special Classes,2024-01-18,143,112,31,null,0,Not applicable,null,null,Not applicable,null,Not applicable,null,null,10087238,null,null,null,null,null,2026-07-23,70 Court Road,London,null,null,null,SE9 5NP,null,2045291960,Mrs,Samantha,Norris,null,Not applicable,null,null,null,Not applicable,null,null,Not applicable,Not applicable,null,null,null,Not approved,null,null,null,null,null,null,null,null,null,null,null,null,null,null,null,null,null,null,H,London,E09000011,Greenwich,E05014079,Eltham Town & Avery Hill,E14001223,Eltham and Chislehurst,UN1,Urban: Nearer to a major town or city,E09000011,542682,173670,null,Greenwich 028,Greenwich 028C,Ofsted,143,0,null,Serenity School Eltham Ltd,999,null,null,null,null,United Kingdom,100020953767,null,E02000340,E01001615
148614,203,Greenwich,2001,Hawksmoor School,28,Academy sponsor led,10,Academies,1,Open,6,New Provision,2021-04-01,99,null,null,2,Primary,3,11,1,No boarders,Has Nursery Classes,2,Does not have a sixth form,3,Mixed,6,None,None,0000,Not applicable,0,Not applicable,420,2,No Special Classes,2026-01-15,307,169,138,47.7,3,Supported by a multi-academy trust,16327,ENDEAVOUR PARTNERSHIP TRUST,Linked to a sponsor,Endeavour Partnership Trust,Not applicable,null,null,10088230,null,null,null,null,null,2026-07-03,Bentham Road,Thamesmead,null,London,null,SE28 8AS,www.hawksmoor.org.uk,2083102140,Mr,James,Thompson,null,Not applicable,null,null,null,Not applicable,null,null,Not applicable,Not applicable,null,null,null,Not applicable,null,null,null,null,null,null,null,null,null,null,null,null,null,null,null,null,null,null,H,London,E09000011,Greenwich,E05014090,Thamesmead Moorings,E14001229,Erith and Thamesmead,UN1,Urban: Nearer to a major town or city,E09000011,546710,180486,null,Greenwich 002,Greenwich 002B,null,null,null,null,null,999,null,null,null,null,United Kingdom,100023267208,null,E02000314,E01001688
148615,203,Greenwich,2851,Wingfield Primary School,34,Academy converter,10,Academies,1,Open,10,Academy Converter,2021-04-01,99,null,null,2,Primary,3,11,1,No boarders,Has Nursery Classes,2,Does not have a sixth form,3,Mixed,0,Does not apply,Does not apply,0000,Not applicable,0,Not applicable,682,2,No Special Classes,2026-01-15,667,315,352,18.5,3,Supported by a multi-academy trust,16726,THE COMPASS PARTNERSHIP OF SCHOOLS,-,null,Not applicable,null,null,10088231,null,null,null,null,null,2026-07-03,Ensign Street,null,null,London,null,SE3 9GJ,www.wingfield.compassps.uk,2088561167,Mr,Adam,Wilson,Head of School,Not applicable,null,null,null,Not applicable,null,Not applicable,Not applicable,Not applicable,null,Not applicable,Not applicable,Not applicable,null,null,null,null,null,null,null,null,null,null,null,null,null,null,null,null,null,null,H,London,E09000011,Greenwich,E05014084,Kidbrooke Village & Sutcliffe,E14001223,Eltham and Chislehurst,UN1,Urban: Nearer to a major town or city,E09000011,540596,175520,null,Greenwich 034,Greenwich 034F,Not applicable,null,null,null,null,999,null,null,null,null,United Kingdom,10010258211,null,E02006927,E01034174
149158,202,Camden,6006,City Junior School,11,Other independent school,3,Independent schools,1,Open,6,New Provision,2022-11-04,99,null,null,0,Not applicable,7,11,1,No boarders,No Nursery Classes,2,Does not have a sixth form,3,Mixed,6,None,None,0000,Not applicable,2,Selective,305,2,No Special Classes,2024-01-18,288,140,148,null,0,Not applicable,null,null,Not applicable,null,Not applicable,null,null,null,null,null,null,null,null,2026-07-23,CITY JUNIOR SCHOOL,4 GRAY'S INN PLACE,LONDON,null,null,WC1R 5EY,www.cityjuniorschool.org.uk,2038143506,Mr,Matthew,Foster,null,Not applicable,null,null,null,Not applicable,null,null,Not applicable,Not applicable,null,null,null,Not approved,null,null,null,null,null,null,null,null,null,null,null,null,null,null,null,null,null,null,H,London,E09000007,Camden,E05013662,Holborn & Covent Garden,E14001290,Holborn and St Pancras,UN1,Urban: Nearer to a major town or city,E09000007,531010,181703,null,Camden 028,Camden 028B,ISI,null,18,Does not have boarders,Board of Governors of the City Junior School,999,null,null,null,null,United Kingdom,5030411,null,E02000193,E01000914
149566,202,Camden,6008,Odyssey House School - Bloomsbury,10,Other independent special school,5,Special schools,1,Open,6,New Provision,2023-05-25,99,null,null,0,Not applicable,7,19,1,No boarders,Not applicable,0,Not applicable,3,Mixed,99,null,None,0000,Not applicable,9,null,45,0,Not applicable,2024-01-18,19,15,4,null,0,Not applicable,null,null,Not applicable,null,Not applicable,null,null,null,null,null,null,null,null,2026-07-29,45 Russell Square,null,null,London,null,WC1B 4JP,www.odysseyeducationgroup.co.uk,2033363593,Mr,David,Robinson,null,Not applicable,null,null,null,Not applicable,null,null,Not applicable,Not applicable,null,null,null,Not approved,null,null,null,null,null,null,null,null,null,null,null,null,null,null,null,null,null,null,H,London,E09000007,Camden,E05013653,Bloomsbury,E14001290,Holborn and St Pancras,UN1,Urban: Nearer to a major town or city,E09000007,530146,181864,null,Camden 028,Camden 028A,ISI,19,0,null,Odyssey Education Services Limited,999,null,null,null,null,United Kingdom,5031514,null,E02000193,E01000855
149683,203,Greenwich,2353,Kidbrooke Park Primary School,34,Academy converter,10,Academies,1,Open,10,Academy Converter,2023-10-01,99,null,null,2,Primary,3,11,1,No boarders,Has Nursery Classes,2,Does not have a sixth form,3,Mixed,0,Does not apply,Does not apply,0000,Not applicable,0,Not applicable,472,2,No Special Classes,2026-01-15,424,210,214,47.2,3,Supported by a multi-academy trust,16726,THE COMPASS PARTNERSHIP OF SCHOOLS,-,null,Not applicable,null,null,10092131,null,null,null,null,null,2026-08-06,202a Holburne Road,null,null,London,null,SE3 8JG,https://kidbrookepark.compassps.uk,2088568315,Ms,Muneera,Najak,Executive Headteacher,Not applicable,null,null,null,Not applicable,null,Not applicable,Not applicable,Not applicable,null,Not applicable,Not applicable,Not applicable,null,null,null,null,null,null,null,null,null,null,null,null,null,null,null,null,null,null,H,London,E09000011,Greenwich,E05014083,Kidbrooke Park,E14001223,Eltham and Chislehurst,UN1,Urban: Nearer to a major town or city,E09000011,541246,176520,null,Greenwich 022,Greenwich 022C,Not applicable,null,null,null,null,999,null,null,null,null,United Kingdom,100020975886,null,E02000334,E01001648
149684,203,Greenwich,2801,Boxgrove Primary School,34,Academy converter,10,Academies,1,Open,10,Academy Converter,2023-10-01,99,null,null,2,Primary,3,11,1,No boarders,Has Nursery Classes,2,Does not have a sixth form,3,Mixed,0,Does not apply,Does not apply,0000,Not applicable,0,Not applicable,472,1,Has Special Classes,2026-01-15,382,217,165,43.8,3,Supported by a multi-academy trust,16726,THE COMPASS PARTNERSHIP OF SCHOOLS,-,null,Not applicable,null,null,10092130,null,null,null,null,null,2026-07-03,Boxgrove Road,Abbey Wood,null,Greenwich,null,SE2 9JP,https://www.boxgrove.compassps.uk,2083101912,Mrs,Laura,Sonnenberg,Executive Headteacher,Not applicable,null,null,null,Not applicable,null,Not applicable,Not applicable,Not applicable,null,Not applicable,Not applicable,Not applicable,HI - Hearing Impairment,"SLCN - Speech, language and Communication",ASD - Autistic Spectrum Disorder,null,null,null,null,null,null,null,null,null,null,Resourced provision and SEN unit,14,16,14,16,H,London,E09000011,Greenwich,E05014072,Abbey Wood,E14001229,Erith and Thamesmead,UN1,Urban: Nearer to a major town or city,E09000011,547069,179278,null,Greenwich 003,Greenwich 003D,Not applicable,null,null,null,null,999,null,null,null,null,null,100023249698,null,E02000315,E01001578
149908,203,Greenwich,6010,The Anchor Sendfriendly Centre,10,Other independent special school,5,Special schools,1,Open,6,New Provision,2024-01-11,99,null,null,0,Not applicable,4,25,1,No boarders,Not applicable,0,Not applicable,3,Mixed,0,Does not apply,Does not apply,0000,Not applicable,9,null,30,0,Not applicable,2024-01-18,22,18,4,null,0,Not applicable,null,null,Not applicable,null,Not applicable,null,null,10099435,null,null,null,null,null,2026-07-23,3 North Road,Block E,Plumstead,London,null,SE18 1BS,null,2036514863,Doctor,Carole,Nicholson,null,Not applicable,null,null,null,Not applicable,null,null,Not applicable,Not applicable,null,null,null,Not approved,null,null,null,null,null,null,null,null,null,null,null,null,null,null,null,null,null,null,H,London,E09000011,Greenwich,E05014087,Plumstead & Glyndon,E14001229,Erith and Thamesmead,UN1,Urban: Nearer to a major town or city,E09000011,545491,178991,null,Greenwich 006,Greenwich 006A,ISI,22,0,null,Miss Christalla Aggeli,999,null,null,null,null,United Kingdom,10010245780,null,E02000318,E01001672
150068,203,Greenwich,2028,Bannockburn Primary School,34,Academy converter,10,Academies,1,Open,10,Academy Converter,2023-11-01,99,null,null,2,Primary,3,11,1,No boarders,Has Nursery Classes,2,Does not have a sixth form,3,Mixed,0,Does not apply,Does not apply,0000,Not applicable,0,Not applicable,892,2,No Special Classes,2026-01-15,879,413,466,15.7,3,Supported by a multi-academy trust,4220,POLYMAT,Linked to a sponsor,PolyMAT,Not applicable,null,null,10093013,null,null,null,null,null,2026-07-03,Plumstead High Street,null,null,London,null,SE18 1HE,www.bps.polymat.co.uk,2088542169,Mrs,Rachel,Ford,Headteacher,Not applicable,null,null,null,Not applicable,null,Not applicable,Not applicable,Not applicable,null,Not applicable,Not applicable,Not applicable,null,null,null,null,null,null,null,null,null,null,null,null,null,null,null,null,null,null,H,London,E09000011,Greenwich,E05014087,Plumstead & Glyndon,E14001229,Erith and Thamesmead,UN1,Urban: Nearer to a major town or city,E09000011,545529,178546,null,Greenwich 006,Greenwich 006B,Not applicable,null,null,null,null,999,null,null,null,null,null,10010194247,null,E02000318,E01001673
150298,202,Camden,6010,Wildwood Nature School,11,Other independent school,3,Independent schools,1,Open,6,New Provision,2023-08-21,99,null,null,0,Not applicable,4,11,1,No boarders,No Nursery Classes,2,Does not have a sixth form,3,Mixed,99,null,None,0000,Not applicable,9,null,40,0,Not applicable,2024-01-18,20,11,9,null,0,Not applicable,null,null,Not applicable,null,Not applicable,null,null,null,null,null,null,null,null,2026-07-23,St Mary Brookfield Hall,null,York Rise,London,null,NW5 1SB,https://www.wildwoodnatureschool.org.uk/,7547184102,Mrs,Tara,Royle,null,Not applicable,null,null,null,Not applicable,null,null,Not applicable,Not applicable,null,null,null,Not approved,null,null,null,null,null,null,null,null,null,null,null,null,null,null,null,null,null,null,H,London,E09000007,Camden,E05013661,Highgate,E14001265,Hampstead and Highgate,UN1,Urban: Nearer to a major town or city,E09000007,528735,186194,null,Camden 003,Camden 003A,ISI,1,4,null,Wildwood Nature School,999,null,null,null,null,United Kingdom,5087830,null,E02000168,E01000910
151311,203,Greenwich,2002,Windrush Charlton Primary School,34,Academy converter,10,Academies,1,Open,8,Split school,2024-09-01,99,null,null,2,Primary,4,11,1,No boarders,No Nursery Classes,2,Does not have a sixth form,3,Mixed,0,Does not apply,Does not apply,9999,null,0,Not applicable,630,0,Not applicable,2026-01-15,500,238,262,50.8,3,Supported by a multi-academy trust,16327,ENDEAVOUR PARTNERSHIP TRUST,Linked to a sponsor,Endeavour Partnership Trust,Not applicable,null,null,10096416,null,null,null,null,null,2026-07-03,775 Woolwich Road,null,null,London,null,SE7 8FE,null,null,null,Sally,McAvoy,null,Not applicable,null,null,null,Not applicable,null,null,Not applicable,Not applicable,null,null,null,Not applicable,null,null,null,null,null,null,null,null,null,null,null,null,null,null,null,null,null,null,H,London,E09000011,Greenwich,E05014075,Charlton Village & Riverside,E14001257,Greenwich and Woolwich,UN1,Urban: Nearer to a major town or city,E09000011,541863,178992,null,Greenwich 042,Greenwich 042C,null,null,null,null,null,999,null,null,null,null,United Kingdom,10010201974,null,E02006994,E01034198
151400,203,Greenwich,3662,Notre Dame Catholic Primary School,34,Academy converter,10,Academies,1,Open,10,Academy Converter,2025-04-01,99,null,null,2,Primary,5,11,1,No boarders,No Nursery Classes,2,Does not have a sixth form,3,Mixed,3,Roman Catholic,Does not apply,RC19,Archdiocese of Southwark,0,Not applicable,210,2,No Special Classes,2026-01-15,184,104,80,34.2,3,Supported by a multi-academy trust,17515,ST OSCAR ROMERO CATHOLIC ACADEMY TRUST,-,null,Not applicable,null,null,10096788,null,null,null,null,null,2026-07-03,169 Eglinton Road,null,null,London,null,SE18 3SJ,www.notredame.greenwich.sch.uk,2088540585,Mrs,Nicola,McNelis,Executive Headteacher,Not applicable,null,null,null,Not applicable,null,Not applicable,Not applicable,Not applicable,null,Not applicable,Not applicable,Not applicable,null,null,null,null,null,null,null,null,null,null,null,null,null,null,null,null,null,null,H,London,E09000011,Greenwich,E05014089,Shooters Hill,E14001257,Greenwich and Woolwich,UN1,Urban: Nearer to a major town or city,E09000011,543633,177821,null,Greenwich 015,Greenwich 015A,Not applicable,null,null,null,null,999,null,null,null,null,null,10010228391,null,E02000327,E01001698
151704,203,Greenwich,4010,Rowan Wood School,36,Free schools special,11,Free Schools,1,Open,11,Academy Free School,2025-09-01,99,null,null,0,Not applicable,5,19,1,No boarders,No Nursery Classes,1,Has a sixth form,3,Mixed,6,None,None,9999,null,4,Non-selective,240,0,Not applicable,2026-01-15,30,21,9,70,3,Supported by a multi-academy trust,16726,THE COMPASS PARTNERSHIP OF SCHOOLS,-,null,Not applicable,null,null,10098686,null,null,null,null,null,2026-07-03,12 Hargood Road,null,null,London,null,SE3 8HR,https://www.rowanwood.compassps.uk/,null,Dr,Ross,Silcock,null,Not applicable,null,null,null,Not applicable,null,null,Not applicable,Not applicable,null,null,null,Not applicable,null,null,null,null,null,null,null,null,null,null,null,null,null,null,null,null,null,null,H,London,E09000011,Greenwich,E05014083,Kidbrooke Park,E14001223,Eltham and Chislehurst,UN1,Urban: Nearer to a major town or city,E09000011,541236,176518,null,Greenwich 022,Greenwich 022A,null,null,null,null,null,999,null,null,null,null,United Kingdom,10010280625,null,E02000334,E01001645
152334,203,Greenwich,6012,In Toto Ed London,10,Other independent special school,5,Special schools,1,Open,6,New Provision,2026-03-18,99,null,null,0,Not applicable,11,16,1,No boarders,Not applicable,0,Not applicable,3,Mixed,99,null,None,0000,Not applicable,9,null,48,0,Not applicable,null,null,null,null,null,0,Not applicable,null,null,Not applicable,null,Not applicable,null,null,null,null,null,null,null,null,2026-07-03,1 Cresswell Park,Blackheath,null,London,null,SE3 9RD,null,2036914053,null,Emily,Gunton,null,Not applicable,null,null,null,Not applicable,null,null,Not applicable,Not applicable,null,null,null,Not approved,null,null,null,null,null,null,null,null,null,null,null,null,null,null,null,null,null,null,H,London,E09000011,Greenwich,E05014073,Blackheath Westcombe,E14001257,Greenwich and Woolwich,UN1,Urban: Nearer to a major town or city,E09000011,null,null,null,Greenwich 021,Greenwich 021D,Ofsted,23,0,null,In Toto Ed Ltd,999,null,null,null,null,United Kingdom,100023270023,null,E02000333,E01001584
152489,203,Greenwich,6014,Thrive Independent School,11,Other independent school,3,Independent schools,1,Open,6,New Provision,2026-08-04,99,null,null,0,Not applicable,11,16,1,No boarders,No Nursery Classes,0,Not applicable,3,Mixed,99,null,None,0000,Not applicable,9,null,30,0,Not applicable,null,null,null,null,null,0,Not applicable,null,null,Not applicable,null,Not applicable,null,null,null,null,null,null,null,null,2026-08-04,240-242 Plumstead High Street,Plumstead,null,London,null,SE18 1JL,null,7960994671,null,Razwan,Hussain,null,Not applicable,null,null,null,Not applicable,null,null,Not applicable,Not applicable,null,null,null,Not approved,null,null,null,null,null,null,null,null,null,null,null,null,null,null,null,null,null,null,H,London,E09000011,Greenwich,E05014087,Plumstead & Glyndon,E14001229,Erith and Thamesmead,UN1,Urban: Nearer to a major town or city,E09000011,545715,178446,null,Greenwich 006,Greenwich 006E,Ofsted,null,null,null,Thrive Independent School Ltd,999,null,null,null,null,United Kingdom,10010276160,null,E02000318,E01001677
