CLOSEDATE,Company_House_Number,LEGALNAME,LIVE,NAME,OPENDATE,UKPRN,URN,DataSourcePath,DataSourceId
30/11/2011,04263271,ASSESSMENT AND CONSTRUCTION TRAINING LIMITED,FALSE,null,29/11/2011,10000000,null,PUB.UKRLP.dbo.ProviderInstance,a97e2eb1-c959-4c26-8064-6961d76df731
null,null,THE CAMDEN SCHOOL FOR GIRLS,TRUE,null,10/10/2025,10000001,100054,PUB.UKRLP.dbo.ProviderInstance,a97e2eb1-c959-4c26-8064-6961d76df731
01/04/2015,null,THE CARDINAL VAUGHAN MEMORIAL RC SCHOOL,FALSE,null,29/12/2014,10000002,100506,PUB.UKRLP.dbo.ProviderInstance,a97e2eb1-c959-4c26-8064-6961d76df731
28/01/2009,04010125,"ESSEX, SOUTHEND & THURROCK CONNEXIONS LIMITED",FALSE,null,15/04/2007,10000003,null,PUB.UKRLP.dbo.ProviderInstance,a97e2eb1-c959-4c26-8064-6961d76df731
25/04/2018,01295856,THE ROYAL ASSOCIATION FOR DISABILITY RIGHTS,FALSE,null,23/02/2018,10000004,null,PUB.UKRLP.dbo.ProviderInstance,a97e2eb1-c959-4c26-8064-6961d76df731
null,02741070,BUPA CARE HOMES (CFHCARE) LIMITED,TRUE,null,18/07/2026,10000005,null,PUB.UKRLP.dbo.ProviderInstance,a97e2eb1-c959-4c26-8064-6961d76df731
19/03/2007,03668935,1.2.3 SOLEIL LIMITED,FALSE,null,01/09/2006,10000006,null,PUB.UKRLP.dbo.ProviderInstance,a97e2eb1-c959-4c26-8064-6961d76df731
06/12/2016,05480166,11 TECH 18,FALSE,null,30/08/2016,10000007,null,PUB.UKRLP.dbo.ProviderInstance,a97e2eb1-c959-4c26-8064-6961d76df731
19/07/2011,04752041,THE ARTEMIS TEAM LIMITED,FALSE,null,12/11/2010,10000008,null,PUB.UKRLP.dbo.ProviderInstance,a97e2eb1-c959-4c26-8064-6961d76df731
02/11/2006,05405694,1ST CHOICE TRAINING CONSULTANTS LIMITED,FALSE,null,29/07/2005,10000009,null,PUB.UKRLP.dbo.ProviderInstance,a97e2eb1-c959-4c26-8064-6961d76df731
null,04542924,1ST TRAINING LIMITED,TRUE,null,17/07/2026,10000010,null,PUB.UKRLP.dbo.ProviderInstance,a97e2eb1-c959-4c26-8064-6961d76df731
03/12/2020,03845628,TRANSCITY PROPERTIES LIMITED,FALSE,200 Words a Day,19/09/2020,10000011,null,PUB.UKRLP.dbo.ProviderInstance,a97e2eb1-c959-4c26-8064-6961d76df731
19/03/2007,04875734,24-7 LOCKSMITHS UK LIMITED,FALSE,null,29/09/2006,10000012,null,PUB.UKRLP.dbo.ProviderInstance,a97e2eb1-c959-4c26-8064-6961d76df731
26/01/2009,02026222,2C LIMITED,FALSE,null,15/04/2007,10000013,null,PUB.UKRLP.dbo.ProviderInstance,a97e2eb1-c959-4c26-8064-6961d76df731
29/04/2021,04635304,360 GSP LTD,FALSE,null,12/03/2021,10000014,null,PUB.UKRLP.dbo.ProviderInstance,a97e2eb1-c959-4c26-8064-6961d76df731
12/03/2010,04089741,3D EDUCATION AND ADVENTURE LIMITED,FALSE,null,18/12/2009,10000015,null,PUB.UKRLP.dbo.ProviderInstance,a97e2eb1-c959-4c26-8064-6961d76df731
11/03/2021,04002067,KINGSHURST CTC ENTERPRISES LIMITED,FALSE,null,26/12/2020,10000016,null,PUB.UKRLP.dbo.ProviderInstance,a97e2eb1-c959-4c26-8064-6961d76df731
10/02/2023,02791855,4-SIGHT CONSULTING LIMITED,FALSE,null,07/01/2023,10000017,null,PUB.UKRLP.dbo.ProviderInstance,a97e2eb1-c959-4c26-8064-6961d76df731
30/07/2009,05752352,CANNOCK CHASE COMMUNITY CARE COMMITTEE,FALSE,5 Cs Training,04/12/2007,10000018,null,PUB.UKRLP.dbo.ProviderInstance,a97e2eb1-c959-4c26-8064-6961d76df731
03/03/2011,04797888,DRIVING INTUITION LIMITED,FALSE,null,15/04/2007,10000019,null,PUB.UKRLP.dbo.ProviderInstance,a97e2eb1-c959-4c26-8064-6961d76df731
null,03648024,5 E LTD.,TRUE,null,11/03/2026,10000020,null,PUB.UKRLP.dbo.ProviderInstance,a97e2eb1-c959-4c26-8064-6961d76df731
16/06/2014,05134491,6 S CONSULTING LIMITED,FALSE,null,12/03/2014,10000021,null,PUB.UKRLP.dbo.ProviderInstance,a97e2eb1-c959-4c26-8064-6961d76df731
15/12/2020,NI031414,SEVEN TOWERS TRAINING LIMITED,FALSE,null,15/10/2020,10000022,null,PUB.UKRLP.dbo.ProviderInstance,a97e2eb1-c959-4c26-8064-6961d76df731
19/03/2007,02861800,80/20 TRAINING LTD,FALSE,null,29/09/2006,10000023,null,PUB.UKRLP.dbo.ProviderInstance,a97e2eb1-c959-4c26-8064-6961d76df731
null,SC209938,M.B. EDUCATION AND DEVELOPMENT (SCOTLAND) LIMITED,TRUE,@ccess 2,25/12/2022,10000024,null,PUB.UKRLP.dbo.ProviderInstance,a97e2eb1-c959-4c26-8064-6961d76df731
02/04/2007,04183620,@CYBERWEB LIMITED,FALSE,null,29/09/2006,10000025,null,PUB.UKRLP.dbo.ProviderInstance,a97e2eb1-c959-4c26-8064-6961d76df731
null,00103287,A & P FALMOUTH LIMITED,TRUE,null,02/09/2025,10000026,null,PUB.UKRLP.dbo.ProviderInstance,a97e2eb1-c959-4c26-8064-6961d76df731
08/06/2016,04434484,A&P TRAINING LIMITED,FALSE,null,04/04/2016,10000027,null,PUB.UKRLP.dbo.ProviderInstance,a97e2eb1-c959-4c26-8064-6961d76df731
null,02696326,WOODSPEEN TRAINING LIMITED,TRUE,null,17/07/2026,10000028,null,PUB.UKRLP.dbo.ProviderInstance,a97e2eb1-c959-4c26-8064-6961d76df731
null,00391135,A.F.BLAKEMORE AND SON LIMITED,TRUE,null,26/11/2023,10000029,null,PUB.UKRLP.dbo.ProviderInstance,a97e2eb1-c959-4c26-8064-6961d76df731
null,04845251,A B FIRE SAFETY TRAINING SERVICES LTD,TRUE,null,21/01/2026,10000030,null,PUB.UKRLP.dbo.ProviderInstance,a97e2eb1-c959-4c26-8064-6961d76df731
05/11/2007,00699997,A.1. MOTORING SCHOOL LIMITED,FALSE,null,15/04/2007,10000031,null,PUB.UKRLP.dbo.ProviderInstance,a97e2eb1-c959-4c26-8064-6961d76df731
null,03928097,A2Z-COMPUTING LTD,TRUE,null,14/09/2024,10000032,null,PUB.UKRLP.dbo.ProviderInstance,a97e2eb1-c959-4c26-8064-6961d76df731
25/03/2020,04898286,LIFELONG LEARNING (LONDON) INTERNATIONAL LIMITED,FALSE,Lifelong Learning International,25/02/2020,10000033,null,PUB.UKRLP.dbo.ProviderInstance,a97e2eb1-c959-4c26-8064-6961d76df731
17/10/2017,04177017,A4E MANAGEMENT LTD,FALSE,null,24/07/2017,10000034,null,PUB.UKRLP.dbo.ProviderInstance,a97e2eb1-c959-4c26-8064-6961d76df731
05/11/2007,00811071,A.A. DEVELOPMENTS LIMITED,FALSE,AA Academy,15/04/2007,10000035,null,PUB.UKRLP.dbo.ProviderInstance,a97e2eb1-c959-4c26-8064-6961d76df731
03/04/2007,03987024,AA TRAINING SOLUTIONS LIMITED,FALSE,null,27/03/2007,10000036,null,PUB.UKRLP.dbo.ProviderInstance,a97e2eb1-c959-4c26-8064-6961d76df731
11/07/2012,SC199329,AVIEMORE AND AREA LEARNING PROJECT,FALSE,AALP,18/12/2009,10000037,null,PUB.UKRLP.dbo.ProviderInstance,a97e2eb1-c959-4c26-8064-6961d76df731
null,03345125,A.A.S. TRAINING LIMITED,TRUE,null,17/07/2026,10000038,null,PUB.UKRLP.dbo.ProviderInstance,a97e2eb1-c959-4c26-8064-6961d76df731
27/08/2019,04841845,AB CHEESEMAKING LIMITED,FALSE,null,19/05/2019,10000039,null,PUB.UKRLP.dbo.ProviderInstance,a97e2eb1-c959-4c26-8064-6961d76df731
08/03/2017,02926436,ABACUS CARE (HOME CARE AND NURSING SERVICES) LIMITED,FALSE,null,07/12/2016,10000040,null,PUB.UKRLP.dbo.ProviderInstance,a97e2eb1-c959-4c26-8064-6961d76df731
null,03783671,THE ABBEY ACCESS CENTRE,TRUE,null,23/06/2025,10000041,null,PUB.UKRLP.dbo.ProviderInstance,a97e2eb1-c959-4c26-8064-6961d76df731
10/08/2011,null,ABBEY GRANGE CHURCH OF ENGLAND HIGH SCHOOL,FALSE,null,29/07/2005,10000042,108101,PUB.UKRLP.dbo.ProviderInstance,a97e2eb1-c959-4c26-8064-6961d76df731
null,00133676,THE ABBEY SCHOOL READING,TRUE,null,12/10/2025,10000043,110165,PUB.UKRLP.dbo.ProviderInstance,a97e2eb1-c959-4c26-8064-6961d76df731
null,null,ABBOT BEYNE SCHOOL,TRUE,null,14/07/2026,10000044,124449,PUB.UKRLP.dbo.ProviderInstance,a97e2eb1-c959-4c26-8064-6961d76df731
null,null,OAK WOOD SCHOOL,TRUE,null,07/12/2025,10000045,102449,PUB.UKRLP.dbo.ProviderInstance,a97e2eb1-c959-4c26-8064-6961d76df731
null,00370930,ABBOTSHOLME SCHOOL,TRUE,null,22/07/2026,10000046,113003,PUB.UKRLP.dbo.ProviderInstance,a97e2eb1-c959-4c26-8064-6961d76df731
null,02012484,ASSOCIATION OF BRITISH DISPENSING OPTICIANS(THE),TRUE,ABDO College of Education,21/01/2026,10000047,null,PUB.UKRLP.dbo.ProviderInstance,a97e2eb1-c959-4c26-8064-6961d76df731
null,SC000791,ABERDEEN AND GRAMPIAN CHAMBER OF COMMERCE,TRUE,null,02/06/2026,10000048,null,PUB.UKRLP.dbo.ProviderInstance,a97e2eb1-c959-4c26-8064-6961d76df731
null,SC169837,ABERDEEN FIRST AID SCHOOL LIMITED,TRUE,null,18/07/2026,10000049,null,PUB.UKRLP.dbo.ProviderInstance,a97e2eb1-c959-4c26-8064-6961d76df731
null,SC143809,ABERDEEN SKILLS AND ENTERPRISE TRAINING LIMITED,TRUE,ASET,26/11/2023,10000050,null,PUB.UKRLP.dbo.ProviderInstance,a97e2eb1-c959-4c26-8064-6961d76df731
null,SC049387,ABERNETHY TRUST LIMITED,TRUE,null,11/07/2025,10000051,null,PUB.UKRLP.dbo.ProviderInstance,a97e2eb1-c959-4c26-8064-6961d76df731
09/05/2008,NI045623,ABERTAY TRAINING LIMITED,FALSE,null,01/11/2007,10000052,null,PUB.UKRLP.dbo.ProviderInstance,a97e2eb1-c959-4c26-8064-6961d76df731
null,02043599,ABILITY INTERNATIONAL LIMITED,TRUE,null,26/11/2023,10000053,null,PUB.UKRLP.dbo.ProviderInstance,a97e2eb1-c959-4c26-8064-6961d76df731
24/11/2023,04116905,ABILITY PROFESSIONAL TRAINING LIMITED,FALSE,null,09/08/2023,10000054,null,PUB.UKRLP.dbo.ProviderInstance,a97e2eb1-c959-4c26-8064-6961d76df731
null,null,ABINGDON AND WITNEY COLLEGE,TRUE,null,21/07/2026,10000055,130793,PUB.UKRLP.dbo.ProviderInstance,a97e2eb1-c959-4c26-8064-6961d76df731
30/07/2009,05332560,ABLE CATERING SERVICES LIMITED,FALSE,null,16/04/2007,10000056,null,PUB.UKRLP.dbo.ProviderInstance,a97e2eb1-c959-4c26-8064-6961d76df731
null,02530653,ABLE LIFTING EQUIPMENT (SOUTHERN) LIMITED,TRUE,Able Lifting,26/11/2023,10000057,null,PUB.UKRLP.dbo.ProviderInstance,a97e2eb1-c959-4c26-8064-6961d76df731
04/05/2016,04457276,ABSOLUTE AQUA LIMITED,FALSE,null,02/03/2016,10000058,null,PUB.UKRLP.dbo.ProviderInstance,a97e2eb1-c959-4c26-8064-6961d76df731
27/02/2020,04222375,ABSOLUTE RIDER TRAINING LIMITED,FALSE,null,26/11/2019,10000059,null,PUB.UKRLP.dbo.ProviderInstance,a97e2eb1-c959-4c26-8064-6961d76df731
null,04397729,ACACIA TRAINING AND DEVELOPMENT LTD,TRUE,null,09/07/2026,10000060,null,PUB.UKRLP.dbo.ProviderInstance,a97e2eb1-c959-4c26-8064-6961d76df731
null,04080815,ACACIA TRAINING LIMITED,TRUE,null,09/07/2026,10000061,null,PUB.UKRLP.dbo.ProviderInstance,a97e2eb1-c959-4c26-8064-6961d76df731
08/11/2007,03527720,ACADEMY DAY NURSERIES & CHILDCARE LIMITED,FALSE,null,16/04/2007,10000062,null,PUB.UKRLP.dbo.ProviderInstance,a97e2eb1-c959-4c26-8064-6961d76df731
null,04310360,SITEVISIBILITY MARKETING LIMITED,TRUE,Academy Internet,22/01/2024,10000063,null,PUB.UKRLP.dbo.ProviderInstance,a97e2eb1-c959-4c26-8064-6961d76df731
30/07/2009,SC214906,THE ACADEMY OF AROMATHERAPY AND MASSAGE (SCOTLAND) LIMITED,FALSE,null,16/04/2007,10000064,null,PUB.UKRLP.dbo.ProviderInstance,a97e2eb1-c959-4c26-8064-6961d76df731
11/12/2007,04470874,THE ACADEMY OF BUSINESS STRATEGY LIMITED,FALSE,null,16/11/2007,10000065,null,PUB.UKRLP.dbo.ProviderInstance,a97e2eb1-c959-4c26-8064-6961d76df731
05/10/2018,04000624,MABLE TRAINING LTD,FALSE,null,27/07/2018,10000066,null,PUB.UKRLP.dbo.ProviderInstance,a97e2eb1-c959-4c26-8064-6961d76df731
05/11/2007,03634089,RENMOOR FEATHERS LIMITED,FALSE,null,22/03/2007,10000067,null,PUB.UKRLP.dbo.ProviderInstance,a97e2eb1-c959-4c26-8064-6961d76df731
08/08/2007,03940162,NIG ACADEMY OF PROFESSIONAL INVESTIGATION LIMITED,FALSE,null,22/03/2007,10000068,null,PUB.UKRLP.dbo.ProviderInstance,a97e2eb1-c959-4c26-8064-6961d76df731
07/10/2009,04535270,LONDON UNIVERSAL COLLEGE LIMITED,FALSE,null,13/05/2008,10000069,null,PUB.UKRLP.dbo.ProviderInstance,a97e2eb1-c959-4c26-8064-6961d76df731
30/11/2022,04255962,APTT LIMITED,FALSE,Academy Of Professional Transport Training,05/10/2022,10000070,null,PUB.UKRLP.dbo.ProviderInstance,a97e2eb1-c959-4c26-8064-6961d76df731
null,02086999,ACADEMY OF SYSTEMATIC KINESIOLOGY LIMITED(THE),TRUE,null,21/01/2026,10000071,null,PUB.UKRLP.dbo.ProviderInstance,a97e2eb1-c959-4c26-8064-6961d76df731
05/02/2015,05283311,ACADEMY OF TRAINING LIMITED,FALSE,null,04/01/2015,10000072,null,PUB.UKRLP.dbo.ProviderInstance,a97e2eb1-c959-4c26-8064-6961d76df731
null,01749730,ASSOCIATION FOR CULTURAL ADVANCEMENT THROUGH VISUAL ART,TRUE,Acava,27/11/2023,10000073,null,PUB.UKRLP.dbo.ProviderInstance,a97e2eb1-c959-4c26-8064-6961d76df731
12/05/2008,03122891,ACCADEMIA CLUB LIMITED,FALSE,null,16/04/2007,10000074,null,PUB.UKRLP.dbo.ProviderInstance,a97e2eb1-c959-4c26-8064-6961d76df731
null,01265110,ACCELERATED LEARNING SYSTEMS LIMITED,TRUE,null,28/10/2024,10000075,null,PUB.UKRLP.dbo.ProviderInstance,a97e2eb1-c959-4c26-8064-6961d76df731
26/10/2022,03380623,ACCENT ON TRAINING LIMITED,FALSE,null,26/08/2022,10000076,null,PUB.UKRLP.dbo.ProviderInstance,a97e2eb1-c959-4c26-8064-6961d76df731
13/09/2021,03957974,ACCENTURE HR SERVICES LIMITED,FALSE,null,04/07/2021,10000077,null,PUB.UKRLP.dbo.ProviderInstance,a97e2eb1-c959-4c26-8064-6961d76df731
26/01/2009,03846855,ACCESS 2 TRAINING AND ENTERPRISE LTD.,FALSE,Access2 Training & Enterprise Ltd,16/04/2007,10000078,null,PUB.UKRLP.dbo.ProviderInstance,a97e2eb1-c959-4c26-8064-6961d76df731
03/04/2007,04113861,ACCESS CARE TRAINING LIMITED,FALSE,null,01/09/2006,10000079,null,PUB.UKRLP.dbo.ProviderInstance,a97e2eb1-c959-4c26-8064-6961d76df731
null,02749258,ACCESS FURTHER EDUCATION LIMITED,TRUE,null,10/05/2026,10000080,null,PUB.UKRLP.dbo.ProviderInstance,a97e2eb1-c959-4c26-8064-6961d76df731
null,04915118,ACCESS TRAINING (WALES) LIMITED,TRUE,null,10/07/2026,10000081,null,PUB.UKRLP.dbo.ProviderInstance,a97e2eb1-c959-4c26-8064-6961d76df731
null,04170619,TRN (TRAIN) LTD.,TRUE,null,11/03/2026,10000082,null,PUB.UKRLP.dbo.ProviderInstance,a97e2eb1-c959-4c26-8064-6961d76df731
05/09/2006,04774807,ACCOMPLISH CONSULTANTS LIMITED,FALSE,null,29/07/2005,10000083,null,PUB.UKRLP.dbo.ProviderInstance,a97e2eb1-c959-4c26-8064-6961d76df731
11/12/2007,02379592,ACCORDIA LIMITED,FALSE,null,16/04/2007,10000084,null,PUB.UKRLP.dbo.ProviderInstance,a97e2eb1-c959-4c26-8064-6961d76df731
09/11/2010,04737806,ACCORDIA (UK) LTD,FALSE,null,02/11/2007,10000085,null,PUB.UKRLP.dbo.ProviderInstance,a97e2eb1-c959-4c26-8064-6961d76df731
null,02669360,ACCOUNT3 LTD.,TRUE,Account3,10/07/2026,10000086,null,PUB.UKRLP.dbo.ProviderInstance,a97e2eb1-c959-4c26-8064-6961d76df731
null,04288631,ACCOUNTANCY LEARNING DISTANCE LEARNING LTD,TRUE,null,05/12/2025,10000087,null,PUB.UKRLP.dbo.ProviderInstance,a97e2eb1-c959-4c26-8064-6961d76df731
02/04/2007,03869858,ATB SERVICES LIMITED,FALSE,Accountancy Taxation Business,05/09/2006,10000088,null,PUB.UKRLP.dbo.ProviderInstance,a97e2eb1-c959-4c26-8064-6961d76df731
14/07/2022,02459986,ACCOUNTING ANSWERS LIMITED,FALSE,null,09/06/2022,10000089,null,PUB.UKRLP.dbo.ProviderInstance,a97e2eb1-c959-4c26-8064-6961d76df731
17/04/2026,04632062,ACCOUNTING SKILLS TRAINING UK LTD,FALSE,null,18/01/2026,10000090,null,PUB.UKRLP.dbo.ProviderInstance,a97e2eb1-c959-4c26-8064-6961d76df731
04/08/2019,02285816,ACCOUNTING TECHNICIAN TRAINING SERVICES LIMITED,FALSE,null,01/03/2019,10000091,null,PUB.UKRLP.dbo.ProviderInstance,a97e2eb1-c959-4c26-8064-6961d76df731
30/01/2018,04583361,ACCOUNTS TRAINING LIMITED,FALSE,null,20/10/2017,10000092,null,PUB.UKRLP.dbo.ProviderInstance,a97e2eb1-c959-4c26-8064-6961d76df731
19/11/2021,null,ACCRINGTON AND ROSSENDALE COLLEGE,FALSE,null,07/02/2018,10000093,null,PUB.UKRLP.dbo.ProviderInstance,a97e2eb1-c959-4c26-8064-6961d76df731
02/09/2010,04372277,CONNEXIONS LANCASHIRE LIMITED,FALSE,null,16/12/2009,10000094,null,PUB.UKRLP.dbo.ProviderInstance,a97e2eb1-c959-4c26-8064-6961d76df731
25/01/2021,SC265663,ACE CORNTON,FALSE,null,19/12/2020,10000095,null,PUB.UKRLP.dbo.ProviderInstance,a97e2eb1-c959-4c26-8064-6961d76df731
19/07/2011,NI031655,AGENCIES IN CONSORTIUM FOR EDUCATION & TRAINING LIMITED,FALSE,ACET,26/08/2009,10000096,null,PUB.UKRLP.dbo.ProviderInstance,a97e2eb1-c959-4c26-8064-6961d76df731
02/09/2010,04980924,AFRO-CARIBBEAN EDUCATION AND TRAINING SERVICES (ACETS) LTD,FALSE,ACETS,16/04/2007,10000097,null,PUB.UKRLP.dbo.ProviderInstance,a97e2eb1-c959-4c26-8064-6961d76df731
null,04438242,ACHIEVE UK LIMITED,TRUE,null,18/02/2024,10000098,null,PUB.UKRLP.dbo.ProviderInstance,a97e2eb1-c959-4c26-8064-6961d76df731
null,03226440,ACHIEVEMENT TRAINING LIMITED,TRUE,null,26/11/2023,10000099,null,PUB.UKRLP.dbo.ProviderInstance,a97e2eb1-c959-4c26-8064-6961d76df731
30/08/2018,null,ACKLAM GRANGE SCHOOL,FALSE,null,27/06/2018,10000100,111751,PUB.UKRLP.dbo.ProviderInstance,a97e2eb1-c959-4c26-8064-6961d76df731
null,null,ACLAND BURGHLEY SCHOOL,TRUE,null,14/07/2026,10000101,100053,PUB.UKRLP.dbo.ProviderInstance,a97e2eb1-c959-4c26-8064-6961d76df731
12/05/2008,02820398,ACOM BUSINESS SERVICES LIMITED,FALSE,null,16/04/2007,10000102,null,PUB.UKRLP.dbo.ProviderInstance,a97e2eb1-c959-4c26-8064-6961d76df731
26/01/2009,04772555,ACORD LIMITED,FALSE,null,16/04/2007,10000103,null,PUB.UKRLP.dbo.ProviderInstance,a97e2eb1-c959-4c26-8064-6961d76df731
19/07/2011,04086049,ACORN CENTRE (TODMORDEN) LIMITED,FALSE,null,16/04/2007,10000104,null,PUB.UKRLP.dbo.ProviderInstance,a97e2eb1-c959-4c26-8064-6961d76df731
null,04217753,APPRENTICESHIP LEARNING SOLUTIONS LIMITED,TRUE,ALS Training,27/03/2026,10000105,null,PUB.UKRLP.dbo.ProviderInstance,a97e2eb1-c959-4c26-8064-6961d76df731
21/12/2011,04561264,ACORN MANAGEMENT ASSOCIATES LIMITED,FALSE,null,21/12/2011,10000106,null,PUB.UKRLP.dbo.ProviderInstance,a97e2eb1-c959-4c26-8064-6961d76df731
null,NI029665,ACORN THE BUSINESS CENTRE LTD,TRUE,null,10/06/2025,10000107,null,PUB.UKRLP.dbo.ProviderInstance,a97e2eb1-c959-4c26-8064-6961d76df731
null,03182459,ACORN TRAINING CONSULTANTS LIMITED,TRUE,null,21/01/2026,10000108,null,PUB.UKRLP.dbo.ProviderInstance,a97e2eb1-c959-4c26-8064-6961d76df731
null,01048360,ACORN VILLAGES LIMITED,TRUE,null,05/08/2024,10000109,null,PUB.UKRLP.dbo.ProviderInstance,a97e2eb1-c959-4c26-8064-6961d76df731
null,02036103,ACORNS CHILDREN'S HOSPICE TRUST,TRUE,null,15/09/2024,10000110,null,PUB.UKRLP.dbo.ProviderInstance,a97e2eb1-c959-4c26-8064-6961d76df731
02/09/2010,04019761,ACORNS TO OAKS LTD,FALSE,null,16/04/2007,10000111,null,PUB.UKRLP.dbo.ProviderInstance,a97e2eb1-c959-4c26-8064-6961d76df731
null,04624913,ACS DISTANCE EDUCATION LIMITED,TRUE,null,27/03/2026,10000112,null,PUB.UKRLP.dbo.ProviderInstance,a97e2eb1-c959-4c26-8064-6961d76df731
null,03647635,ACTION WEST LONDON,TRUE,null,15/01/2024,10000113,null,PUB.UKRLP.dbo.ProviderInstance,a97e2eb1-c959-4c26-8064-6961d76df731
09/07/2007,null,ACTION FOR CARERS (SURREY),FALSE,null,29/07/2005,10000114,null,PUB.UKRLP.dbo.ProviderInstance,a97e2eb1-c959-4c26-8064-6961d76df731
09/10/2023,02631340,A4E LTD,FALSE,null,13/07/2023,10000115,null,PUB.UKRLP.dbo.ProviderInstance,a97e2eb1-c959-4c26-8064-6961d76df731
null,02907172,SUSSEX RURAL COMMUNITY COUNCIL,TRUE,Action in Rural Sussex,25/03/2023,10000116,null,PUB.UKRLP.dbo.ProviderInstance,a97e2eb1-c959-4c26-8064-6961d76df731
08/11/2007,04129584,ACTIV 8 BUSINESS SOLUTIONS LIMITED,FALSE,null,16/04/2007,10000117,null,PUB.UKRLP.dbo.ProviderInstance,a97e2eb1-c959-4c26-8064-6961d76df731
17/12/2009,05068771,ACTIVE HEALTH GROUP LIMITED,FALSE,null,16/04/2007,10000118,null,PUB.UKRLP.dbo.ProviderInstance,a97e2eb1-c959-4c26-8064-6961d76df731
null,02539519,ACTIVE LEARNING & DEVELOPMENT LIMITED,TRUE,null,17/07/2026,10000119,null,PUB.UKRLP.dbo.ProviderInstance,a97e2eb1-c959-4c26-8064-6961d76df731
19/07/2011,04336967,ACTIVE LEARNING RESEARCH ASSOCIATES LIMITED,FALSE,null,16/04/2007,10000120,null,PUB.UKRLP.dbo.ProviderInstance,a97e2eb1-c959-4c26-8064-6961d76df731
17/12/2009,03527688,ACTIVE PERSONAL LEARNING LIMITED,FALSE,null,16/04/2007,10000121,null,PUB.UKRLP.dbo.ProviderInstance,a97e2eb1-c959-4c26-8064-6961d76df731
20/04/2023,03037327,ACTIVIA LTD,FALSE,Activia Training,30/01/2023,10000122,null,PUB.UKRLP.dbo.ProviderInstance,a97e2eb1-c959-4c26-8064-6961d76df731
null,OC311557,ACTON JENNINGS LLP,TRUE,null,21/01/2026,10000123,null,PUB.UKRLP.dbo.ProviderInstance,a97e2eb1-c959-4c26-8064-6961d76df731
14/09/2016,03306227,ACTON TRAINING CENTRE LIMITED,FALSE,ATC,15/07/2016,10000124,null,PUB.UKRLP.dbo.ProviderInstance,a97e2eb1-c959-4c26-8064-6961d76df731
28/07/2014,04766152,ACUITIV LIMITED,FALSE,null,25/06/2014,10000125,null,PUB.UKRLP.dbo.ProviderInstance,a97e2eb1-c959-4c26-8064-6961d76df731
11/03/2024,04771177,ACUMEN COMMUNITY ENTERPRISE DEVELOPMENT TRUST LIMITED,FALSE,null,31/10/2023,10000126,null,PUB.UKRLP.dbo.ProviderInstance,a97e2eb1-c959-4c26-8064-6961d76df731
17/12/2009,03038482,ACUMEN TRAINING INTERNATIONAL LIMITED,FALSE,null,30/01/2009,10000127,null,PUB.UKRLP.dbo.ProviderInstance,a97e2eb1-c959-4c26-8064-6961d76df731
null,02554449,ACUNITY LIMITED,TRUE,null,27/11/2023,10000128,null,PUB.UKRLP.dbo.ProviderInstance,a97e2eb1-c959-4c26-8064-6961d76df731
08/06/2018,SC202455,A D SERVICES (SCOTLAND) LIMITED,FALSE,null,02/05/2018,10000129,null,PUB.UKRLP.dbo.ProviderInstance,a97e2eb1-c959-4c26-8064-6961d76df731
02/09/2011,null,ADAMS' GRAMMAR SCHOOL,FALSE,null,29/07/2005,10000130,123593,PUB.UKRLP.dbo.ProviderInstance,a97e2eb1-c959-4c26-8064-6961d76df731
14/03/2020,null,"THE THOMAS ADAMS SCHOOL, WEM",FALSE,null,23/01/2020,10000131,123589,PUB.UKRLP.dbo.ProviderInstance,a97e2eb1-c959-4c26-8064-6961d76df731
23/10/2015,NI039426,ADAPT N.I.,FALSE,null,21/09/2015,10000132,null,PUB.UKRLP.dbo.ProviderInstance,a97e2eb1-c959-4c26-8064-6961d76df731
13/10/2016,04540789,ADAS CONSULTING LIMITED,FALSE,null,09/09/2016,10000133,null,PUB.UKRLP.dbo.ProviderInstance,a97e2eb1-c959-4c26-8064-6961d76df731
null,00819566,ADCOTE SCHOOL FOR GIRLS,TRUE,null,22/07/2026,10000134,123602,PUB.UKRLP.dbo.ProviderInstance,a97e2eb1-c959-4c26-8064-6961d76df731
null,02580377,WE ARE WITH YOU,TRUE,null,07/03/2025,10000135,null,PUB.UKRLP.dbo.ProviderInstance,a97e2eb1-c959-4c26-8064-6961d76df731
null,null,ADDEY AND STANHOPE SCHOOL,TRUE,null,14/07/2026,10000136,100748,PUB.UKRLP.dbo.ProviderInstance,a97e2eb1-c959-4c26-8064-6961d76df731
null,00593232,ADECCO UK LIMITED,TRUE,null,26/04/2026,10000137,null,PUB.UKRLP.dbo.ProviderInstance,a97e2eb1-c959-4c26-8064-6961d76df731
01/07/2011,02646439,ADEPT COMMUNITY DEVELOPMENT AGENCY LIMITED,FALSE,null,27/03/2007,10000138,null,PUB.UKRLP.dbo.ProviderInstance,a97e2eb1-c959-4c26-8064-6961d76df731
14/08/2018,null,ADEYFIELD SCHOOL,FALSE,null,18/06/2018,10000139,117512,PUB.UKRLP.dbo.ProviderInstance,a97e2eb1-c959-4c26-8064-6961d76df731
05/09/2006,SC165743,AD HOM LIMITED,FALSE,null,29/07/2005,10000140,null,PUB.UKRLP.dbo.ProviderInstance,a97e2eb1-c959-4c26-8064-6961d76df731
01/12/2011,SC187559,ADIT TRAINING LIMITED,FALSE,null,16/04/2007,10000141,null,PUB.UKRLP.dbo.ProviderInstance,a97e2eb1-c959-4c26-8064-6961d76df731
null,01661312,GRAITEC LIMITED,TRUE,null,23/10/2023,10000142,null,PUB.UKRLP.dbo.ProviderInstance,a97e2eb1-c959-4c26-8064-6961d76df731
null,null,BARKING & DAGENHAM LONDON BOROUGH COUNCIL,TRUE,Adult College of Barking and Dagenham,21/07/2026,10000143,null,PUB.UKRLP.dbo.ProviderInstance,a97e2eb1-c959-4c26-8064-6961d76df731
null,03839181,THE DYSLEXIA FOUNDATION,TRUE,null,02/06/2026,10000145,null,PUB.UKRLP.dbo.ProviderInstance,a97e2eb1-c959-4c26-8064-6961d76df731
null,null,BEXLEY LONDON BOROUGH COUNCIL,TRUE,null,21/07/2026,10000146,null,PUB.UKRLP.dbo.ProviderInstance,a97e2eb1-c959-4c26-8064-6961d76df731
null,04286151,ADULT TRAINING NETWORK LIMITED,TRUE,Adult Training Network Ltd,27/04/2026,10000147,null,PUB.UKRLP.dbo.ProviderInstance,a97e2eb1-c959-4c26-8064-6961d76df731
03/04/2007,04127889,ADVAL KEY KNOWLEDGE LIMITED,FALSE,null,27/03/2007,10000148,null,PUB.UKRLP.dbo.ProviderInstance,a97e2eb1-c959-4c26-8064-6961d76df731
23/10/2008,03718328,BEYOND LEARNING LIMITED,FALSE,null,17/04/2007,10000149,null,PUB.UKRLP.dbo.ProviderInstance,a97e2eb1-c959-4c26-8064-6961d76df731
03/08/2016,03201465,ADVANCE TRAINING AND CONSULTANCY LTD.,FALSE,null,27/06/2016,10000150,null,PUB.UKRLP.dbo.ProviderInstance,a97e2eb1-c959-4c26-8064-6961d76df731
null,03894022,ADVANCED FOOD SAFETY LIMITED,TRUE,null,17/10/2025,10000151,null,PUB.UKRLP.dbo.ProviderInstance,a97e2eb1-c959-4c26-8064-6961d76df731
11/12/2007,03330626,ADVANCED SCAFFOLD TRAINING AND INSPECTIONS LIMITED,FALSE,null,17/04/2007,10000152,null,PUB.UKRLP.dbo.ProviderInstance,a97e2eb1-c959-4c26-8064-6961d76df731
null,SC254089,ADVANTAGE LEARNING LIMITED,TRUE,null,18/07/2026,10000153,null,PUB.UKRLP.dbo.ProviderInstance,a97e2eb1-c959-4c26-8064-6961d76df731
06/04/2019,05395527,ADVANTAGE WIMBLEDON LIMITED,FALSE,null,28/01/2019,10000154,null,PUB.UKRLP.dbo.ProviderInstance,a97e2eb1-c959-4c26-8064-6961d76df731
null,03294136,GL INDUSTRIAL SERVICES UK LTD,TRUE,Advantica,21/01/2026,10000155,null,PUB.UKRLP.dbo.ProviderInstance,a97e2eb1-c959-4c26-8064-6961d76df731
null,04063174,ADVENTURE PEAKS LIMITED,TRUE,null,02/09/2025,10000156,null,PUB.UKRLP.dbo.ProviderInstance,a97e2eb1-c959-4c26-8064-6961d76df731
null,03976979,ADVENTURE PLUS,TRUE,null,21/01/2026,10000157,null,PUB.UKRLP.dbo.ProviderInstance,a97e2eb1-c959-4c26-8064-6961d76df731
01/12/2011,04358430,ADVENTURE SPORTS UK LIMITED,FALSE,null,30/11/2011,10000158,null,PUB.UKRLP.dbo.ProviderInstance,a97e2eb1-c959-4c26-8064-6961d76df731
02/11/2006,04148059,ADVENTURE VENTURE,FALSE,null,29/07/2005,10000159,null,PUB.UKRLP.dbo.ProviderInstance,a97e2eb1-c959-4c26-8064-6961d76df731
14/01/2010,null,ADVOCACY IN GATESHEAD AND SOUTH TYNESIDE,FALSE,null,29/07/2005,10000160,null,PUB.UKRLP.dbo.ProviderInstance,a97e2eb1-c959-4c26-8064-6961d76df731
23/07/2015,05163457,ADVOCACY RESOURCE EXCHANGE,FALSE,null,19/04/2015,10000161,null,PUB.UKRLP.dbo.ProviderInstance,a97e2eb1-c959-4c26-8064-6961d76df731
08/09/2009,null,NORTH DONCASTER TECHNOLOGY COLLEGE,FALSE,null,29/07/2005,10000162,null,PUB.UKRLP.dbo.ProviderInstance,a97e2eb1-c959-4c26-8064-6961d76df731
null,00653859,HEALTH SCIENCES UNIVERSITY,TRUE,null,03/06/2026,10000163,null,PUB.UKRLP.dbo.ProviderInstance,a97e2eb1-c959-4c26-8064-6961d76df731
02/09/2010,SC112904,AEL ENTERPRISES LIMITED,FALSE,null,17/12/2009,10000164,null,PUB.UKRLP.dbo.ProviderInstance,a97e2eb1-c959-4c26-8064-6961d76df731
16/04/2018,03890525,A. F. FITZGERALD TRAINING SERVICES LTD.,FALSE,null,05/02/2018,10000165,null,PUB.UKRLP.dbo.ProviderInstance,a97e2eb1-c959-4c26-8064-6961d76df731
09/07/2007,null,AFGHAN ASSOCIATION OF LONDON (HARROW),FALSE,null,22/08/2006,10000166,null,PUB.UKRLP.dbo.ProviderInstance,a97e2eb1-c959-4c26-8064-6961d76df731
24/09/2014,03342865,AFRICAN AND CARIBBEAN FINANCE FORUM (ACFF) LIMITED,FALSE,African & Caribbean Diversity,23/07/2014,10000167,null,PUB.UKRLP.dbo.ProviderInstance,a97e2eb1-c959-4c26-8064-6961d76df731
null,00515174,ROYAL SURGICAL AID SOCIETY,TRUE,null,23/07/2024,10000168,null,PUB.UKRLP.dbo.ProviderInstance,a97e2eb1-c959-4c26-8064-6961d76df731
20/10/2006,02535781,AGE CONCERN (BASINGSTOKE) LIMITED,FALSE,null,29/07/2005,10000169,null,PUB.UKRLP.dbo.ProviderInstance,a97e2eb1-c959-4c26-8064-6961d76df731
10/07/2008,null,AGE CONCERN NORTH WEST LEICESTERSHIRE,FALSE,null,15/09/2006,10000170,null,PUB.UKRLP.dbo.ProviderInstance,a97e2eb1-c959-4c26-8064-6961d76df731
09/07/2007,04309557,AGE CONCERN EAST CHESHIRE,FALSE,null,17/04/2007,10000171,null,PUB.UKRLP.dbo.ProviderInstance,a97e2eb1-c959-4c26-8064-6961d76df731
null,03603957,AGE UK LEICESTER SHIRE & RUTLAND EXTRA CARE LIMITED,TRUE,null,23/06/2025,10000172,null,PUB.UKRLP.dbo.ProviderInstance,a97e2eb1-c959-4c26-8064-6961d76df731
null,01763579,AGE UK NORTH TYNESIDE,TRUE,null,26/11/2023,10000173,null,PUB.UKRLP.dbo.ProviderInstance,a97e2eb1-c959-4c26-8064-6961d76df731
22/12/2009,null,AGE CONCERN NORTH YORKSHIRE,FALSE,null,22/08/2006,10000174,null,PUB.UKRLP.dbo.ProviderInstance,a97e2eb1-c959-4c26-8064-6961d76df731
null,SC153343,AGE SCOTLAND,TRUE,null,01/09/2025,10000175,null,PUB.UKRLP.dbo.ProviderInstance,a97e2eb1-c959-4c26-8064-6961d76df731
15/06/2011,null,AGE CONCERN STOCKPORT,FALSE,null,04/02/2011,10000176,null,PUB.UKRLP.dbo.ProviderInstance,a97e2eb1-c959-4c26-8064-6961d76df731
09/07/2007,null,AGE CONCERN THETFORD AND DISTRICT,FALSE,null,29/01/2007,10000177,null,PUB.UKRLP.dbo.ProviderInstance,a97e2eb1-c959-4c26-8064-6961d76df731
24/02/2011,null,NATIONAL COUNCIL ON AGEING,FALSE,Age Concern Training,14/01/2010,10000178,null,PUB.UKRLP.dbo.ProviderInstance,a97e2eb1-c959-4c26-8064-6961d76df731
29/12/2020,03303666,MARKET BREAKERS LTD,FALSE,null,01/12/2020,10000179,null,PUB.UKRLP.dbo.ProviderInstance,a97e2eb1-c959-4c26-8064-6961d76df731
12/01/2018,04807317,A.H. ALLEN LIMITED,FALSE,A.H. Allen Ltd,06/11/2017,10000180,null,PUB.UKRLP.dbo.ProviderInstance,a97e2eb1-c959-4c26-8064-6961d76df731
21/02/2020,04566606,AH PARALEGAL TRAINING LIMITED,FALSE,null,28/11/2019,10000181,null,PUB.UKRLP.dbo.ProviderInstance,a97e2eb1-c959-4c26-8064-6961d76df731
null,02025421,AIGBURTH OPPORTUNITIES,TRUE,null,26/11/2023,10000182,null,PUB.UKRLP.dbo.ProviderInstance,a97e2eb1-c959-4c26-8064-6961d76df731
null,04260389,AINSCOUGH TRAINING SERVICES LIMITED,TRUE,null,27/03/2026,10000183,null,PUB.UKRLP.dbo.ProviderInstance,a97e2eb1-c959-4c26-8064-6961d76df731
null,01958326,AIRBAGS INTERNATIONAL LIMITED,TRUE,null,10/07/2026,10000184,null,PUB.UKRLP.dbo.ProviderInstance,a97e2eb1-c959-4c26-8064-6961d76df731
null,SC157177,AIRDRIE CITIZENS ADVICE BUREAU,TRUE,null,10/07/2026,10000185,null,PUB.UKRLP.dbo.ProviderInstance,a97e2eb1-c959-4c26-8064-6961d76df731
null,null,AIREDALE NHS FOUNDATION TRUST,TRUE,null,21/07/2026,10000186,null,PUB.UKRLP.dbo.ProviderInstance,a97e2eb1-c959-4c26-8064-6961d76df731
21/02/2019,04764492,TIDESWELL TRADING LIMITED,FALSE,null,14/01/2019,10000187,null,PUB.UKRLP.dbo.ProviderInstance,a97e2eb1-c959-4c26-8064-6961d76df731
null,04709167,THE AKENHAM PARTNERSHIP LIMITED,TRUE,null,26/11/2023,10000188,null,PUB.UKRLP.dbo.ProviderInstance,a97e2eb1-c959-4c26-8064-6961d76df731
27/04/2016,null,AL FURQAN EDUCATIONAL TRUST,FALSE,Al-Furqan Community College,12/11/2015,10000189,null,PUB.UKRLP.dbo.ProviderInstance,a97e2eb1-c959-4c26-8064-6961d76df731
09/07/2007,02604011,ALABARE CHRISTIAN CARE CENTRES,FALSE,null,17/04/2007,10000190,null,PUB.UKRLP.dbo.ProviderInstance,a97e2eb1-c959-4c26-8064-6961d76df731
null,03216119,ACADEMY EDUCATION LIMITED,TRUE,Alan D Hairdressing Education,20/06/2024,10000191,null,PUB.UKRLP.dbo.ProviderInstance,a97e2eb1-c959-4c26-8064-6961d76df731
11/12/2007,02754225,ALAN WEAVER ASSOCIATES (SOFTWARE PRODUCTS) LIMITED,FALSE,null,02/11/2007,10000192,null,PUB.UKRLP.dbo.ProviderInstance,a97e2eb1-c959-4c26-8064-6961d76df731
03/04/2007,03825735,ALBANY COLLEGE LIMITED,FALSE,null,27/03/2007,10000193,null,PUB.UKRLP.dbo.ProviderInstance,a97e2eb1-c959-4c26-8064-6961d76df731
08/09/2009,null,ALBANY SCHOOL,FALSE,null,29/07/2005,10000194,null,PUB.UKRLP.dbo.ProviderInstance,a97e2eb1-c959-4c26-8064-6961d76df731
05/04/2016,05882037,THE ABBEY COLLEGE IN LONDON,FALSE,null,14/01/2016,10000195,137889,PUB.UKRLP.dbo.ProviderInstance,a97e2eb1-c959-4c26-8064-6961d76df731
06/04/2011,null,ALCESTER GRAMMAR SCHOOL,FALSE,null,29/07/2005,10000196,125770,PUB.UKRLP.dbo.ProviderInstance,a97e2eb1-c959-4c26-8064-6961d76df731
08/02/2019,02756082,ALCHEMEA LTD,FALSE,null,17/12/2018,10000197,null,PUB.UKRLP.dbo.ProviderInstance,a97e2eb1-c959-4c26-8064-6961d76df731
25/05/2026,01990365,ADS (ADDICTION DEPENDENCY SOLUTIONS),FALSE,Alcohol & Drugs Services,14/02/2026,10000198,null,PUB.UKRLP.dbo.ProviderInstance,a97e2eb1-c959-4c26-8064-6961d76df731
08/09/2017,03943800,ALCOHOL SERVICES FOR THE COMMUNITY,FALSE,null,11/06/2017,10000199,null,PUB.UKRLP.dbo.ProviderInstance,a97e2eb1-c959-4c26-8064-6961d76df731
06/04/2019,02107999,ALCREST (NORTHERN) LIMITED,FALSE,null,09/02/2019,10000200,null,PUB.UKRLP.dbo.ProviderInstance,a97e2eb1-c959-4c26-8064-6961d76df731
null,02835965,THE LEARNING FOUNDRY LIMITED,TRUE,null,21/01/2026,10000201,null,PUB.UKRLP.dbo.ProviderInstance,a97e2eb1-c959-4c26-8064-6961d76df731
null,02659703,ALDERLEY EDGE SCHOOL FOR GIRLS,TRUE,null,12/10/2025,10000202,111478,PUB.UKRLP.dbo.ProviderInstance,a97e2eb1-c959-4c26-8064-6961d76df731
03/05/2007,null,ALDERMAN WHITE SCHOOL AND LANGUAGE COLLEGE,FALSE,null,14/08/2006,10000203,null,PUB.UKRLP.dbo.ProviderInstance,a97e2eb1-c959-4c26-8064-6961d76df731
11/12/2009,null,ALDERSLEY HIGH SCHOOL,FALSE,null,29/07/2005,10000204,null,PUB.UKRLP.dbo.ProviderInstance,a97e2eb1-c959-4c26-8064-6961d76df731
null,null,ALDERWASLEY HALL SCHOOL,TRUE,null,14/07/2026,10000205,113021,PUB.UKRLP.dbo.ProviderInstance,a97e2eb1-c959-4c26-8064-6961d76df731
11/04/2019,null,ALDRIDGE SCHOOL - A SCIENCE COLLEGE,FALSE,null,08/08/2006,10000206,104263,PUB.UKRLP.dbo.ProviderInstance,a97e2eb1-c959-4c26-8064-6961d76df731
18/07/2022,03044018,ALEXANDER TECHNIQUE COLLEGE LTD,FALSE,Brighton Alexander Technique College,12/04/2022,10000207,null,PUB.UKRLP.dbo.ProviderInstance,a97e2eb1-c959-4c26-8064-6961d76df731
07/06/2006,null,ALEXANDRA HIGH SCHOOL AND SIXTH FORM CENTRE,FALSE,null,29/07/2005,10000208,null,PUB.UKRLP.dbo.ProviderInstance,a97e2eb1-c959-4c26-8064-6961d76df731
11/04/2019,null,ALEXANDRA PARK SCHOOL,FALSE,null,29/07/2005,10000209,131758,PUB.UKRLP.dbo.ProviderInstance,a97e2eb1-c959-4c26-8064-6961d76df731
28/10/2010,01367044,CARILLION (AM) LIMITED,FALSE,null,08/05/2008,10000210,null,PUB.UKRLP.dbo.ProviderInstance,a97e2eb1-c959-4c26-8064-6961d76df731
20/02/2014,04746484,ALGORITHM UK LIMITED,FALSE,null,30/11/2011,10000211,null,PUB.UKRLP.dbo.ProviderInstance,a97e2eb1-c959-4c26-8064-6961d76df731
24/02/2014,00137521,THE ALICE OTTLEY SCHOOL,FALSE,null,24/02/2014,10000212,null,PUB.UKRLP.dbo.ProviderInstance,a97e2eb1-c959-4c26-8064-6961d76df731
null,03948158,ALL DAY SAFETY SERVICES LIMITED,TRUE,null,26/11/2023,10000213,null,PUB.UKRLP.dbo.ProviderInstance,a97e2eb1-c959-4c26-8064-6961d76df731
17/09/2009,null,ALL HALLOWS CATHOLIC COLLEGE,FALSE,null,03/04/2009,10000214,null,PUB.UKRLP.dbo.ProviderInstance,a97e2eb1-c959-4c26-8064-6961d76df731
03/10/2024,null,ALL HALLOWS CATHOLIC SCHOOL,FALSE,null,02/07/2024,10000215,125315,PUB.UKRLP.dbo.ProviderInstance,a97e2eb1-c959-4c26-8064-6961d76df731
null,00990054,ALL NATIONS CHRISTIAN COLLEGE LIMITED,TRUE,All Nations Christian College,01/05/2025,10000216,null,PUB.UKRLP.dbo.ProviderInstance,a97e2eb1-c959-4c26-8064-6961d76df731
11/03/2013,null,ALL SAINTS CATHOLIC COLLEGE,FALSE,null,11/03/2013,10000217,106272,PUB.UKRLP.dbo.ProviderInstance,a97e2eb1-c959-4c26-8064-6961d76df731
03/04/2014,null,ALL SAINTS RC COMPREHENSIVE SCHOOL,FALSE,null,20/03/2014,10000218,122900,PUB.UKRLP.dbo.ProviderInstance,a97e2eb1-c959-4c26-8064-6961d76df731
null,null,ALL SAINTS CATHOLIC COLLEGE,TRUE,null,20/06/2026,10000219,107782,PUB.UKRLP.dbo.ProviderInstance,a97e2eb1-c959-4c26-8064-6961d76df731
19/01/2010,null,ALL SAINTS CATHOLIC HIGH SCHOOL,FALSE,null,29/07/2005,10000220,null,PUB.UKRLP.dbo.ProviderInstance,a97e2eb1-c959-4c26-8064-6961d76df731
12/03/2008,null,ALL SAINTS CATHOLIC SCHOOL,FALSE,null,29/07/2005,10000221,null,PUB.UKRLP.dbo.ProviderInstance,a97e2eb1-c959-4c26-8064-6961d76df731
null,null,ALL SAINTS CATHOLIC SCHOOL AND TECHNOLOGY COLLEGE,TRUE,null,14/07/2026,10000222,101247,PUB.UKRLP.dbo.ProviderInstance,a97e2eb1-c959-4c26-8064-6961d76df731
10/09/2014,null,ALL SAINTS COLLEGE,FALSE,null,19/06/2014,10000223,133302,PUB.UKRLP.dbo.ProviderInstance,a97e2eb1-c959-4c26-8064-6961d76df731
18/12/2008,null,ALL SAINTS COMMUNITY EDUCATION,FALSE,null,26/09/2007,10000224,null,PUB.UKRLP.dbo.ProviderInstance,a97e2eb1-c959-4c26-8064-6961d76df731
12/05/2023,null,ALL SAINTS RC SCHOOL,FALSE,null,11/03/2023,10000225,121720,PUB.UKRLP.dbo.ProviderInstance,a97e2eb1-c959-4c26-8064-6961d76df731
11/04/2019,null,ALL SAINTS' CATHOLIC HIGH SCHOOL,FALSE,null,29/07/2005,10000226,107160,PUB.UKRLP.dbo.ProviderInstance,a97e2eb1-c959-4c26-8064-6961d76df731
19/12/2013,04664874,ALLCARE TRAINING CONSULTANTS LIMITED,FALSE,Allcare Training Consultants,02/12/2011,10000227,null,PUB.UKRLP.dbo.ProviderInstance,a97e2eb1-c959-4c26-8064-6961d76df731
null,03784367,ALLENBY TRAINING SERVICES LIMITED,TRUE,null,26/04/2026,10000228,null,PUB.UKRLP.dbo.ProviderInstance,a97e2eb1-c959-4c26-8064-6961d76df731
null,null,ALLERDALE BOROUGH COUNCIL,TRUE,null,21/07/2026,10000229,null,PUB.UKRLP.dbo.ProviderInstance,a97e2eb1-c959-4c26-8064-6961d76df731
null,null,ALLERTON GRANGE SCHOOL,TRUE,null,14/07/2026,10000230,108058,PUB.UKRLP.dbo.ProviderInstance,a97e2eb1-c959-4c26-8064-6961d76df731
null,null,ALLERTON HIGH SCHOOL,TRUE,null,14/07/2026,10000231,108057,PUB.UKRLP.dbo.ProviderInstance,a97e2eb1-c959-4c26-8064-6961d76df731
05/09/2013,null,ALLEYNE'S HIGH SCHOOL,FALSE,null,29/07/2005,10000232,124417,PUB.UKRLP.dbo.ProviderInstance,a97e2eb1-c959-4c26-8064-6961d76df731
null,03763700,ALLIANCE FRANCAISE DE LONDRES LIMITED,TRUE,null,11/03/2026,10000233,null,PUB.UKRLP.dbo.ProviderInstance,a97e2eb1-c959-4c26-8064-6961d76df731
null,04473419,ALLIANCE FRANCAISE DE CAMBRIDGE,TRUE,null,02/09/2025,10000234,null,PUB.UKRLP.dbo.ProviderInstance,a97e2eb1-c959-4c26-8064-6961d76df731
13/08/2019,SC197741,ALLIANCE FRANCAISE DE GLASGOW,FALSE,null,19/05/2019,10000235,null,PUB.UKRLP.dbo.ProviderInstance,a97e2eb1-c959-4c26-8064-6961d76df731
null,04765625,ALLIANCE FRANCAISE DE MILTON KEYNES,TRUE,null,21/01/2026,10000236,null,PUB.UKRLP.dbo.ProviderInstance,a97e2eb1-c959-4c26-8064-6961d76df731
02/04/2007,04497730,ALLIANCE HEALTH & SAFETY TRAINING LIMITED,FALSE,null,29/09/2006,10000237,null,PUB.UKRLP.dbo.ProviderInstance,a97e2eb1-c959-4c26-8064-6961d76df731
null,01619564,ALLIANCE LEARNING,TRUE,null,01/10/2024,10000238,null,PUB.UKRLP.dbo.ProviderInstance,a97e2eb1-c959-4c26-8064-6961d76df731
null,04539003,PRE-SCHOOL LEARNING ALLIANCE,TRUE,null,14/12/2025,10000239,null,PUB.UKRLP.dbo.ProviderInstance,a97e2eb1-c959-4c26-8064-6961d76df731
26/09/2025,03733236,ALLIED BUSINESS SOLUTIONS LIMITED,FALSE,null,20/07/2025,10000240,null,PUB.UKRLP.dbo.ProviderInstance,a97e2eb1-c959-4c26-8064-6961d76df731
02/09/2010,04440156,ALM TRAINING LIMITED,FALSE,null,22/04/2009,10000241,null,PUB.UKRLP.dbo.ProviderInstance,a97e2eb1-c959-4c26-8064-6961d76df731
01/04/2009,null,ALNWICK DISTRICT COUNCIL,FALSE,null,06/01/2009,10000242,null,PUB.UKRLP.dbo.ProviderInstance,a97e2eb1-c959-4c26-8064-6961d76df731
07/06/2006,null,ALPERTON COMMUNITY SCHOOL,FALSE,null,29/07/2005,10000243,null,PUB.UKRLP.dbo.ProviderInstance,a97e2eb1-c959-4c26-8064-6961d76df731
30/07/2009,01934626,ALPHA TRAINING LIMITED,FALSE,null,19/04/2007,10000244,null,PUB.UKRLP.dbo.ProviderInstance,a97e2eb1-c959-4c26-8064-6961d76df731
null,04901552,ALPINE GUIDES LTD,TRUE,null,02/09/2025,10000245,null,PUB.UKRLP.dbo.ProviderInstance,a97e2eb1-c959-4c26-8064-6961d76df731
05/12/2011,05207885,ALPS ACCREDITED LEARNING PROGRAMMES LIMITED,FALSE,ALPS Accredited Learning Programmes Ltd,02/12/2011,10000246,null,PUB.UKRLP.dbo.ProviderInstance,a97e2eb1-c959-4c26-8064-6961d76df731
null,04870660,ALPS PARTNERSHIP LIMITED,TRUE,null,17/07/2026,10000247,null,PUB.UKRLP.dbo.ProviderInstance,a97e2eb1-c959-4c26-8064-6961d76df731
null,04306353,ALRA,TRUE,Academy of Live and Recorded Arts,16/07/2026,10000248,null,PUB.UKRLP.dbo.ProviderInstance,a97e2eb1-c959-4c26-8064-6961d76df731
05/09/2013,null,ALSAGER SCHOOL,FALSE,null,03/04/2009,10000249,111404,PUB.UKRLP.dbo.ProviderInstance,a97e2eb1-c959-4c26-8064-6961d76df731
15/11/2020,null,ALSOP HIGH SCHOOL TECHNOLOGY & APPLIED LEARNING SPECIALIST COLLEGE,FALSE,null,27/10/2020,10000250,104693,PUB.UKRLP.dbo.ProviderInstance,a97e2eb1-c959-4c26-8064-6961d76df731
11/04/2012,04684712,ALTERNATIVE OPTIONS LIMITED,FALSE,null,01/12/2011,10000251,null,PUB.UKRLP.dbo.ProviderInstance,a97e2eb1-c959-4c26-8064-6961d76df731
17/12/2009,03513147,ALTERNATIVES (LIGHTHOUSE PROJECT) LTD.,FALSE,null,13/03/2007,10000252,null,PUB.UKRLP.dbo.ProviderInstance,a97e2eb1-c959-4c26-8064-6961d76df731
null,04075948,ALTERNATIVES ACTIVITY CENTRE,TRUE,null,23/12/2025,10000253,null,PUB.UKRLP.dbo.ProviderInstance,a97e2eb1-c959-4c26-8064-6961d76df731
null,03067257,KAPLAN CONSULTING & TRAINING LIMITED,TRUE,null,25/03/2026,10000254,null,PUB.UKRLP.dbo.ProviderInstance,a97e2eb1-c959-4c26-8064-6961d76df731
22/08/2019,null,ALTON COLLEGE,FALSE,null,07/02/2018,10000256,130691,PUB.UKRLP.dbo.ProviderInstance,a97e2eb1-c959-4c26-8064-6961d76df731
14/06/2024,05295678,ALTON COMMUNITY ASSOCIATION,FALSE,null,26/02/2024,10000257,null,PUB.UKRLP.dbo.ProviderInstance,a97e2eb1-c959-4c26-8064-6961d76df731
29/11/2006,03557232,ALTON CONVENT TRUST,FALSE,null,29/09/2006,10000258,null,PUB.UKRLP.dbo.ProviderInstance,a97e2eb1-c959-4c26-8064-6961d76df731
24/09/2018,02598580,ALTON WATER SPORTS CENTRE,FALSE,null,11/08/2018,10000259,null,PUB.UKRLP.dbo.ProviderInstance,a97e2eb1-c959-4c26-8064-6961d76df731
07/03/2011,null,ALTRINCHAM GRAMMAR SCHOOL FOR BOYS,FALSE,null,29/07/2005,10000260,106361,PUB.UKRLP.dbo.ProviderInstance,a97e2eb1-c959-4c26-8064-6961d76df731
01/09/2011,null,ALTRINCHAM GRAMMAR SCHOOL FOR GIRLS,FALSE,null,29/07/2005,10000261,106362,PUB.UKRLP.dbo.ProviderInstance,a97e2eb1-c959-4c26-8064-6961d76df731
11/04/2019,null,ALTWOOD COFE SECONDARY SCHOOL,FALSE,null,09/08/2006,10000262,110080,PUB.UKRLP.dbo.ProviderInstance,a97e2eb1-c959-4c26-8064-6961d76df731
26/01/2009,03188032,ALUMWELL COMMUNITY ASSOCIATION LIMITED,FALSE,null,19/04/2007,10000263,null,PUB.UKRLP.dbo.ProviderInstance,a97e2eb1-c959-4c26-8064-6961d76df731
12/03/2010,02860394,ABC LEISURE GROUP LIMITED,FALSE,Alvechurch Waterway Holidays & Alvechurch Boat Centres,01/11/2007,10000264,null,PUB.UKRLP.dbo.ProviderInstance,a97e2eb1-c959-4c26-8064-6961d76df731
25/03/2013,04855116,AM MEDICAL SERVICES SOUTH LTD,FALSE,null,25/03/2013,10000265,null,PUB.UKRLP.dbo.ProviderInstance,a97e2eb1-c959-4c26-8064-6961d76df731
26/01/2009,03019483,A M A CONSULTING LIMITED,FALSE,null,19/04/2007,10000266,null,PUB.UKRLP.dbo.ProviderInstance,a97e2eb1-c959-4c26-8064-6961d76df731
null,04779660,AMACSPORTS LIMITED,TRUE,null,20/08/2023,10000267,null,PUB.UKRLP.dbo.ProviderInstance,a97e2eb1-c959-4c26-8064-6961d76df731
26/08/2022,04833650,AMACUS LIMITED,FALSE,null,01/07/2022,10000268,null,PUB.UKRLP.dbo.ProviderInstance,a97e2eb1-c959-4c26-8064-6961d76df731
02/09/2010,03481563,AMBER TRAINING LIMITED,FALSE,null,27/03/2007,10000269,null,PUB.UKRLP.dbo.ProviderInstance,a97e2eb1-c959-4c26-8064-6961d76df731
null,04763194,AMBER VALLEY COUNCIL FOR VOLUNTARY SERVICE,TRUE,Amber Valley CVS,18/07/2026,10000270,null,PUB.UKRLP.dbo.ProviderInstance,a97e2eb1-c959-4c26-8064-6961d76df731
null,02990425,AMBLE DEVELOPMENT TRUST,TRUE,null,26/04/2026,10000271,null,PUB.UKRLP.dbo.ProviderInstance,a97e2eb1-c959-4c26-8064-6961d76df731
null,01675285,AMEC FOSTER WHEELER LIMITED,TRUE,null,02/09/2025,10000272,null,PUB.UKRLP.dbo.ProviderInstance,a97e2eb1-c959-4c26-8064-6961d76df731
29/11/2006,05268807,THE AMERICAN COMMUNITY SCHOOL LIMITED,FALSE,null,29/09/2006,10000273,null,PUB.UKRLP.dbo.ProviderInstance,a97e2eb1-c959-4c26-8064-6961d76df731
10/06/2024,01373237,INNER CIRCLE MARYLEBONE LIMITED,FALSE,"American Intercontinental University, London",05/02/2023,10000274,null,PUB.UKRLP.dbo.ProviderInstance,a97e2eb1-c959-4c26-8064-6961d76df731
10/11/2017,null,AMERSHAM & WYCOMBE COLLEGE,FALSE,null,13/07/2017,10000275,130608,PUB.UKRLP.dbo.ProviderInstance,a97e2eb1-c959-4c26-8064-6961d76df731
null,04191205,AMPHIBIA (UK) LIMITED,TRUE,null,17/07/2026,10000276,null,PUB.UKRLP.dbo.ProviderInstance,a97e2eb1-c959-4c26-8064-6961d76df731
02/09/2010,03327119,AMRIX LIMITED,FALSE,null,18/12/2009,10000277,null,PUB.UKRLP.dbo.ProviderInstance,a97e2eb1-c959-4c26-8064-6961d76df731
02/04/2007,02844030,AMT INTERNATIONAL LIMITED,FALSE,null,01/09/2006,10000278,null,PUB.UKRLP.dbo.ProviderInstance,a97e2eb1-c959-4c26-8064-6961d76df731
05/01/2024,01944631,BABCOCK EMERGENCY SERVICES LIMITED,FALSE,AMT International,15/10/2023,10000279,null,PUB.UKRLP.dbo.ProviderInstance,a97e2eb1-c959-4c26-8064-6961d76df731
03/08/2016,03945795,AMUNDSEN CONSULTING LTD,FALSE,Amundsen Associates,26/04/2016,10000280,null,PUB.UKRLP.dbo.ProviderInstance,a97e2eb1-c959-4c26-8064-6961d76df731
null,NI037402,AN GAELARAS LIMITED,TRUE,null,08/04/2026,10000281,null,PUB.UKRLP.dbo.ProviderInstance,a97e2eb1-c959-4c26-8064-6961d76df731
03/04/2007,04502425,ANDERSON BUSINESS COLLEGE LIMITED,FALSE,null,05/09/2006,10000282,null,PUB.UKRLP.dbo.ProviderInstance,a97e2eb1-c959-4c26-8064-6961d76df731
null,NI036660,ANDERSONSTOWN TRADITIONAL & CONTEMPORARY MUSIC SCHOOL,TRUE,null,08/04/2026,10000283,null,PUB.UKRLP.dbo.ProviderInstance,a97e2eb1-c959-4c26-8064-6961d76df731
19/03/2007,04855124,ANDREA'S SCHOOL OF BSL LTD.,FALSE,null,29/09/2006,10000284,null,PUB.UKRLP.dbo.ProviderInstance,a97e2eb1-c959-4c26-8064-6961d76df731
null,00795523,COLLINGE & CO TRAINING LIMITED,TRUE,null,22/05/2026,10000285,null,PUB.UKRLP.dbo.ProviderInstance,a97e2eb1-c959-4c26-8064-6961d76df731
11/04/2019,null,ANFIELD COMMUNITY COMPREHENSIVE SCHOOL,FALSE,null,29/07/2005,10000286,104689,PUB.UKRLP.dbo.ProviderInstance,a97e2eb1-c959-4c26-8064-6961d76df731
17/03/2014,05254944,THE PEOPLE BUSINESS (UK) LTD,FALSE,null,23/12/2010,10000287,null,PUB.UKRLP.dbo.ProviderInstance,a97e2eb1-c959-4c26-8064-6961d76df731
03/04/2007,04988999,ANGLESEY SEA & SURF CENTRE LIMITED,FALSE,null,29/09/2006,10000288,null,PUB.UKRLP.dbo.ProviderInstance,a97e2eb1-c959-4c26-8064-6961d76df731
17/09/2009,null,ANGLEY SCHOOL - A SPORTS COLLEGE,FALSE,null,11/08/2006,10000289,null,PUB.UKRLP.dbo.ProviderInstance,a97e2eb1-c959-4c26-8064-6961d76df731
null,02223103,ANGLIA CARE TRUST,TRUE,null,21/01/2026,10000290,null,PUB.UKRLP.dbo.ProviderInstance,a97e2eb1-c959-4c26-8064-6961d76df731
null,null,ANGLIA RUSKIN UNIVERSITY,TRUE,null,21/07/2026,10000291,133803,PUB.UKRLP.dbo.ProviderInstance,a97e2eb1-c959-4c26-8064-6961d76df731
null,04186142,ANGLIA SPORTING ACTIVITIES LIMITED,TRUE,null,18/07/2026,10000292,null,PUB.UKRLP.dbo.ProviderInstance,a97e2eb1-c959-4c26-8064-6961d76df731
null,04699785,ANGLIA TRANSLATIONS LIMITED,TRUE,null,21/01/2026,10000293,null,PUB.UKRLP.dbo.ProviderInstance,a97e2eb1-c959-4c26-8064-6961d76df731
20/04/2023,04652589,CALL ADVISERS LTD,FALSE,null,23/01/2023,10000294,null,PUB.UKRLP.dbo.ProviderInstance,a97e2eb1-c959-4c26-8064-6961d76df731
12/05/2008,04398126,EASYWAY (LONDON) LIMITED,FALSE,null,19/04/2007,10000295,null,PUB.UKRLP.dbo.ProviderInstance,a97e2eb1-c959-4c26-8064-6961d76df731
01/12/2011,null,ANGLO EUROPEAN SCHOOL,FALSE,null,29/07/2005,10000296,115358,PUB.UKRLP.dbo.ProviderInstance,a97e2eb1-c959-4c26-8064-6961d76df731
23/05/2022,04460067,ANGLO-GERMAN WALKS LIMITED,FALSE,null,10/03/2022,10000297,null,PUB.UKRLP.dbo.ProviderInstance,a97e2eb1-c959-4c26-8064-6961d76df731
null,01981051,ANGLOLANG (SCARBOROUGH) LIMITED,TRUE,Anglolang Academy of English,13/06/2024,10000298,null,PUB.UKRLP.dbo.ProviderInstance,a97e2eb1-c959-4c26-8064-6961d76df731
null,SC045902,ANGUS TRAINING GROUP LIMITED,TRUE,null,18/07/2026,10000299,null,PUB.UKRLP.dbo.ProviderInstance,a97e2eb1-c959-4c26-8064-6961d76df731
19/12/2019,04446420,ANIMUS-4-VETS LIMITED,FALSE,null,01/12/2019,10000300,null,PUB.UKRLP.dbo.ProviderInstance,a97e2eb1-c959-4c26-8064-6961d76df731
01/12/2011,04142416,ANJALI DANCE COMPANY,FALSE,null,01/12/2011,10000301,null,PUB.UKRLP.dbo.ProviderInstance,a97e2eb1-c959-4c26-8064-6961d76df731
24/08/2009,03883679,ANNE CLARKE LIMITED,FALSE,null,18/04/2007,10000302,null,PUB.UKRLP.dbo.ProviderInstance,a97e2eb1-c959-4c26-8064-6961d76df731
13/07/2015,04995554,WILSON COLLEGE LTD.,FALSE,null,08/04/2015,10000303,null,PUB.UKRLP.dbo.ProviderInstance,a97e2eb1-c959-4c26-8064-6961d76df731
01/12/2011,05003761,ANRICH EDUCATION LIMITED,FALSE,Anrich Academy,30/11/2011,10000304,null,PUB.UKRLP.dbo.ProviderInstance,a97e2eb1-c959-4c26-8064-6961d76df731
null,01960990,BUPA CARE HOMES (ANS) LIMITED,TRUE,null,18/07/2026,10000305,null,PUB.UKRLP.dbo.ProviderInstance,a97e2eb1-c959-4c26-8064-6961d76df731
04/07/2011,null,ANSFORD SCHOOL,FALSE,null,09/04/2008,10000306,123865,PUB.UKRLP.dbo.ProviderInstance,a97e2eb1-c959-4c26-8064-6961d76df731
09/07/2007,04493663,ANTERIOR MANAGEMENT LIMITED,FALSE,null,18/04/2007,10000307,null,PUB.UKRLP.dbo.ProviderInstance,a97e2eb1-c959-4c26-8064-6961d76df731
14/08/2023,null,ANTHONY GELL SCHOOL,FALSE,null,12/06/2023,10000308,112968,PUB.UKRLP.dbo.ProviderInstance,a97e2eb1-c959-4c26-8064-6961d76df731
07/05/2019,04387411,ANTHONY VRAHIMIS LIMITED,FALSE,null,21/02/2019,10000309,null,PUB.UKRLP.dbo.ProviderInstance,a97e2eb1-c959-4c26-8064-6961d76df731
null,04325538,ANZIO TRAINING LIMITED,TRUE,null,17/07/2026,10000310,null,PUB.UKRLP.dbo.ProviderInstance,a97e2eb1-c959-4c26-8064-6961d76df731
null,04376890,APCYMRU LIMITED,TRUE,MPCT,23/06/2025,10000311,null,PUB.UKRLP.dbo.ProviderInstance,a97e2eb1-c959-4c26-8064-6961d76df731
03/04/2007,01856159,APAC COMPUTER TRAINING LIMITED,FALSE,null,29/09/2006,10000312,null,PUB.UKRLP.dbo.ProviderInstance,a97e2eb1-c959-4c26-8064-6961d76df731
04/07/2017,01961302,APEX LEICESTER PROJECT LIMITED,FALSE,null,26/10/2016,10000313,null,PUB.UKRLP.dbo.ProviderInstance,a97e2eb1-c959-4c26-8064-6961d76df731
null,01628566,APEX CHARITABLE TRUST LIMITED,TRUE,null,22/05/2026,10000314,null,PUB.UKRLP.dbo.ProviderInstance,a97e2eb1-c959-4c26-8064-6961d76df731
null,03397650,APEX MANAGEMENT CONSULTANTS LIMITED,TRUE,null,12/12/2024,10000315,null,PUB.UKRLP.dbo.ProviderInstance,a97e2eb1-c959-4c26-8064-6961d76df731
27/05/2014,03197144,APEX TRAINING (PLANT) LIMITED,FALSE,null,21/03/2014,10000316,null,PUB.UKRLP.dbo.ProviderInstance,a97e2eb1-c959-4c26-8064-6961d76df731
30/04/2012,05423805,APEX TRAINING SERVICES LIMITED,FALSE,null,30/04/2012,10000317,null,PUB.UKRLP.dbo.ProviderInstance,a97e2eb1-c959-4c26-8064-6961d76df731
01/06/2018,02426961,APO MATERIALS MANAGEMENT LIMITED,FALSE,APO Training,16/04/2018,10000318,null,PUB.UKRLP.dbo.ProviderInstance,a97e2eb1-c959-4c26-8064-6961d76df731
10/08/2011,null,APPLEBY GRAMMAR SCHOOL,FALSE,null,29/07/2005,10000319,112434,PUB.UKRLP.dbo.ProviderInstance,a97e2eb1-c959-4c26-8064-6961d76df731
null,null,APPLEMORE COLLEGE,TRUE,null,10/10/2025,10000320,116504,PUB.UKRLP.dbo.ProviderInstance,a97e2eb1-c959-4c26-8064-6961d76df731
09/05/2008,04614729,APPLIED CARE TRAINING LIMITED,FALSE,null,18/04/2007,10000321,null,PUB.UKRLP.dbo.ProviderInstance,a97e2eb1-c959-4c26-8064-6961d76df731
05/09/2006,04211702,APPLIED COMPUTER TRAINING LIMITED,FALSE,null,29/07/2005,10000322,null,PUB.UKRLP.dbo.ProviderInstance,a97e2eb1-c959-4c26-8064-6961d76df731
28/01/2009,03594353,APPLIED TECHNOLOGY SERVICES LIMITED,FALSE,null,27/03/2007,10000323,null,PUB.UKRLP.dbo.ProviderInstance,a97e2eb1-c959-4c26-8064-6961d76df731
03/07/2012,02691815,APPRENTICESHIP TRAINING LIMITED,FALSE,ATL,18/12/2009,10000324,null,PUB.UKRLP.dbo.ProviderInstance,a97e2eb1-c959-4c26-8064-6961d76df731
null,05012944,APRICOT TRAINING MANAGEMENT LIMITED,TRUE,null,17/07/2026,10000325,null,PUB.UKRLP.dbo.ProviderInstance,a97e2eb1-c959-4c26-8064-6961d76df731
null,02577354,APRIL TRAINING EXECUTIVE LIMITED,TRUE,null,17/07/2026,10000326,null,PUB.UKRLP.dbo.ProviderInstance,a97e2eb1-c959-4c26-8064-6961d76df731
02/09/2010,03641585,AQUANAUT TRAINING CENTRE LIMITED,FALSE,null,18/04/2007,10000327,null,PUB.UKRLP.dbo.ProviderInstance,a97e2eb1-c959-4c26-8064-6961d76df731
05/11/2007,04478384,CHARLIE STERLING LIMITED,FALSE,null,18/04/2007,10000328,null,PUB.UKRLP.dbo.ProviderInstance,a97e2eb1-c959-4c26-8064-6961d76df731
29/07/2014,03337237,AQUILA TRAINING & EDUCATION SERVICES LTD,FALSE,Aquila Training & Education Services,27/06/2014,10000329,null,PUB.UKRLP.dbo.ProviderInstance,a97e2eb1-c959-4c26-8064-6961d76df731
null,null,AQUINAS COLLEGE,TRUE,null,14/07/2026,10000330,130514,PUB.UKRLP.dbo.ProviderInstance,a97e2eb1-c959-4c26-8064-6961d76df731
28/10/2010,02684154,CARILLION SERVICES 2006 LIMITED,FALSE,null,18/04/2007,10000331,null,PUB.UKRLP.dbo.ProviderInstance,a97e2eb1-c959-4c26-8064-6961d76df731
09/07/2007,03283747,ARAB WOMEN GROUP (UK) LIMITED,FALSE,null,18/04/2007,10000332,null,PUB.UKRLP.dbo.ProviderInstance,a97e2eb1-c959-4c26-8064-6961d76df731
12/11/2010,05029340,ARABIC SCHOOL LIMITED,FALSE,Arabic Language School,27/03/2007,10000333,null,PUB.UKRLP.dbo.ProviderInstance,a97e2eb1-c959-4c26-8064-6961d76df731
null,04070377,THE ARBORICULTURAL ASSOCIATION,TRUE,null,23/12/2025,10000334,null,PUB.UKRLP.dbo.ProviderInstance,a97e2eb1-c959-4c26-8064-6961d76df731
null,01658354,THE ASSOCIATION FOR REAL CHANGE,TRUE,ARC,23/06/2025,10000335,null,PUB.UKRLP.dbo.ProviderInstance,a97e2eb1-c959-4c26-8064-6961d76df731
02/09/2010,05413473,ARC TRAINING SERVICES (UK) LIMITED,FALSE,null,27/03/2007,10000336,null,PUB.UKRLP.dbo.ProviderInstance,a97e2eb1-c959-4c26-8064-6961d76df731
null,02357520,HONEYCOMB CHARITABLE SERVICES LTD,TRUE,null,26/04/2026,10000337,null,PUB.UKRLP.dbo.ProviderInstance,a97e2eb1-c959-4c26-8064-6961d76df731
null,02812012,ARCH INITIATIVES,TRUE,null,18/02/2024,10000338,null,PUB.UKRLP.dbo.ProviderInstance,a97e2eb1-c959-4c26-8064-6961d76df731
null,null,ARCHBISHOP BECK CATHOLIC COLLEGE,TRUE,null,01/05/2026,10000339,104717,PUB.UKRLP.dbo.ProviderInstance,a97e2eb1-c959-4c26-8064-6961d76df731
09/12/2025,null,ARCHBISHOP BLANCH COFE HIGH SCHOOL,FALSE,null,09/10/2025,10000340,104705,PUB.UKRLP.dbo.ProviderInstance,a97e2eb1-c959-4c26-8064-6961d76df731
19/01/2011,null,THE ARCHBISHOP GRIMSHAW CATHOLIC SCHOOL,FALSE,null,26/06/2009,10000341,104120,PUB.UKRLP.dbo.ProviderInstance,a97e2eb1-c959-4c26-8064-6961d76df731
20/06/2019,null,ARCHBISHOP ILSLEY CATHOLIC SCHOOL,FALSE,null,08/04/2019,10000342,103541,PUB.UKRLP.dbo.ProviderInstance,a97e2eb1-c959-4c26-8064-6961d76df731
17/09/2007,null,ARCHBISHOP MICHAEL RAMSEY TECHNOLOGY COLLEGE,FALSE,null,29/07/2005,10000343,null,PUB.UKRLP.dbo.ProviderInstance,a97e2eb1-c959-4c26-8064-6961d76df731
null,null,ARCHBISHOP TENISON'S COFE HIGH SCHOOL,TRUE,null,10/10/2025,10000344,101811,PUB.UKRLP.dbo.ProviderInstance,a97e2eb1-c959-4c26-8064-6961d76df731
11/01/2019,null,ARCHBISHOP TENISON'S SCHOOL,FALSE,null,04/10/2018,10000345,100640,PUB.UKRLP.dbo.ProviderInstance,a97e2eb1-c959-4c26-8064-6961d76df731
12/08/2019,null,ARCHERS COURT MATHS AND COMPUTING COLLEGE,FALSE,null,12/08/2019,10000346,118808,PUB.UKRLP.dbo.ProviderInstance,a97e2eb1-c959-4c26-8064-6961d76df731
30/07/2009,01941116,ARCHON 2000,FALSE,null,18/04/2007,10000347,null,PUB.UKRLP.dbo.ProviderInstance,a97e2eb1-c959-4c26-8064-6961d76df731
23/09/2019,04865127,ARCHWAY ACADEMY,FALSE,null,23/07/2019,10000348,135406,PUB.UKRLP.dbo.ProviderInstance,a97e2eb1-c959-4c26-8064-6961d76df731
null,null,ARCHWAY SCHOOL,TRUE,null,14/07/2026,10000349,115723,PUB.UKRLP.dbo.ProviderInstance,a97e2eb1-c959-4c26-8064-6961d76df731
null,03010116,ARDEN COLLEGE,TRUE,null,20/05/2026,10000350,131935,PUB.UKRLP.dbo.ProviderInstance,a97e2eb1-c959-4c26-8064-6961d76df731
30/11/2006,03779971,ARDINGLY COLLEGE LIMITED,FALSE,null,29/09/2006,10000351,null,PUB.UKRLP.dbo.ProviderInstance,a97e2eb1-c959-4c26-8064-6961d76df731
null,NI021680,ARDS BUSINESS CENTRE LTD,TRUE,null,08/04/2026,10000352,null,PUB.UKRLP.dbo.ProviderInstance,a97e2eb1-c959-4c26-8064-6961d76df731
12/05/2008,03482224,ARENA LEARNING LIMITED,FALSE,null,18/04/2007,10000353,null,PUB.UKRLP.dbo.ProviderInstance,a97e2eb1-c959-4c26-8064-6961d76df731
null,01751129,ARFON DWYFOR TRAINING LIMITED,TRUE,Arfon Dwyfor Training (WBL) Limited,05/09/2024,10000354,null,PUB.UKRLP.dbo.ProviderInstance,a97e2eb1-c959-4c26-8064-6961d76df731
10/10/2013,SC171992,ARGYLL GREEN WOODWORKERS ASSOCIATION TRUST,FALSE,null,01/12/2011,10000355,null,PUB.UKRLP.dbo.ProviderInstance,a97e2eb1-c959-4c26-8064-6961d76df731
null,SC131051,ARGYLL TRAINING LIMITED,TRUE,null,23/06/2025,10000356,null,PUB.UKRLP.dbo.ProviderInstance,a97e2eb1-c959-4c26-8064-6961d76df731
21/09/2017,03987132,ARIADNE ASSOCIATES LIMITED,FALSE,null,16/07/2017,10000357,null,PUB.UKRLP.dbo.ProviderInstance,a97e2eb1-c959-4c26-8064-6961d76df731
06/07/2012,04127351,ARIAN ASSOCIATES LIMITED,FALSE,null,02/12/2011,10000358,null,PUB.UKRLP.dbo.ProviderInstance,a97e2eb1-c959-4c26-8064-6961d76df731
null,02113575,ARIEL TRUST LIMITED,TRUE,null,05/12/2025,10000359,null,PUB.UKRLP.dbo.ProviderInstance,a97e2eb1-c959-4c26-8064-6961d76df731
07/10/2009,03299736,ARISTA DEVELOPMENT & CONSULTANCY LIMITED,FALSE,Arista,15/05/2008,10000360,null,PUB.UKRLP.dbo.ProviderInstance,a97e2eb1-c959-4c26-8064-6961d76df731
20/01/2015,04440840,ARKH (ASYLUM SEEKERS AND REFUGEES KINGSTON UPON HULL),FALSE,null,16/12/2014,10000361,null,PUB.UKRLP.dbo.ProviderInstance,a97e2eb1-c959-4c26-8064-6961d76df731
null,02518468,ALLIED ROOFING AND CONSTRUCTION LIMITED,TRUE,Arm Training Services,02/02/2026,10000362,null,PUB.UKRLP.dbo.ProviderInstance,a97e2eb1-c959-4c26-8064-6961d76df731
null,NI018275,ARMAGH BUSINESS CENTRE LIMITED,TRUE,null,08/04/2026,10000363,null,PUB.UKRLP.dbo.ProviderInstance,a97e2eb1-c959-4c26-8064-6961d76df731
null,04583523,ARMSTRONG WILSON ASSOCIATES LIMITED,TRUE,null,21/01/2026,10000364,null,PUB.UKRLP.dbo.ProviderInstance,a97e2eb1-c959-4c26-8064-6961d76df731
null,00207732,ZENTIA LIMITED,TRUE,null,17/07/2026,10000365,null,PUB.UKRLP.dbo.ProviderInstance,a97e2eb1-c959-4c26-8064-6961d76df731
06/04/2011,null,THE ARNEWOOD SCHOOL,FALSE,null,29/07/2005,10000366,116495,PUB.UKRLP.dbo.ProviderInstance,a97e2eb1-c959-4c26-8064-6961d76df731
11/04/2019,null,ARNOLD HILL SCHOOL AND TECHNOLOGY COLLEGE,FALSE,null,14/08/2006,10000367,122847,PUB.UKRLP.dbo.ProviderInstance,a97e2eb1-c959-4c26-8064-6961d76df731
19/12/2013,00331031,AKS BLACKPOOL,FALSE,null,06/11/2013,10000368,119839,PUB.UKRLP.dbo.ProviderInstance,a97e2eb1-c959-4c26-8064-6961d76df731
null,00347103,ARRIVA LIMITED,TRUE,null,18/07/2026,10000369,null,PUB.UKRLP.dbo.ProviderInstance,a97e2eb1-c959-4c26-8064-6961d76df731
18/10/2011,null,ARROW VALE COMMUNITY HIGH SCHOOL - A SPECIALIST SPORTS COLLEGE,FALSE,null,03/08/2010,10000370,116946,PUB.UKRLP.dbo.ProviderInstance,a97e2eb1-c959-4c26-8064-6961d76df731
null,03801729,THE ART ACADEMY,TRUE,Art Academy London,17/07/2026,10000371,null,PUB.UKRLP.dbo.ProviderInstance,a97e2eb1-c959-4c26-8064-6961d76df731
null,01590132,ART SPACE PORTSMOUTH LIMITED,TRUE,null,17/07/2026,10000372,null,PUB.UKRLP.dbo.ProviderInstance,a97e2eb1-c959-4c26-8064-6961d76df731
23/09/2015,01035378,ARTEMIS SCHOOL OF SPEECH AND DRAMA LTD.,FALSE,null,21/06/2015,10000373,null,PUB.UKRLP.dbo.ProviderInstance,a97e2eb1-c959-4c26-8064-6961d76df731
15/12/2010,null,ARTHUR MELLOWS VILLAGE COLLEGE,FALSE,null,29/07/2005,10000374,110875,PUB.UKRLP.dbo.ProviderInstance,a97e2eb1-c959-4c26-8064-6961d76df731
null,04917066,THE ARTHUR RANK CENTRE,TRUE,null,11/05/2022,10000375,null,PUB.UKRLP.dbo.ProviderInstance,a97e2eb1-c959-4c26-8064-6961d76df731
20/06/2016,04260885,ARTHUR RANK TRAINING,FALSE,null,18/04/2016,10000376,null,PUB.UKRLP.dbo.ProviderInstance,a97e2eb1-c959-4c26-8064-6961d76df731
09/07/2007,03648570,ARTIKAL FILMS LIMITED,FALSE,null,19/04/2007,10000377,null,PUB.UKRLP.dbo.ProviderInstance,a97e2eb1-c959-4c26-8064-6961d76df731
null,04276250,ARTLINK CENTRE FOR COMMUNITY ARTS,TRUE,null,29/08/2024,10000378,null,PUB.UKRLP.dbo.ProviderInstance,a97e2eb1-c959-4c26-8064-6961d76df731
26/09/2025,02456840,ARTLINK WEST YORKSHIRE,FALSE,null,13/01/2025,10000379,null,PUB.UKRLP.dbo.ProviderInstance,a97e2eb1-c959-4c26-8064-6961d76df731
19/07/2011,03276371,ARTS & MEDIA TRAINING LTD,FALSE,null,07/03/2011,10000380,null,PUB.UKRLP.dbo.ProviderInstance,a97e2eb1-c959-4c26-8064-6961d76df731
null,00712444,ARTS EDUCATIONAL SCHOOLS(THE),TRUE,Arts Educational Schools,10/05/2026,10000381,102551,PUB.UKRLP.dbo.ProviderInstance,a97e2eb1-c959-4c26-8064-6961d76df731
06/12/2019,03848339,ARTS EXPRESS,FALSE,null,25/08/2019,10000382,null,PUB.UKRLP.dbo.ProviderInstance,a97e2eb1-c959-4c26-8064-6961d76df731
null,02491685,ARTS FACTORY LTD,TRUE,null,18/07/2026,10000383,null,PUB.UKRLP.dbo.ProviderInstance,a97e2eb1-c959-4c26-8064-6961d76df731
09/07/2007,03732865,ARTS IN REGENERATION (SPEKE GARSTON) LIMITED,FALSE,null,19/04/2007,10000384,null,PUB.UKRLP.dbo.ProviderInstance,a97e2eb1-c959-4c26-8064-6961d76df731
null,null,"ARTS UNIVERSITY BOURNEMOUTH, THE",TRUE,The Arts University Bournemouth,14/02/2018,10000385,133793,PUB.UKRLP.dbo.ProviderInstance,a97e2eb1-c959-4c26-8064-6961d76df731
14/11/2007,02774083,THINK EQ.,FALSE,null,04/09/2006,10000386,null,PUB.UKRLP.dbo.ProviderInstance,a97e2eb1-c959-4c26-8064-6961d76df731
28/11/2013,03195195,ARTS TRAINING CENTRAL,FALSE,null,06/12/2011,10000387,null,PUB.UKRLP.dbo.ProviderInstance,a97e2eb1-c959-4c26-8064-6961d76df731
21/02/2019,03894397,THE ARTSWAY TRUST LIMITED,FALSE,Artsway,11/11/2018,10000388,null,PUB.UKRLP.dbo.ProviderInstance,a97e2eb1-c959-4c26-8064-6961d76df731
null,02150619,ARTSWORK LIMITED,TRUE,null,17/07/2026,10000389,null,PUB.UKRLP.dbo.ProviderInstance,a97e2eb1-c959-4c26-8064-6961d76df731
03/04/2007,04247560,ARTTS SKILLCENTRE LIMITED,FALSE,null,05/09/2006,10000390,null,PUB.UKRLP.dbo.ProviderInstance,a97e2eb1-c959-4c26-8064-6961d76df731
null,01086582,ARVON FOUNDATION LIMITED (THE),TRUE,null,10/06/2025,10000391,null,PUB.UKRLP.dbo.ProviderInstance,a97e2eb1-c959-4c26-8064-6961d76df731
null,03949641,ASCEND (CYMRU) LTD,TRUE,null,21/01/2026,10000392,null,PUB.UKRLP.dbo.ProviderInstance,a97e2eb1-c959-4c26-8064-6961d76df731
05/11/2007,03427771,ASCENT 21,FALSE,null,19/04/2007,10000393,null,PUB.UKRLP.dbo.ProviderInstance,a97e2eb1-c959-4c26-8064-6961d76df731
null,01329505,ASCOT RESIDENTIAL HOMES LIMITED,TRUE,null,02/02/2026,10000394,null,PUB.UKRLP.dbo.ProviderInstance,a97e2eb1-c959-4c26-8064-6961d76df731
null,00464777,ASDA STORES LIMITED,TRUE,Asda,21/01/2026,10000395,null,PUB.UKRLP.dbo.ProviderInstance,a97e2eb1-c959-4c26-8064-6961d76df731
null,02040174,ASHA NEIGHBOURHOOD PROJECT LIMITED,TRUE,null,14/09/2024,10000396,null,PUB.UKRLP.dbo.ProviderInstance,a97e2eb1-c959-4c26-8064-6961d76df731
05/09/2006,03737296,ASHBURNHAM COMMUNITY ENTERPRISES LIMITED,FALSE,null,29/07/2005,10000397,null,PUB.UKRLP.dbo.ProviderInstance,a97e2eb1-c959-4c26-8064-6961d76df731
11/04/2019,null,ASHBY SCHOOL,FALSE,null,14/08/2006,10000398,120303,PUB.UKRLP.dbo.ProviderInstance,a97e2eb1-c959-4c26-8064-6961d76df731
03/01/2017,null,THE ASHCOMBE SCHOOL,FALSE,null,31/10/2016,10000399,125264,PUB.UKRLP.dbo.ProviderInstance,a97e2eb1-c959-4c26-8064-6961d76df731
04/04/2012,null,ASHFIELD COMPREHENSIVE SCHOOL,FALSE,null,14/08/2006,10000400,122827,PUB.UKRLP.dbo.ProviderInstance,a97e2eb1-c959-4c26-8064-6961d76df731
null,null,ASHFIELD DISTRICT COUNCIL,TRUE,null,21/07/2026,10000401,null,PUB.UKRLP.dbo.ProviderInstance,a97e2eb1-c959-4c26-8064-6961d76df731
19/07/2011,04127453,ASHFIELD WOMEN'S CENTRE LIMITED,FALSE,null,07/03/2011,10000402,null,PUB.UKRLP.dbo.ProviderInstance,a97e2eb1-c959-4c26-8064-6961d76df731
20/11/2017,null,ASHINGTON HIGH SCHOOL,FALSE,null,06/10/2017,10000403,122355,PUB.UKRLP.dbo.ProviderInstance,a97e2eb1-c959-4c26-8064-6961d76df731
06/04/2011,null,ASHLAWN SCHOOL,FALSE,null,29/07/2005,10000404,125751,PUB.UKRLP.dbo.ProviderInstance,a97e2eb1-c959-4c26-8064-6961d76df731
null,null,ASHLYNS SCHOOL,TRUE,null,14/07/2026,10000405,117578,PUB.UKRLP.dbo.ProviderInstance,a97e2eb1-c959-4c26-8064-6961d76df731
17/12/2010,null,ASHMOLE SCHOOL,FALSE,null,29/07/2005,10000406,101363,PUB.UKRLP.dbo.ProviderInstance,a97e2eb1-c959-4c26-8064-6961d76df731
null,02657259,ASHTON COURT GROUP LIMITED,TRUE,null,21/01/2026,10000407,null,PUB.UKRLP.dbo.ProviderInstance,a97e2eb1-c959-4c26-8064-6961d76df731
06/07/2018,null,ASHTON PARK SCHOOL,FALSE,null,14/06/2018,10000408,109278,PUB.UKRLP.dbo.ProviderInstance,a97e2eb1-c959-4c26-8064-6961d76df731
22/08/2019,null,ASHTON SIXTH FORM COLLEGE,FALSE,null,07/02/2018,10000409,130518,PUB.UKRLP.dbo.ProviderInstance,a97e2eb1-c959-4c26-8064-6961d76df731
05/08/2024,03785886,ASHTREE MANAGEMENT SERVICES LTD.,FALSE,null,13/05/2024,10000410,null,PUB.UKRLP.dbo.ProviderInstance,a97e2eb1-c959-4c26-8064-6961d76df731
09/01/2014,02048799,ASHWOOD MANAGEMENT CONSULTANTS LIMITED,FALSE,null,02/12/2011,10000411,null,PUB.UKRLP.dbo.ProviderInstance,a97e2eb1-c959-4c26-8064-6961d76df731
06/11/2007,03679234,ASIAN AND ORIENTAL SCHOOL OF CATERING LIMITED,FALSE,null,19/04/2007,10000412,null,PUB.UKRLP.dbo.ProviderInstance,a97e2eb1-c959-4c26-8064-6961d76df731
28/01/2009,04101489,ASIAN BALTI RESTAURANT ASSOCIATION LIMITED,FALSE,null,27/03/2007,10000413,null,PUB.UKRLP.dbo.ProviderInstance,a97e2eb1-c959-4c26-8064-6961d76df731
null,03255856,ASIAN WOMENS PROJECT LIMITED,TRUE,null,20/02/2025,10000414,null,PUB.UKRLP.dbo.ProviderInstance,a97e2eb1-c959-4c26-8064-6961d76df731
null,null,ASKHAM BRYAN COLLEGE,TRUE,null,21/07/2026,10000415,130595,PUB.UKRLP.dbo.ProviderInstance,a97e2eb1-c959-4c26-8064-6961d76df731
null,02162156,ASPECT INTERNATIONAL LANGUAGE ACADEMIES LIMITED,TRUE,Kaplan International Colleges,21/01/2026,10000416,null,PUB.UKRLP.dbo.ProviderInstance,a97e2eb1-c959-4c26-8064-6961d76df731
null,04009369,ASPECT TRAINING LIMITED,TRUE,null,17/07/2026,10000417,null,PUB.UKRLP.dbo.ProviderInstance,a97e2eb1-c959-4c26-8064-6961d76df731
null,null,ASPERGER EAST ANGLIA,TRUE,null,07/06/2018,10000418,null,PUB.UKRLP.dbo.ProviderInstance,a97e2eb1-c959-4c26-8064-6961d76df731
null,null,ASPHALEIA ACTION,TRUE,null,22/01/2019,10000419,null,PUB.UKRLP.dbo.ProviderInstance,a97e2eb1-c959-4c26-8064-6961d76df731
13/07/2015,null,THE BRIDGE,FALSE,null,03/04/2015,10000420,116572,PUB.UKRLP.dbo.ProviderInstance,a97e2eb1-c959-4c26-8064-6961d76df731
null,04551344,ASPIRATION TRAINING LIMITED,TRUE,null,02/09/2025,10000421,null,PUB.UKRLP.dbo.ProviderInstance,a97e2eb1-c959-4c26-8064-6961d76df731
02/03/2011,04207642,ASSA T&D LIMITED,FALSE,null,27/03/2007,10000422,null,PUB.UKRLP.dbo.ProviderInstance,a97e2eb1-c959-4c26-8064-6961d76df731
15/04/2008,04851131,ASSA TRAINING AND LEARNING LIMITED,FALSE,null,27/03/2007,10000423,null,PUB.UKRLP.dbo.ProviderInstance,a97e2eb1-c959-4c26-8064-6961d76df731
01/06/2015,04740382,MORE TRAINING LIMITED,FALSE,null,31/03/2015,10000424,null,PUB.UKRLP.dbo.ProviderInstance,a97e2eb1-c959-4c26-8064-6961d76df731
03/08/2016,03006694,ASSESSMENT NORTH EAST LIMITED,FALSE,null,23/05/2016,10000425,null,PUB.UKRLP.dbo.ProviderInstance,a97e2eb1-c959-4c26-8064-6961d76df731
null,SC257135,ASSET IT LTD,TRUE,null,21/01/2026,10000426,null,PUB.UKRLP.dbo.ProviderInstance,a97e2eb1-c959-4c26-8064-6961d76df731
null,03622905,ASSET TRAINING & CONSULTANCY LIMITED,TRUE,null,17/07/2026,10000427,null,PUB.UKRLP.dbo.ProviderInstance,a97e2eb1-c959-4c26-8064-6961d76df731
05/11/2007,04313893,ECUNAC LTD,FALSE,Assetz Training,28/03/2007,10000428,null,PUB.UKRLP.dbo.ProviderInstance,a97e2eb1-c959-4c26-8064-6961d76df731
25/05/2007,02718690,ASSOCIATED CARE TRAINING LIMITED,FALSE,null,05/09/2006,10000429,null,PUB.UKRLP.dbo.ProviderInstance,a97e2eb1-c959-4c26-8064-6961d76df731
null,04386509,ASSOCIATED TRAINERS LTD,TRUE,null,05/11/2024,10000430,null,PUB.UKRLP.dbo.ProviderInstance,a97e2eb1-c959-4c26-8064-6961d76df731
10/02/2017,03109460,ATC SAFETY SERVICES LIMITED,FALSE,Associated Training & Consultancy,21/11/2016,10000431,null,PUB.UKRLP.dbo.ProviderInstance,a97e2eb1-c959-4c26-8064-6961d76df731
05/08/2019,02833224,ASSOCIATED TRAINING PROVIDERS LIMITED,FALSE,null,05/04/2019,10000432,null,PUB.UKRLP.dbo.ProviderInstance,a97e2eb1-c959-4c26-8064-6961d76df731
18/11/2011,null,THE ASSOCIATION OF BLIND AND PARTIALLY SIGHTED TEACHERS AND STUDENTS,FALSE,ABAPSTAS,14/06/2011,10000433,null,PUB.UKRLP.dbo.ProviderInstance,a97e2eb1-c959-4c26-8064-6961d76df731
null,03216271,ASSOCIATION OF COLLEGES,TRUE,null,13/06/2024,10000434,null,PUB.UKRLP.dbo.ProviderInstance,a97e2eb1-c959-4c26-8064-6961d76df731
02/11/2006,03346320,"ASSOCIATION OF COMMUNITY DEVELOPMENT AGENCIES (A.C.D.A.) (INCORPORATING - C.E.D.I.C., SAFE HANDS AND DO-DROP-IN COMMUNITY PROJECT)",FALSE,null,29/07/2005,10000435,null,PUB.UKRLP.dbo.ProviderInstance,a97e2eb1-c959-4c26-8064-6961d76df731
18/08/2014,05067566,ASTBURY SAILSPORTS LIMITED,FALSE,null,14/06/2014,10000436,null,PUB.UKRLP.dbo.ProviderInstance,a97e2eb1-c959-4c26-8064-6961d76df731
null,04705537,ASTER INTERIM SOLUTIONS LIMITED,TRUE,null,29/09/2024,10000437,null,PUB.UKRLP.dbo.ProviderInstance,a97e2eb1-c959-4c26-8064-6961d76df731
null,null,SEATON VALLEY HIGH SCHOOL,TRUE,null,02/05/2026,10000438,122374,PUB.UKRLP.dbo.ProviderInstance,a97e2eb1-c959-4c26-8064-6961d76df731
09/05/2011,null,ASTON COMPREHENSIVE SCHOOL,FALSE,null,29/07/2005,10000439,106957,PUB.UKRLP.dbo.ProviderInstance,a97e2eb1-c959-4c26-8064-6961d76df731
null,05157318,ASTON RECRUITMENT & TRAINING LIMITED,TRUE,null,17/07/2026,10000440,null,PUB.UKRLP.dbo.ProviderInstance,a97e2eb1-c959-4c26-8064-6961d76df731
null,03302206,HAPPY CHILD LIMITED,TRUE,null,18/07/2026,10000441,null,PUB.UKRLP.dbo.ProviderInstance,a97e2eb1-c959-4c26-8064-6961d76df731
03/06/2012,null,ASTOR COLLEGE (A SPECIALIST COLLEGE FOR THE ARTS),FALSE,null,13/09/2011,10000442,118807,PUB.UKRLP.dbo.ProviderInstance,a97e2eb1-c959-4c26-8064-6961d76df731
null,04511241,ASTROLOGYCOLLEGE.COM,TRUE,null,21/01/2026,10000443,null,PUB.UKRLP.dbo.ProviderInstance,a97e2eb1-c959-4c26-8064-6961d76df731
19/08/2019,04547550,ASW2 LIMITED,FALSE,null,30/07/2019,10000444,null,PUB.UKRLP.dbo.ProviderInstance,a97e2eb1-c959-4c26-8064-6961d76df731
20/10/2017,02706335,A T COMPUTERS LIMITED,FALSE,null,17/07/2017,10000445,null,PUB.UKRLP.dbo.ProviderInstance,a97e2eb1-c959-4c26-8064-6961d76df731
null,01028790,KAPLAN FINANCIAL LIMITED,TRUE,Kaplan Financial,14/12/2025,10000446,null,PUB.UKRLP.dbo.ProviderInstance,a97e2eb1-c959-4c26-8064-6961d76df731
03/04/2007,04730138,ATHENE CONSULTANCY LIMITED,FALSE,Athene College Of Management Studies,27/03/2007,10000447,null,PUB.UKRLP.dbo.ProviderInstance,a97e2eb1-c959-4c26-8064-6961d76df731
04/10/2018,04642826,ATHERTON TRAINING CONSULTANTS LIMITED,FALSE,null,10/08/2018,10000448,null,PUB.UKRLP.dbo.ProviderInstance,a97e2eb1-c959-4c26-8064-6961d76df731
06/01/2014,null,ATTLEBOROUGH HIGH SCHOOL,FALSE,null,29/07/2005,10000449,121167,PUB.UKRLP.dbo.ProviderInstance,a97e2eb1-c959-4c26-8064-6961d76df731
10/03/2008,02120176,AUCKLAND TRAINING ORGANISATION LIMITED,FALSE,null,27/03/2007,10000450,null,PUB.UKRLP.dbo.ProviderInstance,a97e2eb1-c959-4c26-8064-6961d76df731
15/12/2010,null,AUDENSHAW SCHOOL,FALSE,null,05/10/2010,10000451,106273,PUB.UKRLP.dbo.ProviderInstance,a97e2eb1-c959-4c26-8064-6961d76df731
null,03809081,AURELIA TRAINING LIMITED,TRUE,null,11/03/2026,10000452,null,PUB.UKRLP.dbo.ProviderInstance,a97e2eb1-c959-4c26-8064-6961d76df731
06/07/2012,02245685,AURORA BUSINESS DEVELOPMENT LIMITED,FALSE,null,22/11/2011,10000453,null,PUB.UKRLP.dbo.ProviderInstance,a97e2eb1-c959-4c26-8064-6961d76df731
05/12/2011,05092668,AURORA PERCEPTIONS LIMITED,FALSE,null,02/12/2011,10000454,null,PUB.UKRLP.dbo.ProviderInstance,a97e2eb1-c959-4c26-8064-6961d76df731
null,02967721,AUSTIN COMMUNITY ENTERPRISE LIMITED,TRUE,null,21/01/2026,10000455,null,PUB.UKRLP.dbo.ProviderInstance,a97e2eb1-c959-4c26-8064-6961d76df731
10/12/2018,00415578,AUTAVIS LIMITED,FALSE,null,09/09/2018,10000456,null,PUB.UKRLP.dbo.ProviderInstance,a97e2eb1-c959-4c26-8064-6961d76df731
18/04/2017,04395045,AUTHORGRAPHIC LIMITED,FALSE,null,05/01/2017,10000457,null,PUB.UKRLP.dbo.ProviderInstance,a97e2eb1-c959-4c26-8064-6961d76df731
08/11/2021,03981774,MINTLPG LIMITED,FALSE,null,31/08/2021,10000458,null,PUB.UKRLP.dbo.ProviderInstance,a97e2eb1-c959-4c26-8064-6961d76df731
null,01878835,AUTOMOBILE ASSOCIATION DEVELOPMENTS LIMITED,TRUE,AA Driving School,27/09/2024,10000459,null,PUB.UKRLP.dbo.ProviderInstance,a97e2eb1-c959-4c26-8064-6961d76df731
null,02922597,AUTOMOTIVE TRANSPORT TRAINING LIMITED,TRUE,null,26/04/2026,10000460,null,PUB.UKRLP.dbo.ProviderInstance,a97e2eb1-c959-4c26-8064-6961d76df731
null,04671705,AVALON COMPUTER TRAINING LIMITED,TRUE,null,21/01/2026,10000461,null,PUB.UKRLP.dbo.ProviderInstance,a97e2eb1-c959-4c26-8064-6961d76df731
08/08/2007,02785472,AVALON SCHOOL OF ENGLISH LIMITED,FALSE,null,20/04/2007,10000462,null,PUB.UKRLP.dbo.ProviderInstance,a97e2eb1-c959-4c26-8064-6961d76df731
08/10/2013,03730853,AVECIA LIMITED,FALSE,null,05/12/2011,10000463,null,PUB.UKRLP.dbo.ProviderInstance,a97e2eb1-c959-4c26-8064-6961d76df731
08/11/2007,04768414,AVENUES TRAINING SERVICES LTD,FALSE,null,05/09/2006,10000464,null,PUB.UKRLP.dbo.ProviderInstance,a97e2eb1-c959-4c26-8064-6961d76df731
05/09/2006,04708679,AVIANA CONSULTING LIMITED,FALSE,null,29/07/2005,10000465,null,PUB.UKRLP.dbo.ProviderInstance,a97e2eb1-c959-4c26-8064-6961d76df731
19/01/2010,04158378,AVOIDD LIMITED,FALSE,null,18/12/2009,10000466,null,PUB.UKRLP.dbo.ProviderInstance,a97e2eb1-c959-4c26-8064-6961d76df731
20/03/2007,05207991,AVON FIRST AID CONSULTANCY LTD,FALSE,null,29/09/2006,10000467,null,PUB.UKRLP.dbo.ProviderInstance,a97e2eb1-c959-4c26-8064-6961d76df731
10/11/2015,01762805,AVON VALE TRAINING LIMITED,FALSE,null,09/10/2015,10000468,null,PUB.UKRLP.dbo.ProviderInstance,a97e2eb1-c959-4c26-8064-6961d76df731
06/11/2025,04657400,ANDREW WAKELY ASSOCIATES LIMITED,FALSE,Avtech 2000,30/09/2025,10000469,null,PUB.UKRLP.dbo.ProviderInstance,a97e2eb1-c959-4c26-8064-6961d76df731
null,03737341,AXIA SOLUTIONS LIMITED,TRUE,Newcastle and Stafford Colleges Group (NSCG) / Axia Solutions Limited,17/07/2026,10000470,null,PUB.UKRLP.dbo.ProviderInstance,a97e2eb1-c959-4c26-8064-6961d76df731
10/12/2021,03354649,AXIOM TRAINING LIMITED,FALSE,null,17/09/2021,10000471,null,PUB.UKRLP.dbo.ProviderInstance,a97e2eb1-c959-4c26-8064-6961d76df731
30/10/2008,null,AXTON CHASE SCHOOL,FALSE,null,29/07/2005,10000472,null,PUB.UKRLP.dbo.ProviderInstance,a97e2eb1-c959-4c26-8064-6961d76df731
null,null,BUCKINGHAMSHIRE COLLEGE GROUP,TRUE,null,21/07/2026,10000473,130607,PUB.UKRLP.dbo.ProviderInstance,a97e2eb1-c959-4c26-8064-6961d76df731
05/04/2011,null,AYLESBURY GRAMMAR SCHOOL,FALSE,null,29/07/2005,10000474,110511,PUB.UKRLP.dbo.ProviderInstance,a97e2eb1-c959-4c26-8064-6961d76df731
04/07/2011,null,AYLESBURY HIGH SCHOOL,FALSE,null,14/06/2011,10000475,110494,PUB.UKRLP.dbo.ProviderInstance,a97e2eb1-c959-4c26-8064-6961d76df731
28/12/2019,00998121,ATG TRAINING,FALSE,null,26/11/2019,10000476,null,PUB.UKRLP.dbo.ProviderInstance,a97e2eb1-c959-4c26-8064-6961d76df731
11/04/2019,null,"AYLESFORD SCHOOL, A SPECIALIST LANGUAGE AND MUSIC COLLEGE",FALSE,null,04/02/2009,10000477,125744,PUB.UKRLP.dbo.ProviderInstance,a97e2eb1-c959-4c26-8064-6961d76df731
16/09/2022,null,AYLESFORD SCHOOL,FALSE,null,12/08/2022,10000478,118882,PUB.UKRLP.dbo.ProviderInstance,a97e2eb1-c959-4c26-8064-6961d76df731
12/08/2019,null,THE GLADYS AYLWARD SCHOOL,FALSE,null,12/08/2019,10000479,102046,PUB.UKRLP.dbo.ProviderInstance,a97e2eb1-c959-4c26-8064-6961d76df731
18/01/2007,null,AYLWIN GIRLS' SCHOOL,FALSE,null,29/07/2005,10000480,null,PUB.UKRLP.dbo.ProviderInstance,a97e2eb1-c959-4c26-8064-6961d76df731
17/12/2009,SC240154,AYR DRIVER TRAINING LIMITED,FALSE,null,20/04/2007,10000481,null,PUB.UKRLP.dbo.ProviderInstance,a97e2eb1-c959-4c26-8064-6961d76df731
null,SC102741,THE AYRSHIRE HOSPICE,TRUE,null,28/06/2022,10000482,null,PUB.UKRLP.dbo.ProviderInstance,a97e2eb1-c959-4c26-8064-6961d76df731
null,04144662,AYURVEDIC HERBAL CLINIC LIMITED,TRUE,null,14/09/2024,10000483,null,PUB.UKRLP.dbo.ProviderInstance,a97e2eb1-c959-4c26-8064-6961d76df731
12/01/2012,01338614,AZTEC SAILING LIMITED,FALSE,null,30/01/2009,10000484,null,PUB.UKRLP.dbo.ProviderInstance,a97e2eb1-c959-4c26-8064-6961d76df731
null,04511647,AZURE CONSULTING LIMITED,TRUE,null,21/01/2026,10000485,null,PUB.UKRLP.dbo.ProviderInstance,a97e2eb1-c959-4c26-8064-6961d76df731
null,03674422,B L TRAINING LIMITED,TRUE,null,01/10/2024,10000486,null,PUB.UKRLP.dbo.ProviderInstance,a97e2eb1-c959-4c26-8064-6961d76df731
20/03/2007,02462601,B & K MANAGEMENT SERVICES LIMITED,FALSE,B&K Management Services Ltd,29/09/2006,10000487,null,PUB.UKRLP.dbo.ProviderInstance,a97e2eb1-c959-4c26-8064-6961d76df731
null,03939817,B-SKILL LIMITED,TRUE,B-Skill Limited,26/04/2026,10000488,null,PUB.UKRLP.dbo.ProviderInstance,a97e2eb1-c959-4c26-8064-6961d76df731
27/02/2019,04960175,B D L TRAINING LIMITED,FALSE,null,11/02/2019,10000489,null,PUB.UKRLP.dbo.ProviderInstance,a97e2eb1-c959-4c26-8064-6961d76df731
04/03/2011,03904752,BUSINESS EMPLOYMENT SERVICES TRAINING RECRUITMENT LTD,FALSE,null,17/09/2010,10000490,null,PUB.UKRLP.dbo.ProviderInstance,a97e2eb1-c959-4c26-8064-6961d76df731
30/01/2018,03848124,B.A. SAFETY AIR SYSTEMS LIMITED,FALSE,null,21/10/2017,10000491,null,PUB.UKRLP.dbo.ProviderInstance,a97e2eb1-c959-4c26-8064-6961d76df731
16/08/2006,01199791,BABCOCK DEFENCE SYSTEMS LIMITED,FALSE,null,29/07/2005,10000492,null,PUB.UKRLP.dbo.ProviderInstance,a97e2eb1-c959-4c26-8064-6961d76df731
02/04/2007,01749306,BABEL TECHNICAL CO. LIMITED,FALSE,Babel Technical College,29/09/2006,10000493,null,PUB.UKRLP.dbo.ProviderInstance,a97e2eb1-c959-4c26-8064-6961d76df731
null,02673518,BABINGTON BUSINESS COLLEGE LIMITED,TRUE,null,24/07/2025,10000494,null,PUB.UKRLP.dbo.ProviderInstance,a97e2eb1-c959-4c26-8064-6961d76df731
null,00752082,BACHY SOLETANCHE LIMITED,TRUE,null,17/07/2026,10000495,null,PUB.UKRLP.dbo.ProviderInstance,a97e2eb1-c959-4c26-8064-6961d76df731
09/05/2011,null,BACKWELL SCHOOL,FALSE,null,29/07/2005,10000496,132005,PUB.UKRLP.dbo.ProviderInstance,a97e2eb1-c959-4c26-8064-6961d76df731
07/06/2006,null,BACUP AND RAWTENSTALL GRAMMAR SCHOOL,FALSE,null,29/07/2005,10000497,null,PUB.UKRLP.dbo.ProviderInstance,a97e2eb1-c959-4c26-8064-6961d76df731
18/09/2024,02340564,BADGEHURST TRAINING LIMITED,FALSE,null,27/05/2024,10000498,null,PUB.UKRLP.dbo.ProviderInstance,a97e2eb1-c959-4c26-8064-6961d76df731
null,01979158,BADMINTON ASSOCIATION OF ENGLAND LIMITED,TRUE,Badminton England,26/04/2026,10000499,null,PUB.UKRLP.dbo.ProviderInstance,a97e2eb1-c959-4c26-8064-6961d76df731
null,00229770,BAE SYSTEMS MARINE LIMITED,TRUE,null,26/09/2024,10000500,null,PUB.UKRLP.dbo.ProviderInstance,a97e2eb1-c959-4c26-8064-6961d76df731
null,01470151,BAE SYSTEMS PLC,TRUE,null,18/01/2026,10000501,null,PUB.UKRLP.dbo.ProviderInstance,a97e2eb1-c959-4c26-8064-6961d76df731
20/03/2007,SC242859,BAGS LIMITED,FALSE,null,05/09/2006,10000502,null,PUB.UKRLP.dbo.ProviderInstance,a97e2eb1-c959-4c26-8064-6961d76df731
null,03387537,BAILDON COMMUNITY LINK,TRUE,null,14/09/2024,10000503,null,PUB.UKRLP.dbo.ProviderInstance,a97e2eb1-c959-4c26-8064-6961d76df731
null,null,BAINES SCHOOL,TRUE,null,14/07/2026,10000504,119813,PUB.UKRLP.dbo.ProviderInstance,a97e2eb1-c959-4c26-8064-6961d76df731
null,04196498,THE NATIONAL ASSOCIATION OF MASTER BAKERS LIMITED,TRUE,null,26/04/2026,10000505,null,PUB.UKRLP.dbo.ProviderInstance,a97e2eb1-c959-4c26-8064-6961d76df731
26/01/2009,04470166,BALANCE HOLISTIC HEALTHCARE LIMITED,FALSE,null,20/04/2007,10000506,null,PUB.UKRLP.dbo.ProviderInstance,a97e2eb1-c959-4c26-8064-6961d76df731
27/11/2013,null,BALBY CARR COMMUNITY SPORTS AND SCIENCE COLLEGE,FALSE,null,04/02/2009,10000507,106802,PUB.UKRLP.dbo.ProviderInstance,a97e2eb1-c959-4c26-8064-6961d76df731
07/03/2011,null,BALCARRAS SCHOOL,FALSE,null,29/07/2005,10000508,115759,PUB.UKRLP.dbo.ProviderInstance,a97e2eb1-c959-4c26-8064-6961d76df731
19/07/2011,SC256226,BALGRAYHILL LEARNING CENTRE,FALSE,null,20/04/2007,10000509,null,PUB.UKRLP.dbo.ProviderInstance,a97e2eb1-c959-4c26-8064-6961d76df731
null,03785504,BALIK ARTS,TRUE,null,02/09/2025,10000510,null,PUB.UKRLP.dbo.ProviderInstance,a97e2eb1-c959-4c26-8064-6961d76df731
30/07/2009,SC109609,BALLOCH TRUST ENTERPRISES LIMITED,FALSE,null,27/03/2007,10000511,null,PUB.UKRLP.dbo.ProviderInstance,a97e2eb1-c959-4c26-8064-6961d76df731
null,NI031482,BALLYBEEN WOMEN'S CENTRE LIMITED,TRUE,null,12/05/2024,10000512,null,PUB.UKRLP.dbo.ProviderInstance,a97e2eb1-c959-4c26-8064-6961d76df731
13/03/2024,04431467,BAMBOO BUSINESS & TRAINING LIMITED,FALSE,null,05/11/2023,10000513,null,PUB.UKRLP.dbo.ProviderInstance,a97e2eb1-c959-4c26-8064-6961d76df731
null,NI022828,BANBRIDGE DISTRICT ENTERPRISES LIMITED,TRUE,null,08/04/2026,10000514,null,PUB.UKRLP.dbo.ProviderInstance,a97e2eb1-c959-4c26-8064-6961d76df731
31/10/2006,null,BANBURY SCHOOL,FALSE,null,29/07/2005,10000515,null,PUB.UKRLP.dbo.ProviderInstance,a97e2eb1-c959-4c26-8064-6961d76df731
null,03513962,BANCROFT'S SCHOOL,TRUE,null,17/05/2026,10000516,102875,PUB.UKRLP.dbo.ProviderInstance,a97e2eb1-c959-4c26-8064-6961d76df731
15/01/2014,null,BANFF AND BUCHAN COLLEGE OF FURTHER EDUCATION,FALSE,null,13/03/2013,10000517,null,PUB.UKRLP.dbo.ProviderInstance,a97e2eb1-c959-4c26-8064-6961d76df731
20/12/2021,02659699,ASSOCIATION OF MULTICULTURAL COMMUNITIES UK,FALSE,Bangladesh Women's Association,16/09/2021,10000518,null,PUB.UKRLP.dbo.ProviderInstance,a97e2eb1-c959-4c26-8064-6961d76df731
null,null,BANGLADESH YOUTH LEAGUE (LUTON),TRUE,null,22/01/2019,10000519,null,PUB.UKRLP.dbo.ProviderInstance,a97e2eb1-c959-4c26-8064-6961d76df731
null,05088364,BSC MULTICULTURAL SERVICES,TRUE,null,27/03/2026,10000520,null,PUB.UKRLP.dbo.ProviderInstance,a97e2eb1-c959-4c26-8064-6961d76df731
null,03700476,BANGLADESH YOUTH AND CULTURAL SHOMITI,TRUE,null,26/04/2026,10000521,null,PUB.UKRLP.dbo.ProviderInstance,a97e2eb1-c959-4c26-8064-6961d76df731
02/03/2011,02017775,"BARBER, BIRD LIMITED",FALSE,null,20/04/2007,10000522,null,PUB.UKRLP.dbo.ProviderInstance,a97e2eb1-c959-4c26-8064-6961d76df731
05/11/2007,05358215,BARBICAN COLLEGE LIMITED,FALSE,null,20/04/2007,10000523,null,PUB.UKRLP.dbo.ProviderInstance,a97e2eb1-c959-4c26-8064-6961d76df731
null,02792285,BARCHESTER HEALTHCARE LIMITED,TRUE,null,17/07/2026,10000524,null,PUB.UKRLP.dbo.ProviderInstance,a97e2eb1-c959-4c26-8064-6961d76df731
null,04250638,BARFORD EDUCATION AND TRAINING (NORTH EAST) LIMITED,TRUE,XR Training & Consultancy,21/01/2026,10000525,null,PUB.UKRLP.dbo.ProviderInstance,a97e2eb1-c959-4c26-8064-6961d76df731
14/10/2010,04461919,NUNNCO LIMITED,FALSE,null,03/09/2010,10000526,null,PUB.UKRLP.dbo.ProviderInstance,a97e2eb1-c959-4c26-8064-6961d76df731
null,null,"BARKING ABBEY SCHOOL, A SPECIALIST SPORTS AND HUMANITIES COLLEGE",TRUE,null,10/10/2025,10000527,101241,PUB.UKRLP.dbo.ProviderInstance,a97e2eb1-c959-4c26-8064-6961d76df731
null,null,BARKING AND DAGENHAM COLLEGE,TRUE,null,21/07/2026,10000528,130424,PUB.UKRLP.dbo.ProviderInstance,a97e2eb1-c959-4c26-8064-6961d76df731
16/07/2025,00564646,BARLOWORLD HANDLING LIMITED,FALSE,null,30/08/2024,10000529,null,PUB.UKRLP.dbo.ProviderInstance,a97e2eb1-c959-4c26-8064-6961d76df731
04/08/2023,04491329,BARNABAS ASSOCIATES (C & NW),FALSE,null,25/06/2023,10000530,null,PUB.UKRLP.dbo.ProviderInstance,a97e2eb1-c959-4c26-8064-6961d76df731
18/12/2008,null,BARNARD CASTLE SCHOOL,FALSE,null,07/01/2008,10000531,null,PUB.UKRLP.dbo.ProviderInstance,a97e2eb1-c959-4c26-8064-6961d76df731
null,00061625,BARNARDO'S,TRUE,null,15/07/2026,10000532,null,PUB.UKRLP.dbo.ProviderInstance,a97e2eb1-c959-4c26-8064-6961d76df731
null,null,BARNET & SOUTHGATE COLLEGE,TRUE,null,21/07/2026,10000533,130425,PUB.UKRLP.dbo.ProviderInstance,a97e2eb1-c959-4c26-8064-6961d76df731
22/08/2019,null,BARNFIELD COLLEGE,FALSE,null,08/02/2018,10000534,130599,PUB.UKRLP.dbo.ProviderInstance,a97e2eb1-c959-4c26-8064-6961d76df731
11/04/2019,null,BARNHILL COMMUNITY HIGH SCHOOL,FALSE,null,29/07/2005,10000535,131639,PUB.UKRLP.dbo.ProviderInstance,a97e2eb1-c959-4c26-8064-6961d76df731
null,null,BARNSLEY COLLEGE,TRUE,null,21/07/2026,10000536,130524,PUB.UKRLP.dbo.ProviderInstance,a97e2eb1-c959-4c26-8064-6961d76df731
null,null,BARNSLEY HOSPITAL NHS FOUNDATION TRUST,TRUE,null,21/07/2026,10000537,null,PUB.UKRLP.dbo.ProviderInstance,a97e2eb1-c959-4c26-8064-6961d76df731
null,null,BARNSLEY METROPOLITAN BOROUGH COUNCIL,TRUE,null,21/07/2026,10000538,null,PUB.UKRLP.dbo.ProviderInstance,a97e2eb1-c959-4c26-8064-6961d76df731
null,03790143,BARNSLEY PREMIER LEISURE,TRUE,Barnsley Premier Fitness,17/07/2026,10000539,null,PUB.UKRLP.dbo.ProviderInstance,a97e2eb1-c959-4c26-8064-6961d76df731
null,null,BARNWELL SCHOOL,TRUE,null,14/07/2026,10000540,117518,PUB.UKRLP.dbo.ProviderInstance,a97e2eb1-c959-4c26-8064-6961d76df731
05/09/2006,03182718,BARR BEACON COMMUNITY ASSOCIATION,FALSE,null,29/07/2005,10000541,null,PUB.UKRLP.dbo.ProviderInstance,a97e2eb1-c959-4c26-8064-6961d76df731
07/07/2011,null,BARR BEACON LANGUAGE COLLEGE,FALSE,null,08/08/2006,10000542,104264,PUB.UKRLP.dbo.ProviderInstance,a97e2eb1-c959-4c26-8064-6961d76df731
06/10/2015,null,BARR'S HILL SCHOOL AND COMMUNITY COLLEGE,FALSE,null,11/07/2015,10000543,103727,PUB.UKRLP.dbo.ProviderInstance,a97e2eb1-c959-4c26-8064-6961d76df731
15/03/2016,03323863,BARRACUDAS LIMITED,FALSE,null,02/01/2016,10000544,null,PUB.UKRLP.dbo.ProviderInstance,a97e2eb1-c959-4c26-8064-6961d76df731
null,05232166,BARROW TRAINING PARTNERSHIP LIMITED,TRUE,null,10/04/2025,10000545,null,PUB.UKRLP.dbo.ProviderInstance,a97e2eb1-c959-4c26-8064-6961d76df731
12/08/2016,null,BARROW-IN-FURNESS SIXTH FORM COLLEGE,FALSE,null,27/07/2016,10000546,130637,PUB.UKRLP.dbo.ProviderInstance,a97e2eb1-c959-4c26-8064-6961d76df731
05/08/2009,null,BARROWMORE,FALSE,null,29/07/2005,10000547,null,PUB.UKRLP.dbo.ProviderInstance,a97e2eb1-c959-4c26-8064-6961d76df731
11/04/2019,null,BARTHOLOMEW SCHOOL,FALSE,null,29/07/2005,10000548,123239,PUB.UKRLP.dbo.ProviderInstance,a97e2eb1-c959-4c26-8064-6961d76df731
null,01866114,BARTLEY SAILING CLUB LIMITED,TRUE,null,17/07/2026,10000549,null,PUB.UKRLP.dbo.ProviderInstance,a97e2eb1-c959-4c26-8064-6961d76df731
02/09/2011,null,BARTON COURT GRAMMAR SCHOOL,FALSE,null,29/07/2005,10000550,118916,PUB.UKRLP.dbo.ProviderInstance,a97e2eb1-c959-4c26-8064-6961d76df731
null,05031499,WELLSPRING SETTLEMENT,TRUE,null,22/05/2026,10000551,null,PUB.UKRLP.dbo.ProviderInstance,a97e2eb1-c959-4c26-8064-6961d76df731
null,null,BARTON PEVERIL SIXTH FORM COLLEGE,TRUE,null,13/04/2026,10000552,130701,PUB.UKRLP.dbo.ProviderInstance,a97e2eb1-c959-4c26-8064-6961d76df731
23/05/2012,03746343,BASE CONNECTIONS LTD,FALSE,null,11/04/2012,10000553,null,PUB.UKRLP.dbo.ProviderInstance,a97e2eb1-c959-4c26-8064-6961d76df731
null,03514910,BASE 25,TRUE,Base25,02/02/2026,10000554,null,PUB.UKRLP.dbo.ProviderInstance,a97e2eb1-c959-4c26-8064-6961d76df731
09/12/2013,04426637,BASIC TRAINING CENTRE LTD,FALSE,null,19/06/2013,10000555,null,PUB.UKRLP.dbo.ProviderInstance,a97e2eb1-c959-4c26-8064-6961d76df731
null,SC206283,BASIL PATERSON LIMITED,TRUE,null,12/09/2024,10000556,null,PUB.UKRLP.dbo.ProviderInstance,a97e2eb1-c959-4c26-8064-6961d76df731
null,null,BASILDON DISTRICT COUNCIL,TRUE,null,21/07/2026,10000558,null,PUB.UKRLP.dbo.ProviderInstance,a97e2eb1-c959-4c26-8064-6961d76df731
18/07/2025,null,BASINGSTOKE AND DISTRICT COUNSELLING SERVICE,FALSE,null,07/06/2018,10000559,null,PUB.UKRLP.dbo.ProviderInstance,a97e2eb1-c959-4c26-8064-6961d76df731
null,null,BASINGSTOKE COLLEGE OF TECHNOLOGY,TRUE,null,21/07/2026,10000560,130688,PUB.UKRLP.dbo.ProviderInstance,a97e2eb1-c959-4c26-8064-6961d76df731
null,02868750,BASINGSTOKE ITEC LIMITED,TRUE,null,02/06/2026,10000561,null,PUB.UKRLP.dbo.ProviderInstance,a97e2eb1-c959-4c26-8064-6961d76df731
null,SC274632,BASP UK LTD.,TRUE,BASP (British Association Of Ski Patrollers),02/06/2026,10000562,null,PUB.UKRLP.dbo.ProviderInstance,a97e2eb1-c959-4c26-8064-6961d76df731
11/05/2012,null,BASSETLAW COMMUNITY AND VOLUNTARY SERVICE-THE COUNCIL FOR VOLUNTARY SERVICE WORKING FOR NORTHERN NOTTINGHAMSHIRE,FALSE,BCVS,17/11/2011,10000563,null,PUB.UKRLP.dbo.ProviderInstance,a97e2eb1-c959-4c26-8064-6961d76df731
null,null,BASSETLAW DISTRICT COUNCIL,TRUE,null,21/07/2026,10000564,null,PUB.UKRLP.dbo.ProviderInstance,a97e2eb1-c959-4c26-8064-6961d76df731
null,02190858,NOTTINGHAMSHIRE TRAINING GROUP LIMITED,TRUE,null,05/12/2025,10000565,null,PUB.UKRLP.dbo.ProviderInstance,a97e2eb1-c959-4c26-8064-6961d76df731
null,null,BATCHWOOD SCHOOL,TRUE,null,14/07/2026,10000566,117674,PUB.UKRLP.dbo.ProviderInstance,a97e2eb1-c959-4c26-8064-6961d76df731
null,null,BATH & NORTH EAST SOMERSET COUNCIL,TRUE,Community Learning Service,21/07/2026,10000568,null,PUB.UKRLP.dbo.ProviderInstance,a97e2eb1-c959-4c26-8064-6961d76df731
05/09/2006,05253290,BATH AREA TRAINING CENTRE LIMITED,FALSE,null,29/07/2005,10000569,null,PUB.UKRLP.dbo.ProviderInstance,a97e2eb1-c959-4c26-8064-6961d76df731
null,03768246,BCPC,TRUE,null,26/10/2024,10000570,null,PUB.UKRLP.dbo.ProviderInstance,a97e2eb1-c959-4c26-8064-6961d76df731
null,null,BATH SPA UNIVERSITY,TRUE,null,21/07/2026,10000571,133790,PUB.UKRLP.dbo.ProviderInstance,a97e2eb1-c959-4c26-8064-6961d76df731
23/09/2014,null,BATTERSEA PARK SCHOOL,FALSE,null,11/06/2014,10000572,101055,PUB.UKRLP.dbo.ProviderInstance,a97e2eb1-c959-4c26-8064-6961d76df731
null,00779605,B A S (SCHOOL) LIMITED,TRUE,null,21/01/2026,10000573,114622,PUB.UKRLP.dbo.ProviderInstance,a97e2eb1-c959-4c26-8064-6961d76df731
09/05/2007,null,BAVERSTOCK FOUNDATION SCHOOL AND SPECIALIST SPORTS COLLEGE,FALSE,null,08/08/2006,10000574,null,PUB.UKRLP.dbo.ProviderInstance,a97e2eb1-c959-4c26-8064-6961d76df731
05/10/2020,04702981,BAXTER ASSOCIATES LIMITED,FALSE,null,18/09/2020,10000575,null,PUB.UKRLP.dbo.ProviderInstance,a97e2eb1-c959-4c26-8064-6961d76df731
27/03/2008,null,BAXTER BUSINESS AND ENTERPRISE COLLEGE,FALSE,null,18/01/2007,10000576,null,PUB.UKRLP.dbo.ProviderInstance,a97e2eb1-c959-4c26-8064-6961d76df731
11/04/2019,null,BAY HOUSE SCHOOL,FALSE,null,29/07/2005,10000577,116501,PUB.UKRLP.dbo.ProviderInstance,a97e2eb1-c959-4c26-8064-6961d76df731
null,01669336,BAYLY SCHOOL OF REFLEXOLOGY LIMITED(THE),TRUE,Bayly School Of Reflexology (The),17/07/2026,10000578,null,PUB.UKRLP.dbo.ProviderInstance,a97e2eb1-c959-4c26-8064-6961d76df731
10/08/2011,null,BAYLIS COURT SCHOOL,FALSE,null,29/07/2005,10000579,110074,PUB.UKRLP.dbo.ProviderInstance,a97e2eb1-c959-4c26-8064-6961d76df731
null,null,BAYSGARTH SCHOOL,TRUE,null,14/07/2026,10000580,118109,PUB.UKRLP.dbo.ProviderInstance,a97e2eb1-c959-4c26-8064-6961d76df731
null,01420028,BBC STUDIOS DISTRIBUTION LIMITED,TRUE,BBC Languages,02/09/2025,10000581,null,PUB.UKRLP.dbo.ProviderInstance,a97e2eb1-c959-4c26-8064-6961d76df731
16/07/2025,03972242,BCNH COLLEGE OF NUTRITION & HEALTH LTD,FALSE,null,06/01/2025,10000582,null,PUB.UKRLP.dbo.ProviderInstance,a97e2eb1-c959-4c26-8064-6961d76df731
02/09/2010,SC193613,BORDERS COUNSELLING AND TRAINING CONSORTIUM LIMITED,FALSE,Bctc (Borders Counselling & Training Consortium),22/04/2007,10000583,null,PUB.UKRLP.dbo.ProviderInstance,a97e2eb1-c959-4c26-8064-6961d76df731
18/08/2009,04189203,BE (LONDON EAST),FALSE,null,31/07/2009,10000584,null,PUB.UKRLP.dbo.ProviderInstance,a97e2eb1-c959-4c26-8064-6961d76df731
02/06/2021,04109837,BE TOGETHER LIMITED,FALSE,null,23/03/2021,10000585,null,PUB.UKRLP.dbo.ProviderInstance,a97e2eb1-c959-4c26-8064-6961d76df731
11/04/2019,null,BEACON COMMUNITY COLLEGE DUPLICATE,FALSE,null,29/07/2005,10000586,114585,PUB.UKRLP.dbo.ProviderInstance,a97e2eb1-c959-4c26-8064-6961d76df731
11/04/2019,null,BEACON COMMUNITY COLLEGE,FALSE,null,29/07/2005,10000587,114585,PUB.UKRLP.dbo.ProviderInstance,a97e2eb1-c959-4c26-8064-6961d76df731
25/10/2018,02939515,BEACON EMPLOYMENT,FALSE,null,17/08/2018,10000588,null,PUB.UKRLP.dbo.ProviderInstance,a97e2eb1-c959-4c26-8064-6961d76df731
16/02/2015,null,BEACON HILL SCHOOL,FALSE,null,29/12/2014,10000589,124908,PUB.UKRLP.dbo.ProviderInstance,a97e2eb1-c959-4c26-8064-6961d76df731
02/06/2014,null,BEACONSFIELD HIGH SCHOOL,FALSE,null,20/03/2014,10000590,110528,PUB.UKRLP.dbo.ProviderInstance,a97e2eb1-c959-4c26-8064-6961d76df731
03/02/2014,null,BEAL HIGH SCHOOL,FALSE,null,29/07/2005,10000591,102855,PUB.UKRLP.dbo.ProviderInstance,a97e2eb1-c959-4c26-8064-6961d76df731
26/09/2021,02755125,BEALE LIMITED,FALSE,null,02/08/2021,10000592,null,PUB.UKRLP.dbo.ProviderInstance,a97e2eb1-c959-4c26-8064-6961d76df731
16/11/2011,03982916,BEAMINSTER COMMUNITY LEARNING CENTRE,FALSE,Yarn Barton Centre,22/04/2007,10000593,null,PUB.UKRLP.dbo.ProviderInstance,a97e2eb1-c959-4c26-8064-6961d76df731
null,null,BEAMINSTER SCHOOL,TRUE,null,14/07/2026,10000594,113884,PUB.UKRLP.dbo.ProviderInstance,a97e2eb1-c959-4c26-8064-6961d76df731
09/05/2008,04115006,BEARS YOUTH CHALLENGE LIMITED,FALSE,null,22/04/2007,10000595,null,PUB.UKRLP.dbo.ProviderInstance,a97e2eb1-c959-4c26-8064-6961d76df731
30/01/2013,null,THE BEAUCHAMP COLLEGE,FALSE,null,29/07/2005,10000596,120265,PUB.UKRLP.dbo.ProviderInstance,a97e2eb1-c959-4c26-8064-6961d76df731
null,null,BEAUCHAMPS HIGH SCHOOL,TRUE,null,14/07/2026,10000597,115322,PUB.UKRLP.dbo.ProviderInstance,a97e2eb1-c959-4c26-8064-6961d76df731
03/10/2013,null,BEAUFORT COMMUNITY SCHOOL,FALSE,null,29/07/2005,10000598,115721,PUB.UKRLP.dbo.ProviderInstance,a97e2eb1-c959-4c26-8064-6961d76df731
null,null,BEAUMONT COLLEGE - A SALUTEM/AMBITO COLLEGE,TRUE,null,25/10/2025,10000599,131840,PUB.UKRLP.dbo.ProviderInstance,a97e2eb1-c959-4c26-8064-6961d76df731
11/04/2019,null,BEAUMONT SCHOOL,FALSE,null,29/07/2005,10000600,117514,PUB.UKRLP.dbo.ProviderInstance,a97e2eb1-c959-4c26-8064-6961d76df731
02/09/2010,02189926,BEAUMONT STREET STUDIOS LIMITED,FALSE,null,22/04/2007,10000601,null,PUB.UKRLP.dbo.ProviderInstance,a97e2eb1-c959-4c26-8064-6961d76df731
28/01/2009,04911374,BEAUTIFUL NAILS LIMITED,FALSE,null,27/03/2007,10000602,null,PUB.UKRLP.dbo.ProviderInstance,a97e2eb1-c959-4c26-8064-6961d76df731
07/03/2011,null,BEAVERWOOD SCHOOL FOR GIRLS,FALSE,null,29/07/2005,10000603,101674,PUB.UKRLP.dbo.ProviderInstance,a97e2eb1-c959-4c26-8064-6961d76df731
08/04/2019,null,BEBINGTON HIGH SPORTS COLLEGE,FALSE,null,05/01/2019,10000604,105106,PUB.UKRLP.dbo.ProviderInstance,a97e2eb1-c959-4c26-8064-6961d76df731
02/09/2011,null,THE BECKET SCHOOL,FALSE,null,03/02/2011,10000605,122896,PUB.UKRLP.dbo.ProviderInstance,a97e2eb1-c959-4c26-8064-6961d76df731
07/06/2006,null,BECKFOOT SCHOOL,FALSE,null,29/07/2005,10000606,null,PUB.UKRLP.dbo.ProviderInstance,a97e2eb1-c959-4c26-8064-6961d76df731
null,00276785,BEDALES SCHOOL,TRUE,null,12/10/2025,10000607,116527,PUB.UKRLP.dbo.ProviderInstance,a97e2eb1-c959-4c26-8064-6961d76df731
30/11/2006,02908716,BEDE COLLEGE LIMITED,FALSE,null,29/09/2006,10000608,null,PUB.UKRLP.dbo.ProviderInstance,a97e2eb1-c959-4c26-8064-6961d76df731
14/12/2011,04376565,BEC LIMITED,FALSE,BEC,22/04/2007,10000609,null,PUB.UKRLP.dbo.ProviderInstance,a97e2eb1-c959-4c26-8064-6961d76df731
null,null,BEDFORD COLLEGE,TRUE,null,21/07/2026,10000610,130597,PUB.UKRLP.dbo.ProviderInstance,a97e2eb1-c959-4c26-8064-6961d76df731
01/07/2021,00985766,BRUNEL CENTRE OF BEDFORD LTD.,FALSE,null,15/06/2021,10000611,null,PUB.UKRLP.dbo.ProviderInstance,a97e2eb1-c959-4c26-8064-6961d76df731
24/10/2023,03247132,BEDFORDSHIRE & LUTON EDUCATION BUSINESS PARTNERSHIP,FALSE,Develop,27/07/2023,10000612,null,PUB.UKRLP.dbo.ProviderInstance,a97e2eb1-c959-4c26-8064-6961d76df731
01/04/2009,null,BEDFORDSHIRE COUNTY COUNCIL,FALSE,null,06/01/2009,10000613,null,PUB.UKRLP.dbo.ProviderInstance,a97e2eb1-c959-4c26-8064-6961d76df731
null,03327628,BEDFORDSHIRE RURAL COMMUNITIES CHARITY,TRUE,null,17/07/2026,10000614,null,PUB.UKRLP.dbo.ProviderInstance,a97e2eb1-c959-4c26-8064-6961d76df731
17/04/2018,null,BEDLINGTONSHIRE COMMUNITY HIGH SCHOOL,FALSE,null,05/03/2018,10000615,122360,PUB.UKRLP.dbo.ProviderInstance,a97e2eb1-c959-4c26-8064-6961d76df731
11/04/2019,null,BEDMINSTER DOWN SCHOOL,FALSE,null,09/08/2006,10000616,109283,PUB.UKRLP.dbo.ProviderInstance,a97e2eb1-c959-4c26-8064-6961d76df731
null,05056654,"BEDWORTH, RUGBY AND NUNEATON CITIZENS ADVICE BUREAU",TRUE,null,22/05/2026,10000617,null,PUB.UKRLP.dbo.ProviderInstance,a97e2eb1-c959-4c26-8064-6961d76df731
05/04/2011,null,BEECHEN CLIFF SCHOOL,FALSE,null,29/07/2005,10000618,109332,PUB.UKRLP.dbo.ProviderInstance,a97e2eb1-c959-4c26-8064-6961d76df731
11/04/2019,null,BELFAIRS HIGH SCHOOL,FALSE,null,29/07/2005,10000619,115350,PUB.UKRLP.dbo.ProviderInstance,a97e2eb1-c959-4c26-8064-6961d76df731
null,NI049168,BELFAST SCHOOL OF THEOLOGY LIMITED,TRUE,null,21/07/2026,10000620,null,PUB.UKRLP.dbo.ProviderInstance,a97e2eb1-c959-4c26-8064-6961d76df731
06/03/2020,NI027903,BELFAST COLLEGE OF TRAINING & EDUCATION LTD,FALSE,null,29/11/2019,10000621,null,PUB.UKRLP.dbo.ProviderInstance,a97e2eb1-c959-4c26-8064-6961d76df731
null,NI032719,BELFAST PRINT WORKSHOP,TRUE,null,08/04/2026,10000622,null,PUB.UKRLP.dbo.ProviderInstance,a97e2eb1-c959-4c26-8064-6961d76df731
08/11/2007,04518752,BELFORD COLLEGE LIMITED,FALSE,null,21/04/2007,10000623,null,PUB.UKRLP.dbo.ProviderInstance,a97e2eb1-c959-4c26-8064-6961d76df731
02/03/2011,05103163,BELFRY ASSOCIATES LIMITED,FALSE,null,02/11/2007,10000624,null,PUB.UKRLP.dbo.ProviderInstance,a97e2eb1-c959-4c26-8064-6961d76df731
null,03964213,PEEPUL CENTRE,TRUE,null,17/07/2026,10000625,null,PUB.UKRLP.dbo.ProviderInstance,a97e2eb1-c959-4c26-8064-6961d76df731
26/01/2009,02310538,BELGRAVE COMMUNITY WORKSHOPS LTD.,FALSE,Belgrave Development & Enterprise,21/04/2007,10000626,null,PUB.UKRLP.dbo.ProviderInstance,a97e2eb1-c959-4c26-8064-6961d76df731
18/09/2009,null,BELGRAVE HIGH SCHOOL,FALSE,null,29/07/2005,10000627,null,PUB.UKRLP.dbo.ProviderInstance,a97e2eb1-c959-4c26-8064-6961d76df731
17/12/2009,03056515,BELLE ISLE FOUNDATION,FALSE,null,21/04/2007,10000628,null,PUB.UKRLP.dbo.ProviderInstance,a97e2eb1-c959-4c26-8064-6961d76df731
15/09/2015,null,BELLE VUE BOYS' SCHOOL,FALSE,null,10/07/2015,10000629,107361,PUB.UKRLP.dbo.ProviderInstance,a97e2eb1-c959-4c26-8064-6961d76df731
04/04/2012,null,BELLE VUE GIRLS' SCHOOL,FALSE,null,29/07/2005,10000630,107368,PUB.UKRLP.dbo.ProviderInstance,a97e2eb1-c959-4c26-8064-6961d76df731
08/11/2019,04718335,BELLIS TRAINING LIMITED,FALSE,null,19/08/2019,10000631,null,PUB.UKRLP.dbo.ProviderInstance,a97e2eb1-c959-4c26-8064-6961d76df731
null,null,BELPER SCHOOL AND SIXTH FORM CENTRE,TRUE,null,12/10/2025,10000632,112989,PUB.UKRLP.dbo.ProviderInstance,a97e2eb1-c959-4c26-8064-6961d76df731
17/08/2018,04182942,BUSINESS AND EDUCATION LONDON SOUTH,FALSE,null,11/06/2018,10000633,null,PUB.UKRLP.dbo.ProviderInstance,a97e2eb1-c959-4c26-8064-6961d76df731
14/07/2011,null,BELSTEAD SCHOOL,FALSE,null,13/07/2011,10000634,124906,PUB.UKRLP.dbo.ProviderInstance,a97e2eb1-c959-4c26-8064-6961d76df731
11/04/2019,null,BELVOIR HIGH SCHOOL AND MELTON VALE POST 16 CENTRE,FALSE,null,05/12/2011,10000635,120259,PUB.UKRLP.dbo.ProviderInstance,a97e2eb1-c959-4c26-8064-6961d76df731
17/11/2020,04421468,BEM COMMUNITY ENTERPRISE & THE BUSINESS FEDERATION PARTNERSHIP,FALSE,Bem C Enterprise Lemba Business / Employers Partnership,10/09/2020,10000636,null,PUB.UKRLP.dbo.ProviderInstance,a97e2eb1-c959-4c26-8064-6961d76df731
null,NI043535,BEMAC TRAINING LTD,TRUE,null,25/12/2022,10000637,null,PUB.UKRLP.dbo.ProviderInstance,a97e2eb1-c959-4c26-8064-6961d76df731
05/10/2007,02171462,BEN JOHNSON-HILL ASSOCIATES LIMITED,FALSE,null,27/03/2007,10000638,null,PUB.UKRLP.dbo.ProviderInstance,a97e2eb1-c959-4c26-8064-6961d76df731
02/09/2010,SC149459,BEN WILLIAMS CORPORATE PSYCHOLOGY LIMITED,FALSE,null,21/04/2007,10000639,null,PUB.UKRLP.dbo.ProviderInstance,a97e2eb1-c959-4c26-8064-6961d76df731
null,04079431,TRANSLIFT BENDI DRIVER TRAINING LTD,TRUE,Bendi Driver Training,06/10/2024,10000640,null,PUB.UKRLP.dbo.ProviderInstance,a97e2eb1-c959-4c26-8064-6961d76df731
04/02/2015,04355316,BENEAST TRAINING LIMITED,FALSE,null,03/01/2015,10000641,null,PUB.UKRLP.dbo.ProviderInstance,a97e2eb1-c959-4c26-8064-6961d76df731
03/05/2017,null,BENFIELD SCHOOL,FALSE,null,04/02/2017,10000642,108526,PUB.UKRLP.dbo.ProviderInstance,a97e2eb1-c959-4c26-8064-6961d76df731
null,03688395,BENN PARTNERSHIP CENTRE,TRUE,null,14/09/2024,10000643,null,PUB.UKRLP.dbo.ProviderInstance,a97e2eb1-c959-4c26-8064-6961d76df731
06/04/2011,null,BENNETT MEMORIAL DIOCESAN SCHOOL,FALSE,null,11/08/2006,10000644,118841,PUB.UKRLP.dbo.ProviderInstance,a97e2eb1-c959-4c26-8064-6961d76df731
28/01/2009,02019636,BENNINGTON TRAINING SERVICES LIMITED,FALSE,null,21/04/2007,10000645,null,PUB.UKRLP.dbo.ProviderInstance,a97e2eb1-c959-4c26-8064-6961d76df731
null,00408404,BENSLOW MUSIC TRUST,TRUE,null,14/09/2024,10000646,null,PUB.UKRLP.dbo.ProviderInstance,a97e2eb1-c959-4c26-8064-6961d76df731
null,03328104,ADAPT LIMITED,TRUE,null,29/09/2024,10000647,null,PUB.UKRLP.dbo.ProviderInstance,a97e2eb1-c959-4c26-8064-6961d76df731
19/09/2013,03935873,BENTLEY JENNISON CONSULTING LIMITED,FALSE,null,05/12/2011,10000648,null,PUB.UKRLP.dbo.ProviderInstance,a97e2eb1-c959-4c26-8064-6961d76df731
01/09/2025,null,BENTON PARK SCHOOL,FALSE,null,09/07/2025,10000649,108083,PUB.UKRLP.dbo.ProviderInstance,a97e2eb1-c959-4c26-8064-6961d76df731
17/05/2012,null,BERKHAMSTED SCHOOL,FALSE,null,17/05/2012,10000650,117604,PUB.UKRLP.dbo.ProviderInstance,a97e2eb1-c959-4c26-8064-6961d76df731
null,04493501,BERKSHIRE YOUTH LTD,TRUE,null,23/12/2025,10000651,null,PUB.UKRLP.dbo.ProviderInstance,a97e2eb1-c959-4c26-8064-6961d76df731
null,03750656,BERKSHIRE AUTISTIC SOCIETY,TRUE,null,18/11/2024,10000652,null,PUB.UKRLP.dbo.ProviderInstance,a97e2eb1-c959-4c26-8064-6961d76df731
09/11/2015,04048406,BERKSHIRE EDUCATION BUSINESS PARTNERSHIP ORGANISATION,FALSE,null,06/09/2015,10000653,null,PUB.UKRLP.dbo.ProviderInstance,a97e2eb1-c959-4c26-8064-6961d76df731
null,null,"BERKSHIRE COLLEGE OF AGRICULTURE, THE (BCA)",TRUE,The Berkshire College of Agriculture,07/02/2018,10000654,130606,PUB.UKRLP.dbo.ProviderInstance,a97e2eb1-c959-4c26-8064-6961d76df731
21/09/2017,02856474,BERKSHIRE COUNSELLING CENTRE,FALSE,null,16/07/2017,10000655,null,PUB.UKRLP.dbo.ProviderInstance,a97e2eb1-c959-4c26-8064-6961d76df731
25/04/2016,04566830,THAMES VALLEY REGIONAL NETWORK LIMITED,FALSE,null,23/03/2016,10000656,null,PUB.UKRLP.dbo.ProviderInstance,a97e2eb1-c959-4c26-8064-6961d76df731
11/04/2019,null,BERWICK COMMUNITY HIGH SCHOOL,FALSE,null,14/08/2006,10000657,122361,PUB.UKRLP.dbo.ProviderInstance,a97e2eb1-c959-4c26-8064-6961d76df731
17/12/2009,05144353,BEST SERVICE LTD,FALSE,null,01/11/2007,10000658,null,PUB.UKRLP.dbo.ProviderInstance,a97e2eb1-c959-4c26-8064-6961d76df731
08/10/2010,04143088,BLACKWATER VALLEY COMPUTING LIMITED,FALSE,Best Training,14/10/2009,10000659,null,PUB.UKRLP.dbo.ProviderInstance,a97e2eb1-c959-4c26-8064-6961d76df731
19/05/2014,03742951,BEST TRAINING (WEST SUSSEX) LTD,FALSE,null,14/03/2014,10000660,null,PUB.UKRLP.dbo.ProviderInstance,a97e2eb1-c959-4c26-8064-6961d76df731
05/09/2006,SC204665,BESTWORKS LIMITED,FALSE,null,29/07/2005,10000661,null,PUB.UKRLP.dbo.ProviderInstance,a97e2eb1-c959-4c26-8064-6961d76df731
02/02/2009,01485293,BETA LIMITED,FALSE,null,21/04/2007,10000662,null,PUB.UKRLP.dbo.ProviderInstance,a97e2eb1-c959-4c26-8064-6961d76df731
null,01840055,BETA TECHNOLOGY LIMITED,TRUE,null,20/03/2025,10000663,null,PUB.UKRLP.dbo.ProviderInstance,a97e2eb1-c959-4c26-8064-6961d76df731
17/12/2010,null,BETHS GRAMMAR SCHOOL,FALSE,null,07/08/2006,10000664,101479,PUB.UKRLP.dbo.ProviderInstance,a97e2eb1-c959-4c26-8064-6961d76df731
06/07/2007,04419841,BETTER PROSPECTS LIMITED,FALSE,null,21/04/2007,10000665,null,PUB.UKRLP.dbo.ProviderInstance,a97e2eb1-c959-4c26-8064-6961d76df731
10/08/2011,null,BEVERLEY GRAMMAR SCHOOL,FALSE,null,29/07/2005,10000666,118116,PUB.UKRLP.dbo.ProviderInstance,a97e2eb1-c959-4c26-8064-6961d76df731
null,null,BEVERLEY HIGH SCHOOL,TRUE,null,14/07/2026,10000667,118072,PUB.UKRLP.dbo.ProviderInstance,a97e2eb1-c959-4c26-8064-6961d76df731
01/02/2012,null,COOMBE BOYS' SCHOOL,FALSE,null,23/11/2006,10000668,102608,PUB.UKRLP.dbo.ProviderInstance,a97e2eb1-c959-4c26-8064-6961d76df731
27/03/2008,null,BEWDLEY HIGH SCHOOL AND SIXTH FORM CENTRE,FALSE,null,29/07/2005,10000669,null,PUB.UKRLP.dbo.ProviderInstance,a97e2eb1-c959-4c26-8064-6961d76df731
null,null,BEXHILL COLLEGE,TRUE,null,16/07/2026,10000670,130670,PUB.UKRLP.dbo.ProviderInstance,a97e2eb1-c959-4c26-8064-6961d76df731
06/09/2016,null,BEXLEY COLLEGE,FALSE,null,26/07/2016,10000671,130428,PUB.UKRLP.dbo.ProviderInstance,a97e2eb1-c959-4c26-8064-6961d76df731
19/01/2011,null,BEXLEY GRAMMAR SCHOOL,FALSE,null,29/07/2005,10000672,101462,PUB.UKRLP.dbo.ProviderInstance,a97e2eb1-c959-4c26-8064-6961d76df731
null,01747251,LONDON SKILLS FOR GROWTH LIMITED,TRUE,null,17/07/2026,10000673,null,PUB.UKRLP.dbo.ProviderInstance,a97e2eb1-c959-4c26-8064-6961d76df731
null,01501746,BEXLEY VOLUNTARY SERVICE COUNCIL LIMITED,TRUE,null,17/07/2026,10000674,null,PUB.UKRLP.dbo.ProviderInstance,a97e2eb1-c959-4c26-8064-6961d76df731
02/09/2011,null,BEXLEYHEATH SCHOOL,FALSE,null,03/02/2009,10000675,101470,PUB.UKRLP.dbo.ProviderInstance,a97e2eb1-c959-4c26-8064-6961d76df731
02/04/2007,05123545,BEYOND RETREATS LIMITED,FALSE,Beyond,05/09/2006,10000676,null,PUB.UKRLP.dbo.ProviderInstance,a97e2eb1-c959-4c26-8064-6961d76df731
null,null,CHILDREN 1ST,TRUE,Royal Scottish Society for Prevention of Cruelty to Children,09/01/2018,10000677,null,PUB.UKRLP.dbo.ProviderInstance,a97e2eb1-c959-4c26-8064-6961d76df731
02/03/2011,04082956,B. H. ASSOCIATES (2000) LIMITED,FALSE,null,21/04/2007,10000678,null,PUB.UKRLP.dbo.ProviderInstance,a97e2eb1-c959-4c26-8064-6961d76df731
26/05/2015,02457344,BHTA LIMITED,FALSE,BHTA Ltd (Brighton),23/03/2015,10000679,null,PUB.UKRLP.dbo.ProviderInstance,a97e2eb1-c959-4c26-8064-6961d76df731
null,00034121,BIBBY LINE GROUP LIMITED,TRUE,null,15/09/2024,10000680,null,PUB.UKRLP.dbo.ProviderInstance,a97e2eb1-c959-4c26-8064-6961d76df731
19/07/2011,NI017597,B.I.C. SYSTEMS LIMITED,FALSE,null,19/07/2011,10000681,null,PUB.UKRLP.dbo.ProviderInstance,a97e2eb1-c959-4c26-8064-6961d76df731
12/08/2015,null,BICESTER COMMUNITY COLLEGE,FALSE,null,10/07/2015,10000682,123233,PUB.UKRLP.dbo.ProviderInstance,a97e2eb1-c959-4c26-8064-6961d76df731
10/04/2015,null,BICTON COLLEGE,FALSE,null,22/01/2015,10000683,130651,PUB.UKRLP.dbo.ProviderInstance,a97e2eb1-c959-4c26-8064-6961d76df731
null,null,BIDDENHAM INTERNATIONAL SCHOOL AND SPORTS COLLEGE,TRUE,null,21/03/2026,10000684,109690,PUB.UKRLP.dbo.ProviderInstance,a97e2eb1-c959-4c26-8064-6961d76df731
02/09/2011,null,BIDDULPH HIGH SCHOOL,FALSE,null,29/07/2005,10000685,124427,PUB.UKRLP.dbo.ProviderInstance,a97e2eb1-c959-4c26-8064-6961d76df731
15/03/2016,null,BIDEFORD COLLEGE,FALSE,null,17/01/2016,10000686,113516,PUB.UKRLP.dbo.ProviderInstance,a97e2eb1-c959-4c26-8064-6961d76df731
25/04/2023,04314444,BIRMINGHAM INSTITUTE OF EDUCATION TRAINING & TECHNOLOGY (BIETTEC),FALSE,Biettec,08/02/2023,10000687,null,PUB.UKRLP.dbo.ProviderInstance,a97e2eb1-c959-4c26-8064-6961d76df731
null,00946107,BIFFA WASTE SERVICES LIMITED,TRUE,null,17/07/2026,10000688,null,PUB.UKRLP.dbo.ProviderInstance,a97e2eb1-c959-4c26-8064-6961d76df731
19/12/2016,04668208,BIG DIFFERENCE CONSULTING LTD,FALSE,null,13/10/2016,10000689,null,PUB.UKRLP.dbo.ProviderInstance,a97e2eb1-c959-4c26-8064-6961d76df731
null,04227431,THE BIG LIFE COMPANY LIMITED,TRUE,The Big Life Company,14/06/2024,10000690,null,PUB.UKRLP.dbo.ProviderInstance,a97e2eb1-c959-4c26-8064-6961d76df731
null,03811463,BIG PICTURE (SOFTWARE) LIMITED,TRUE,null,25/03/2026,10000691,null,PUB.UKRLP.dbo.ProviderInstance,a97e2eb1-c959-4c26-8064-6961d76df731
09/07/2007,04269916,BIGGA FISH LIMITED,FALSE,null,23/04/2007,10000692,null,PUB.UKRLP.dbo.ProviderInstance,a97e2eb1-c959-4c26-8064-6961d76df731
20/03/2007,03180448,BIKES 'R' SAFE LIMITED,FALSE,null,05/09/2006,10000693,null,PUB.UKRLP.dbo.ProviderInstance,a97e2eb1-c959-4c26-8064-6961d76df731
05/11/2007,05200445,BIKEWIZE MOTORCYCLE RIDER TRAINING LIMITED,FALSE,null,23/04/2007,10000694,null,PUB.UKRLP.dbo.ProviderInstance,a97e2eb1-c959-4c26-8064-6961d76df731
18/11/2019,null,BILBOROUGH COLLEGE,FALSE,null,17/10/2019,10000695,130787,PUB.UKRLP.dbo.ProviderInstance,a97e2eb1-c959-4c26-8064-6961d76df731
null,03691811,BILSTON RESOURCE CENTRE,TRUE,null,17/07/2026,10000696,null,PUB.UKRLP.dbo.ProviderInstance,a97e2eb1-c959-4c26-8064-6961d76df731
null,null,BINGLEY GRAMMAR SCHOOL,TRUE,null,10/10/2025,10000697,107439,PUB.UKRLP.dbo.ProviderInstance,a97e2eb1-c959-4c26-8064-6961d76df731
10/12/2020,03539967,LEARNING COMMUNITIES,FALSE,null,05/10/2020,10000698,null,PUB.UKRLP.dbo.ProviderInstance,a97e2eb1-c959-4c26-8064-6961d76df731
20/12/2006,null,BIRCHWOOD COMMUNITY HIGH SCHOOL,FALSE,null,10/08/2006,10000699,null,PUB.UKRLP.dbo.ProviderInstance,a97e2eb1-c959-4c26-8064-6961d76df731
11/04/2019,null,BIRCHWOOD HIGH SCHOOL,FALSE,null,29/07/2005,10000700,117549,PUB.UKRLP.dbo.ProviderInstance,a97e2eb1-c959-4c26-8064-6961d76df731
02/09/2011,null,SERLBY PARK A 3-18 BUSINESS AND ENTERPRISE LEARNING COMMUNITY,FALSE,null,29/07/2005,10000701,122869,PUB.UKRLP.dbo.ProviderInstance,a97e2eb1-c959-4c26-8064-6961d76df731
01/08/2017,null,BIRKENHEAD SIXTH FORM COLLEGE,FALSE,null,12/05/2017,10000702,130494,PUB.UKRLP.dbo.ProviderInstance,a97e2eb1-c959-4c26-8064-6961d76df731
null,null,BIRMINGHAM CITY COUNCIL,TRUE,Birmingham Adult Education Service,21/07/2026,10000703,null,PUB.UKRLP.dbo.ProviderInstance,a97e2eb1-c959-4c26-8064-6961d76df731
01/12/2011,02938774,BIRMINGHAM ACADEMY TRADING LIMITED,FALSE,null,16/11/2011,10000704,null,PUB.UKRLP.dbo.ProviderInstance,a97e2eb1-c959-4c26-8064-6961d76df731
06/06/2012,04386501,BXL SERVICES,FALSE,null,06/06/2012,10000705,null,PUB.UKRLP.dbo.ProviderInstance,a97e2eb1-c959-4c26-8064-6961d76df731
null,05347772,BIRMINGHAM CENTRE FOR ARTS THERAPIES,TRUE,null,16/12/2024,10000706,null,PUB.UKRLP.dbo.ProviderInstance,a97e2eb1-c959-4c26-8064-6961d76df731
17/03/2014,02033424,BIRMINGHAM CHAMBER TRAINING LIMITED,FALSE,null,17/09/2010,10000707,null,PUB.UKRLP.dbo.ProviderInstance,a97e2eb1-c959-4c26-8064-6961d76df731
18/01/2007,03330155,BIRMINGHAM CHINESE SOCIETY TRADING LIMITED,FALSE,null,29/07/2005,10000708,null,PUB.UKRLP.dbo.ProviderInstance,a97e2eb1-c959-4c26-8064-6961d76df731
null,null,UNIVERSITY COLLEGE BIRMINGHAM,TRUE,null,21/07/2026,10000712,null,PUB.UKRLP.dbo.ProviderInstance,a97e2eb1-c959-4c26-8064-6961d76df731
null,03730050,CITY OF BIRMINGHAM COMMUNITY COLLEGE,TRUE,Birmingham Community College,02/09/2025,10000713,null,PUB.UKRLP.dbo.ProviderInstance,a97e2eb1-c959-4c26-8064-6961d76df731
06/07/2012,03225027,BIRMINGHAM CORE SKILLS DEVELOPMENT PARTNERSHIP LIMITED,FALSE,null,22/11/2011,10000714,null,PUB.UKRLP.dbo.ProviderInstance,a97e2eb1-c959-4c26-8064-6961d76df731
null,02645202,BIRMINGHAM ELECTRICAL TRAINING LTD,TRUE,null,17/10/2025,10000715,null,PUB.UKRLP.dbo.ProviderInstance,a97e2eb1-c959-4c26-8064-6961d76df731
null,01887850,BIRMINGHAM RATHBONE SOCIETY,TRUE,null,08/04/2026,10000716,null,PUB.UKRLP.dbo.ProviderInstance,a97e2eb1-c959-4c26-8064-6961d76df731
null,01946604,BIRMINGHAM SETTLEMENT (THE),TRUE,null,23/12/2025,10000717,null,PUB.UKRLP.dbo.ProviderInstance,a97e2eb1-c959-4c26-8064-6961d76df731
null,00421688,BIRMINGHAM VOLUNTARY SERVICE COUNCIL,TRUE,null,23/12/2025,10000718,null,PUB.UKRLP.dbo.ProviderInstance,a97e2eb1-c959-4c26-8064-6961d76df731
null,02433560,BUMPY LIMITED,TRUE,Birstall Urban Motorcycle Project for Youth,30/09/2025,10000719,null,PUB.UKRLP.dbo.ProviderInstance,a97e2eb1-c959-4c26-8064-6961d76df731
null,null,BISHOP AUCKLAND COLLEGE,TRUE,null,21/07/2026,10000720,130657,PUB.UKRLP.dbo.ProviderInstance,a97e2eb1-c959-4c26-8064-6961d76df731
null,null,BISHOP BURTON COLLEGE,TRUE,null,21/07/2026,10000721,130584,PUB.UKRLP.dbo.ProviderInstance,a97e2eb1-c959-4c26-8064-6961d76df731
null,null,BISHOP CHALLONER CATHOLIC COLLEGE,TRUE,null,10/10/2025,10000722,103560,PUB.UKRLP.dbo.ProviderInstance,a97e2eb1-c959-4c26-8064-6961d76df731
09/10/2023,null,BISHOP CHALLONER BOYS' SCHOOL,FALSE,null,08/08/2023,10000723,133289,PUB.UKRLP.dbo.ProviderInstance,a97e2eb1-c959-4c26-8064-6961d76df731
30/11/2015,null,THE BISHOP DAVID BROWN SCHOOL,FALSE,null,05/10/2015,10000724,125266,PUB.UKRLP.dbo.ProviderInstance,a97e2eb1-c959-4c26-8064-6961d76df731
06/09/2016,null,BISHOP DOUGLASS SCHOOL FINCHLEY,FALSE,null,28/07/2016,10000725,101365,PUB.UKRLP.dbo.ProviderInstance,a97e2eb1-c959-4c26-8064-6961d76df731
null,null,BISHOP HEBER HIGH SCHOOL,TRUE,null,10/10/2025,10000726,111424,PUB.UKRLP.dbo.ProviderInstance,a97e2eb1-c959-4c26-8064-6961d76df731
02/12/2013,null,"BISHOP LUFFA CHURCH OF ENGLAND SCHOOL, CHICHESTER",FALSE,null,29/07/2005,10000727,126097,PUB.UKRLP.dbo.ProviderInstance,a97e2eb1-c959-4c26-8064-6961d76df731
05/09/2013,null,BISHOP MILNER CATHOLIC SCHOOL,FALSE,null,29/07/2005,10000728,103868,PUB.UKRLP.dbo.ProviderInstance,a97e2eb1-c959-4c26-8064-6961d76df731
02/09/2011,null,BISHOP RAMSEY COFE VOLUNTARY AIDED SECONDARY SCHOOL,FALSE,null,08/08/2006,10000729,102429,PUB.UKRLP.dbo.ProviderInstance,a97e2eb1-c959-4c26-8064-6961d76df731
10/08/2011,null,BISHOP STOPFORD SCHOOL,FALSE,null,29/07/2005,10000730,122095,PUB.UKRLP.dbo.ProviderInstance,a97e2eb1-c959-4c26-8064-6961d76df731
null,null,BISHOP STOPFORD'S SCHOOL,TRUE,null,10/10/2025,10000731,102052,PUB.UKRLP.dbo.ProviderInstance,a97e2eb1-c959-4c26-8064-6961d76df731
17/09/2019,null,BISHOP ULLATHORNE CATHOLIC SCHOOL,FALSE,null,17/07/2019,10000732,103742,PUB.UKRLP.dbo.ProviderInstance,a97e2eb1-c959-4c26-8064-6961d76df731
11/04/2019,null,BISHOP VESEY'S GRAMMAR SCHOOL,FALSE,null,29/07/2005,10000733,103535,PUB.UKRLP.dbo.ProviderInstance,a97e2eb1-c959-4c26-8064-6961d76df731
06/01/2014,null,BISHOP WALSH CATHOLIC SCHOOL,FALSE,null,29/07/2005,10000734,103536,PUB.UKRLP.dbo.ProviderInstance,a97e2eb1-c959-4c26-8064-6961d76df731
07/03/2011,null,BISHOP WORDSWORTH'S GRAMMAR SCHOOL,FALSE,null,06/10/2010,10000735,126508,PUB.UKRLP.dbo.ProviderInstance,a97e2eb1-c959-4c26-8064-6961d76df731
11/04/2019,null,BISHOP'S HATFIELD GIRLS' SCHOOL,FALSE,null,29/07/2005,10000736,117527,PUB.UKRLP.dbo.ProviderInstance,a97e2eb1-c959-4c26-8064-6961d76df731
null,null,THE BISHOP'S STORTFORD HIGH SCHOOL,TRUE,null,10/07/2026,10000737,117577,PUB.UKRLP.dbo.ProviderInstance,a97e2eb1-c959-4c26-8064-6961d76df731
06/04/2011,null,THE BISHOPS' BLUE COAT CHURCH OF ENGLAND HIGH SCHOOL,FALSE,null,03/04/2009,10000738,111455,PUB.UKRLP.dbo.ProviderInstance,a97e2eb1-c959-4c26-8064-6961d76df731
11/04/2019,null,BISHOPSHALT SCHOOL,FALSE,null,29/07/2005,10000739,102440,PUB.UKRLP.dbo.ProviderInstance,a97e2eb1-c959-4c26-8064-6961d76df731
09/05/2008,04256479,BIZNETT LTD.,FALSE,null,23/04/2007,10000740,null,PUB.UKRLP.dbo.ProviderInstance,a97e2eb1-c959-4c26-8064-6961d76df731
null,02598015,B.J.B. LIFT TRUCKS LIMITED,TRUE,null,23/12/2025,10000741,null,PUB.UKRLP.dbo.ProviderInstance,a97e2eb1-c959-4c26-8064-6961d76df731
null,04108484,BLACK & MINORITY ETHNIC CARERS SUPPORT SERVICE,TRUE,null,30/09/2025,10000742,null,PUB.UKRLP.dbo.ProviderInstance,a97e2eb1-c959-4c26-8064-6961d76df731
null,04183431,BLACK COUNTRY CHAMBER OF COMMERCE & INDUSTRY,TRUE,null,23/12/2025,10000743,null,PUB.UKRLP.dbo.ProviderInstance,a97e2eb1-c959-4c26-8064-6961d76df731
04/03/2011,04175952,BLACK COUNTRY CONNEXIONS,FALSE,null,23/04/2007,10000744,null,PUB.UKRLP.dbo.ProviderInstance,a97e2eb1-c959-4c26-8064-6961d76df731
null,04716218,BLACK COUNTRY COLLEGES LTD,TRUE,null,26/04/2026,10000745,null,PUB.UKRLP.dbo.ProviderInstance,a97e2eb1-c959-4c26-8064-6961d76df731
05/08/2019,02315825,THE BLACK MOUNTAIN CADRE LIMITED,FALSE,null,06/04/2019,10000746,null,PUB.UKRLP.dbo.ProviderInstance,a97e2eb1-c959-4c26-8064-6961d76df731
null,null,BLACKBURN COLLEGE,TRUE,null,21/07/2026,10000747,130736,PUB.UKRLP.dbo.ProviderInstance,a97e2eb1-c959-4c26-8064-6961d76df731
null,null,BLACKBURN WITH DARWEN BOROUGH COUNCIL,TRUE,null,21/07/2026,10000748,null,PUB.UKRLP.dbo.ProviderInstance,a97e2eb1-c959-4c26-8064-6961d76df731
null,02674432,BLACKBURNE HOUSE,TRUE,null,14/09/2024,10000749,null,PUB.UKRLP.dbo.ProviderInstance,a97e2eb1-c959-4c26-8064-6961d76df731
11/04/2019,null,BLACKFEN SCHOOL FOR GIRLS,FALSE,null,29/07/2005,10000750,101465,PUB.UKRLP.dbo.ProviderInstance,a97e2eb1-c959-4c26-8064-6961d76df731
null,00702834,BLACKFRIARS ARTS CENTRE LIMITED,TRUE,null,26/04/2026,10000751,null,PUB.UKRLP.dbo.ProviderInstance,a97e2eb1-c959-4c26-8064-6961d76df731
null,00031105,BLACKFRIARS SETTLEMENT,TRUE,null,05/12/2025,10000752,null,PUB.UKRLP.dbo.ProviderInstance,a97e2eb1-c959-4c26-8064-6961d76df731
23/09/2014,null,BLACKHEATH BLUECOAT CHURCH OF ENGLAND SCHOOL,FALSE,null,12/06/2014,10000753,100195,PUB.UKRLP.dbo.ProviderInstance,a97e2eb1-c959-4c26-8064-6961d76df731
null,null,BLACKPOOL AND THE FYLDE COLLEGE,TRUE,BLACKPOOL AND THE FYLDE COLLEGE,21/07/2026,10000754,130739,PUB.UKRLP.dbo.ProviderInstance,a97e2eb1-c959-4c26-8064-6961d76df731
null,null,BLACKPOOL BOROUGH COUNCIL,TRUE,null,21/07/2026,10000755,null,PUB.UKRLP.dbo.ProviderInstance,a97e2eb1-c959-4c26-8064-6961d76df731
17/10/2024,null,THE BLACKPOOL SIXTH FORM COLLEGE,FALSE,Blackpool Sixth Form College,03/07/2024,10000756,130744,PUB.UKRLP.dbo.ProviderInstance,a97e2eb1-c959-4c26-8064-6961d76df731
12/03/2010,04451255,BLACKPOWDER LTD,FALSE,null,23/04/2007,10000757,null,PUB.UKRLP.dbo.ProviderInstance,a97e2eb1-c959-4c26-8064-6961d76df731
null,01604788,ENTERPRISE FIRST (SOUTHERN) LIMITED,TRUE,Enterprise First,03/10/2021,10000758,null,PUB.UKRLP.dbo.ProviderInstance,a97e2eb1-c959-4c26-8064-6961d76df731
20/03/2007,04330993,BLACUP TRAINING LTD,FALSE,null,05/09/2006,10000759,null,PUB.UKRLP.dbo.ProviderInstance,a97e2eb1-c959-4c26-8064-6961d76df731
null,02009459,CHAMELEON SCENERY LIMITED,TRUE,Blake College LLP,16/09/2025,10000760,null,PUB.UKRLP.dbo.ProviderInstance,a97e2eb1-c959-4c26-8064-6961d76df731
02/09/2011,null,BLAKE VALLEY TECHNOLOGY COLLEGE,FALSE,null,29/07/2005,10000761,124398,PUB.UKRLP.dbo.ProviderInstance,a97e2eb1-c959-4c26-8064-6961d76df731
null,03687225,BLAKENEY POINT SAILING SCHOOL LIMITED,TRUE,null,26/06/2024,10000762,null,PUB.UKRLP.dbo.ProviderInstance,a97e2eb1-c959-4c26-8064-6961d76df731
12/08/2019,null,BLAKESTON SCHOOL - A COMMUNITY SPORTS COLLEGE,FALSE,null,12/08/2019,10000763,111734,PUB.UKRLP.dbo.ProviderInstance,a97e2eb1-c959-4c26-8064-6961d76df731
null,null,BLATCHINGTON MILL SCHOOL,TRUE,null,20/06/2026,10000764,114606,PUB.UKRLP.dbo.ProviderInstance,a97e2eb1-c959-4c26-8064-6961d76df731
20/03/2007,03786538,BLAZE THE TRAIL LIMITED,FALSE,null,05/09/2006,10000765,null,PUB.UKRLP.dbo.ProviderInstance,a97e2eb1-c959-4c26-8064-6961d76df731
11/04/2019,null,BLENHEIM HIGH SCHOOL,FALSE,null,29/07/2005,10000766,131386,PUB.UKRLP.dbo.ProviderInstance,a97e2eb1-c959-4c26-8064-6961d76df731
04/08/2014,null,BLESSED GEORGE NAPIER CATHOLIC SCHOOL AND SPORTS COLLEGE,FALSE,null,20/06/2014,10000767,123270,PUB.UKRLP.dbo.ProviderInstance,a97e2eb1-c959-4c26-8064-6961d76df731
null,null,BLESSED HUGH FARINGDON CATHOLIC SCHOOL,TRUE,null,10/10/2025,10000768,110107,PUB.UKRLP.dbo.ProviderInstance,a97e2eb1-c959-4c26-8064-6961d76df731
15/03/2016,null,BLESSED WILLIAM HOWARD CATHOLIC SCHOOL,FALSE,null,19/01/2016,10000769,124455,PUB.UKRLP.dbo.ProviderInstance,a97e2eb1-c959-4c26-8064-6961d76df731
07/12/2011,04074660,BLITZ JIVE LIMITED,FALSE,Blitz Modern Jive,06/12/2011,10000770,null,PUB.UKRLP.dbo.ProviderInstance,a97e2eb1-c959-4c26-8064-6961d76df731
null,01994330,BLUBECKERS LIMITED,TRUE,null,11/03/2026,10000771,null,PUB.UKRLP.dbo.ProviderInstance,a97e2eb1-c959-4c26-8064-6961d76df731
null,00490212,IMPELLAM HOLDINGS LIMITED,TRUE,Blue Arrow,18/02/2024,10000772,null,PUB.UKRLP.dbo.ProviderInstance,a97e2eb1-c959-4c26-8064-6961d76df731
11/04/2019,null,BLUE COAT CHURCH OF ENGLAND COMPREHENSIVE SCHOOL A PERFORMING ARTS SPECIALIST COLLEGE,FALSE,null,29/07/2005,10000773,104254,PUB.UKRLP.dbo.ProviderInstance,a97e2eb1-c959-4c26-8064-6961d76df731
08/08/2019,04154242,BLUE ORCHID MANAGEMENT CONSULTANTS LIMITED,FALSE,null,07/05/2019,10000774,null,PUB.UKRLP.dbo.ProviderInstance,a97e2eb1-c959-4c26-8064-6961d76df731
02/07/2015,04399083,BLUE TOP (UK) LIMITED,FALSE,null,23/03/2015,10000775,null,PUB.UKRLP.dbo.ProviderInstance,a97e2eb1-c959-4c26-8064-6961d76df731
03/01/2012,null,THE NOTTINGHAM BLUECOAT SCHOOL AND TECHNOLOGY COLLEGE,FALSE,null,29/07/2005,10000776,122894,PUB.UKRLP.dbo.ProviderInstance,a97e2eb1-c959-4c26-8064-6961d76df731
07/12/2010,04959390,BLUEPRINT EDUCATIONAL PUBLISHING LIMITED,FALSE,null,29/01/2009,10000777,null,PUB.UKRLP.dbo.ProviderInstance,a97e2eb1-c959-4c26-8064-6961d76df731
10/12/2018,02840589,BLUEPRINT MANAGEMENT SYSTEMS LIMITED,FALSE,null,11/11/2018,10000778,null,PUB.UKRLP.dbo.ProviderInstance,a97e2eb1-c959-4c26-8064-6961d76df731
null,04016403,BLUNDELL'S SCHOOL,TRUE,null,14/07/2026,10000779,113575,PUB.UKRLP.dbo.ProviderInstance,a97e2eb1-c959-4c26-8064-6961d76df731
03/10/2013,null,BLYTH COMMUNITY COLLEGE,FALSE,null,29/07/2005,10000780,132189,PUB.UKRLP.dbo.ProviderInstance,a97e2eb1-c959-4c26-8064-6961d76df731
22/11/2011,null,MALVIN'S CLOSE PRIMARY SCHOOL,FALSE,null,22/11/2011,10000781,122262,PUB.UKRLP.dbo.ProviderInstance,a97e2eb1-c959-4c26-8064-6961d76df731
01/04/2009,null,BLYTH VALLEY BOROUGH COUNCIL,FALSE,null,06/01/2009,10000782,null,PUB.UKRLP.dbo.ProviderInstance,a97e2eb1-c959-4c26-8064-6961d76df731
13/03/2023,null,BLYTHE BRIDGE HIGH SCHOOL,FALSE,null,08/12/2022,10000783,124396,PUB.UKRLP.dbo.ProviderInstance,a97e2eb1-c959-4c26-8064-6961d76df731
null,02460346,BLYTHE NEIGHBOURHOOD COUNCIL,TRUE,null,26/04/2026,10000784,null,PUB.UKRLP.dbo.ProviderInstance,a97e2eb1-c959-4c26-8064-6961d76df731
08/03/2007,02907080,BMW (GB) LIMITED,FALSE,null,29/09/2006,10000785,null,PUB.UKRLP.dbo.ProviderInstance,a97e2eb1-c959-4c26-8064-6961d76df731
null,04789584,BOAT BUILDING ACADEMY LIMITED,TRUE,null,08/04/2026,10000786,null,PUB.UKRLP.dbo.ProviderInstance,a97e2eb1-c959-4c26-8064-6961d76df731
19/01/2011,null,BODMIN COLLEGE,FALSE,null,29/07/2005,10000787,112049,PUB.UKRLP.dbo.ProviderInstance,a97e2eb1-c959-4c26-8064-6961d76df731
16/08/2006,03332510,BODY HARMONY LIMITED,FALSE,null,29/07/2005,10000788,null,PUB.UKRLP.dbo.ProviderInstance,a97e2eb1-c959-4c26-8064-6961d76df731
null,01764610,G.R. & M.M. BLACKLEDGE PLC,TRUE,Bodycare & Grahams,17/07/2026,10000789,null,PUB.UKRLP.dbo.ProviderInstance,a97e2eb1-c959-4c26-8064-6961d76df731
null,03792342,BODYHARMONICS LIMITED,TRUE,null,11/03/2026,10000790,null,PUB.UKRLP.dbo.ProviderInstance,a97e2eb1-c959-4c26-8064-6961d76df731
03/01/2012,null,THE REGIS SCHOOL,FALSE,null,08/09/2010,10000791,126076,PUB.UKRLP.dbo.ProviderInstance,a97e2eb1-c959-4c26-8064-6961d76df731
03/04/2007,03449973,BOHLIN INSTRUMENTS LIMITED,FALSE,null,27/03/2007,10000792,null,PUB.UKRLP.dbo.ProviderInstance,a97e2eb1-c959-4c26-8064-6961d76df731
02/09/2010,05051473,BOLLYWOOD GROOVES LIMITED,FALSE,null,11/08/2009,10000793,null,PUB.UKRLP.dbo.ProviderInstance,a97e2eb1-c959-4c26-8064-6961d76df731
null,null,BOLTON COLLEGE,TRUE,null,21/07/2026,10000794,130495,PUB.UKRLP.dbo.ProviderInstance,a97e2eb1-c959-4c26-8064-6961d76df731
null,null,BOLTON METROPOLITAN BOROUGH COUNCIL,TRUE,null,21/07/2026,10000795,null,PUB.UKRLP.dbo.ProviderInstance,a97e2eb1-c959-4c26-8064-6961d76df731
null,null,BOLTON SIXTH FORM COLLEGE,TRUE,null,15/04/2026,10000796,131867,PUB.UKRLP.dbo.ProviderInstance,a97e2eb1-c959-4c26-8064-6961d76df731
14/12/2017,03472026,BOLTON WISE LIMITED,FALSE,null,16/10/2017,10000797,null,PUB.UKRLP.dbo.ProviderInstance,a97e2eb1-c959-4c26-8064-6961d76df731
06/07/2007,01355222,BOOTSTRAP COMPANY LIMITED,FALSE,null,23/04/2007,10000798,null,PUB.UKRLP.dbo.ProviderInstance,a97e2eb1-c959-4c26-8064-6961d76df731
08/11/2019,02201116,BOOTSTRAP COMPANY (BLACKBURN) LIMITED,FALSE,null,23/08/2019,10000799,null,PUB.UKRLP.dbo.ProviderInstance,a97e2eb1-c959-4c26-8064-6961d76df731
11/04/2019,null,BORDEN GRAMMAR SCHOOL,FALSE,null,29/07/2005,10000800,118837,PUB.UKRLP.dbo.ProviderInstance,a97e2eb1-c959-4c26-8064-6961d76df731
12/03/2010,01580771,BORDERS (UK) LIMITED,FALSE,null,23/04/2007,10000801,null,PUB.UKRLP.dbo.ProviderInstance,a97e2eb1-c959-4c26-8064-6961d76df731
null,03320173,THE BCI FORUM LIMITED,TRUE,Borders Construction Industry Forum (Bcif),22/05/2026,10000802,null,PUB.UKRLP.dbo.ProviderInstance,a97e2eb1-c959-4c26-8064-6961d76df731
01/04/2009,null,ELLESMERE PORT AND NESTON BOROUGH COUNCIL,FALSE,null,06/01/2009,10000803,null,PUB.UKRLP.dbo.ProviderInstance,a97e2eb1-c959-4c26-8064-6961d76df731
null,null,WELLINGBOROUGH BOROUGH COUNCIL,TRUE,null,21/07/2026,10000804,null,PUB.UKRLP.dbo.ProviderInstance,a97e2eb1-c959-4c26-8064-6961d76df731
null,null,BOROUGHBRIDGE HIGH SCHOOL,TRUE,null,10/10/2025,10000806,121699,PUB.UKRLP.dbo.ProviderInstance,a97e2eb1-c959-4c26-8064-6961d76df731
09/09/2014,null,BOSCO CENTRE,FALSE,null,30/05/2014,10000807,null,PUB.UKRLP.dbo.ProviderInstance,a97e2eb1-c959-4c26-8064-6961d76df731
null,02699243,BOSHAM SAILING CLUB LIMITED,TRUE,null,17/10/2025,10000808,null,PUB.UKRLP.dbo.ProviderInstance,a97e2eb1-c959-4c26-8064-6961d76df731
null,04729518,BOSTOCK HEALTHCARE LIMITED,TRUE,null,26/04/2026,10000809,null,PUB.UKRLP.dbo.ProviderInstance,a97e2eb1-c959-4c26-8064-6961d76df731
null,02841970,BMG RESEARCH LTD,TRUE,null,17/07/2026,10000810,null,PUB.UKRLP.dbo.ProviderInstance,a97e2eb1-c959-4c26-8064-6961d76df731
12/05/2008,01790133,BOSTON AND SOUTH HOLLAND INFORMATION TECHNOLOGY CENTRE,FALSE,Boston & South Holland Itec,02/11/2007,10000811,null,PUB.UKRLP.dbo.ProviderInstance,a97e2eb1-c959-4c26-8064-6961d76df731
null,null,BOSTON COLLEGE,TRUE,null,21/07/2026,10000812,130761,PUB.UKRLP.dbo.ProviderInstance,a97e2eb1-c959-4c26-8064-6961d76df731
20/12/2010,null,THE BOSTON GRAMMAR SCHOOL,FALSE,null,14/08/2006,10000813,120720,PUB.UKRLP.dbo.ProviderInstance,a97e2eb1-c959-4c26-8064-6961d76df731
11/04/2019,null,BOSTON HIGH SCHOOL,FALSE,null,29/07/2005,10000814,120640,PUB.UKRLP.dbo.ProviderInstance,a97e2eb1-c959-4c26-8064-6961d76df731
06/09/2018,null,BOSTON SPA ACADEMY,FALSE,null,22/05/2018,10000815,108091,PUB.UKRLP.dbo.ProviderInstance,a97e2eb1-c959-4c26-8064-6961d76df731
11/04/2019,null,BOSWORTH COMMUNITY COLLEGE,FALSE,null,29/07/2005,10000816,120266,PUB.UKRLP.dbo.ProviderInstance,a97e2eb1-c959-4c26-8064-6961d76df731
21/09/2009,null,BOUNDSTONE COMMUNITY COLLEGE,FALSE,null,29/07/2005,10000817,null,PUB.UKRLP.dbo.ProviderInstance,a97e2eb1-c959-4c26-8064-6961d76df731
11/04/2019,null,BOURNE GRAMMAR SCHOOL,FALSE,null,29/07/2005,10000818,120661,PUB.UKRLP.dbo.ProviderInstance,a97e2eb1-c959-4c26-8064-6961d76df731
null,null,"BOURNEMOUTH AND POOLE COLLEGE, THE",TRUE,The Bournemouth and Poole College,21/07/2026,10000820,130652,PUB.UKRLP.dbo.ProviderInstance,a97e2eb1-c959-4c26-8064-6961d76df731
29/09/2019,null,BOURNEMOUTH COUNCIL,FALSE,Bournemouth Adult Learning,08/03/2018,10000821,null,PUB.UKRLP.dbo.ProviderInstance,a97e2eb1-c959-4c26-8064-6961d76df731
02/09/2011,null,BOURNEMOUTH SCHOOL,FALSE,null,29/07/2005,10000822,113900,PUB.UKRLP.dbo.ProviderInstance,a97e2eb1-c959-4c26-8064-6961d76df731
10/08/2011,null,BOURNEMOUTH SCHOOL FOR GIRLS,FALSE,null,29/07/2005,10000823,113905,PUB.UKRLP.dbo.ProviderInstance,a97e2eb1-c959-4c26-8064-6961d76df731
null,null,BOURNEMOUTH UNIVERSITY,TRUE,null,14/02/2018,10000824,133792,PUB.UKRLP.dbo.ProviderInstance,a97e2eb1-c959-4c26-8064-6961d76df731
22/08/2019,null,BOURNVILLE COLLEGE,FALSE,null,07/02/2018,10000825,130459,PUB.UKRLP.dbo.ProviderInstance,a97e2eb1-c959-4c26-8064-6961d76df731
11/11/2014,null,BOURNVILLE SCHOOL AND SIXTH FORM CENTRE,FALSE,null,23/09/2014,10000826,103515,PUB.UKRLP.dbo.ProviderInstance,a97e2eb1-c959-4c26-8064-6961d76df731
02/03/2015,null,BOWBRIDGE PRIMARY SCHOOL,FALSE,null,29/12/2014,10000827,132784,PUB.UKRLP.dbo.ProviderInstance,a97e2eb1-c959-4c26-8064-6961d76df731
null,04157021,BOWMOOR SAILING CLUB,TRUE,null,26/04/2026,10000828,null,PUB.UKRLP.dbo.ProviderInstance,a97e2eb1-c959-4c26-8064-6961d76df731
null,05607273,KPMG BOXWOOD LIMITED,TRUE,null,01/09/2025,10000829,null,PUB.UKRLP.dbo.ProviderInstance,a97e2eb1-c959-4c26-8064-6961d76df731
null,00446915,BP OIL UK LIMITED,TRUE,null,26/04/2026,10000830,null,PUB.UKRLP.dbo.ProviderInstance,a97e2eb1-c959-4c26-8064-6961d76df731
null,01245304,BPP HOLDINGS LIMITED,TRUE,BPP Holdings Ltd,17/07/2026,10000831,null,PUB.UKRLP.dbo.ProviderInstance,a97e2eb1-c959-4c26-8064-6961d76df731
25/01/2016,03422921,BPP NEWCASTLE LIMITED,FALSE,null,24/12/2015,10000832,null,PUB.UKRLP.dbo.ProviderInstance,a97e2eb1-c959-4c26-8064-6961d76df731
22/08/2019,null,BRACKNELL AND WOKINGHAM COLLEGE,FALSE,null,07/02/2018,10000833,130603,PUB.UKRLP.dbo.ProviderInstance,a97e2eb1-c959-4c26-8064-6961d76df731
null,null,BRACKNELL FOREST BOROUGH COUNCIL,TRUE,null,21/07/2026,10000834,null,PUB.UKRLP.dbo.ProviderInstance,a97e2eb1-c959-4c26-8064-6961d76df731
null,03835955,BRADFIELD LEARNING AND DEVELOPMENT LTD,TRUE,null,02/02/2026,10000835,null,PUB.UKRLP.dbo.ProviderInstance,a97e2eb1-c959-4c26-8064-6961d76df731
null,00040088,BRADFORD AND SONS LIMITED,TRUE,null,11/03/2026,10000836,null,PUB.UKRLP.dbo.ProviderInstance,a97e2eb1-c959-4c26-8064-6961d76df731
05/11/2007,03929268,BRADFORD AREA PLAY ASSOCIATION,FALSE,null,27/03/2007,10000837,null,PUB.UKRLP.dbo.ProviderInstance,a97e2eb1-c959-4c26-8064-6961d76df731
21/09/2007,null,BRADFORD CATHEDRAL COMMUNITY COLLEGE,FALSE,null,29/07/2005,10000838,null,PUB.UKRLP.dbo.ProviderInstance,a97e2eb1-c959-4c26-8064-6961d76df731
null,00054940,WEST AND NORTH YORKSHIRE CHAMBER OF COMMERCE AND INDUSTRY,TRUE,null,17/07/2026,10000839,null,PUB.UKRLP.dbo.ProviderInstance,a97e2eb1-c959-4c26-8064-6961d76df731
null,null,BRADFORD COLLEGE,TRUE,null,21/07/2026,10000840,130532,PUB.UKRLP.dbo.ProviderInstance,a97e2eb1-c959-4c26-8064-6961d76df731
null,02635122,BRADFORD COMMUNITY ARTS LIMITED,TRUE,null,26/04/2026,10000841,null,PUB.UKRLP.dbo.ProviderInstance,a97e2eb1-c959-4c26-8064-6961d76df731
null,02896723,BRADFORD COMMUNITY BROADCASTING LIMITED,TRUE,null,23/06/2025,10000842,null,PUB.UKRLP.dbo.ProviderInstance,a97e2eb1-c959-4c26-8064-6961d76df731
06/05/2016,05191950,BDTS LIMITED,FALSE,Bradford Distributive Training Services & Christopher Paul Training,07/03/2016,10000843,null,PUB.UKRLP.dbo.ProviderInstance,a97e2eb1-c959-4c26-8064-6961d76df731
09/07/2007,03324790,BRADFORD ENVIRONMENTAL ACTION TRUST,FALSE,null,23/04/2007,10000844,null,PUB.UKRLP.dbo.ProviderInstance,a97e2eb1-c959-4c26-8064-6961d76df731
24/02/2014,null,BRADFORD GIRLS' GRAMMAR SCHOOL,FALSE,null,24/02/2014,10000845,107454,PUB.UKRLP.dbo.ProviderInstance,a97e2eb1-c959-4c26-8064-6961d76df731
null,null,BRADFORD GRAMMAR SCHOOL,TRUE,null,27/01/2026,10000846,107455,PUB.UKRLP.dbo.ProviderInstance,a97e2eb1-c959-4c26-8064-6961d76df731
null,01802460,BRADFORD RESOURCE CENTRE LIMITED,TRUE,null,26/04/2026,10000847,null,PUB.UKRLP.dbo.ProviderInstance,a97e2eb1-c959-4c26-8064-6961d76df731
null,01716035,APPRIS CHARITY LIMITED,TRUE,null,17/07/2026,10000848,null,PUB.UKRLP.dbo.ProviderInstance,a97e2eb1-c959-4c26-8064-6961d76df731
30/07/2009,04295240,BRADFORD VISION,FALSE,null,02/11/2007,10000849,null,PUB.UKRLP.dbo.ProviderInstance,a97e2eb1-c959-4c26-8064-6961d76df731
null,null,BRADFORD CITY COUNCIL,TRUE,City Of Bradford Metropolitan District Council,21/07/2026,10000850,null,PUB.UKRLP.dbo.ProviderInstance,a97e2eb1-c959-4c26-8064-6961d76df731
11/04/2019,null,BRAIM WOOD BOYS' HIGH SCHOOL,FALSE,null,29/07/2005,10000852,108077,PUB.UKRLP.dbo.ProviderInstance,a97e2eb1-c959-4c26-8064-6961d76df731
04/01/2010,null,BRAINTREE COLLEGE,FALSE,null,29/07/2005,10000853,null,PUB.UKRLP.dbo.ProviderInstance,a97e2eb1-c959-4c26-8064-6961d76df731
14/09/2009,null,BRAMCOTE HILLS SPORT AND COMMUNITY COLLEGE,FALSE,null,29/07/2005,10000854,null,PUB.UKRLP.dbo.ProviderInstance,a97e2eb1-c959-4c26-8064-6961d76df731
03/01/2012,null,DARLINGTON SCHOOL OF MATHS & SCIENCE,FALSE,null,04/07/2011,10000855,114321,PUB.UKRLP.dbo.ProviderInstance,a97e2eb1-c959-4c26-8064-6961d76df731
21/12/2010,null,BRANSTON COMMUNITY COLLEGE,FALSE,null,14/08/2006,10000856,120714,PUB.UKRLP.dbo.ProviderInstance,a97e2eb1-c959-4c26-8064-6961d76df731
14/12/2007,02866958,BRAUNSTONE MOTOR PROJECT LTD.,FALSE,null,27/03/2007,10000857,null,PUB.UKRLP.dbo.ProviderInstance,a97e2eb1-c959-4c26-8064-6961d76df731
12/11/2010,02904433,BRAY LEINO TRAINING FOR CHANGE LIMITED,FALSE,null,12/04/2007,10000858,null,PUB.UKRLP.dbo.ProviderInstance,a97e2eb1-c959-4c26-8064-6961d76df731
08/10/2013,04753935,BREAD MATTERS (CONTINUING) LIMITED,FALSE,null,28/07/2011,10000859,null,PUB.UKRLP.dbo.ProviderInstance,a97e2eb1-c959-4c26-8064-6961d76df731
null,01699685,BREAK,TRUE,Break Charity,21/12/2025,10000860,null,PUB.UKRLP.dbo.ProviderInstance,a97e2eb1-c959-4c26-8064-6961d76df731
14/02/2018,05263741,BREAKOUT (NORFOLK & SUFFOLK),FALSE,Breakout,30/11/2017,10000861,null,PUB.UKRLP.dbo.ProviderInstance,a97e2eb1-c959-4c26-8064-6961d76df731
25/05/2007,03156752,BREAKTHROUGH MANAGEMENT TRAINING LIMITED,FALSE,null,26/09/2006,10000862,null,PUB.UKRLP.dbo.ProviderInstance,a97e2eb1-c959-4c26-8064-6961d76df731
null,null,BRENT LONDON BOROUGH COUNCIL,TRUE,Brent Council,21/07/2026,10000863,null,PUB.UKRLP.dbo.ProviderInstance,a97e2eb1-c959-4c26-8064-6961d76df731
09/07/2007,03651245,BRENT MENCAP,FALSE,null,12/04/2007,10000864,null,PUB.UKRLP.dbo.ProviderInstance,a97e2eb1-c959-4c26-8064-6961d76df731
07/06/2006,null,BRENTFORD SCHOOL FOR GIRLS,FALSE,null,29/07/2005,10000865,null,PUB.UKRLP.dbo.ProviderInstance,a97e2eb1-c959-4c26-8064-6961d76df731
null,null,BRENTSIDE HIGH SCHOOL,TRUE,null,10/10/2025,10000866,101939,PUB.UKRLP.dbo.ProviderInstance,a97e2eb1-c959-4c26-8064-6961d76df731
02/06/2014,null,BRENTWOOD COUNTY HIGH SCHOOL,FALSE,null,20/03/2014,10000867,115375,PUB.UKRLP.dbo.ProviderInstance,a97e2eb1-c959-4c26-8064-6961d76df731
null,03965895,BRENTWOOD PARK SKI AND SNOWBOARD CENTRE LIMITED,TRUE,null,30/12/2025,10000868,null,PUB.UKRLP.dbo.ProviderInstance,a97e2eb1-c959-4c26-8064-6961d76df731
30/08/2009,null,BRENTWOOD URSULINE CONVENT HIGH SCHOOL,FALSE,null,29/07/2005,10000869,null,PUB.UKRLP.dbo.ProviderInstance,a97e2eb1-c959-4c26-8064-6961d76df731
12/03/2008,null,BRETTON WOODS COMMUNITY SCHOOL,FALSE,null,29/07/2005,10000870,null,PUB.UKRLP.dbo.ProviderInstance,a97e2eb1-c959-4c26-8064-6961d76df731
14/10/2009,NI033426,BRIDGE COMMUNITY ASSOCIATION - THE,FALSE,null,14/10/2009,10000871,null,PUB.UKRLP.dbo.ProviderInstance,a97e2eb1-c959-4c26-8064-6961d76df731
null,null,BRIDGE COLLEGE,TRUE,null,15/04/2026,10000872,134143,PUB.UKRLP.dbo.ProviderInstance,a97e2eb1-c959-4c26-8064-6961d76df731
null,03135093,THE BRIDGE THEATRE TRAINING COMPANY,TRUE,null,11/03/2026,10000873,null,PUB.UKRLP.dbo.ProviderInstance,a97e2eb1-c959-4c26-8064-6961d76df731
null,04416724,BRIDGE TRAINING LIMITED,TRUE,null,18/01/2026,10000874,null,PUB.UKRLP.dbo.ProviderInstance,a97e2eb1-c959-4c26-8064-6961d76df731
18/10/2011,null,BRIDGEMARY SCHOOL,FALSE,null,06/09/2011,10000875,116471,PUB.UKRLP.dbo.ProviderInstance,a97e2eb1-c959-4c26-8064-6961d76df731
15/12/2014,null,BRIDGEWATER HIGH SCHOOL,FALSE,null,23/09/2014,10000876,111447,PUB.UKRLP.dbo.ProviderInstance,a97e2eb1-c959-4c26-8064-6961d76df731
11/04/2019,null,BRIDGNORTH ENDOWED SCHOOL,FALSE,null,29/07/2005,10000877,123586,PUB.UKRLP.dbo.ProviderInstance,a97e2eb1-c959-4c26-8064-6961d76df731
null,null,UNIVERSITY CENTRE SOMERSET COLLEGE GROUP,TRUE,null,21/07/2026,10000878,130803,PUB.UKRLP.dbo.ProviderInstance,a97e2eb1-c959-4c26-8064-6961d76df731
null,null,BRIDLINGTON SCHOOL,TRUE,null,21/03/2026,10000879,118111,PUB.UKRLP.dbo.ProviderInstance,a97e2eb1-c959-4c26-8064-6961d76df731
05/04/2011,null,BRIGHOUSE HIGH SCHOOL,FALSE,null,29/07/2005,10000880,107580,PUB.UKRLP.dbo.ProviderInstance,a97e2eb1-c959-4c26-8064-6961d76df731
null,04500721,BRIGHOUSE MOTORCYCLE TRAINING CENTRE LIMITED,TRUE,null,11/03/2026,10000881,null,PUB.UKRLP.dbo.ProviderInstance,a97e2eb1-c959-4c26-8064-6961d76df731
null,00081077,"BRIGHTON AND HOVE ALBION FOOTBALL CLUB,LIMITED(THE)",TRUE,Brighton & Hove Albion Football Club,05/12/2025,10000882,null,PUB.UKRLP.dbo.ProviderInstance,a97e2eb1-c959-4c26-8064-6961d76df731
null,null,BRIGHTON & HOVE CITY COUNCIL,TRUE,null,21/07/2026,10000883,null,PUB.UKRLP.dbo.ProviderInstance,a97e2eb1-c959-4c26-8064-6961d76df731
06/11/2007,05300917,BRIGHTON BODY POSITIVE,FALSE,null,12/04/2007,10000884,null,PUB.UKRLP.dbo.ProviderInstance,a97e2eb1-c959-4c26-8064-6961d76df731
12/05/2008,04535246,BRIGHTON INTERNATIONAL BUSINESS SCHOOL LIMITED,FALSE,null,27/03/2007,10000885,null,PUB.UKRLP.dbo.ProviderInstance,a97e2eb1-c959-4c26-8064-6961d76df731
null,null,UNIVERSITY OF BRIGHTON,TRUE,null,14/02/2018,10000886,133796,PUB.UKRLP.dbo.ProviderInstance,a97e2eb1-c959-4c26-8064-6961d76df731
null,null,BRIGHTON HOVE AND SUSSEX SIXTH FORM COLLEGE,TRUE,null,10/10/2025,10000887,130669,PUB.UKRLP.dbo.ProviderInstance,a97e2eb1-c959-4c26-8064-6961d76df731
06/09/2016,null,BRIGSHAW HIGH SCHOOL AND LANGUAGE COLLEGE,FALSE,null,31/08/2016,10000888,108090,PUB.UKRLP.dbo.ProviderInstance,a97e2eb1-c959-4c26-8064-6961d76df731
null,null,BRIMSHAM GREEN SCHOOL,TRUE,null,10/10/2025,10000889,109319,PUB.UKRLP.dbo.ProviderInstance,a97e2eb1-c959-4c26-8064-6961d76df731
17/12/2010,null,BRINSWORTH COMPREHENSIVE SCHOOL,FALSE,null,29/07/2005,10000890,106960,PUB.UKRLP.dbo.ProviderInstance,a97e2eb1-c959-4c26-8064-6961d76df731
22/04/2009,03799471,JMC TRAINING LIMITED,FALSE,null,01/11/2007,10000891,null,PUB.UKRLP.dbo.ProviderInstance,a97e2eb1-c959-4c26-8064-6961d76df731
24/11/2011,00034239,BRINTONS LIMITED,FALSE,null,24/11/2011,10000892,null,PUB.UKRLP.dbo.ProviderInstance,a97e2eb1-c959-4c26-8064-6961d76df731
16/02/2015,null,BRISLINGTON ENTERPRISE COLLEGE,FALSE,null,29/12/2014,10000893,109280,PUB.UKRLP.dbo.ProviderInstance,a97e2eb1-c959-4c26-8064-6961d76df731
null,04279352,BRISTOL BAPTIST COLLEGE,TRUE,null,01/05/2025,10000894,null,PUB.UKRLP.dbo.ProviderInstance,a97e2eb1-c959-4c26-8064-6961d76df731
18/11/2011,04826888,BRISTOL CATHEDRAL SCHOOL,FALSE,null,27/10/2008,10000895,null,PUB.UKRLP.dbo.ProviderInstance,a97e2eb1-c959-4c26-8064-6961d76df731
null,null,BRISTOL CITY COUNCIL,TRUE,null,21/07/2026,10000896,null,PUB.UKRLP.dbo.ProviderInstance,a97e2eb1-c959-4c26-8064-6961d76df731
19/12/2023,03404836,BRISTOL FOLK HOUSE CO-OPERATIVE LTD,FALSE,null,05/09/2023,10000897,null,PUB.UKRLP.dbo.ProviderInstance,a97e2eb1-c959-4c26-8064-6961d76df731
null,05142007,BRISTOL GRAMMAR SCHOOL,TRUE,null,12/10/2025,10000898,109369,PUB.UKRLP.dbo.ProviderInstance,a97e2eb1-c959-4c26-8064-6961d76df731
null,02494060,BRISTOL MANAGEMENT CENTRE LIMITED,TRUE,null,21/01/2026,10000899,null,PUB.UKRLP.dbo.ProviderInstance,a97e2eb1-c959-4c26-8064-6961d76df731
null,02430025,BRISTOL OLD VIC THEATRE SCHOOL LIMITED,TRUE,Bristol Old Vic Theatre School,26/10/2024,10000900,null,PUB.UKRLP.dbo.ProviderInstance,a97e2eb1-c959-4c26-8064-6961d76df731
29/03/2021,03941834,BRISTOL SCHOOL OF HOLISTIC THERAPIES LTD,FALSE,Bristol School of Holistic Therapies,02/03/2021,10000901,null,PUB.UKRLP.dbo.ProviderInstance,a97e2eb1-c959-4c26-8064-6961d76df731
16/07/2025,04118158,PG SHIATSU TRAININGS LTD,FALSE,null,17/04/2023,10000902,null,PUB.UKRLP.dbo.ProviderInstance,a97e2eb1-c959-4c26-8064-6961d76df731
24/04/2019,03533410,BRITANNIA SAILING LIMITED,FALSE,null,12/02/2019,10000903,null,PUB.UKRLP.dbo.ProviderInstance,a97e2eb1-c959-4c26-8064-6961d76df731
17/12/2009,04181275,BRITANNIA I.T. SOLUTIONS LTD,FALSE,Britannia IT Training Academy,02/11/2007,10000904,null,PUB.UKRLP.dbo.ProviderInstance,a97e2eb1-c959-4c26-8064-6961d76df731
12/03/2010,02989848,KNIGHT MANAGEMENT LIMITED,FALSE,British Academy Of Reiki,12/04/2007,10000905,null,PUB.UKRLP.dbo.ProviderInstance,a97e2eb1-c959-4c26-8064-6961d76df731
null,04974349,THE BRITISH ALPINE SKI SCHOOL (MORZINE) LIMITED,TRUE,British Alpine Ski And Snowboard School (Bass),27/03/2026,10000906,null,PUB.UKRLP.dbo.ProviderInstance,a97e2eb1-c959-4c26-8064-6961d76df731
null,03407696,BRITISH AMERICAN TOBACCO P.L.C.,TRUE,null,30/12/2025,10000907,null,PUB.UKRLP.dbo.ProviderInstance,a97e2eb1-c959-4c26-8064-6961d76df731
08/02/2023,02375001,B A P C,FALSE,null,25/12/2022,10000908,null,PUB.UKRLP.dbo.ProviderInstance,a97e2eb1-c959-4c26-8064-6961d76df731
18/04/2017,00241018,BRITISH BAKERIES LIMITED,FALSE,null,09/01/2017,10000909,null,PUB.UKRLP.dbo.ProviderInstance,a97e2eb1-c959-4c26-8064-6961d76df731
19/07/2011,04722237,THE BRITISH COLLEGE OF COLON HYDROTHERAPY LIMITED,FALSE,null,14/08/2009,10000910,null,PUB.UKRLP.dbo.ProviderInstance,a97e2eb1-c959-4c26-8064-6961d76df731
null,00562119,BCNO LIMITED,TRUE,British College Of Osteopathic Medicine,01/09/2025,10000911,null,PUB.UKRLP.dbo.ProviderInstance,a97e2eb1-c959-4c26-8064-6961d76df731
null,03485785,THE BRITISH DEER SOCIETY,TRUE,null,30/12/2025,10000912,null,PUB.UKRLP.dbo.ProviderInstance,a97e2eb1-c959-4c26-8064-6961d76df731
null,null,THE BRITISH FILM INSTITUTE,TRUE,null,22/01/2019,10000913,null,PUB.UKRLP.dbo.ProviderInstance,a97e2eb1-c959-4c26-8064-6961d76df731
15/01/2007,05266924,BRITISH GAS LIMITED,FALSE,null,26/09/2006,10000914,null,PUB.UKRLP.dbo.ProviderInstance,a97e2eb1-c959-4c26-8064-6961d76df731
null,03141243,BRITISH GAS SERVICES LIMITED,TRUE,null,11/03/2026,10000915,null,PUB.UKRLP.dbo.ProviderInstance,a97e2eb1-c959-4c26-8064-6961d76df731
null,00734396,SAINT-GOBAIN CONSTRUCTION PRODUCTS UK LIMITED,TRUE,null,15/07/2021,10000916,null,PUB.UKRLP.dbo.ProviderInstance,a97e2eb1-c959-4c26-8064-6961d76df731
null,00130649,BRITISH HOROLOGICAL INSTITUTE LIMITED(THE),TRUE,null,20/02/2025,10000917,null,PUB.UKRLP.dbo.ProviderInstance,a97e2eb1-c959-4c26-8064-6961d76df731
null,02750920,INSTITUTE OF WORKPLACE,TRUE,null,10/01/2023,10000918,null,PUB.UKRLP.dbo.ProviderInstance,a97e2eb1-c959-4c26-8064-6961d76df731
null,02804429,BRITISH INSTITUTE OF LEARNING DISABILITIES,TRUE,null,18/08/2024,10000919,null,PUB.UKRLP.dbo.ProviderInstance,a97e2eb1-c959-4c26-8064-6961d76df731
null,04293041,BRITISH INSTITUTE OF TECHNOLOGY LTD,TRUE,null,11/03/2026,10000920,null,PUB.UKRLP.dbo.ProviderInstance,a97e2eb1-c959-4c26-8064-6961d76df731
null,00391973,BRITISH INTERNATIONAL FREIGHT ASSOCIATION,TRUE,null,30/12/2025,10000921,null,PUB.UKRLP.dbo.ProviderInstance,a97e2eb1-c959-4c26-8064-6961d76df731
null,00069391,BRITISH ALLIED TRADES FEDERATION,TRUE,null,30/12/2025,10000922,null,PUB.UKRLP.dbo.ProviderInstance,a97e2eb1-c959-4c26-8064-6961d76df731
null,null,THE BRITISH KODALY ACADEMY,TRUE,null,22/01/2019,10000923,null,PUB.UKRLP.dbo.ProviderInstance,a97e2eb1-c959-4c26-8064-6961d76df731
02/11/2006,05027024,BRITISH NUCLEAR FUELS PLC,FALSE,null,29/07/2005,10000924,null,PUB.UKRLP.dbo.ProviderInstance,a97e2eb1-c959-4c26-8064-6961d76df731
11/12/2007,00875429,BRITISH PARACHUTE ASSOCIATION LIMITED,FALSE,null,12/04/2007,10000925,null,PUB.UKRLP.dbo.ProviderInstance,a97e2eb1-c959-4c26-8064-6961d76df731
null,01751995,BRITISH PARACHUTE SCHOOLS LIMITED,TRUE,null,30/12/2025,10000926,null,PUB.UKRLP.dbo.ProviderInstance,a97e2eb1-c959-4c26-8064-6961d76df731
null,01641661,BRITISH PEST CONTROL ASSOCIATION,TRUE,null,02/09/2025,10000927,null,PUB.UKRLP.dbo.ProviderInstance,a97e2eb1-c959-4c26-8064-6961d76df731
11/12/2007,00282883,BRITISH PLASTICS FEDERATION(THE),FALSE,null,12/04/2007,10000928,null,PUB.UKRLP.dbo.ProviderInstance,a97e2eb1-c959-4c26-8064-6961d76df731
null,04340242,BRITISH PRINTING INDUSTRIES FEDERATION LTD,TRUE,British Printing Industries Federation,14/09/2024,10000929,null,PUB.UKRLP.dbo.ProviderInstance,a97e2eb1-c959-4c26-8064-6961d76df731
null,02770257,THE BRITISH QUALITY FOUNDATION,TRUE,null,30/03/2022,10000930,null,PUB.UKRLP.dbo.ProviderInstance,a97e2eb1-c959-4c26-8064-6961d76df731
27/10/2016,null,THE APPRENTICE SCHOOL CHARITABLE TRUST,FALSE,British Racing School,27/04/2016,10000931,null,PUB.UKRLP.dbo.ProviderInstance,a97e2eb1-c959-4c26-8064-6961d76df731
null,RC000070,BRITISH RED CROSS SOCIETY,TRUE,null,14/06/2017,10000932,null,PUB.UKRLP.dbo.ProviderInstance,a97e2eb1-c959-4c26-8064-6961d76df731
06/11/2006,RC000070,BRITISH RED CROSS SOCIETY-D,FALSE,null,29/07/2005,10000933,null,PUB.UKRLP.dbo.ProviderInstance,a97e2eb1-c959-4c26-8064-6961d76df731
29/01/2009,04449001,BRITISH SAFETY COUNCIL,FALSE,null,12/04/2007,10000934,null,PUB.UKRLP.dbo.ProviderInstance,a97e2eb1-c959-4c26-8064-6961d76df731
19/07/2011,00291902,PARALLEL REALISATIONS 1 LIMITED,FALSE,null,19/07/2011,10000935,null,PUB.UKRLP.dbo.ProviderInstance,a97e2eb1-c959-4c26-8064-6961d76df731
null,00146343,UNIVERSITY COLLEGE OF OSTEOPATHY (THE),TRUE,null,20/02/2018,10000936,null,PUB.UKRLP.dbo.ProviderInstance,a97e2eb1-c959-4c26-8064-6961d76df731
null,02154580,THE BRITISH SOCIETY OF DOWSERS,TRUE,null,10/05/2024,10000937,null,PUB.UKRLP.dbo.ProviderInstance,a97e2eb1-c959-4c26-8064-6961d76df731
11/12/2007,04297778,THE BRITISH STAMMERING ASSOCIATION,FALSE,null,12/04/2007,10000938,null,PUB.UKRLP.dbo.ProviderInstance,a97e2eb1-c959-4c26-8064-6961d76df731
06/08/2024,02749354,CTH TRAINING LIMITED,FALSE,West London College,01/04/2024,10000939,null,PUB.UKRLP.dbo.ProviderInstance,a97e2eb1-c959-4c26-8064-6961d76df731
06/12/2021,null,"BROADGREEN INTERNATIONAL SCHOOL, A TECHNOLOGY COLLEGE",FALSE,null,03/11/2021,10000940,104696,PUB.UKRLP.dbo.ProviderInstance,a97e2eb1-c959-4c26-8064-6961d76df731
null,null,BROADLAND DISTRICT COUNCIL,TRUE,Apprenticeships Broadland,21/07/2026,10000941,null,PUB.UKRLP.dbo.ProviderInstance,a97e2eb1-c959-4c26-8064-6961d76df731
null,01299109,BROADWAY HOMELESSNESS AND SUPPORT,TRUE,null,02/10/2025,10000942,null,PUB.UKRLP.dbo.ProviderInstance,a97e2eb1-c959-4c26-8064-6961d76df731
07/06/2006,null,BROADWAY SCHOOL,FALSE,null,29/07/2005,10000943,null,PUB.UKRLP.dbo.ProviderInstance,a97e2eb1-c959-4c26-8064-6961d76df731
null,null,BROCKENHURST COLLEGE,TRUE,null,10/10/2025,10000944,130690,PUB.UKRLP.dbo.ProviderInstance,a97e2eb1-c959-4c26-8064-6961d76df731
02/09/2011,null,BROCKHILL PARK PERFORMING ARTS COLLEGE,FALSE,null,13/12/2006,10000945,118830,PUB.UKRLP.dbo.ProviderInstance,a97e2eb1-c959-4c26-8064-6961d76df731
03/01/2012,null,BROCKWORTH ENTERPRISE SCHOOL,FALSE,null,11/08/2006,10000946,115725,PUB.UKRLP.dbo.ProviderInstance,a97e2eb1-c959-4c26-8064-6961d76df731
null,02942840,THE BROMLEY BY BOW CENTRE,TRUE,null,06/01/2026,10000947,null,PUB.UKRLP.dbo.ProviderInstance,a97e2eb1-c959-4c26-8064-6961d76df731
null,null,LONDON SOUTH EAST COLLEGES,TRUE,null,21/07/2026,10000948,130430,PUB.UKRLP.dbo.ProviderInstance,a97e2eb1-c959-4c26-8064-6961d76df731
06/04/2011,null,BROOKFIELD COMMUNITY SCHOOL,FALSE,null,27/11/2006,10000949,112962,PUB.UKRLP.dbo.ProviderInstance,a97e2eb1-c959-4c26-8064-6961d76df731
null,null,BROOKLANDS COLLEGE,TRUE,Brooklands Technical College,21/07/2026,10000950,130825,PUB.UKRLP.dbo.ProviderInstance,a97e2eb1-c959-4c26-8064-6961d76df731
30/07/2009,04861499,BROOKS BUSINESS SERVICES LTD,FALSE,null,12/04/2007,10000951,null,PUB.UKRLP.dbo.ProviderInstance,a97e2eb1-c959-4c26-8064-6961d76df731
12/09/2025,null,THE SMB GROUP,FALSE,null,26/07/2025,10000952,130754,PUB.UKRLP.dbo.ProviderInstance,a97e2eb1-c959-4c26-8064-6961d76df731
16/07/2025,02693400,AZETS (B&A) LIMITED,FALSE,null,18/12/2024,10000953,null,PUB.UKRLP.dbo.ProviderInstance,a97e2eb1-c959-4c26-8064-6961d76df731
null,null,LAUREL PARK SCHOOL,TRUE,null,10/10/2025,10000954,102056,PUB.UKRLP.dbo.ProviderInstance,a97e2eb1-c959-4c26-8064-6961d76df731
null,null,BROUGHTON HALL CATHOLIC HIGH SCHOOL,TRUE,null,27/01/2026,10000955,104713,PUB.UKRLP.dbo.ProviderInstance,a97e2eb1-c959-4c26-8064-6961d76df731
null,03181629,BROWNHILLS COMMUNITY ASSOCIATION LIMITED,TRUE,null,23/12/2025,10000956,null,PUB.UKRLP.dbo.ProviderInstance,a97e2eb1-c959-4c26-8064-6961d76df731
07/04/2020,null,BROWNHILLS SCHOOL,FALSE,null,24/01/2020,10000957,104248,PUB.UKRLP.dbo.ProviderInstance,a97e2eb1-c959-4c26-8064-6961d76df731
05/09/2006,04645741,BRUCE CAM MARINE SERVICES LIMITED,FALSE,null,29/07/2005,10000959,null,PUB.UKRLP.dbo.ProviderInstance,a97e2eb1-c959-4c26-8064-6961d76df731
02/09/2010,01398131,BRUNEL & GORDANO TRAINING GROUP LIMITED,FALSE,null,19/05/2008,10000960,null,PUB.UKRLP.dbo.ProviderInstance,a97e2eb1-c959-4c26-8064-6961d76df731
null,RC000079,BRUNEL UNIVERSITY LONDON,TRUE,null,10/01/2018,10000961,133897,PUB.UKRLP.dbo.ProviderInstance,a97e2eb1-c959-4c26-8064-6961d76df731
15/09/2015,null,BRUNTCLIFFE SCHOOL,FALSE,null,11/07/2015,10000962,108086,PUB.UKRLP.dbo.ProviderInstance,a97e2eb1-c959-4c26-8064-6961d76df731
11/04/2019,null,THE BRUNTS SCHOOL,FALSE,null,29/07/2005,10000963,133266,PUB.UKRLP.dbo.ProviderInstance,a97e2eb1-c959-4c26-8064-6961d76df731
11/11/2022,04094352,BRUTON SCHOOL FOR GIRLS,FALSE,null,17/08/2022,10000964,123904,PUB.UKRLP.dbo.ProviderInstance,a97e2eb1-c959-4c26-8064-6961d76df731
02/09/2010,OC300010,SYMMONS MADGE ASSOCIATES LLP,FALSE,null,12/04/2007,10000965,null,PUB.UKRLP.dbo.ProviderInstance,a97e2eb1-c959-4c26-8064-6961d76df731
null,00226143,BRYANSTON SCHOOL,TRUE,null,07/02/2025,10000966,113910,PUB.UKRLP.dbo.ProviderInstance,a97e2eb1-c959-4c26-8064-6961d76df731
01/10/2013,null,BRYMORE SCHOOL,FALSE,null,29/07/2005,10000967,123903,PUB.UKRLP.dbo.ProviderInstance,a97e2eb1-c959-4c26-8064-6961d76df731
15/03/2012,02784707,BS SECRETARIAL TRAINING & COMPUTER SALES LIMITED,FALSE,null,28/11/2011,10000968,null,PUB.UKRLP.dbo.ProviderInstance,a97e2eb1-c959-4c26-8064-6961d76df731
null,04731525,BSUPPLIED LIMITED,TRUE,null,29/09/2024,10000969,null,PUB.UKRLP.dbo.ProviderInstance,a97e2eb1-c959-4c26-8064-6961d76df731
null,03819919,BSY GROUP LIMITED,TRUE,BSY Group,26/06/2024,10000970,null,PUB.UKRLP.dbo.ProviderInstance,a97e2eb1-c959-4c26-8064-6961d76df731
26/11/2018,02791431,VARYABILITY LIMITED,FALSE,null,08/11/2018,10000971,null,PUB.UKRLP.dbo.ProviderInstance,a97e2eb1-c959-4c26-8064-6961d76df731
null,00976410,THE CONSERVATION VOLUNTEERS,TRUE,TCV,30/09/2024,10000972,null,PUB.UKRLP.dbo.ProviderInstance,a97e2eb1-c959-4c26-8064-6961d76df731
null,null,BUCKINGHAM SCHOOL,TRUE,null,10/10/2025,10000974,110484,PUB.UKRLP.dbo.ProviderInstance,a97e2eb1-c959-4c26-8064-6961d76df731
null,null,BUCKINGHAMSHIRE NEW UNIVERSITY,TRUE,null,21/07/2026,10000975,133823,PUB.UKRLP.dbo.ProviderInstance,a97e2eb1-c959-4c26-8064-6961d76df731
null,null,BUCKINGHAMSHIRE COUNCIL,TRUE,null,21/07/2026,10000976,null,PUB.UKRLP.dbo.ProviderInstance,a97e2eb1-c959-4c26-8064-6961d76df731
null,01181241,BUCKMINSTER GLIDING CLUB LIMITED,TRUE,null,02/09/2025,10000977,null,PUB.UKRLP.dbo.ProviderInstance,a97e2eb1-c959-4c26-8064-6961d76df731
09/05/2008,04770371,LEARNING 4 LIFE LIMITED,FALSE,null,12/04/2007,10000978,null,PUB.UKRLP.dbo.ProviderInstance,a97e2eb1-c959-4c26-8064-6961d76df731
null,null,BUDEHAVEN COMMUNITY SCHOOL,TRUE,null,10/10/2025,10000979,112045,PUB.UKRLP.dbo.ProviderInstance,a97e2eb1-c959-4c26-8064-6961d76df731
18/09/2019,null,BUDMOUTH COLLEGE,FALSE,null,18/07/2019,10000980,113902,PUB.UKRLP.dbo.ProviderInstance,a97e2eb1-c959-4c26-8064-6961d76df731
21/08/2012,03867833,THE BUDSHEAD TRUST,FALSE,null,21/08/2012,10000981,null,PUB.UKRLP.dbo.ProviderInstance,a97e2eb1-c959-4c26-8064-6961d76df731
null,05090488,BUILDER TRAINING CENTRES LIMITED,TRUE,The Builder Training Centre,10/03/2026,10000982,null,PUB.UKRLP.dbo.ProviderInstance,a97e2eb1-c959-4c26-8064-6961d76df731
null,IP031516,BUILDERS MERCHANTS FEDERATION LIMITED,TRUE,null,02/11/2017,10000983,null,PUB.UKRLP.dbo.ProviderInstance,a97e2eb1-c959-4c26-8064-6961d76df731
null,02793967,BUILDING ENGINEERING SERVICES TRAINING LIMITED,TRUE,BEST,11/03/2026,10000984,null,PUB.UKRLP.dbo.ProviderInstance,a97e2eb1-c959-4c26-8064-6961d76df731
13/11/2017,04202349,YOUNG BUILDERS TRUST BUILDING FUTURES(UK) LTD,FALSE,null,05/09/2017,10000985,null,PUB.UKRLP.dbo.ProviderInstance,a97e2eb1-c959-4c26-8064-6961d76df731
04/03/2011,04344406,CONNAUGHT ACADEMY LIMITED,FALSE,null,15/10/2009,10000986,null,PUB.UKRLP.dbo.ProviderInstance,a97e2eb1-c959-4c26-8064-6961d76df731
24/11/2011,04932872,THE BUILDING SKILLS CENTRE LTD,FALSE,null,24/11/2011,10000987,null,PUB.UKRLP.dbo.ProviderInstance,a97e2eb1-c959-4c26-8064-6961d76df731
20/04/2016,03051232,THE BUILT ENVIRONMENT EDUCATION TRUST LIMITED,FALSE,null,16/02/2016,10000988,null,PUB.UKRLP.dbo.ProviderInstance,a97e2eb1-c959-4c26-8064-6961d76df731
05/05/2011,null,BULLERS WOOD SCHOOL,FALSE,null,29/07/2005,10000989,101666,PUB.UKRLP.dbo.ProviderInstance,a97e2eb1-c959-4c26-8064-6961d76df731
10/08/2011,null,BUNGAY HIGH SCHOOL,FALSE,null,29/07/2005,10000990,124835,PUB.UKRLP.dbo.ProviderInstance,a97e2eb1-c959-4c26-8064-6961d76df731
11/04/2019,null,BURFORD SCHOOL AND COMMUNITY COLLEGE,FALSE,null,29/07/2005,10000991,123235,PUB.UKRLP.dbo.ProviderInstance,a97e2eb1-c959-4c26-8064-6961d76df731
09/05/2011,null,THE BURGATE SCHOOL AND SIXTH FORM CENTRE,FALSE,null,29/07/2005,10000992,116494,PUB.UKRLP.dbo.ProviderInstance,a97e2eb1-c959-4c26-8064-6961d76df731
null,00289787,BURGESS HILL GIRLS,TRUE,null,20/03/2026,10000993,126134,PUB.UKRLP.dbo.ProviderInstance,a97e2eb1-c959-4c26-8064-6961d76df731
null,02328159,MARTINEX LIMITED,TRUE,Burleigh College,05/12/2025,10000994,null,PUB.UKRLP.dbo.ProviderInstance,a97e2eb1-c959-4c26-8064-6961d76df731
01/04/2015,null,CHARNWOOD COLLEGE (UPPER),FALSE,null,29/03/2015,10000995,120236,PUB.UKRLP.dbo.ProviderInstance,a97e2eb1-c959-4c26-8064-6961d76df731
17/12/2009,03745563,BURN THE FLOOR LIMITED,FALSE,null,12/04/2007,10000996,null,PUB.UKRLP.dbo.ProviderInstance,a97e2eb1-c959-4c26-8064-6961d76df731
11/04/2019,null,BURNHAM GRAMMAR SCHOOL,FALSE,null,29/07/2005,10000997,110493,PUB.UKRLP.dbo.ProviderInstance,a97e2eb1-c959-4c26-8064-6961d76df731
04/04/2012,null,BURNHAM UPPER SCHOOL,FALSE,null,29/07/2005,10000998,110501,PUB.UKRLP.dbo.ProviderInstance,a97e2eb1-c959-4c26-8064-6961d76df731
null,null,BURNLEY BOROUGH COUNCIL,TRUE,null,21/07/2026,10000999,null,PUB.UKRLP.dbo.ProviderInstance,a97e2eb1-c959-4c26-8064-6961d76df731
null,null,BURNLEY COLLEGE,TRUE,null,21/07/2026,10001000,130735,PUB.UKRLP.dbo.ProviderInstance,a97e2eb1-c959-4c26-8064-6961d76df731
11/04/2019,null,BURNLEY HABERGHAM HIGH SCHOOL,FALSE,null,29/07/2005,10001001,119776,PUB.UKRLP.dbo.ProviderInstance,a97e2eb1-c959-4c26-8064-6961d76df731
06/12/2006,null,BURNTWOOD SCHOOL,FALSE,null,29/07/2005,10001002,null,PUB.UKRLP.dbo.ProviderInstance,a97e2eb1-c959-4c26-8064-6961d76df731
22/04/2024,null,THE BURTON BOROUGH SCHOOL,FALSE,null,20/03/2024,10001003,123574,PUB.UKRLP.dbo.ProviderInstance,a97e2eb1-c959-4c26-8064-6961d76df731
null,null,BURTON AND SOUTH DERBYSHIRE COLLEGE,TRUE,null,21/07/2026,10001004,130809,PUB.UKRLP.dbo.ProviderInstance,a97e2eb1-c959-4c26-8064-6961d76df731
null,null,BURY COLLEGE,TRUE,null,21/07/2026,10001005,130498,PUB.UKRLP.dbo.ProviderInstance,a97e2eb1-c959-4c26-8064-6961d76df731
null,04389886,BURY HILL FISHERIES LIMITED,TRUE,null,30/12/2025,10001006,null,PUB.UKRLP.dbo.ProviderInstance,a97e2eb1-c959-4c26-8064-6961d76df731
null,03454480,THE BURY LANGUAGE SCHOOL LIMITED,TRUE,null,20/08/2023,10001007,null,PUB.UKRLP.dbo.ProviderInstance,a97e2eb1-c959-4c26-8064-6961d76df731
null,null,BURY METROPOLITAN BOROUGH COUNCIL,TRUE,Bury Adult Learning Service,21/07/2026,10001008,null,PUB.UKRLP.dbo.ProviderInstance,a97e2eb1-c959-4c26-8064-6961d76df731
14/09/2009,null,BUSHEY HALL SCHOOL,FALSE,null,22/12/2006,10001009,null,PUB.UKRLP.dbo.ProviderInstance,a97e2eb1-c959-4c26-8064-6961d76df731
01/02/2012,null,BUSHEY MEADS SCHOOL,FALSE,null,22/12/2006,10001010,117580,PUB.UKRLP.dbo.ProviderInstance,a97e2eb1-c959-4c26-8064-6961d76df731
14/09/2009,null,BUSHFIELD COMMUNITY COLLEGE,FALSE,null,29/07/2005,10001011,null,PUB.UKRLP.dbo.ProviderInstance,a97e2eb1-c959-4c26-8064-6961d76df731
06/07/2012,04054186,THE BUSINESS & ADVISORY SERVICES GROUP LIMITED,FALSE,null,29/11/2011,10001012,null,PUB.UKRLP.dbo.ProviderInstance,a97e2eb1-c959-4c26-8064-6961d76df731
null,04109488,THINK EMPLOYMENT LIMITED,TRUE,null,10/03/2026,10001013,null,PUB.UKRLP.dbo.ProviderInstance,a97e2eb1-c959-4c26-8064-6961d76df731
21/02/2020,05484609,BUSINESS ADVISORY AND TRAINING SERVICES LIMITED,FALSE,null,30/11/2019,10001014,null,PUB.UKRLP.dbo.ProviderInstance,a97e2eb1-c959-4c26-8064-6961d76df731
12/03/2018,03715032,BUSINESS BOFFINS LIMITED,FALSE,null,02/02/2018,10001015,null,PUB.UKRLP.dbo.ProviderInstance,a97e2eb1-c959-4c26-8064-6961d76df731
null,02268665,REALISE WORKING FUTURES LIMITED,TRUE,null,04/08/2023,10001016,null,PUB.UKRLP.dbo.ProviderInstance,a97e2eb1-c959-4c26-8064-6961d76df731
null,03476735,BUSINESS ENTERPRISE SUPPORT LIMITED,TRUE,null,02/09/2025,10001017,null,PUB.UKRLP.dbo.ProviderInstance,a97e2eb1-c959-4c26-8064-6961d76df731
20/03/2007,04279259,BUSINESS FOCUS LIMITED,FALSE,null,27/09/2006,10001018,null,PUB.UKRLP.dbo.ProviderInstance,a97e2eb1-c959-4c26-8064-6961d76df731
13/03/2012,03515576,BUSINESS FOR PEOPLE LIMITED,FALSE,null,30/06/2011,10001019,null,PUB.UKRLP.dbo.ProviderInstance,a97e2eb1-c959-4c26-8064-6961d76df731
16/01/2008,SC229478,BUSINESS GATEWAY WEST LOTHIAN LIMITED,FALSE,null,13/04/2007,10001020,null,PUB.UKRLP.dbo.ProviderInstance,a97e2eb1-c959-4c26-8064-6961d76df731
02/11/2006,04388226,BUSINESS IMPROVEMENT SERVICES LIMITED,FALSE,null,29/07/2005,10001021,null,PUB.UKRLP.dbo.ProviderInstance,a97e2eb1-c959-4c26-8064-6961d76df731
null,02553654,BUSINESS IN FOCUS LIMITED,TRUE,null,29/09/2024,10001022,null,PUB.UKRLP.dbo.ProviderInstance,a97e2eb1-c959-4c26-8064-6961d76df731
17/12/2009,04392034,BUSINESS IN PRISONS,FALSE,null,11/08/2009,10001023,null,PUB.UKRLP.dbo.ProviderInstance,a97e2eb1-c959-4c26-8064-6961d76df731
null,01619253,BUSINESS IN THE COMMUNITY,TRUE,null,26/04/2026,10001024,null,PUB.UKRLP.dbo.ProviderInstance,a97e2eb1-c959-4c26-8064-6961d76df731
03/04/2007,04281320,B.I. TRAINING LIMITED,FALSE,Business Insight,27/03/2007,10001025,null,PUB.UKRLP.dbo.ProviderInstance,a97e2eb1-c959-4c26-8064-6961d76df731
06/11/2007,03976654,BUSINESS INTERACTIONS (UK) LIMITED,FALSE,null,13/04/2007,10001026,null,PUB.UKRLP.dbo.ProviderInstance,a97e2eb1-c959-4c26-8064-6961d76df731
null,02861501,BUSINESS LANGUAGE SERVICES LIMITED,TRUE,null,27/03/2026,10001027,null,PUB.UKRLP.dbo.ProviderInstance,a97e2eb1-c959-4c26-8064-6961d76df731
18/07/2023,03000723,BUSINESS SUPPORT KENT COMMUNITY INTEREST COMPANY,FALSE,null,25/04/2023,10001028,null,PUB.UKRLP.dbo.ProviderInstance,a97e2eb1-c959-4c26-8064-6961d76df731
09/10/2009,02522301,BUSINESS LINK DEVON & CORNWALL LIMITED,FALSE,null,19/05/2008,10001029,null,PUB.UKRLP.dbo.ProviderInstance,a97e2eb1-c959-4c26-8064-6961d76df731
08/09/2010,02919396,BUSINESS LINK LINCOLNSHIRE & RUTLAND LIMITED,FALSE,null,08/09/2010,10001030,null,PUB.UKRLP.dbo.ProviderInstance,a97e2eb1-c959-4c26-8064-6961d76df731
02/09/2010,03663542,GREAT WESTERN ENTERPRISE LIMITED,FALSE,GWE Business West,13/04/2007,10001031,null,PUB.UKRLP.dbo.ProviderInstance,a97e2eb1-c959-4c26-8064-6961d76df731
12/11/2010,04367297,BIRMINGHAM & SOLIHULL BUSINESS LINK DBS TRUSTEE LIMITED,FALSE,Business Link Birmingham & Solihull,13/04/2007,10001032,null,PUB.UKRLP.dbo.ProviderInstance,a97e2eb1-c959-4c26-8064-6961d76df731
17/03/2008,04206977,BUSINESS LINK CHESHIRE & WARRINGTON LIMITED,FALSE,null,13/04/2007,10001033,null,PUB.UKRLP.dbo.ProviderInstance,a97e2eb1-c959-4c26-8064-6961d76df731
26/01/2009,04015654,BUSINESS LINK DERBYSHIRE LIMITED,FALSE,null,13/04/2007,10001034,null,PUB.UKRLP.dbo.ProviderInstance,a97e2eb1-c959-4c26-8064-6961d76df731
05/08/2024,04002916,ESSEX BUSINESS SUPPORT LIMITED,FALSE,null,21/04/2024,10001035,null,PUB.UKRLP.dbo.ProviderInstance,a97e2eb1-c959-4c26-8064-6961d76df731
13/03/2008,04426302,GREATER MERSEYSIDE EDUCATION BUSINESS LINK ORGANISATION,FALSE,null,13/04/2007,10001036,null,PUB.UKRLP.dbo.ProviderInstance,a97e2eb1-c959-4c26-8064-6961d76df731
null,02872153,HEREFORDSHIRE AND WORCESTERSHIRE BUSINESS LINK LIMITED,TRUE,Business Link For Herefordshire & Worcestershire,17/07/2026,10001037,null,PUB.UKRLP.dbo.ProviderInstance,a97e2eb1-c959-4c26-8064-6961d76df731
19/05/2008,04110283,BUSINESS LINK FOR LONDON,FALSE,null,19/05/2008,10001038,null,PUB.UKRLP.dbo.ProviderInstance,a97e2eb1-c959-4c26-8064-6961d76df731
null,04121893,NORTHUMBERLAND BUSINESS SERVICE LIMITED,TRUE,Northumberland Business Service Ltd,02/09/2025,10001039,null,PUB.UKRLP.dbo.ProviderInstance,a97e2eb1-c959-4c26-8064-6961d76df731
null,03031656,GENIX HOLDINGS LIMITED,TRUE,null,01/09/2025,10001040,null,PUB.UKRLP.dbo.ProviderInstance,a97e2eb1-c959-4c26-8064-6961d76df731
null,02551923,GLOUCESTERSHIRE ENTERPRISE LIMITED,TRUE,null,02/09/2025,10001041,null,PUB.UKRLP.dbo.ProviderInstance,a97e2eb1-c959-4c26-8064-6961d76df731
03/09/2008,02949847,BUSINESS LINK NORFOLK LTD,FALSE,null,02/11/2007,10001042,null,PUB.UKRLP.dbo.ProviderInstance,a97e2eb1-c959-4c26-8064-6961d76df731
02/09/2010,03722965,BUSINESS SERVICES LANCASHIRE LIMITED,FALSE,null,08/05/2008,10001043,null,PUB.UKRLP.dbo.ProviderInstance,a97e2eb1-c959-4c26-8064-6961d76df731
08/11/2007,03145515,BUSINESS LINK NORTHAMPTONSHIRE,FALSE,null,13/04/2007,10001044,null,PUB.UKRLP.dbo.ProviderInstance,a97e2eb1-c959-4c26-8064-6961d76df731
17/03/2008,04023983,BUSINESS LINK NOTTINGHAMSHIRE,FALSE,null,02/11/2007,10001045,null,PUB.UKRLP.dbo.ProviderInstance,a97e2eb1-c959-4c26-8064-6961d76df731
19/01/2012,02889740,BUSINESS LINK SHROPSHIRE LIMITED,FALSE,null,29/11/2011,10001046,null,PUB.UKRLP.dbo.ProviderInstance,a97e2eb1-c959-4c26-8064-6961d76df731
null,04025356,NGAGE SOLUTIONS LIMITED,TRUE,null,21/01/2026,10001047,null,PUB.UKRLP.dbo.ProviderInstance,a97e2eb1-c959-4c26-8064-6961d76df731
12/05/2008,03100537,BUSINESS LINK SOMERSET LIMITED,FALSE,null,13/04/2007,10001048,null,PUB.UKRLP.dbo.ProviderInstance,a97e2eb1-c959-4c26-8064-6961d76df731
02/09/2010,02908524,BLS (SURREY) LIMITED,FALSE,null,22/03/2007,10001049,null,PUB.UKRLP.dbo.ProviderInstance,a97e2eb1-c959-4c26-8064-6961d76df731
19/02/2014,02992061,SANDCO 1157 LIMITED,FALSE,null,19/02/2014,10001050,null,PUB.UKRLP.dbo.ProviderInstance,a97e2eb1-c959-4c26-8064-6961d76df731
null,03099070,WSX ENTERPRISE LIMITED,TRUE,null,20/08/2023,10001051,null,PUB.UKRLP.dbo.ProviderInstance,a97e2eb1-c959-4c26-8064-6961d76df731
30/07/2009,04452686,BUSINESS WEST LIMITED,FALSE,Business Link West,13/04/2007,10001052,null,PUB.UKRLP.dbo.ProviderInstance,a97e2eb1-c959-4c26-8064-6961d76df731
02/08/2021,02978412,YNY LTD.,FALSE,null,01/06/2021,10001053,null,PUB.UKRLP.dbo.ProviderInstance,a97e2eb1-c959-4c26-8064-6961d76df731
09/07/2007,01936322,BUSINESS MANAGEMENT LIMITED,FALSE,null,13/04/2007,10001054,null,PUB.UKRLP.dbo.ProviderInstance,a97e2eb1-c959-4c26-8064-6961d76df731
29/03/2022,04357876,BUSINESS MANAGEMENT RESOURCES (UK) LTD,FALSE,null,05/01/2022,10001055,null,PUB.UKRLP.dbo.ProviderInstance,a97e2eb1-c959-4c26-8064-6961d76df731
04/04/2007,03256272,BUSINESS NETWORK LIMITED,FALSE,null,05/09/2006,10001056,null,PUB.UKRLP.dbo.ProviderInstance,a97e2eb1-c959-4c26-8064-6961d76df731
null,03014731,BUSINESS SAFETY SYSTEMS LIMITED,TRUE,null,05/12/2025,10001057,null,PUB.UKRLP.dbo.ProviderInstance,a97e2eb1-c959-4c26-8064-6961d76df731
null,02770233,BUSINESS 2 BUSINESS (U.K.) LIMITED,TRUE,null,10/06/2025,10001058,null,PUB.UKRLP.dbo.ProviderInstance,a97e2eb1-c959-4c26-8064-6961d76df731
12/11/2010,01140442,BUSINESS TRAINING LIMITED,FALSE,null,13/04/2007,10001059,null,PUB.UKRLP.dbo.ProviderInstance,a97e2eb1-c959-4c26-8064-6961d76df731
11/12/2007,04666567,BUSINESS TRAINING (UK) LIMITED,FALSE,null,13/04/2007,10001060,null,PUB.UKRLP.dbo.ProviderInstance,a97e2eb1-c959-4c26-8064-6961d76df731
13/10/2020,04173802,THE BUSINESS TRAINING COMPANY (YORKSHIRE) LIMITED,FALSE,null,29/08/2020,10001061,null,PUB.UKRLP.dbo.ProviderInstance,a97e2eb1-c959-4c26-8064-6961d76df731
15/03/2016,04290699,BUSINESS TRAINING ENTERPRISE LTD,FALSE,null,12/01/2016,10001062,null,PUB.UKRLP.dbo.ProviderInstance,a97e2eb1-c959-4c26-8064-6961d76df731
12/03/2012,03446586,BUSINESS TRAINING NETWORK LIMITED,FALSE,null,07/03/2011,10001063,null,PUB.UKRLP.dbo.ProviderInstance,a97e2eb1-c959-4c26-8064-6961d76df731
19/01/2012,03653241,KNOWLEDGEPOOL (BTP) LIMITED,FALSE,null,10/01/2012,10001064,null,PUB.UKRLP.dbo.ProviderInstance,a97e2eb1-c959-4c26-8064-6961d76df731
19/05/2014,04789278,BUSINESS TRAINING SOLUTIONS LTD,FALSE,null,14/03/2014,10001065,null,PUB.UKRLP.dbo.ProviderInstance,a97e2eb1-c959-4c26-8064-6961d76df731
05/07/2010,01767311,BUSY BEES CHILDCARE LIMITED,FALSE,Busy Bees Childcare Ltd,25/04/2007,10001066,null,PUB.UKRLP.dbo.ProviderInstance,a97e2eb1-c959-4c26-8064-6961d76df731
30/11/2011,04022235,BUTTERFLY PARAGLIDING LIMITED,FALSE,null,29/11/2011,10001067,null,PUB.UKRLP.dbo.ProviderInstance,a97e2eb1-c959-4c26-8064-6961d76df731
02/09/2016,null,BUTTERSHAW BUSINESS AND ENTERPRISE COLLEGE,FALSE,null,16/07/2016,10001068,107350,PUB.UKRLP.dbo.ProviderInstance,a97e2eb1-c959-4c26-8064-6961d76df731
13/06/2023,null,BUXTON COMMUNITY SCHOOL,FALSE,null,11/03/2023,10001069,112970,PUB.UKRLP.dbo.ProviderInstance,a97e2eb1-c959-4c26-8064-6961d76df731
09/05/2008,04371296,BUXTON TRAINING CLUB LIMITED,FALSE,null,13/04/2007,10001070,null,PUB.UKRLP.dbo.ProviderInstance,a97e2eb1-c959-4c26-8064-6961d76df731
null,03393851,BVG GROUP LIMITED,TRUE,null,21/06/2024,10001071,null,PUB.UKRLP.dbo.ProviderInstance,a97e2eb1-c959-4c26-8064-6961d76df731
26/01/2009,04289770,BYTE TRAINING CENTRE LIMITED,FALSE,null,13/04/2007,10001072,null,PUB.UKRLP.dbo.ProviderInstance,a97e2eb1-c959-4c26-8064-6961d76df731
null,03555819,C & G SERVICES (EUROPE) LIMITED,TRUE,null,21/01/2026,10001073,null,PUB.UKRLP.dbo.ProviderInstance,a97e2eb1-c959-4c26-8064-6961d76df731
02/09/2010,SC217310,C & G GAS (TRAINING & ASSESSMENT) LTD.,FALSE,null,12/05/2008,10001074,null,PUB.UKRLP.dbo.ProviderInstance,a97e2eb1-c959-4c26-8064-6961d76df731
null,02209302,C.I.A. TRAINING LIMITED,TRUE,null,17/07/2026,10001075,null,PUB.UKRLP.dbo.ProviderInstance,a97e2eb1-c959-4c26-8064-6961d76df731
null,02488641,COMPUTER & COMMUNICATIONS CO. LIMITED,TRUE,null,17/10/2025,10001076,null,PUB.UKRLP.dbo.ProviderInstance,a97e2eb1-c959-4c26-8064-6961d76df731
10/01/2013,02402810,THE CABAIR GROUP LIMITED,FALSE,null,10/01/2013,10001077,null,PUB.UKRLP.dbo.ProviderInstance,a97e2eb1-c959-4c26-8064-6961d76df731
null,03935537,DIGITAL TELECOMS NETWORK ACADEMY LIMITED,TRUE,Digital Telecoms Network Academy Ltd,29/06/2023,10001078,null,PUB.UKRLP.dbo.ProviderInstance,a97e2eb1-c959-4c26-8064-6961d76df731
null,03233910,CNET TRAINING LIMITED,TRUE,CNet Training,26/03/2026,10001079,null,PUB.UKRLP.dbo.ProviderInstance,a97e2eb1-c959-4c26-8064-6961d76df731
16/07/2025,02375211,THE CADCENTRE (UK) LIMITED,FALSE,null,10/06/2024,10001080,null,PUB.UKRLP.dbo.ProviderInstance,a97e2eb1-c959-4c26-8064-6961d76df731
25/04/2017,04515885,CAD POTENTIAL EUROPE U.K. LIMITED,FALSE,Cadpo Solutions,19/01/2017,10001081,null,PUB.UKRLP.dbo.ProviderInstance,a97e2eb1-c959-4c26-8064-6961d76df731
27/06/2019,null,CADBURY SIXTH FORM COLLEGE,FALSE,null,05/01/2019,10001082,130469,PUB.UKRLP.dbo.ProviderInstance,a97e2eb1-c959-4c26-8064-6961d76df731
02/03/2011,01616754,CADCAM APPLICATIONS TRAINING AND SUPPORT COMPANY LIMITED,FALSE,null,16/04/2007,10001083,null,PUB.UKRLP.dbo.ProviderInstance,a97e2eb1-c959-4c26-8064-6961d76df731
null,02486719,CADLINE LIMITED,TRUE,null,01/04/2024,10001084,null,PUB.UKRLP.dbo.ProviderInstance,a97e2eb1-c959-4c26-8064-6961d76df731
14/06/2012,03865813,CAHRO LTD,FALSE,null,14/06/2012,10001085,null,PUB.UKRLP.dbo.ProviderInstance,a97e2eb1-c959-4c26-8064-6961d76df731
21/12/2010,null,CAISTOR GRAMMAR SCHOOL,FALSE,null,29/07/2005,10001087,120702,PUB.UKRLP.dbo.ProviderInstance,a97e2eb1-c959-4c26-8064-6961d76df731
09/08/2016,04236410,CALAMUS EXTENSION COLLEGE LIMITED,FALSE,null,06/07/2016,10001088,null,PUB.UKRLP.dbo.ProviderInstance,a97e2eb1-c959-4c26-8064-6961d76df731
28/06/2007,null,CALDAY GRANGE GRAMMAR SCHOOL,FALSE,null,29/07/2005,10001089,null,PUB.UKRLP.dbo.ProviderInstance,a97e2eb1-c959-4c26-8064-6961d76df731
14/03/2022,SC204374,CALDER ASSOCIATES (SCOTLAND) LIMITED,FALSE,null,02/01/2022,10001090,null,PUB.UKRLP.dbo.ProviderInstance,a97e2eb1-c959-4c26-8064-6961d76df731
null,03039360,C & K CAREERS LTD,TRUE,null,23/05/2024,10001091,null,PUB.UKRLP.dbo.ProviderInstance,a97e2eb1-c959-4c26-8064-6961d76df731
09/07/2007,02419895,CALDERDALE ASSOCIATES LIMITED,FALSE,null,16/04/2007,10001092,null,PUB.UKRLP.dbo.ProviderInstance,a97e2eb1-c959-4c26-8064-6961d76df731
null,null,CALDERDALE COLLEGE,TRUE,null,21/07/2026,10001093,130535,PUB.UKRLP.dbo.ProviderInstance,a97e2eb1-c959-4c26-8064-6961d76df731
null,null,CALDERDALE METROPOLITAN BOROUGH COUNCIL,TRUE,null,21/07/2026,10001094,null,PUB.UKRLP.dbo.ProviderInstance,a97e2eb1-c959-4c26-8064-6961d76df731
null,null,CALDERSTONES SCHOOL,TRUE,null,10/10/2025,10001095,104698,PUB.UKRLP.dbo.ProviderInstance,a97e2eb1-c959-4c26-8064-6961d76df731
10/08/2011,null,CALDEW SCHOOL,FALSE,null,29/07/2005,10001096,112440,PUB.UKRLP.dbo.ProviderInstance,a97e2eb1-c959-4c26-8064-6961d76df731
03/04/2007,SC157047,CALEDONIAN HANDLING LIMITED,FALSE,null,05/09/2006,10001097,null,PUB.UKRLP.dbo.ProviderInstance,a97e2eb1-c959-4c26-8064-6961d76df731
30/08/2018,03249974,CALIDAD TRAINING CONSULTANCY LIMITED,FALSE,null,10/08/2018,10001098,null,PUB.UKRLP.dbo.ProviderInstance,a97e2eb1-c959-4c26-8064-6961d76df731
06/04/2011,null,CALLINGTON COMMUNITY COLLEGE,FALSE,null,29/07/2005,10001099,112046,PUB.UKRLP.dbo.ProviderInstance,a97e2eb1-c959-4c26-8064-6961d76df731
10/10/2013,null,THE CHALLENGE COLLEGE,FALSE,null,04/01/2007,10001100,132216,PUB.UKRLP.dbo.ProviderInstance,a97e2eb1-c959-4c26-8064-6961d76df731
28/11/2011,null,CALUDON CASTLE SCHOOL,FALSE,null,24/05/2010,10001101,103731,PUB.UKRLP.dbo.ProviderInstance,a97e2eb1-c959-4c26-8064-6961d76df731
null,01240160,THE LAKE DISTRICT CALVERT TRUST,TRUE,null,21/01/2026,10001102,null,PUB.UKRLP.dbo.ProviderInstance,a97e2eb1-c959-4c26-8064-6961d76df731
04/12/2017,04414838,CALYX COMMUNICATIONS LIMITED,FALSE,null,04/08/2017,10001103,null,PUB.UKRLP.dbo.ProviderInstance,a97e2eb1-c959-4c26-8064-6961d76df731
23/09/2024,04981822,CAMRIDER CAMBRIDGE LIMITED,FALSE,Cam Rider Training,22/04/2024,10001104,null,PUB.UKRLP.dbo.ProviderInstance,a97e2eb1-c959-4c26-8064-6961d76df731
06/04/2011,null,CAMBORNE SCIENCE AND COMMUNITY COLLEGE,FALSE,null,29/07/2005,10001105,112053,PUB.UKRLP.dbo.ProviderInstance,a97e2eb1-c959-4c26-8064-6961d76df731
19/07/2011,04644592,CAMBRIAN INDEPENDENT AMBULANCE SERVICE LIMITED,FALSE,null,01/11/2007,10001106,null,PUB.UKRLP.dbo.ProviderInstance,a97e2eb1-c959-4c26-8064-6961d76df731
null,03102054,CAMBRIAN TRAINING COMPANY/CWMNI HYFFORDDIANT CAMBRIAN CYFYNGEDIG,TRUE,null,05/12/2025,10001107,null,PUB.UKRLP.dbo.ProviderInstance,a97e2eb1-c959-4c26-8064-6961d76df731
13/09/2021,03959159,SPF INTERNATIONAL,FALSE,null,08/06/2021,10001108,110934,PUB.UKRLP.dbo.ProviderInstance,a97e2eb1-c959-4c26-8064-6961d76df731
null,null,CAMBRIDGE CITY COUNCIL,TRUE,null,21/07/2026,10001109,null,PUB.UKRLP.dbo.ProviderInstance,a97e2eb1-c959-4c26-8064-6961d76df731
09/07/2007,03731848,CAMBRIDGE COUNCIL FOR VOLUNTARY SERVICE,FALSE,null,16/04/2007,10001110,null,PUB.UKRLP.dbo.ProviderInstance,a97e2eb1-c959-4c26-8064-6961d76df731
12/11/2010,03041310,CAMBRIDGE FINE FURNISHINGS LIMITED,FALSE,null,16/04/2007,10001111,null,PUB.UKRLP.dbo.ProviderInstance,a97e2eb1-c959-4c26-8064-6961d76df731
30/07/2009,03857404,CAMBRIDGE ITEC LIMITED,FALSE,null,16/04/2007,10001112,null,PUB.UKRLP.dbo.ProviderInstance,a97e2eb1-c959-4c26-8064-6961d76df731
null,02610610,CAMBRIDGE MARKETING COLLEGE LIMITED,TRUE,null,18/06/2026,10001113,null,PUB.UKRLP.dbo.ProviderInstance,a97e2eb1-c959-4c26-8064-6961d76df731
03/04/2007,04085161,CAMBRIDGE ONLINE LEARNING LIMITED,FALSE,null,27/03/2007,10001114,null,PUB.UKRLP.dbo.ProviderInstance,a97e2eb1-c959-4c26-8064-6961d76df731
null,03419144,CAMBRIDGE PROFESSIONAL ACADEMY LIMITED,TRUE,Professional Academy,02/02/2026,10001115,null,PUB.UKRLP.dbo.ProviderInstance,a97e2eb1-c959-4c26-8064-6961d76df731
null,null,CAMBRIDGE REGIONAL COLLEGE,TRUE,null,21/07/2026,10001116,130610,PUB.UKRLP.dbo.ProviderInstance,a97e2eb1-c959-4c26-8064-6961d76df731
12/11/2010,03441118,CAMBRIDGE SCHOOL OF ART & DESIGN LIMITED,FALSE,null,16/04/2007,10001117,null,PUB.UKRLP.dbo.ProviderInstance,a97e2eb1-c959-4c26-8064-6961d76df731
null,03482623,EC ENGLISH LONDON LIMITED,TRUE,null,18/07/2026,10001118,null,PUB.UKRLP.dbo.ProviderInstance,a97e2eb1-c959-4c26-8064-6961d76df731
17/02/2012,05129659,CAMBRIDGE SEMINARS LIMITED,FALSE,null,08/09/2010,10001119,null,PUB.UKRLP.dbo.ProviderInstance,a97e2eb1-c959-4c26-8064-6961d76df731
02/09/2010,01551849,CAMBRIDGE TRAINING AND DEVELOPMENT LIMITED,FALSE,null,27/03/2007,10001120,null,PUB.UKRLP.dbo.ProviderInstance,a97e2eb1-c959-4c26-8064-6961d76df731
null,02192672,CAMBRIDGE WOMEN'S RESOURCES CENTRE LIMITED,TRUE,null,21/12/2025,10001121,null,PUB.UKRLP.dbo.ProviderInstance,a97e2eb1-c959-4c26-8064-6961d76df731
30/07/2009,05086058,CAMBRIDGESHIRE BUSINESS SERVICES LIMITED,FALSE,null,02/11/2007,10001122,null,PUB.UKRLP.dbo.ProviderInstance,a97e2eb1-c959-4c26-8064-6961d76df731
null,null,CAMBRIDGESHIRE COUNTY COUNCIL,TRUE,null,21/07/2026,10001123,null,PUB.UKRLP.dbo.ProviderInstance,a97e2eb1-c959-4c26-8064-6961d76df731
19/01/2012,01624630,CAMDEN ITEC,FALSE,null,04/03/2011,10001124,null,PUB.UKRLP.dbo.ProviderInstance,a97e2eb1-c959-4c26-8064-6961d76df731
28/05/2012,02489561,CAMDEN JOBTRAIN,FALSE,null,02/11/2007,10001125,null,PUB.UKRLP.dbo.ProviderInstance,a97e2eb1-c959-4c26-8064-6961d76df731
27/04/2012,SC130551,CAMERON FOOD SAFETY LIMITED,FALSE,null,30/11/2011,10001126,null,PUB.UKRLP.dbo.ProviderInstance,a97e2eb1-c959-4c26-8064-6961d76df731
13/09/2021,03380789,CAMPAIGN FOR LEARNING,FALSE,null,22/06/2021,10001127,null,PUB.UKRLP.dbo.ProviderInstance,a97e2eb1-c959-4c26-8064-6961d76df731
01/04/2014,03244655,CAMPBELL AUTOMOTIVE LIMITED,FALSE,null,24/01/2014,10001128,null,PUB.UKRLP.dbo.ProviderInstance,a97e2eb1-c959-4c26-8064-6961d76df731
null,00510618,CAMPDEN BRI,TRUE,null,23/12/2025,10001129,null,PUB.UKRLP.dbo.ProviderInstance,a97e2eb1-c959-4c26-8064-6961d76df731
27/03/2008,null,CAMPION CATHOLIC HIGH SCHOOL,FALSE,null,29/07/2005,10001130,null,PUB.UKRLP.dbo.ProviderInstance,a97e2eb1-c959-4c26-8064-6961d76df731
11/04/2019,null,CAMPION SCHOOL,FALSE,null,12/10/2009,10001131,125745,PUB.UKRLP.dbo.ProviderInstance,a97e2eb1-c959-4c26-8064-6961d76df731
01/12/2011,04131738,CAMPITOR LIMITED,FALSE,Campitor St Catherine Co-op,30/11/2011,10001132,null,PUB.UKRLP.dbo.ProviderInstance,a97e2eb1-c959-4c26-8064-6961d76df731
11/04/2019,null,CAMPSMOUNT TECHNOLOGY COLLEGE,FALSE,null,09/08/2006,10001133,106791,PUB.UKRLP.dbo.ProviderInstance,a97e2eb1-c959-4c26-8064-6961d76df731
null,03797079,CAMPUS TRAINING LIMITED,TRUE,null,08/04/2026,10001134,null,PUB.UKRLP.dbo.ProviderInstance,a97e2eb1-c959-4c26-8064-6961d76df731
09/05/2008,02949988,WEEDBOATS LIMITED,FALSE,null,22/03/2007,10001135,null,PUB.UKRLP.dbo.ProviderInstance,a97e2eb1-c959-4c26-8064-6961d76df731
null,03019628,CANDID ARTS TRUST,TRUE,null,02/06/2026,10001136,null,PUB.UKRLP.dbo.ProviderInstance,a97e2eb1-c959-4c26-8064-6961d76df731
11/04/2019,null,CANNINGTON COLLEGE,FALSE,null,29/07/2005,10001137,130807,PUB.UKRLP.dbo.ProviderInstance,a97e2eb1-c959-4c26-8064-6961d76df731
02/09/2011,null,CANNOCK CHASE HIGH SCHOOL,FALSE,null,29/07/2005,10001138,124466,PUB.UKRLP.dbo.ProviderInstance,a97e2eb1-c959-4c26-8064-6961d76df731
05/01/2009,null,CANNOCK CHASE TECHNICAL COLLEGE,FALSE,null,04/10/2007,10001139,null,PUB.UKRLP.dbo.ProviderInstance,a97e2eb1-c959-4c26-8064-6961d76df731
30/11/2011,01276803,CANNON HYGIENE LIMITED,FALSE,null,16/04/2007,10001140,null,PUB.UKRLP.dbo.ProviderInstance,a97e2eb1-c959-4c26-8064-6961d76df731
17/08/2011,null,CANON PALMER CATHOLIC SCHOOL,FALSE,null,29/07/2005,10001141,102862,PUB.UKRLP.dbo.ProviderInstance,a97e2eb1-c959-4c26-8064-6961d76df731
11/12/2017,null,CANON SLADE COFE SCHOOL,FALSE,null,19/11/2017,10001142,105267,PUB.UKRLP.dbo.ProviderInstance,a97e2eb1-c959-4c26-8064-6961d76df731
null,04793659,CANTERBURY CHRIST CHURCH UNIVERSITY,TRUE,null,26/04/2026,10001143,133806,PUB.UKRLP.dbo.ProviderInstance,a97e2eb1-c959-4c26-8064-6961d76df731
06/06/2019,null,CANTERBURY COLLEGE,FALSE,null,03/03/2019,10001144,130730,PUB.UKRLP.dbo.ProviderInstance,a97e2eb1-c959-4c26-8064-6961d76df731
11/03/2020,02429498,CANTO LIMITED,FALSE,null,06/12/2019,10001145,null,PUB.UKRLP.dbo.ProviderInstance,a97e2eb1-c959-4c26-8064-6961d76df731
01/12/2011,SC229866,CAPACITY BUILDING PROJECT,FALSE,null,30/11/2011,10001146,null,PUB.UKRLP.dbo.ProviderInstance,a97e2eb1-c959-4c26-8064-6961d76df731
09/07/2007,03345236,CAPE UK,FALSE,null,16/04/2007,10001147,null,PUB.UKRLP.dbo.ProviderInstance,a97e2eb1-c959-4c26-8064-6961d76df731
null,null,CAPEL MANOR COLLEGE,TRUE,null,10/10/2025,10001148,130438,PUB.UKRLP.dbo.ProviderInstance,a97e2eb1-c959-4c26-8064-6961d76df731
null,02081330,CAPITA PLC,TRUE,Capita Apprenticeships,17/07/2026,10001149,null,PUB.UKRLP.dbo.ProviderInstance,a97e2eb1-c959-4c26-8064-6961d76df731
02/09/2010,04061711,CAPITAL QUALITY LIMITED,FALSE,null,02/02/2009,10001150,null,PUB.UKRLP.dbo.ProviderInstance,a97e2eb1-c959-4c26-8064-6961d76df731
15/04/2008,04160556,CAPITAL WORKFORCE DEVELOPMENT LIMITED,FALSE,null,27/03/2007,10001151,null,PUB.UKRLP.dbo.ProviderInstance,a97e2eb1-c959-4c26-8064-6961d76df731
null,02938531,CARDBOARD CITIZENS,TRUE,null,23/06/2025,10001152,null,PUB.UKRLP.dbo.ProviderInstance,a97e2eb1-c959-4c26-8064-6961d76df731
null,03687879,CARDIFF ACADEMY,TRUE,null,22/07/2026,10001153,402050,PUB.UKRLP.dbo.ProviderInstance,a97e2eb1-c959-4c26-8064-6961d76df731
20/03/2007,02043028,CARDIFF CHAMBER OF COMMERCE AND INDUSTRY TRAINING LIMITED,FALSE,null,29/09/2006,10001154,null,PUB.UKRLP.dbo.ProviderInstance,a97e2eb1-c959-4c26-8064-6961d76df731
null,02798764,CARDIFF COLLEGE ENTERPRISES LIMITED,TRUE,null,18/07/2026,10001155,null,PUB.UKRLP.dbo.ProviderInstance,a97e2eb1-c959-4c26-8064-6961d76df731
null,06345434,ITEC TRAINING SOLUTIONS LTD,TRUE,null,26/04/2026,10001156,null,PUB.UKRLP.dbo.ProviderInstance,a97e2eb1-c959-4c26-8064-6961d76df731
05/09/2006,04661834,CARDIFF SCUBA LTD,FALSE,null,29/07/2005,10001157,null,PUB.UKRLP.dbo.ProviderInstance,a97e2eb1-c959-4c26-8064-6961d76df731
13/09/2023,null,CARDINAL GRIFFIN CATHOLIC COLLEGE,FALSE,null,11/06/2023,10001159,124468,PUB.UKRLP.dbo.ProviderInstance,a97e2eb1-c959-4c26-8064-6961d76df731
null,null,CARDINAL HEENAN CATHOLIC HIGH SCHOOL,TRUE,null,10/10/2025,10001160,104714,PUB.UKRLP.dbo.ProviderInstance,a97e2eb1-c959-4c26-8064-6961d76df731
null,null,NEWMAN CATHOLIC COLLEGE,TRUE,null,01/05/2026,10001161,101564,PUB.UKRLP.dbo.ProviderInstance,a97e2eb1-c959-4c26-8064-6961d76df731
null,null,CARDINAL LANGLEY ROMAN CATHOLIC HIGH SCHOOL,TRUE,null,14/07/2026,10001162,105844,PUB.UKRLP.dbo.ProviderInstance,a97e2eb1-c959-4c26-8064-6961d76df731
08/11/2019,null,CARDINAL NEWMAN CATHOLIC SCHOOL A SPECIALIST ARTS AND COMMUNITY COLLEGE,FALSE,null,13/09/2019,10001163,103743,PUB.UKRLP.dbo.ProviderInstance,a97e2eb1-c959-4c26-8064-6961d76df731
15/09/2015,null,CARDINAL NEWMAN CATHOLIC SCHOOL A SPECIALIST SCIENCE COLLEGE,FALSE,null,11/07/2015,10001164,109699,PUB.UKRLP.dbo.ProviderInstance,a97e2eb1-c959-4c26-8064-6961d76df731
null,null,CARDINAL NEWMAN COLLEGE,TRUE,null,10/10/2025,10001165,130745,PUB.UKRLP.dbo.ProviderInstance,a97e2eb1-c959-4c26-8064-6961d76df731
24/09/2024,null,CARDINAL POLE CATHOLIC SCHOOL,FALSE,null,09/08/2024,10001166,100285,PUB.UKRLP.dbo.ProviderInstance,a97e2eb1-c959-4c26-8064-6961d76df731
13/08/2015,null,CARDINAL WISEMAN CATHOLIC SCHOOL AND LANGUAGE COLLEGE,FALSE,null,11/07/2015,10001167,103744,PUB.UKRLP.dbo.ProviderInstance,a97e2eb1-c959-4c26-8064-6961d76df731
09/05/2022,03129357,CARDINUS LIMITED,FALSE,null,23/03/2022,10001168,null,PUB.UKRLP.dbo.ProviderInstance,a97e2eb1-c959-4c26-8064-6961d76df731
24/01/2011,04053091,CARE ACADEMY LIMITED,FALSE,null,24/01/2011,10001169,null,PUB.UKRLP.dbo.ProviderInstance,a97e2eb1-c959-4c26-8064-6961d76df731
03/10/2017,SC168567,CARE LINK (SCOTLAND) LTD.,FALSE,null,04/08/2017,10001170,null,PUB.UKRLP.dbo.ProviderInstance,a97e2eb1-c959-4c26-8064-6961d76df731
null,02992839,CARE MANAGEMENT GROUP LIMITED,TRUE,null,22/05/2026,10001171,null,PUB.UKRLP.dbo.ProviderInstance,a97e2eb1-c959-4c26-8064-6961d76df731
09/07/2007,03961561,CARE PARTNERS TRUST,FALSE,null,16/04/2007,10001172,null,PUB.UKRLP.dbo.ProviderInstance,a97e2eb1-c959-4c26-8064-6961d76df731
08/11/2007,04351124,THE CARE SECTOR TRUST LIMITED,FALSE,null,16/04/2007,10001173,null,PUB.UKRLP.dbo.ProviderInstance,a97e2eb1-c959-4c26-8064-6961d76df731
null,04307537,CT SKILLS LIMITED,TRUE,null,24/11/2024,10001174,null,PUB.UKRLP.dbo.ProviderInstance,a97e2eb1-c959-4c26-8064-6961d76df731
null,08703533,CTS (CARE TRAINING SERVICES) LTD,TRUE,null,23/12/2025,10001175,null,PUB.UKRLP.dbo.ProviderInstance,a97e2eb1-c959-4c26-8064-6961d76df731
26/10/2010,04314196,CARE CONNECT LEARNING LIMITED,FALSE,Careconnect Learning,08/09/2010,10001176,null,PUB.UKRLP.dbo.ProviderInstance,a97e2eb1-c959-4c26-8064-6961d76df731
12/01/2018,04480685,CAREER DEVELOPMENT CENTER LIMITED,FALSE,null,01/09/2017,10001177,null,PUB.UKRLP.dbo.ProviderInstance,a97e2eb1-c959-4c26-8064-6961d76df731
02/09/2010,04510074,CE2009 LTD,FALSE,null,02/02/2009,10001178,null,PUB.UKRLP.dbo.ProviderInstance,a97e2eb1-c959-4c26-8064-6961d76df731
07/05/2019,03501409,CAREER STEPS LIMITED,FALSE,null,15/02/2019,10001179,null,PUB.UKRLP.dbo.ProviderInstance,a97e2eb1-c959-4c26-8064-6961d76df731
08/08/2012,03025114,CONNECT SOUTH WEST LIMITED,FALSE,Connexions Somerset ,08/08/2012,10001180,null,PUB.UKRLP.dbo.ProviderInstance,a97e2eb1-c959-4c26-8064-6961d76df731
09/07/2007,04936282,CAREERFINDER LIMITED,FALSE,null,16/04/2007,10001181,null,PUB.UKRLP.dbo.ProviderInstance,a97e2eb1-c959-4c26-8064-6961d76df731
null,03037445,ASPIRE-IGEN GROUP LTD,TRUE,null,03/07/2024,10001182,null,PUB.UKRLP.dbo.ProviderInstance,a97e2eb1-c959-4c26-8064-6961d76df731
null,01647371,CAREERS DEVELOPMENT GROUP,TRUE,null,29/09/2024,10001183,null,PUB.UKRLP.dbo.ProviderInstance,a97e2eb1-c959-4c26-8064-6961d76df731
20/04/2018,04038162,BABCOCK CAREERS GUIDANCE (SOUTH) LIMITED,FALSE,VT Enterprise,03/02/2018,10001184,null,PUB.UKRLP.dbo.ProviderInstance,a97e2eb1-c959-4c26-8064-6961d76df731
13/06/2021,02961588,BABCOCK CAREERS GUIDANCE LIMITED,FALSE,null,26/03/2021,10001185,null,PUB.UKRLP.dbo.ProviderInstance,a97e2eb1-c959-4c26-8064-6961d76df731
27/04/2021,02865522,BABCOCK CAREERS MANAGEMENT LIMITED,FALSE,null,12/03/2021,10001186,null,PUB.UKRLP.dbo.ProviderInstance,a97e2eb1-c959-4c26-8064-6961d76df731
08/06/2018,03697223,CAREERS PARTNERSHIP (UK) LIMITED,FALSE,null,02/05/2018,10001187,null,PUB.UKRLP.dbo.ProviderInstance,a97e2eb1-c959-4c26-8064-6961d76df731
null,00825036,CAREERS RESEARCH AND ADVISORY CENTRE (CRAC) LIMITED(THE),TRUE,null,11/03/2026,10001188,null,PUB.UKRLP.dbo.ProviderInstance,a97e2eb1-c959-4c26-8064-6961d76df731
25/08/2021,03181920,CAREERS YORKSHIRE AND THE HUMBER LIMITED,FALSE,null,17/06/2021,10001189,null,PUB.UKRLP.dbo.ProviderInstance,a97e2eb1-c959-4c26-8064-6961d76df731
09/10/2009,02918421,CAREQUEST LIMITED,FALSE,null,19/05/2008,10001190,null,PUB.UKRLP.dbo.ProviderInstance,a97e2eb1-c959-4c26-8064-6961d76df731
13/06/2021,02312595,CARESKILLS LIMITED,FALSE,null,23/03/2021,10001191,null,PUB.UKRLP.dbo.ProviderInstance,a97e2eb1-c959-4c26-8064-6961d76df731
null,02702191,CARGO TRAINING INTERNATIONAL LIMITED,TRUE,null,21/01/2026,10001192,null,PUB.UKRLP.dbo.ProviderInstance,a97e2eb1-c959-4c26-8064-6961d76df731
08/11/2019,00594581,CARILLION CONSTRUCTION LIMITED,FALSE,null,19/08/2019,10001193,null,PUB.UKRLP.dbo.ProviderInstance,a97e2eb1-c959-4c26-8064-6961d76df731
02/09/2011,null,CARISBROOKE HIGH SCHOOL,FALSE,null,29/07/2005,10001194,118214,PUB.UKRLP.dbo.ProviderInstance,a97e2eb1-c959-4c26-8064-6961d76df731
12/05/2008,03858704,CARL DUISBERG CENTRES (UK) LIMITED,FALSE,null,02/11/2007,10001195,null,PUB.UKRLP.dbo.ProviderInstance,a97e2eb1-c959-4c26-8064-6961d76df731
22/08/2019,null,CARLISLE COLLEGE,FALSE,null,07/02/2018,10001196,130634,PUB.UKRLP.dbo.ProviderInstance,a97e2eb1-c959-4c26-8064-6961d76df731
23/08/2009,IP29361R,CARLISLE HOUSING ASSOCIATION LIMITED,FALSE,null,19/05/2008,10001197,null,PUB.UKRLP.dbo.ProviderInstance,a97e2eb1-c959-4c26-8064-6961d76df731
20/06/2019,null,CARLTON BOLLING COLLEGE,FALSE,null,08/04/2019,10001198,107413,PUB.UKRLP.dbo.ProviderInstance,a97e2eb1-c959-4c26-8064-6961d76df731
06/04/2011,null,CARLTON LE WILLOWS SCHOOL AND TECHNOLOGY COLLEGE,FALSE,null,04/02/2009,10001199,122850,PUB.UKRLP.dbo.ProviderInstance,a97e2eb1-c959-4c26-8064-6961d76df731
14/01/2008,04379971,CARLTON TRAINING LIMITED,FALSE,null,16/04/2007,10001200,null,PUB.UKRLP.dbo.ProviderInstance,a97e2eb1-c959-4c26-8064-6961d76df731
null,null,CARMEL COLLEGE,TRUE,null,14/07/2026,10001201,130489,PUB.UKRLP.dbo.ProviderInstance,a97e2eb1-c959-4c26-8064-6961d76df731
11/04/2019,null,CARMEL RC COLLEGE,FALSE,null,19/01/2007,10001202,114324,PUB.UKRLP.dbo.ProviderInstance,a97e2eb1-c959-4c26-8064-6961d76df731
29/02/2012,02363629,CARPENTRY MANAGEMENT CONTRACTING LIMITED,FALSE,null,30/11/2011,10001203,null,PUB.UKRLP.dbo.ProviderInstance,a97e2eb1-c959-4c26-8064-6961d76df731
null,null,CARR MANOR COMMUNITY SCHOOL,TRUE,null,12/11/2025,10001204,108059,PUB.UKRLP.dbo.ProviderInstance,a97e2eb1-c959-4c26-8064-6961d76df731
15/06/2011,00859083,CARR-GOMM,FALSE,null,08/09/2010,10001205,null,PUB.UKRLP.dbo.ProviderInstance,a97e2eb1-c959-4c26-8064-6961d76df731
10/08/2011,null,CARRE'S GRAMMAR SCHOOL,FALSE,null,29/07/2005,10001206,120699,PUB.UKRLP.dbo.ProviderInstance,a97e2eb1-c959-4c26-8064-6961d76df731
12/01/2018,null,CARSHALTON COLLEGE,FALSE,null,13/07/2017,10001207,130455,PUB.UKRLP.dbo.ProviderInstance,a97e2eb1-c959-4c26-8064-6961d76df731
03/06/2011,null,CARSHALTON BOYS SPORTS COLLEGE,FALSE,null,26/06/2009,10001208,102998,PUB.UKRLP.dbo.ProviderInstance,a97e2eb1-c959-4c26-8064-6961d76df731
03/06/2011,null,CARSHALTON HIGH SCHOOL FOR GIRLS,FALSE,null,29/07/2005,10001209,102999,PUB.UKRLP.dbo.ProviderInstance,a97e2eb1-c959-4c26-8064-6961d76df731
null,02513618,THE CARSINGTON SAILING CLUB LIMITED,TRUE,null,18/03/2024,10001210,null,PUB.UKRLP.dbo.ProviderInstance,a97e2eb1-c959-4c26-8064-6961d76df731
31/05/2012,01351584,CASA SOCIAL CARE,FALSE,Casa,31/05/2012,10001211,null,PUB.UKRLP.dbo.ProviderInstance,a97e2eb1-c959-4c26-8064-6961d76df731
null,04567487,CASE TRAINING LTD.,TRUE,null,17/07/2026,10001212,null,PUB.UKRLP.dbo.ProviderInstance,a97e2eb1-c959-4c26-8064-6961d76df731
05/09/2006,03326400,COMPUTER AND SOFTWARE SERVICES LIMITED,FALSE,Cass Ltd,29/07/2005,10001213,null,PUB.UKRLP.dbo.ProviderInstance,a97e2eb1-c959-4c26-8064-6961d76df731
02/09/2011,null,CASTERTON BUSINESS & ENTERPRISE COLLEGE,FALSE,null,19/01/2007,10001214,120289,PUB.UKRLP.dbo.ProviderInstance,a97e2eb1-c959-4c26-8064-6961d76df731
19/07/2011,03891442,CASTILLIAN LIMITED,FALSE,null,17/04/2007,10001215,null,PUB.UKRLP.dbo.ProviderInstance,a97e2eb1-c959-4c26-8064-6961d76df731
null,03157646,THE FOUNDRY ASSOCIATION,TRUE,null,29/03/2022,10001216,null,PUB.UKRLP.dbo.ProviderInstance,a97e2eb1-c959-4c26-8064-6961d76df731
null,02654715,CASTLE COMBE RACING SCHOOL LIMITED,TRUE,null,21/01/2026,10001217,null,PUB.UKRLP.dbo.ProviderInstance,a97e2eb1-c959-4c26-8064-6961d76df731
17/12/2010,null,CASTLE COMMUNITY COLLEGE,FALSE,null,27/02/2008,10001218,118825,PUB.UKRLP.dbo.ProviderInstance,a97e2eb1-c959-4c26-8064-6961d76df731
null,SC187732,CASTLE DOUGLAS COMMUNITY INFORMATION TECHNOLOGY CENTRE,TRUE,null,21/01/2026,10001219,null,PUB.UKRLP.dbo.ProviderInstance,a97e2eb1-c959-4c26-8064-6961d76df731
03/06/2012,null,CASTLE MANOR BUSINESS AND ENTERPRISE COLLEGE,FALSE,null,15/08/2006,10001220,124788,PUB.UKRLP.dbo.ProviderInstance,a97e2eb1-c959-4c26-8064-6961d76df731
null,00662712,RICHMOND FELLOWSHIP(THE),TRUE,null,26/11/2023,10001221,null,PUB.UKRLP.dbo.ProviderInstance,a97e2eb1-c959-4c26-8064-6961d76df731
07/06/2006,null,THE CASTLE SCHOOL,FALSE,null,29/07/2005,10001222,null,PUB.UKRLP.dbo.ProviderInstance,a97e2eb1-c959-4c26-8064-6961d76df731
09/05/2008,04479534,CASTLE TRAINING CONSULTANTS LIMITED,FALSE,null,17/04/2007,10001223,null,PUB.UKRLP.dbo.ProviderInstance,a97e2eb1-c959-4c26-8064-6961d76df731
08/11/2006,04158373,CASTLE VALE TENANTS AND RESIDENTS ALLIANCE,FALSE,null,29/07/2005,10001224,null,PUB.UKRLP.dbo.ProviderInstance,a97e2eb1-c959-4c26-8064-6961d76df731
14/03/2013,02050483,CASTLEBECK CARE (TEESDALE) LIMITED,FALSE,null,14/03/2013,10001225,null,PUB.UKRLP.dbo.ProviderInstance,a97e2eb1-c959-4c26-8064-6961d76df731
08/09/2009,null,CASTLEDOWN SCHOOL,FALSE,null,29/07/2005,10001226,null,PUB.UKRLP.dbo.ProviderInstance,a97e2eb1-c959-4c26-8064-6961d76df731
02/09/2010,04086015,CATALIS LIMITED,FALSE,null,29/01/2009,10001227,null,PUB.UKRLP.dbo.ProviderInstance,a97e2eb1-c959-4c26-8064-6961d76df731
28/03/2011,null,CATCOTE SCHOOL,FALSE,null,29/07/2005,10001228,111784,PUB.UKRLP.dbo.ProviderInstance,a97e2eb1-c959-4c26-8064-6961d76df731
null,null,CATERHAM HIGH SCHOOL,TRUE,null,10/10/2025,10001229,102849,PUB.UKRLP.dbo.ProviderInstance,a97e2eb1-c959-4c26-8064-6961d76df731
08/11/2019,02108177,FORSTER COMMUNITY COLLEGE LIMITED,FALSE,Forster Community College Ltd,08/08/2019,10001230,null,PUB.UKRLP.dbo.ProviderInstance,a97e2eb1-c959-4c26-8064-6961d76df731
null,null,THE RENATA TRUST,TRUE,Catholic Bible School,22/01/2019,10001231,null,PUB.UKRLP.dbo.ProviderInstance,a97e2eb1-c959-4c26-8064-6961d76df731
null,05010874,ST VINCENT'S SCHOOL - A SPECIALIST SCHOOL FOR SENSORY IMPAIRMENT AND OTHER NEEDS,TRUE,null,14/07/2026,10001232,104734,PUB.UKRLP.dbo.ProviderInstance,a97e2eb1-c959-4c26-8064-6961d76df731
null,01596400,CARITAS CARE LIMITED,TRUE,null,30/09/2025,10001233,null,PUB.UKRLP.dbo.ProviderInstance,a97e2eb1-c959-4c26-8064-6961d76df731
02/09/2011,null,CATOR PARK SCHOOL,FALSE,null,07/08/2006,10001234,101657,PUB.UKRLP.dbo.ProviderInstance,a97e2eb1-c959-4c26-8064-6961d76df731
08/11/2019,03836658,CATTEN COLLEGE LIMITED,FALSE,null,01/10/2019,10001235,null,PUB.UKRLP.dbo.ProviderInstance,a97e2eb1-c959-4c26-8064-6961d76df731
29/03/2022,02453762,CBT SOLUTIONS LIMITED,FALSE,null,20/12/2021,10001236,null,PUB.UKRLP.dbo.ProviderInstance,a97e2eb1-c959-4c26-8064-6961d76df731
15/04/2025,04519515,CC CONSULTING LIMITED,FALSE,null,01/10/2024,10001237,null,PUB.UKRLP.dbo.ProviderInstance,a97e2eb1-c959-4c26-8064-6961d76df731
20/01/2012,03233204,CCDU LTD,FALSE,null,15/10/2009,10001238,null,PUB.UKRLP.dbo.ProviderInstance,a97e2eb1-c959-4c26-8064-6961d76df731
null,04759946,THE C:CHANGE PARTNERSHIP COMPANY LIMITED,TRUE,null,16/04/2023,10001239,null,PUB.UKRLP.dbo.ProviderInstance,a97e2eb1-c959-4c26-8064-6961d76df731
06/07/2012,04006735,CDMC (SOUTH WALES & WEST) LIMITED,FALSE,null,30/11/2011,10001240,null,PUB.UKRLP.dbo.ProviderInstance,a97e2eb1-c959-4c26-8064-6961d76df731
09/07/2007,03749705,CDTS UK LTD,FALSE,null,17/04/2007,10001241,null,PUB.UKRLP.dbo.ProviderInstance,a97e2eb1-c959-4c26-8064-6961d76df731
15/09/2015,null,CECIL JONES COLLEGE,FALSE,null,11/07/2015,10001242,115368,PUB.UKRLP.dbo.ProviderInstance,a97e2eb1-c959-4c26-8064-6961d76df731
09/05/2008,04831580,CEDAR ASSOCIATES MANAGEMENT DEVELOPMENT LIMITED,FALSE,null,09/05/2008,10001243,null,PUB.UKRLP.dbo.ProviderInstance,a97e2eb1-c959-4c26-8064-6961d76df731
null,02432836,THE CEDAR CENTRE,TRUE,null,26/04/2026,10001244,null,PUB.UKRLP.dbo.ProviderInstance,a97e2eb1-c959-4c26-8064-6961d76df731
null,NI002132,CEDAR FOUNDATION - THE,TRUE,Cedar Foundation Training Services,02/06/2026,10001245,null,PUB.UKRLP.dbo.ProviderInstance,a97e2eb1-c959-4c26-8064-6961d76df731
04/03/2011,02134522,THE CEED (CHARITY) LIMITED,FALSE,null,04/06/2010,10001246,null,PUB.UKRLP.dbo.ProviderInstance,a97e2eb1-c959-4c26-8064-6961d76df731
18/06/2009,03789623,CEEMAC PROJECTS (UK) LIMITED,FALSE,null,17/04/2007,10001247,null,PUB.UKRLP.dbo.ProviderInstance,a97e2eb1-c959-4c26-8064-6961d76df731
02/10/2013,02628752,CEFET,FALSE,null,11/05/2012,10001248,null,PUB.UKRLP.dbo.ProviderInstance,a97e2eb1-c959-4c26-8064-6961d76df731
11/12/2007,02304802,THE CELLAR PROJECT,FALSE,null,17/04/2007,10001249,null,PUB.UKRLP.dbo.ProviderInstance,a97e2eb1-c959-4c26-8064-6961d76df731
16/03/2012,03733756,THE COUNCIL OF ETHNIC MINORITY VOLUNTARY SECTOR ORGANISATIONS,FALSE,Cemvo (The),30/11/2011,10001250,null,PUB.UKRLP.dbo.ProviderInstance,a97e2eb1-c959-4c26-8064-6961d76df731
20/03/2007,04083175,CENTATEK UK LIMITED,FALSE,Centatek Limited,29/09/2006,10001251,null,PUB.UKRLP.dbo.ProviderInstance,a97e2eb1-c959-4c26-8064-6961d76df731
11/12/2007,03180786,CENTAUR TRAINING LIMITED,FALSE,null,17/04/2007,10001252,null,PUB.UKRLP.dbo.ProviderInstance,a97e2eb1-c959-4c26-8064-6961d76df731
30/11/2015,02875051,CENTRA (EDUCATION AND TRAINING SERVICES) LIMITED,FALSE,null,29/09/2015,10001253,null,PUB.UKRLP.dbo.ProviderInstance,a97e2eb1-c959-4c26-8064-6961d76df731
null,00145454,NORTH & WESTERN LANCASHIRE CHAMBER OF COMMERCE,TRUE,null,10/10/2025,10001254,null,PUB.UKRLP.dbo.ProviderInstance,a97e2eb1-c959-4c26-8064-6961d76df731
08/10/2020,02860911,CENTRAL BERKSHIRE EDUCATION BUSINESS PARTNERSHIP,FALSE,null,02/09/2020,10001255,null,PUB.UKRLP.dbo.ProviderInstance,a97e2eb1-c959-4c26-8064-6961d76df731
null,03137239,CENTRAL EDUCATION AND TRAINING,TRUE,null,29/09/2024,10001256,null,PUB.UKRLP.dbo.ProviderInstance,a97e2eb1-c959-4c26-8064-6961d76df731
null,null,CENTRAL FOUNDATION BOYS' SCHOOL,TRUE,null,10/10/2025,10001257,100458,PUB.UKRLP.dbo.ProviderInstance,a97e2eb1-c959-4c26-8064-6961d76df731
null,null,CENTRAL FOUNDATION GIRLS' SCHOOL,TRUE,null,10/10/2025,10001258,100975,PUB.UKRLP.dbo.ProviderInstance,a97e2eb1-c959-4c26-8064-6961d76df731
null,02703089,CENTRAL TRAINING ACADEMY LIMITED,TRUE,Central Training Academy,27/02/2026,10001259,null,PUB.UKRLP.dbo.ProviderInstance,a97e2eb1-c959-4c26-8064-6961d76df731
null,SC187504,CENTRAL LAW TRAINING (SCOTLAND) LIMITED,TRUE,null,02/02/2026,10001260,null,PUB.UKRLP.dbo.ProviderInstance,a97e2eb1-c959-4c26-8064-6961d76df731
04/07/2021,03417277,CAPITAL CAREERS LIMITED,FALSE,Central London IAG Partnership,09/05/2021,10001261,null,PUB.UKRLP.dbo.ProviderInstance,a97e2eb1-c959-4c26-8064-6961d76df731
19/11/2020,05333135,CENTRAL LONDON COLLEGE OF REFLEXOLOGY LIMITED,FALSE,null,19/09/2020,10001262,null,PUB.UKRLP.dbo.ProviderInstance,a97e2eb1-c959-4c26-8064-6961d76df731
25/10/2017,null,CENTRAL MANCHESTER UNIVERSITY HOSPITALS NHS FOUNDATION TRUST,FALSE,null,12/07/2017,10001263,null,PUB.UKRLP.dbo.ProviderInstance,a97e2eb1-c959-4c26-8064-6961d76df731
null,01657717,CENTRAL SCHOOL OF BALLET CHARITABLE TRUST LIMITED(THE),TRUE,null,08/04/2026,10001264,null,PUB.UKRLP.dbo.ProviderInstance,a97e2eb1-c959-4c26-8064-6961d76df731
16/07/2025,03814753,CSCT LIMITED,FALSE,Central School Of Counselling & Therapy,13/01/2025,10001265,null,PUB.UKRLP.dbo.ProviderInstance,a97e2eb1-c959-4c26-8064-6961d76df731
29/09/2014,04344827,CENTRAL TRAINING UK LIMITED,FALSE,null,29/07/2014,10001267,null,PUB.UKRLP.dbo.ProviderInstance,a97e2eb1-c959-4c26-8064-6961d76df731
12/08/2019,null,CENTRAL TECHNOLOGY COLLEGE,FALSE,null,12/08/2019,10001268,115764,PUB.UKRLP.dbo.ProviderInstance,a97e2eb1-c959-4c26-8064-6961d76df731
null,SC200732,CENTRAL TRAINING SERVICES LTD.,TRUE,Central Training Services,26/04/2026,10001269,null,PUB.UKRLP.dbo.ProviderInstance,a97e2eb1-c959-4c26-8064-6961d76df731
null,05899633,MB AEROSPACE NEWTON ABBOT LIMITED,TRUE,null,25/12/2022,10001270,null,PUB.UKRLP.dbo.ProviderInstance,a97e2eb1-c959-4c26-8064-6961d76df731
14/03/2018,01459589,CENTRE FOR ALTERNATIVE TECHNOLOGY PUBLIC LIMITED COMPANY,FALSE,null,29/01/2018,10001271,null,PUB.UKRLP.dbo.ProviderInstance,a97e2eb1-c959-4c26-8064-6961d76df731
16/07/2025,04141322,IMPROVEMENT DEVELOPMENT GROWTH LIMITED,FALSE,null,01/10/2024,10001272,null,PUB.UKRLP.dbo.ProviderInstance,a97e2eb1-c959-4c26-8064-6961d76df731
null,04089911,CENTRE FOR ASSESSMENT LIMITED,TRUE,null,26/04/2026,10001273,null,PUB.UKRLP.dbo.ProviderInstance,a97e2eb1-c959-4c26-8064-6961d76df731
05/09/2006,04106394,CENTRE FOR BETTER HOUSES LTD,FALSE,null,29/07/2005,10001274,null,PUB.UKRLP.dbo.ProviderInstance,a97e2eb1-c959-4c26-8064-6961d76df731
null,03689340,CBD TRAINING LIMITED,TRUE,null,10/06/2025,10001275,null,PUB.UKRLP.dbo.ProviderInstance,a97e2eb1-c959-4c26-8064-6961d76df731
08/11/2016,null,LEICESTER AND COUNTY MISSION FOR DEAF PEOPLE,FALSE,Centre For Deaf People,27/04/2016,10001276,null,PUB.UKRLP.dbo.ProviderInstance,a97e2eb1-c959-4c26-8064-6961d76df731
16/06/2017,02458694,CENTRE FOR ECONOMIC AND SOCIAL INCLUSION,FALSE,null,04/04/2017,10001277,null,PUB.UKRLP.dbo.ProviderInstance,a97e2eb1-c959-4c26-8064-6961d76df731
06/01/2015,NI029666,MOYLE LEA LIMITED,FALSE,null,24/09/2014,10001278,null,PUB.UKRLP.dbo.ProviderInstance,a97e2eb1-c959-4c26-8064-6961d76df731
02/09/2010,03660378,CENTRE FOR HOMOEOPATHIC EDUCATION LIMITED,FALSE,Centre for Homeopathic Education,16/05/2008,10001279,null,PUB.UKRLP.dbo.ProviderInstance,a97e2eb1-c959-4c26-8064-6961d76df731
null,03540878,WOOLF INSTITUTE,TRUE,null,02/06/2026,10001280,null,PUB.UKRLP.dbo.ProviderInstance,a97e2eb1-c959-4c26-8064-6961d76df731
null,null,UNIVERSITY OF NORTHUMBRIA AT NEWCASTLE,TRUE,null,21/07/2026,10001282,133854,PUB.UKRLP.dbo.ProviderInstance,a97e2eb1-c959-4c26-8064-6961d76df731
null,02267987,CENTRE FOR RESEARCH IN EMPLOYMENT AND TECHNOLOGY IN EUROPE LIMITED,TRUE,null,02/02/2026,10001283,null,PUB.UKRLP.dbo.ProviderInstance,a97e2eb1-c959-4c26-8064-6961d76df731
05/02/2021,02505084,CHS FOUNDATION LIMITED,FALSE,Centre For Sheltered Housing Studies,19/12/2020,10001284,null,PUB.UKRLP.dbo.ProviderInstance,a97e2eb1-c959-4c26-8064-6961d76df731
06/11/2025,04446073,CENTRE FOR STRATEGY & COMMUNICATION LIMITED,FALSE,null,02/10/2025,10001285,null,PUB.UKRLP.dbo.ProviderInstance,a97e2eb1-c959-4c26-8064-6961d76df731
null,03935886,CENTRE FOR STRESS MANAGEMENT LIMITED,TRUE,null,17/07/2026,10001286,null,PUB.UKRLP.dbo.ProviderInstance,a97e2eb1-c959-4c26-8064-6961d76df731
18/11/2011,null,THE CENTRE FOR THE STUDY OF IMPLICIT RELIGION AND CONTEMPORARY SPIRITUALITY,FALSE,Centre For The Study Of Implicit Religion,14/06/2011,10001287,null,PUB.UKRLP.dbo.ProviderInstance,a97e2eb1-c959-4c26-8064-6961d76df731
null,03988613,"INSTITUTE FOR CHILDREN, YOUTH AND MISSION",TRUE,null,31/10/2025,10001288,null,PUB.UKRLP.dbo.ProviderInstance,a97e2eb1-c959-4c26-8064-6961d76df731
09/07/2007,01929421,CENTREPOINT SOHO,FALSE,null,17/04/2007,10001289,null,PUB.UKRLP.dbo.ProviderInstance,a97e2eb1-c959-4c26-8064-6961d76df731
02/11/2006,04442126,C E P ASSOCIATES LIMITED,FALSE,Cep Associates,29/07/2005,10001290,null,PUB.UKRLP.dbo.ProviderInstance,a97e2eb1-c959-4c26-8064-6961d76df731
28/06/2017,04626452,CERCO IT TRAINING AND RECRUITMENT LIMITED,FALSE,null,28/04/2017,10001291,null,PUB.UKRLP.dbo.ProviderInstance,a97e2eb1-c959-4c26-8064-6961d76df731
null,02978993,CCP GRADUATE SCHOOL LTD,TRUE,null,02/09/2025,10001292,null,PUB.UKRLP.dbo.ProviderInstance,a97e2eb1-c959-4c26-8064-6961d76df731
26/01/2009,04690913,CERTIFIED SCHOOL OF ACCOUNTANCY LIMITED,FALSE,null,27/03/2007,10001293,null,PUB.UKRLP.dbo.ProviderInstance,a97e2eb1-c959-4c26-8064-6961d76df731
12/01/2012,SC254486,CES SERVICES MANAGEMENT LIMITED,FALSE,null,11/01/2012,10001294,null,PUB.UKRLP.dbo.ProviderInstance,a97e2eb1-c959-4c26-8064-6961d76df731
09/07/2007,02824422,ST JAMES' CENTRE (DERBY),FALSE,CETA St James,17/04/2007,10001295,null,PUB.UKRLP.dbo.ProviderInstance,a97e2eb1-c959-4c26-8064-6961d76df731
null,SC091088,CETERIS (SCOTLAND) LIMITED,TRUE,null,02/09/2025,10001296,null,PUB.UKRLP.dbo.ProviderInstance,a97e2eb1-c959-4c26-8064-6961d76df731
11/04/2012,04097594,CF ASSOCIATES LIMITED,FALSE,null,11/01/2012,10001297,null,PUB.UKRLP.dbo.ProviderInstance,a97e2eb1-c959-4c26-8064-6961d76df731
null,00867944,EDUCATION DEVELOPMENT TRUST,TRUE,null,02/09/2025,10001298,null,PUB.UKRLP.dbo.ProviderInstance,a97e2eb1-c959-4c26-8064-6961d76df731
12/03/2021,03370728,CFBT ADVICE AND GUIDANCE LIMITED,FALSE,null,05/01/2021,10001299,null,PUB.UKRLP.dbo.ProviderInstance,a97e2eb1-c959-4c26-8064-6961d76df731
08/11/2019,04544510,C G PARTNERSHIP (TRAINING PROJECTS) LIMITED,FALSE,null,30/09/2019,10001300,null,PUB.UKRLP.dbo.ProviderInstance,a97e2eb1-c959-4c26-8064-6961d76df731
19/07/2011,01448522,C G RESOURCES LIMITED,FALSE,null,04/03/2011,10001301,null,PUB.UKRLP.dbo.ProviderInstance,a97e2eb1-c959-4c26-8064-6961d76df731
null,null,CHACE COMMUNITY SCHOOL,TRUE,null,10/10/2025,10001302,102049,PUB.UKRLP.dbo.ProviderInstance,a97e2eb1-c959-4c26-8064-6961d76df731
null,02451101,CHACOMM LIMITED,TRUE,null,25/05/2025,10001303,null,PUB.UKRLP.dbo.ProviderInstance,a97e2eb1-c959-4c26-8064-6961d76df731
20/03/2007,03171216,CHAD COMMUNITY CENTRE,FALSE,null,29/09/2006,10001304,null,PUB.UKRLP.dbo.ProviderInstance,a97e2eb1-c959-4c26-8064-6961d76df731
05/04/2011,null,CHALLNEY HIGH SCHOOL FOR BOYS AND COMMUNITY COLLEGE,FALSE,null,28/01/2009,10001305,109681,PUB.UKRLP.dbo.ProviderInstance,a97e2eb1-c959-4c26-8064-6961d76df731
21/09/2009,null,CHALVEDON SCHOOL,FALSE,null,29/07/2005,10001306,null,PUB.UKRLP.dbo.ProviderInstance,a97e2eb1-c959-4c26-8064-6961d76df731
14/01/2008,03979719,CHAMBER BUSINESS ENTERPRISES LIMITED,FALSE,null,17/04/2007,10001307,null,PUB.UKRLP.dbo.ProviderInstance,a97e2eb1-c959-4c26-8064-6961d76df731
null,01936795,CHAMBER OF COMMERCE TRAINING COMPANY LIMITED,TRUE,null,17/07/2026,10001308,null,PUB.UKRLP.dbo.ProviderInstance,a97e2eb1-c959-4c26-8064-6961d76df731
null,01991724,COVENTRY AND WARWICKSHIRE CHAMBERS OF COMMERCE TRAINING LIMITED,TRUE,Coventry & Warwickshire Chamber Training,14/09/2024,10001309,null,PUB.UKRLP.dbo.ProviderInstance,a97e2eb1-c959-4c26-8064-6961d76df731
null,02267397,CHAMBER TRAINING (HUMBER) LIMITED,TRUE,null,17/07/2026,10001310,null,PUB.UKRLP.dbo.ProviderInstance,a97e2eb1-c959-4c26-8064-6961d76df731
17/07/2019,null,CHANCELLOR'S SCHOOL,FALSE,null,08/04/2019,10001311,117591,PUB.UKRLP.dbo.ProviderInstance,a97e2eb1-c959-4c26-8064-6961d76df731
10/03/2014,04332625,THE CHANGE NETWORK LTD.,FALSE,null,07/01/2014,10001312,null,PUB.UKRLP.dbo.ProviderInstance,a97e2eb1-c959-4c26-8064-6961d76df731
25/10/2018,04170293,CHANGEWORKS CONSULTING LIMITED,FALSE,null,17/08/2018,10001313,null,PUB.UKRLP.dbo.ProviderInstance,a97e2eb1-c959-4c26-8064-6961d76df731
22/11/2010,null,CHANTRY HIGH SCHOOL,FALSE,null,22/11/2010,10001314,124841,PUB.UKRLP.dbo.ProviderInstance,a97e2eb1-c959-4c26-8064-6961d76df731
null,03294547,CHAPTER (WEST CHESHIRE) LTD,TRUE,null,02/09/2025,10001315,null,PUB.UKRLP.dbo.ProviderInstance,a97e2eb1-c959-4c26-8064-6961d76df731
null,01005570,CHAPTER (CARDIFF) LIMITED,TRUE,null,17/07/2026,10001316,null,PUB.UKRLP.dbo.ProviderInstance,a97e2eb1-c959-4c26-8064-6961d76df731
08/09/2009,null,CHAPTER SCHOOL,FALSE,null,29/07/2005,10001317,null,PUB.UKRLP.dbo.ProviderInstance,a97e2eb1-c959-4c26-8064-6961d76df731
25/09/2015,02510318,CHARITIES EVALUATION SERVICES,FALSE,null,24/08/2015,10001318,null,PUB.UKRLP.dbo.ProviderInstance,a97e2eb1-c959-4c26-8064-6961d76df731
07/08/2017,03268906,THE CHARITIES INFORMATION BUREAU,FALSE,null,10/05/2017,10001320,null,PUB.UKRLP.dbo.ProviderInstance,a97e2eb1-c959-4c26-8064-6961d76df731
12/08/2019,null,CHARLES BURRELL HUMANITIES SCHOOL,FALSE,null,12/08/2019,10001321,121166,PUB.UKRLP.dbo.ProviderInstance,a97e2eb1-c959-4c26-8064-6961d76df731
05/04/2011,null,CHARLES DARWIN SCHOOL,FALSE,null,29/07/2005,10001322,101675,PUB.UKRLP.dbo.ProviderInstance,a97e2eb1-c959-4c26-8064-6961d76df731
null,null,SAINT GABRIEL'S COLLEGE,TRUE,null,20/06/2026,10001323,100627,PUB.UKRLP.dbo.ProviderInstance,a97e2eb1-c959-4c26-8064-6961d76df731
null,04053804,CHARLIE SAILING LIMITED,TRUE,null,17/07/2026,10001324,null,PUB.UKRLP.dbo.ProviderInstance,a97e2eb1-c959-4c26-8064-6961d76df731
21/12/2018,null,CHARLTON SCHOOL,FALSE,null,06/10/2018,10001325,123597,PUB.UKRLP.dbo.ProviderInstance,a97e2eb1-c959-4c26-8064-6961d76df731
12/07/2021,04770081,CHARNWOOD TRAINING GROUP LIMITED,FALSE,null,03/06/2021,10001326,null,PUB.UKRLP.dbo.ProviderInstance,a97e2eb1-c959-4c26-8064-6961d76df731
02/09/2010,02366817,CHARTER TRAINING SERVICES LIMITED,FALSE,null,18/04/2007,10001327,null,PUB.UKRLP.dbo.ProviderInstance,a97e2eb1-c959-4c26-8064-6961d76df731
null,RC000727,THE CHARTERED INSTITUTE OF HOUSING,TRUE,null,21/07/2026,10001328,null,PUB.UKRLP.dbo.ProviderInstance,a97e2eb1-c959-4c26-8064-6961d76df731
null,RC000780,THE CHARTERED INSTITUTE OF LIBRARY AND INFORMATION PROFESSIONALS,TRUE,null,14/06/2017,10001329,null,PUB.UKRLP.dbo.ProviderInstance,a97e2eb1-c959-4c26-8064-6961d76df731
null,02585613,CIM HOLDINGS LIMITED,TRUE,Chartered Institute Of Marketing,21/01/2026,10001330,null,PUB.UKRLP.dbo.ProviderInstance,a97e2eb1-c959-4c26-8064-6961d76df731
null,null,THE CHARTERED INSTITUTE OF PROCUREMENT AND SUPPLY,TRUE,null,22/01/2019,10001331,null,PUB.UKRLP.dbo.ProviderInstance,a97e2eb1-c959-4c26-8064-6961d76df731
null,RC000746,THE CHARTERED INSTITUTION OF WATER AND ENVIRONMENTAL MANAGEMENT,TRUE,null,14/06/2017,10001332,null,PUB.UKRLP.dbo.ProviderInstance,a97e2eb1-c959-4c26-8064-6961d76df731
null,RC000778,CHARTERED MANAGEMENT INSTITUTE,TRUE,Chartered Management Institute Enterprises,14/06/2017,10001333,null,PUB.UKRLP.dbo.ProviderInstance,a97e2eb1-c959-4c26-8064-6961d76df731
null,02117198,CHARTERED SURVEYORS TRAINING TRUST,TRUE,null,25/12/2022,10001334,null,PUB.UKRLP.dbo.ProviderInstance,a97e2eb1-c959-4c26-8064-6961d76df731
12/07/2010,null,CHARTERS SCHOOL,FALSE,null,29/07/2005,10001335,null,PUB.UKRLP.dbo.ProviderInstance,a97e2eb1-c959-4c26-8064-6961d76df731
null,01318921,CHARTWELL LEARNING & DEVELOPMENT LIMITED,TRUE,null,02/02/2026,10001336,null,PUB.UKRLP.dbo.ProviderInstance,a97e2eb1-c959-4c26-8064-6961d76df731
null,01454970,CHASE GRAMMAR SCHOOL LTD,TRUE,null,26/04/2026,10001337,null,PUB.UKRLP.dbo.ProviderInstance,a97e2eb1-c959-4c26-8064-6961d76df731
30/07/2009,03094947,CHASE ACTION GROUP LIMITED,FALSE,null,18/04/2007,10001338,null,PUB.UKRLP.dbo.ProviderInstance,a97e2eb1-c959-4c26-8064-6961d76df731
03/01/2017,null,CHASE TERRACE TECHNOLOGY COLLEGE,FALSE,null,31/10/2016,10001339,124443,PUB.UKRLP.dbo.ProviderInstance,a97e2eb1-c959-4c26-8064-6961d76df731
07/07/2011,null,CHASETOWN SPECIALIST SPORTS COLLEGE,FALSE,null,29/07/2005,10001340,124469,PUB.UKRLP.dbo.ProviderInstance,a97e2eb1-c959-4c26-8064-6961d76df731
06/04/2011,null,CHATHAM GRAMMAR SCHOOL FOR BOYS,FALSE,null,29/07/2005,10001341,118797,PUB.UKRLP.dbo.ProviderInstance,a97e2eb1-c959-4c26-8064-6961d76df731
02/09/2011,null,CHATHAM GRAMMAR SCHOOL FOR GIRLS,FALSE,null,29/07/2005,10001342,118901,PUB.UKRLP.dbo.ProviderInstance,a97e2eb1-c959-4c26-8064-6961d76df731
06/01/2011,null,CHATHAM HOUSE GRAMMAR SCHOOL FOR BOYS,FALSE,null,29/07/2005,10001343,118934,PUB.UKRLP.dbo.ProviderInstance,a97e2eb1-c959-4c26-8064-6961d76df731
13/07/2011,null,CHATHAM SOUTH SCHOOL,FALSE,null,13/07/2011,10001344,118827,PUB.UKRLP.dbo.ProviderInstance,a97e2eb1-c959-4c26-8064-6961d76df731
15/09/2015,null,CHAUCER TECHNOLOGY SCHOOL,FALSE,null,10/07/2015,10001345,118924,PUB.UKRLP.dbo.ProviderInstance,a97e2eb1-c959-4c26-8064-6961d76df731
09/03/2022,null,CHEADLE AND MARPLE SIXTH FORM COLLEGE,FALSE,null,05/02/2022,10001346,130515,PUB.UKRLP.dbo.ProviderInstance,a97e2eb1-c959-4c26-8064-6961d76df731
10/08/2011,null,CHEADLE HIGH SCHOOL,FALSE,null,29/07/2005,10001347,124431,PUB.UKRLP.dbo.ProviderInstance,a97e2eb1-c959-4c26-8064-6961d76df731
03/06/2011,null,CHEAM HIGH SCHOOL,FALSE,null,29/07/2005,10001348,103010,PUB.UKRLP.dbo.ProviderInstance,a97e2eb1-c959-4c26-8064-6961d76df731
21/12/2010,null,CHELLASTON SCHOOL,FALSE,null,29/07/2005,10001349,112987,PUB.UKRLP.dbo.ProviderInstance,a97e2eb1-c959-4c26-8064-6961d76df731
null,04786103,CHELMARSH SAILING CLUB LIMITED,TRUE,null,06/10/2024,10001350,null,PUB.UKRLP.dbo.ProviderInstance,a97e2eb1-c959-4c26-8064-6961d76df731
24/04/2019,04006861,CHELMER TRAINING LIMITED,FALSE,null,13/02/2019,10001351,null,PUB.UKRLP.dbo.ProviderInstance,a97e2eb1-c959-4c26-8064-6961d76df731
10/08/2011,null,CHELMER VALLEY HIGH SCHOOL,FALSE,null,29/07/2005,10001352,115345,PUB.UKRLP.dbo.ProviderInstance,a97e2eb1-c959-4c26-8064-6961d76df731
null,null,CHELMSFORD COLLEGE,TRUE,null,10/10/2025,10001353,130679,PUB.UKRLP.dbo.ProviderInstance,a97e2eb1-c959-4c26-8064-6961d76df731
19/01/2011,null,CHELMSFORD COUNTY HIGH SCHOOL FOR GIRLS,FALSE,null,29/07/2005,10001354,115326,PUB.UKRLP.dbo.ProviderInstance,a97e2eb1-c959-4c26-8064-6961d76df731
09/05/2011,null,CHELTENHAM BOURNSIDE SCHOOL AND SIXTH FORM CENTRE,FALSE,null,29/07/2005,10001355,115769,PUB.UKRLP.dbo.ProviderInstance,a97e2eb1-c959-4c26-8064-6961d76df731
21/09/2009,null,CHELTENHAM KINGSMEAD,FALSE,null,29/07/2005,10001356,null,PUB.UKRLP.dbo.ProviderInstance,a97e2eb1-c959-4c26-8064-6961d76df731
null,01455015,CHEMFREIGHT DANGEROUS GOODS TRAINING LIMITED,TRUE,null,30/09/2025,10001357,null,PUB.UKRLP.dbo.ProviderInstance,a97e2eb1-c959-4c26-8064-6961d76df731
11/04/2019,null,CHENDERIT SCHOOL,FALSE,null,29/07/2005,10001358,122087,PUB.UKRLP.dbo.ProviderInstance,a97e2eb1-c959-4c26-8064-6961d76df731
15/05/2007,null,CHENEY SCHOOL,FALSE,null,29/07/2005,10001359,null,PUB.UKRLP.dbo.ProviderInstance,a97e2eb1-c959-4c26-8064-6961d76df731
02/09/2010,04844817,CHERRY ART CENTRE LIMITED,FALSE,null,15/10/2009,10001360,null,PUB.UKRLP.dbo.ProviderInstance,a97e2eb1-c959-4c26-8064-6961d76df731
09/07/2007,02744325,CHERRY NURSERIES LIMITED,FALSE,null,27/03/2007,10001361,null,PUB.UKRLP.dbo.ProviderInstance,a97e2eb1-c959-4c26-8064-6961d76df731
29/06/2017,null,BEVERLEY CHERRY TREE COMMUNITY ASSOCIATION,FALSE,null,16/12/2016,10001362,null,PUB.UKRLP.dbo.ProviderInstance,a97e2eb1-c959-4c26-8064-6961d76df731
10/08/2011,null,CHESHAM GRAMMAR SCHOOL,FALSE,null,19/05/2010,10001363,110504,PUB.UKRLP.dbo.ProviderInstance,a97e2eb1-c959-4c26-8064-6961d76df731
02/09/2011,null,CHESHAM PARK COMMUNITY COLLEGE,FALSE,null,29/07/2005,10001364,110510,PUB.UKRLP.dbo.ProviderInstance,a97e2eb1-c959-4c26-8064-6961d76df731
07/10/2009,02638345,BSA RESIDUAL COMPANY LIMITED,FALSE,Cheshire & Warrington Basic Skills Network,02/02/2009,10001365,null,PUB.UKRLP.dbo.ProviderInstance,a97e2eb1-c959-4c26-8064-6961d76df731
01/04/2009,null,CHESHIRE COUNTY COUNCIL,FALSE,null,06/01/2009,10001367,null,PUB.UKRLP.dbo.ProviderInstance,a97e2eb1-c959-4c26-8064-6961d76df731
09/07/2007,04050994,CHESHIRE DISABILITIES FEDERATION,FALSE,null,27/03/2007,10001368,null,PUB.UKRLP.dbo.ProviderInstance,a97e2eb1-c959-4c26-8064-6961d76df731
null,03883721,CHESHIRE HALTON + WARRINGTON RACE AND EQUALITY CENTRE,TRUE,null,23/12/2025,10001369,null,PUB.UKRLP.dbo.ProviderInstance,a97e2eb1-c959-4c26-8064-6961d76df731
11/12/2017,null,CHESHUNT SCHOOL,FALSE,null,19/11/2017,10001370,117596,PUB.UKRLP.dbo.ProviderInstance,a97e2eb1-c959-4c26-8064-6961d76df731
28/12/2018,null,CHESLYN HAY SPORT AND COMMUNITY HIGH SCHOOL,FALSE,null,10/10/2018,10001371,124425,PUB.UKRLP.dbo.ProviderInstance,a97e2eb1-c959-4c26-8064-6961d76df731
18/08/2014,03328848,SURREY HILLS ONWARD LEARNING,FALSE,null,16/06/2014,10001372,null,PUB.UKRLP.dbo.ProviderInstance,a97e2eb1-c959-4c26-8064-6961d76df731
12/04/2021,null,CHESSINGTON SCHOOL,FALSE,null,08/02/2021,10001373,102599,PUB.UKRLP.dbo.ProviderInstance,a97e2eb1-c959-4c26-8064-6961d76df731
null,03686284,CHESTER AID TO THE HOMELESS,TRUE,null,02/09/2025,10001374,null,PUB.UKRLP.dbo.ProviderInstance,a97e2eb1-c959-4c26-8064-6961d76df731
null,00798486,CHESTER CHAIN COMPANY LIMITED,TRUE,null,17/07/2026,10001375,null,PUB.UKRLP.dbo.ProviderInstance,a97e2eb1-c959-4c26-8064-6961d76df731
08/11/2007,02700649,CHESTERFIELD (PROPERTY) LIMITED,FALSE,null,18/04/2007,10001376,null,PUB.UKRLP.dbo.ProviderInstance,a97e2eb1-c959-4c26-8064-6961d76df731
null,02258106,CHESTERFIELD CITIZENS ADVICE BUREAU,TRUE,null,20/03/2025,10001377,null,PUB.UKRLP.dbo.ProviderInstance,a97e2eb1-c959-4c26-8064-6961d76df731
null,null,CHESTERFIELD COLLEGE,TRUE,null,21/07/2026,10001378,130638,PUB.UKRLP.dbo.ProviderInstance,a97e2eb1-c959-4c26-8064-6961d76df731
11/04/2019,null,CHESTERFIELD HIGH SCHOOL,FALSE,null,29/07/2005,10001379,104952,PUB.UKRLP.dbo.ProviderInstance,a97e2eb1-c959-4c26-8064-6961d76df731
07/07/2011,null,CHESTNUT GROVE SCHOOL,FALSE,null,29/07/2005,10001380,101054,PUB.UKRLP.dbo.ProviderInstance,a97e2eb1-c959-4c26-8064-6961d76df731
12/02/2018,null,CHEW VALLEY SCHOOL,FALSE,null,19/11/2017,10001381,109306,PUB.UKRLP.dbo.ProviderInstance,a97e2eb1-c959-4c26-8064-6961d76df731
02/09/2010,NI047954,CHEYNE ASSOCIATES LIMITED,FALSE,null,15/10/2009,10001382,null,PUB.UKRLP.dbo.ProviderInstance,a97e2eb1-c959-4c26-8064-6961d76df731
05/09/2013,null,CHICHESTER HIGH SCHOOL FOR BOYS,FALSE,null,29/07/2005,10001383,126062,PUB.UKRLP.dbo.ProviderInstance,a97e2eb1-c959-4c26-8064-6961d76df731
05/09/2013,null,CHICHESTER HIGH SCHOOL FOR GIRLS,FALSE,null,29/07/2005,10001384,126063,PUB.UKRLP.dbo.ProviderInstance,a97e2eb1-c959-4c26-8064-6961d76df731
29/01/2016,03976752,CHICHESTER MARITIME LIMITED,FALSE,null,28/12/2015,10001385,null,PUB.UKRLP.dbo.ProviderInstance,a97e2eb1-c959-4c26-8064-6961d76df731
null,02705172,THE CHICKEN SHED THEATRE TRUST,TRUE,Chicken Shed Theatre Company,11/03/2026,10001386,null,PUB.UKRLP.dbo.ProviderInstance,a97e2eb1-c959-4c26-8064-6961d76df731
02/03/2011,03596284,BERNARD CHASE LIMITED,FALSE,null,29/01/2009,10001387,null,PUB.UKRLP.dbo.ProviderInstance,a97e2eb1-c959-4c26-8064-6961d76df731
null,03766192,CHILDCARE SUPPORT ON SITE LIMITED,TRUE,null,18/07/2026,10001388,null,PUB.UKRLP.dbo.ProviderInstance,a97e2eb1-c959-4c26-8064-6961d76df731
null,04037132,WHITE PHOENIX MEDIA LTD.,TRUE,Child Care Training Consultancy,08/06/2025,10001389,null,PUB.UKRLP.dbo.ProviderInstance,a97e2eb1-c959-4c26-8064-6961d76df731
null,00090288,CHILDREN NORTH EAST,TRUE,null,30/09/2025,10001390,null,PUB.UKRLP.dbo.ProviderInstance,a97e2eb1-c959-4c26-8064-6961d76df731
null,02976335,HEADLINERS (UK),TRUE,null,01/10/2024,10001391,null,PUB.UKRLP.dbo.ProviderInstance,a97e2eb1-c959-4c26-8064-6961d76df731
null,03484661,CHILDREN'S LINKS,TRUE,null,26/11/2023,10001392,null,PUB.UKRLP.dbo.ProviderInstance,a97e2eb1-c959-4c26-8064-6961d76df731
23/04/2007,null,CHILDWALL SCHOOL - A SPECIALIST SPORTS COLLEGE,FALSE,null,23/11/2006,10001393,null,PUB.UKRLP.dbo.ProviderInstance,a97e2eb1-c959-4c26-8064-6961d76df731
null,03257566,CHILTERN TRAINING LIMITED,TRUE,null,21/01/2026,10001394,null,PUB.UKRLP.dbo.ProviderInstance,a97e2eb1-c959-4c26-8064-6961d76df731
23/10/2019,null,CHILTON TRINITY,FALSE,null,19/07/2019,10001395,123881,PUB.UKRLP.dbo.ProviderInstance,a97e2eb1-c959-4c26-8064-6961d76df731
null,null,CHILWELL SCHOOL,TRUE,null,25/10/2025,10001396,122854,PUB.UKRLP.dbo.ProviderInstance,a97e2eb1-c959-4c26-8064-6961d76df731
17/08/2012,null,CHINGFORD FOUNDATION SCHOOL,FALSE,null,29/07/2005,10001397,103108,PUB.UKRLP.dbo.ProviderInstance,a97e2eb1-c959-4c26-8064-6961d76df731
10/08/2011,null,CHIPPING CAMPDEN SCHOOL,FALSE,null,29/07/2005,10001398,115765,PUB.UKRLP.dbo.ProviderInstance,a97e2eb1-c959-4c26-8064-6961d76df731
11/04/2019,null,CHIPPING NORTON SCHOOL,FALSE,null,29/07/2005,10001399,123231,PUB.UKRLP.dbo.ProviderInstance,a97e2eb1-c959-4c26-8064-6961d76df731
03/04/2021,null,CHIPPING SODBURY SCHOOL,FALSE,null,29/01/2021,10001400,109324,PUB.UKRLP.dbo.ProviderInstance,a97e2eb1-c959-4c26-8064-6961d76df731
null,01740641,CHISENHALE DANCE SPACE,TRUE,null,21/12/2025,10001401,null,PUB.UKRLP.dbo.ProviderInstance,a97e2eb1-c959-4c26-8064-6961d76df731
02/09/2011,null,CHISLEHURST AND SIDCUP GRAMMAR SCHOOL,FALSE,null,29/07/2005,10001402,101466,PUB.UKRLP.dbo.ProviderInstance,a97e2eb1-c959-4c26-8064-6961d76df731
01/03/2012,null,CHISWICK COMMUNITY SCHOOL,FALSE,null,29/07/2005,10001403,102532,PUB.UKRLP.dbo.ProviderInstance,a97e2eb1-c959-4c26-8064-6961d76df731
22/10/2018,02189556,CHOICE SUPPORT,FALSE,null,10/08/2018,10001404,null,PUB.UKRLP.dbo.ProviderInstance,a97e2eb1-c959-4c26-8064-6961d76df731
26/09/2017,03488969,CHOICES 4 ALL,FALSE,null,21/07/2017,10001405,null,PUB.UKRLP.dbo.ProviderInstance,a97e2eb1-c959-4c26-8064-6961d76df731
null,04305438,THE THRIVE TRIBE COLLECTIVE LTD,TRUE,null,23/12/2025,10001406,null,PUB.UKRLP.dbo.ProviderInstance,a97e2eb1-c959-4c26-8064-6961d76df731
11/12/2007,05293946,CHOPWELL COMMUNITY ASSOCIATION,FALSE,null,19/04/2007,10001407,null,PUB.UKRLP.dbo.ProviderInstance,a97e2eb1-c959-4c26-8064-6961d76df731
28/01/2009,03318572,CHORLTON WORKSHOP,FALSE,null,19/04/2007,10001408,null,PUB.UKRLP.dbo.ProviderInstance,a97e2eb1-c959-4c26-8064-6961d76df731
06/04/2011,null,CHOSEN HILL SCHOOL,FALSE,null,29/07/2005,10001409,115763,PUB.UKRLP.dbo.ProviderInstance,a97e2eb1-c959-4c26-8064-6961d76df731
null,04286804,CHOYSEZ,TRUE,null,05/12/2025,10001410,null,PUB.UKRLP.dbo.ProviderInstance,a97e2eb1-c959-4c26-8064-6961d76df731
09/11/2020,04187422,CHRIS TURNER TRAINING SERVICES LIMITED,FALSE,null,15/09/2020,10001411,null,PUB.UKRLP.dbo.ProviderInstance,a97e2eb1-c959-4c26-8064-6961d76df731
null,null,CHRIST COLLEGE,TRUE,null,09/01/2026,10001412,401984,PUB.UKRLP.dbo.ProviderInstance,a97e2eb1-c959-4c26-8064-6961d76df731
16/10/2014,03239222,CHRIST FOR THE NATIONS UK,FALSE,null,14/09/2014,10001413,null,PUB.UKRLP.dbo.ProviderInstance,a97e2eb1-c959-4c26-8064-6961d76df731
null,null,CHRIST THE KING CATHOLIC HIGH SCHOOL AND SIXTH FORM CENTRE,TRUE,null,10/10/2025,10001414,104964,PUB.UKRLP.dbo.ProviderInstance,a97e2eb1-c959-4c26-8064-6961d76df731
28/06/2007,null,CHRIST THE KING SCHOOL,FALSE,null,14/08/2006,10001415,null,PUB.UKRLP.dbo.ProviderInstance,a97e2eb1-c959-4c26-8064-6961d76df731
null,null,CHRIST THE KING SIXTH FORM COLLEGE,TRUE,null,10/10/2025,10001416,130416,PUB.UKRLP.dbo.ProviderInstance,a97e2eb1-c959-4c26-8064-6961d76df731
02/09/2011,null,CHRIST'S COLLEGE FINCHLEY,FALSE,null,29/07/2005,10001417,101350,PUB.UKRLP.dbo.ProviderInstance,a97e2eb1-c959-4c26-8064-6961d76df731
null,01988352,CHRISTIAN YOUTH ENTERPRISES SAILING CENTRE,TRUE,null,30/09/2025,10001418,null,PUB.UKRLP.dbo.ProviderInstance,a97e2eb1-c959-4c26-8064-6961d76df731
null,01344504,CHRISTIE'S EDUCATION LIMITED,TRUE,null,23/05/2024,10001419,null,PUB.UKRLP.dbo.ProviderInstance,a97e2eb1-c959-4c26-8064-6961d76df731
null,04438975,CAN CONSULTANTS LIMITED,TRUE,null,21/01/2026,10001420,null,PUB.UKRLP.dbo.ProviderInstance,a97e2eb1-c959-4c26-8064-6961d76df731
06/04/2011,null,CHRISTLETON HIGH SCHOOL,FALSE,null,03/04/2009,10001421,111421,PUB.UKRLP.dbo.ProviderInstance,a97e2eb1-c959-4c26-8064-6961d76df731
03/04/2007,04024614,CHRISTOPHER MARTIN ASSOCIATES LIMITED,FALSE,null,05/09/2006,10001422,null,PUB.UKRLP.dbo.ProviderInstance,a97e2eb1-c959-4c26-8064-6961d76df731
16/07/2025,SC179707,PETROFAC TRAINING LIMITED,FALSE,null,04/12/2024,10001423,null,PUB.UKRLP.dbo.ProviderInstance,a97e2eb1-c959-4c26-8064-6961d76df731
20/01/2012,04079013,CHSS LIMITED,FALSE,Corporate Health & Safety Solutions,08/03/2011,10001424,null,PUB.UKRLP.dbo.ProviderInstance,a97e2eb1-c959-4c26-8064-6961d76df731
28/01/2009,03906828,CHUB BILSTHORPE RESOURCE CENTRE,FALSE,null,19/04/2007,10001425,null,PUB.UKRLP.dbo.ProviderInstance,a97e2eb1-c959-4c26-8064-6961d76df731
30/07/2009,03164881,THE CHURCH ROAD TRAINING SHOP LIMITED,FALSE,null,19/04/2007,10001426,null,PUB.UKRLP.dbo.ProviderInstance,a97e2eb1-c959-4c26-8064-6961d76df731
11/04/2019,null,CHURCHDOWN SCHOOL,FALSE,null,29/07/2005,10001427,115760,PUB.UKRLP.dbo.ProviderInstance,a97e2eb1-c959-4c26-8064-6961d76df731
02/09/2011,null,CHURCHFIELDS SCHOOL,FALSE,null,29/07/2005,10001428,126453,PUB.UKRLP.dbo.ProviderInstance,a97e2eb1-c959-4c26-8064-6961d76df731
null,null,CHURCHILL COMMUNITY COLLEGE,TRUE,null,10/10/2025,10001429,108641,PUB.UKRLP.dbo.ProviderInstance,a97e2eb1-c959-4c26-8064-6961d76df731
10/08/2011,null,CHURCHILL COMMUNITY FOUNDATION SCHOOL AND SIXTH FORM CENTRE,FALSE,null,04/04/2008,10001430,109312,PUB.UKRLP.dbo.ProviderInstance,a97e2eb1-c959-4c26-8064-6961d76df731
null,null,CHURCHMEAD CHURCH OF ENGLAND (VA) SCHOOL,TRUE,null,29/04/2026,10001431,133580,PUB.UKRLP.dbo.ProviderInstance,a97e2eb1-c959-4c26-8064-6961d76df731
19/01/2011,null,CHURSTON FERRERS GRAMMAR SCHOOL,FALSE,null,27/08/2009,10001432,113525,PUB.UKRLP.dbo.ProviderInstance,a97e2eb1-c959-4c26-8064-6961d76df731
31/07/2009,03966740,J4B PLC,FALSE,Ci Research,19/06/2007,10001433,null,PUB.UKRLP.dbo.ProviderInstance,a97e2eb1-c959-4c26-8064-6961d76df731
18/10/2017,03911396,CREATIVE INDUSTRIES DEVELOPMENT AGENCY,FALSE,CidaCo,17/07/2017,10001434,null,PUB.UKRLP.dbo.ProviderInstance,a97e2eb1-c959-4c26-8064-6961d76df731
23/06/2017,03595109,CIFT LIMITED,FALSE,null,23/03/2017,10001435,null,PUB.UKRLP.dbo.ProviderInstance,a97e2eb1-c959-4c26-8064-6961d76df731
null,null,CITB,TRUE,null,22/01/2019,10001436,null,PUB.UKRLP.dbo.ProviderInstance,a97e2eb1-c959-4c26-8064-6961d76df731
19/02/2014,05375352,C REALISATIONS 2011 LIMITED,FALSE,null,19/02/2014,10001437,null,PUB.UKRLP.dbo.ProviderInstance,a97e2eb1-c959-4c26-8064-6961d76df731
08/06/2018,02571867,CIMS CONSULTANCY LIMITED,FALSE,null,02/05/2018,10001438,null,PUB.UKRLP.dbo.ProviderInstance,a97e2eb1-c959-4c26-8064-6961d76df731
null,01691899,CIRCA LIMITED,TRUE,null,05/02/2024,10001439,null,PUB.UKRLP.dbo.ProviderInstance,a97e2eb1-c959-4c26-8064-6961d76df731
23/11/2006,03646420,CHEMICAL INDUSTRIES REGIONAL CENTRE OF EXCELLENCE (YORKSHIRE & HUMBERSIDE) LIMITED,FALSE,CIRCE LTD,29/09/2006,10001440,null,PUB.UKRLP.dbo.ProviderInstance,a97e2eb1-c959-4c26-8064-6961d76df731
null,02972700,CIRCLES NETWORK,TRUE,null,02/01/2026,10001441,null,PUB.UKRLP.dbo.ProviderInstance,a97e2eb1-c959-4c26-8064-6961d76df731
28/11/2007,05042625,CIRCUS EQUIPMENT AND SUPPLIES LIMITED,FALSE,Circomedia,19/04/2007,10001442,null,PUB.UKRLP.dbo.ProviderInstance,a97e2eb1-c959-4c26-8064-6961d76df731
null,03237314,CIRCULATION RECORDINGS LIMITED,TRUE,null,10/07/2025,10001443,null,PUB.UKRLP.dbo.ProviderInstance,a97e2eb1-c959-4c26-8064-6961d76df731
null,02553293,NATIONAL CENTRE FOR CIRCUS ARTS,TRUE,null,11/03/2026,10001444,null,PUB.UKRLP.dbo.ProviderInstance,a97e2eb1-c959-4c26-8064-6961d76df731
null,02388534,NEW BREWERY ARTS LIMITED,TRUE,Cirencester Brewery Arts,23/12/2025,10001445,null,PUB.UKRLP.dbo.ProviderInstance,a97e2eb1-c959-4c26-8064-6961d76df731
null,null,CIRENCESTER COLLEGE,TRUE,null,21/07/2026,10001446,130686,PUB.UKRLP.dbo.ProviderInstance,a97e2eb1-c959-4c26-8064-6961d76df731
14/11/2007,02814297,C.I.T.E. (ASSOCIATES) CITY LIMITED,FALSE,null,29/07/2005,10001447,null,PUB.UKRLP.dbo.ProviderInstance,a97e2eb1-c959-4c26-8064-6961d76df731
09/07/2007,02519328,C.I.T.E.E. LIMITED,FALSE,null,19/04/2007,10001448,null,PUB.UKRLP.dbo.ProviderInstance,a97e2eb1-c959-4c26-8064-6961d76df731
18/06/2018,04423956,CITIZEN 2000 LIMITED,FALSE,null,28/03/2018,10001449,null,PUB.UKRLP.dbo.ProviderInstance,a97e2eb1-c959-4c26-8064-6961d76df731
null,02351363,THE CITIZENSHIP FOUNDATION,TRUE,null,24/05/2024,10001450,null,PUB.UKRLP.dbo.ProviderInstance,a97e2eb1-c959-4c26-8064-6961d76df731
06/09/2016,null,CITY AND ISLINGTON COLLEGE,FALSE,null,27/07/2016,10001452,130409,PUB.UKRLP.dbo.ProviderInstance,a97e2eb1-c959-4c26-8064-6961d76df731
null,05181856,CITY ARTS (NOTTINGHAM) LTD.,TRUE,City Arts,10/06/2025,10001453,null,PUB.UKRLP.dbo.ProviderInstance,a97e2eb1-c959-4c26-8064-6961d76df731
06/07/2012,01846342,CITY BUSINESS COLLEGE LIMITED,FALSE,null,01/12/2011,10001454,null,PUB.UKRLP.dbo.ProviderInstance,a97e2eb1-c959-4c26-8064-6961d76df731
06/11/2007,02560052,CITY CENTRE TRAINING (NORTHERN) LIMITED,FALSE,null,19/04/2007,10001455,null,PUB.UKRLP.dbo.ProviderInstance,a97e2eb1-c959-4c26-8064-6961d76df731
08/11/2007,04389637,CITY AND COUNTY TRAINING LTD,FALSE,null,19/04/2007,10001456,null,PUB.UKRLP.dbo.ProviderInstance,a97e2eb1-c959-4c26-8064-6961d76df731
31/03/2017,null,CITY COLLEGE BRIGHTON AND HOVE,FALSE,null,18/01/2017,10001457,130663,PUB.UKRLP.dbo.ProviderInstance,a97e2eb1-c959-4c26-8064-6961d76df731
01/08/2017,null,CITY COLLEGE COVENTRY,FALSE,null,12/07/2017,10001458,130473,PUB.UKRLP.dbo.ProviderInstance,a97e2eb1-c959-4c26-8064-6961d76df731
02/09/2010,04478324,THE CITY COLLEGE OF LONDON (UK) LTD,FALSE,null,23/10/2009,10001459,null,PUB.UKRLP.dbo.ProviderInstance,a97e2eb1-c959-4c26-8064-6961d76df731
14/05/2015,null,"CITY COLLEGE, BIRMINGHAM",FALSE,City College Birmingham,11/06/2012,10001460,130465,PUB.UKRLP.dbo.ProviderInstance,a97e2eb1-c959-4c26-8064-6961d76df731
01/08/2008,null,CITY COLLEGE MANCHESTER,FALSE,null,04/10/2007,10001461,null,PUB.UKRLP.dbo.ProviderInstance,a97e2eb1-c959-4c26-8064-6961d76df731
09/07/2007,00424348,MIND (THE NATIONAL ASSOCIATION FOR MENTAL HEALTH),FALSE,City Hackney Mind,19/04/2007,10001462,null,PUB.UKRLP.dbo.ProviderInstance,a97e2eb1-c959-4c26-8064-6961d76df731
null,02471686,THE CITY LITERARY INSTITUTE,TRUE,City Lit,11/03/2026,10001463,130401,PUB.UKRLP.dbo.ProviderInstance,a97e2eb1-c959-4c26-8064-6961d76df731
null,null,WESTMINSTER CITY COUNCIL,TRUE,Westminster Adult Education Service,21/07/2026,10001464,null,PUB.UKRLP.dbo.ProviderInstance,a97e2eb1-c959-4c26-8064-6961d76df731
null,null,BATH COLLEGE,TRUE,null,21/07/2026,10001465,130558,PUB.UKRLP.dbo.ProviderInstance,a97e2eb1-c959-4c26-8064-6961d76df731
null,null,CITY OF BRISTOL COLLEGE,TRUE,null,21/07/2026,10001467,131094,PUB.UKRLP.dbo.ProviderInstance,a97e2eb1-c959-4c26-8064-6961d76df731
03/01/2012,null,ELY COLLEGE,FALSE,null,04/10/2011,10001468,110883,PUB.UKRLP.dbo.ProviderInstance,a97e2eb1-c959-4c26-8064-6961d76df731
07/08/2014,null,CITY OF LEEDS SCHOOL,FALSE,null,19/06/2014,10001469,108056,PUB.UKRLP.dbo.ProviderInstance,a97e2eb1-c959-4c26-8064-6961d76df731
30/10/2008,null,THE CITY OF LINCOLN COMMUNITY COLLEGE,FALSE,null,29/07/2005,10001470,null,PUB.UKRLP.dbo.ProviderInstance,a97e2eb1-c959-4c26-8064-6961d76df731
11/10/2010,02935662,CITY OF LONDON COLLEGE,FALSE,null,02/12/2008,10001471,null,PUB.UKRLP.dbo.ProviderInstance,a97e2eb1-c959-4c26-8064-6961d76df731
10/09/2014,null,CITY OF NORWICH SCHOOL,FALSE,null,20/06/2014,10001472,121172,PUB.UKRLP.dbo.ProviderInstance,a97e2eb1-c959-4c26-8064-6961d76df731
null,null,STOKE-ON-TRENT CITY COUNCIL,TRUE,Stoke On Trent Unitary Authority,21/07/2026,10001473,null,PUB.UKRLP.dbo.ProviderInstance,a97e2eb1-c959-4c26-8064-6961d76df731
08/09/2017,null,CITY OF STOKE-ON-TRENT SIXTH FORM COLLEGE,FALSE,null,07/08/2017,10001474,130817,PUB.UKRLP.dbo.ProviderInstance,a97e2eb1-c959-4c26-8064-6961d76df731
null,null,CITY OF SUNDERLAND COLLEGE,TRUE,null,21/07/2026,10001475,131347,PUB.UKRLP.dbo.ProviderInstance,a97e2eb1-c959-4c26-8064-6961d76df731
null,null,UNITED COLLEGES GROUP,TRUE,null,21/07/2026,10001476,130423,PUB.UKRLP.dbo.ProviderInstance,a97e2eb1-c959-4c26-8064-6961d76df731
null,null,CITY OF YORK COUNCIL,TRUE,City of York Council,21/07/2026,10001477,null,PUB.UKRLP.dbo.ProviderInstance,a97e2eb1-c959-4c26-8064-6961d76df731
null,RC000121,"CITY ST GEORGE'S, UNIVERSITY OF LONDON",TRUE,null,21/07/2026,10001478,133815,PUB.UKRLP.dbo.ProviderInstance,a97e2eb1-c959-4c26-8064-6961d76df731
18/10/2007,03255571,CIVIC TRUST ENTERPRISES LIMITED,FALSE,null,27/03/2007,10001479,null,PUB.UKRLP.dbo.ProviderInstance,a97e2eb1-c959-4c26-8064-6961d76df731
29/09/2014,03241403,CKW TRAINING CONSULTANTS LIMITED,FALSE,null,25/06/2014,10001480,null,PUB.UKRLP.dbo.ProviderInstance,a97e2eb1-c959-4c26-8064-6961d76df731
11/04/2019,null,CLACTON COUNTY HIGH SCHOOL,FALSE,null,29/07/2005,10001481,115360,PUB.UKRLP.dbo.ProviderInstance,a97e2eb1-c959-4c26-8064-6961d76df731
null,03680796,CLAIRES COURT SCHOOLS,TRUE,null,14/07/2026,10001482,110153,PUB.UKRLP.dbo.ProviderInstance,a97e2eb1-c959-4c26-8064-6961d76df731
04/03/2011,01425813,CLARE MAXWELL-HUDSON LIMITED,FALSE,The Clare Maxwell-Hudson School of Massage,20/04/2007,10001483,null,PUB.UKRLP.dbo.ProviderInstance,a97e2eb1-c959-4c26-8064-6961d76df731
null,01262373,CLAREMONT FAN COURT SCHOOL,TRUE,null,12/10/2025,10001484,125334,PUB.UKRLP.dbo.ProviderInstance,a97e2eb1-c959-4c26-8064-6961d76df731
05/04/2011,null,CLAREMONT HIGH SCHOOL,FALSE,null,29/07/2005,10001485,101557,PUB.UKRLP.dbo.ProviderInstance,a97e2eb1-c959-4c26-8064-6961d76df731
10/01/2011,null,CLARENDON HOUSE GRAMMAR SCHOOL,FALSE,null,29/07/2005,10001486,118809,PUB.UKRLP.dbo.ProviderInstance,a97e2eb1-c959-4c26-8064-6961d76df731
30/07/2009,04282748,CLARITY ADVISORS GROUP LTD,FALSE,null,27/03/2007,10001487,null,PUB.UKRLP.dbo.ProviderInstance,a97e2eb1-c959-4c26-8064-6961d76df731
null,03843351,CLARKSON EVANS LIMITED,TRUE,null,26/04/2026,10001488,null,PUB.UKRLP.dbo.ProviderInstance,a97e2eb1-c959-4c26-8064-6961d76df731
17/03/2014,03329811,"COMPUTER, LEGAL AND ADMINISTRATIVE SERVICES LIMITED",FALSE,Clas Training Services Ltd.,02/12/2011,10001489,null,PUB.UKRLP.dbo.ProviderInstance,a97e2eb1-c959-4c26-8064-6961d76df731
null,null,CLASS COMMUNITY ASSOCIATION,TRUE,null,06/06/2018,10001490,null,PUB.UKRLP.dbo.ProviderInstance,a97e2eb1-c959-4c26-8064-6961d76df731
null,03256249,CLASSIC SAILING LIMITED,TRUE,null,26/11/2023,10001491,null,PUB.UKRLP.dbo.ProviderInstance,a97e2eb1-c959-4c26-8064-6961d76df731
null,null,CLAVERHAM COMMUNITY COLLEGE,TRUE,null,10/10/2025,10001492,114584,PUB.UKRLP.dbo.ProviderInstance,a97e2eb1-c959-4c26-8064-6961d76df731
19/01/2018,SC103428,THE CLAVERHOUSE GROUP,FALSE,null,11/09/2017,10001493,null,PUB.UKRLP.dbo.ProviderInstance,a97e2eb1-c959-4c26-8064-6961d76df731
06/06/2017,null,CLAYDON HIGH SCHOOL,FALSE,null,12/05/2017,10001494,124846,PUB.UKRLP.dbo.ProviderInstance,a97e2eb1-c959-4c26-8064-6961d76df731
25/02/2016,05206707,CLEAR THINKING UK LIMITED,FALSE,null,24/01/2016,10001495,null,PUB.UKRLP.dbo.ProviderInstance,a97e2eb1-c959-4c26-8064-6961d76df731
null,04094782,CLEARER THOUGHTS LIMITED,TRUE,null,22/05/2026,10001496,null,PUB.UKRLP.dbo.ProviderInstance,a97e2eb1-c959-4c26-8064-6961d76df731
06/11/2007,04796036,CLEARSTONE TRAINING AND RECRUITING LIMITED,FALSE,null,20/04/2007,10001497,null,PUB.UKRLP.dbo.ProviderInstance,a97e2eb1-c959-4c26-8064-6961d76df731
null,01897176,PHOENIX ENTERPRISE CENTRE COMMUNITY INTEREST COMPANY,TRUE,null,26/04/2026,10001498,null,PUB.UKRLP.dbo.ProviderInstance,a97e2eb1-c959-4c26-8064-6961d76df731
07/06/2006,null,CLEEVE PARK SCHOOL,FALSE,null,29/07/2005,10001499,null,PUB.UKRLP.dbo.ProviderInstance,a97e2eb1-c959-4c26-8064-6961d76df731
03/06/2011,null,CLEEVE SCHOOL,FALSE,null,29/07/2005,10001500,115722,PUB.UKRLP.dbo.ProviderInstance,a97e2eb1-c959-4c26-8064-6961d76df731
11/04/2019,null,CLEVEDON SCHOOL,FALSE,null,14/12/2009,10001501,132006,PUB.UKRLP.dbo.ProviderInstance,a97e2eb1-c959-4c26-8064-6961d76df731
02/09/2010,01769849,CLEVELAND ACCREDITED TRAINING CENTRE LIMITED,FALSE,CATC,20/04/2007,10001502,null,PUB.UKRLP.dbo.ProviderInstance,a97e2eb1-c959-4c26-8064-6961d76df731
null,null,THE NORTHERN SCHOOL OF ART,TRUE,null,21/07/2026,10001503,130571,PUB.UKRLP.dbo.ProviderInstance,a97e2eb1-c959-4c26-8064-6961d76df731
04/03/2011,00881158,CLEVELAND FLYING SCHOOL LIMITED,FALSE,null,08/09/2010,10001504,null,PUB.UKRLP.dbo.ProviderInstance,a97e2eb1-c959-4c26-8064-6961d76df731
03/04/2007,02114550,CLEVELAND INNOVATION,FALSE,null,05/09/2006,10001505,null,PUB.UKRLP.dbo.ProviderInstance,a97e2eb1-c959-4c26-8064-6961d76df731
28/01/2009,03024727,C L G (GREAT BRITAIN) LIMITED,FALSE,CLG (Great Britain) Ltd,20/04/2007,10001506,null,PUB.UKRLP.dbo.ProviderInstance,a97e2eb1-c959-4c26-8064-6961d76df731
19/07/2011,03574902,CLICKHERE LIMITED,FALSE,null,20/04/2007,10001507,null,PUB.UKRLP.dbo.ProviderInstance,a97e2eb1-c959-4c26-8064-6961d76df731
05/01/2011,null,CLITHEROE ROYAL GRAMMAR SCHOOL,FALSE,null,29/07/2005,10001508,119812,PUB.UKRLP.dbo.ProviderInstance,a97e2eb1-c959-4c26-8064-6961d76df731
07/01/2009,NI036929,CLOGHER VALLEY I.T. CENTRE LTD,FALSE,Clogher It Centre,19/05/2008,10001509,null,PUB.UKRLP.dbo.ProviderInstance,a97e2eb1-c959-4c26-8064-6961d76df731
30/01/2015,null,THE KING'S COFE (A) SCHOOL,FALSE,null,14/01/2015,10001510,124403,PUB.UKRLP.dbo.ProviderInstance,a97e2eb1-c959-4c26-8064-6961d76df731
06/04/2011,null,CLYST VALE COMMUNITY COLLEGE,FALSE,null,29/07/2005,10001511,113501,PUB.UKRLP.dbo.ProviderInstance,a97e2eb1-c959-4c26-8064-6961d76df731
null,01967704,COMMUNITY MUSIC LIMITED,TRUE,CM,30/09/2025,10001512,null,PUB.UKRLP.dbo.ProviderInstance,a97e2eb1-c959-4c26-8064-6961d76df731
05/01/2015,01251756,CENTRAL MILTON KEYNES SHOPPING MANAGEMENT COMPANY LIMITED,FALSE,CMK Shopping Management,29/09/2014,10001513,null,PUB.UKRLP.dbo.ProviderInstance,a97e2eb1-c959-4c26-8064-6961d76df731
null,00370721,INFORMA MARKETS (UK) LIMITED,TRUE,null,22/05/2026,10001514,null,PUB.UKRLP.dbo.ProviderInstance,a97e2eb1-c959-4c26-8064-6961d76df731
null,04108137,C.M.S. VOCATIONAL TRAINING LIMITED,TRUE,null,24/08/2024,10001515,null,PUB.UKRLP.dbo.ProviderInstance,a97e2eb1-c959-4c26-8064-6961d76df731
10/02/2017,03902997,CO-OPERATIVE COMMUNITY ACTION LTD,FALSE,null,09/01/2017,10001516,null,PUB.UKRLP.dbo.ProviderInstance,a97e2eb1-c959-4c26-8064-6961d76df731
26/01/2009,03184228,CO-OPERATIVE SOLUTIONS LIMITED,FALSE,null,20/04/2007,10001517,null,PUB.UKRLP.dbo.ProviderInstance,a97e2eb1-c959-4c26-8064-6961d76df731
12/12/2011,04865597,COACHING 4 DEVELOPMENT LIMITED,FALSE,null,20/04/2007,10001518,null,PUB.UKRLP.dbo.ProviderInstance,a97e2eb1-c959-4c26-8064-6961d76df731
02/09/2010,NI041371,COACHING NORTHERN IRELAND LIMITED,FALSE,null,15/10/2009,10001519,null,PUB.UKRLP.dbo.ProviderInstance,a97e2eb1-c959-4c26-8064-6961d76df731
26/09/2025,05144355,COALITION OF DISABLED PEOPLE SOUTH DEVON,FALSE,null,18/04/2025,10001520,null,PUB.UKRLP.dbo.ProviderInstance,a97e2eb1-c959-4c26-8064-6961d76df731
26/05/2015,04201099,COAST & COUNTRY HOUSING LIMITED,FALSE,null,22/03/2015,10001521,null,PUB.UKRLP.dbo.ProviderInstance,a97e2eb1-c959-4c26-8064-6961d76df731
05/06/2009,05101860,COATES FOOD INDUSTRY TRAINING LTD,FALSE,null,20/04/2007,10001522,null,PUB.UKRLP.dbo.ProviderInstance,a97e2eb1-c959-4c26-8064-6961d76df731
13/01/2014,04360560,COBALT EDUCATION LIMITED,FALSE,null,21/09/2010,10001523,null,PUB.UKRLP.dbo.ProviderInstance,a97e2eb1-c959-4c26-8064-6961d76df731
null,null,COBHAM HALL,TRUE,null,24/09/2025,10001524,118991,PUB.UKRLP.dbo.ProviderInstance,a97e2eb1-c959-4c26-8064-6961d76df731
null,03158023,THE COBNOR ACTIVITIES CENTRE TRUST,TRUE,Cobnor Activities Centre,21/01/2026,10001525,null,PUB.UKRLP.dbo.ProviderInstance,a97e2eb1-c959-4c26-8064-6961d76df731
null,00027173,COCA-COLA EUROPACIFIC PARTNERS GREAT BRITAIN LIMITED,TRUE,null,17/10/2025,10001526,null,PUB.UKRLP.dbo.ProviderInstance,a97e2eb1-c959-4c26-8064-6961d76df731
12/02/2016,null,COCKBURN SCHOOL,FALSE,null,10/01/2016,10001527,108065,PUB.UKRLP.dbo.ProviderInstance,a97e2eb1-c959-4c26-8064-6961d76df731
15/09/2015,null,COCKERMOUTH SCHOOL,FALSE,null,10/07/2015,10001528,112381,PUB.UKRLP.dbo.ProviderInstance,a97e2eb1-c959-4c26-8064-6961d76df731
05/10/2016,null,COCKSHUT HILL TECHNOLOGY COLLEGE,FALSE,null,27/07/2016,10001529,103513,PUB.UKRLP.dbo.ProviderInstance,a97e2eb1-c959-4c26-8064-6961d76df731
null,null,CODSALL COMMUNITY HIGH SCHOOL,TRUE,null,10/10/2025,10001530,124400,PUB.UKRLP.dbo.ProviderInstance,a97e2eb1-c959-4c26-8064-6961d76df731
null,SC129351,COGENT SSC LIMITED,TRUE,null,28/01/2026,10001531,null,PUB.UKRLP.dbo.ProviderInstance,a97e2eb1-c959-4c26-8064-6961d76df731
21/09/2009,null,COLBAYNS HIGH SCHOOL,FALSE,null,11/08/2006,10001532,null,PUB.UKRLP.dbo.ProviderInstance,a97e2eb1-c959-4c26-8064-6961d76df731
11/04/2019,null,COLCHESTER COUNTY HIGH SCHOOL FOR GIRLS,FALSE,null,29/07/2005,10001533,115370,PUB.UKRLP.dbo.ProviderInstance,a97e2eb1-c959-4c26-8064-6961d76df731
null,null,COLCHESTER INSTITUTE,TRUE,null,21/07/2026,10001535,130674,PUB.UKRLP.dbo.ProviderInstance,a97e2eb1-c959-4c26-8064-6961d76df731
11/04/2019,null,COLCHESTER ROYAL GRAMMAR SCHOOL,FALSE,null,29/07/2005,10001536,115359,PUB.UKRLP.dbo.ProviderInstance,a97e2eb1-c959-4c26-8064-6961d76df731
null,04238742,EAST SERVICES LIMITED,TRUE,Colchester Training Services,22/05/2026,10001537,null,PUB.UKRLP.dbo.ProviderInstance,a97e2eb1-c959-4c26-8064-6961d76df731
null,01215997,COLEG ELIDYR,TRUE,null,12/10/2025,10001538,402189,PUB.UKRLP.dbo.ProviderInstance,a97e2eb1-c959-4c26-8064-6961d76df731
null,02966536,THE COLLEGE OF ANIMAL WELFARE LIMITED,TRUE,The College of Animal Welfare,12/11/2025,10001539,null,PUB.UKRLP.dbo.ProviderInstance,a97e2eb1-c959-4c26-8064-6961d76df731
null,04036971,THE COLLEGE OF AYURVEDA (UK) LIMITED,TRUE,College of Ayurveda (UK) Milton Keynes,26/10/2024,10001540,null,PUB.UKRLP.dbo.ProviderInstance,a97e2eb1-c959-4c26-8064-6961d76df731
null,03212024,THE COLLEGE OF CENTRAL LONDON LTD.,TRUE,College of Central London,26/10/2024,10001541,null,PUB.UKRLP.dbo.ProviderInstance,a97e2eb1-c959-4c26-8064-6961d76df731
06/10/2010,05573371,CCM (LONDON) LIMITED,FALSE,null,08/09/2010,10001542,null,PUB.UKRLP.dbo.ProviderInstance,a97e2eb1-c959-4c26-8064-6961d76df731
30/01/2019,05090047,THE COLLEGE OF CHINESE PHYSICAL CULTURE,FALSE,null,11/11/2018,10001543,null,PUB.UKRLP.dbo.ProviderInstance,a97e2eb1-c959-4c26-8064-6961d76df731
27/11/2015,SC140041,THE COLLEGE OF HOLISTIC MEDICINE,FALSE,null,25/08/2015,10001545,null,PUB.UKRLP.dbo.ProviderInstance,a97e2eb1-c959-4c26-8064-6961d76df731
null,02868027,THE COLLEGE OF INTEGRATED CHINESE MEDICINE,TRUE,College of Integrated Chinese Medicine,26/10/2024,10001546,null,PUB.UKRLP.dbo.ProviderInstance,a97e2eb1-c959-4c26-8064-6961d76df731
05/10/2016,04683919,THE COLLEGE OF NATURAL NUTRITION  LIMITED,FALSE,College Of Natural Nutrition U.K.,21/07/2016,10001547,null,PUB.UKRLP.dbo.ProviderInstance,a97e2eb1-c959-4c26-8064-6961d76df731
10/11/2017,null,"COLLEGE OF HARINGEY, ENFIELD AND NORTH-EAST LONDON, THE",FALSE,"The College of Haringey, Enfield and North-East London",12/07/2017,10001548,130439,PUB.UKRLP.dbo.ProviderInstance,a97e2eb1-c959-4c26-8064-6961d76df731
27/06/2019,null,"COLLEGE OF NORTH WEST LONDON, THE",FALSE,The College of North West London,18/01/2017,10001549,130429,PUB.UKRLP.dbo.ProviderInstance,a97e2eb1-c959-4c26-8064-6961d76df731
12/09/2025,null,THE COLLEGE OF RICHARD COLLYER IN HORSHAM,FALSE,null,09/07/2025,10001550,130847,PUB.UKRLP.dbo.ProviderInstance,a97e2eb1-c959-4c26-8064-6961d76df731
null,04342467,COLLEGE OF TECHNOLOGY LONDON LIMITED,TRUE,"College of Technology, London",16/05/2024,10001551,null,PUB.UKRLP.dbo.ProviderInstance,a97e2eb1-c959-4c26-8064-6961d76df731
10/01/2012,02949198,THE COLLEGE OF TRADITIONAL ACUPUNCTURE,FALSE,null,10/01/2012,10001552,null,PUB.UKRLP.dbo.ProviderInstance,a97e2eb1-c959-4c26-8064-6961d76df731
29/05/2014,04266979,COLLEGE OF VENEREAL DISEASE PREVENTION LIMITED,FALSE,null,01/04/2014,10001553,null,PUB.UKRLP.dbo.ProviderInstance,a97e2eb1-c959-4c26-8064-6961d76df731
23/11/2006,null,COLLENSWOOD SCHOOL,FALSE,null,29/07/2005,10001555,null,PUB.UKRLP.dbo.ProviderInstance,a97e2eb1-c959-4c26-8064-6961d76df731
04/07/2011,null,COLLINGWOOD COLLEGE,FALSE,null,15/08/2006,10001556,125301,PUB.UKRLP.dbo.ProviderInstance,a97e2eb1-c959-4c26-8064-6961d76df731
null,00120836,COLNE YACHT CLUB LIMITED,TRUE,null,14/09/2024,10001557,null,PUB.UKRLP.dbo.ProviderInstance,a97e2eb1-c959-4c26-8064-6961d76df731
10/11/2022,null,COLOMA CONVENT GIRLS' SCHOOL,FALSE,null,11/08/2022,10001558,101823,PUB.UKRLP.dbo.ProviderInstance,a97e2eb1-c959-4c26-8064-6961d76df731
16/10/2017,null,COLONEL FRANK SEELY COMPREHENSIVE SCHOOL,FALSE,null,18/08/2017,10001559,122867,PUB.UKRLP.dbo.ProviderInstance,a97e2eb1-c959-4c26-8064-6961d76df731
24/10/2014,02032078,COLOURFLAIR STUDIOS LIMITED,FALSE,null,25/07/2014,10001560,null,PUB.UKRLP.dbo.ProviderInstance,a97e2eb1-c959-4c26-8064-6961d76df731
null,null,COLLEGIATE SCHOOL,TRUE,null,20/05/2026,10001561,109336,PUB.UKRLP.dbo.ProviderInstance,a97e2eb1-c959-4c26-8064-6961d76df731
24/02/2014,02792527,COLSTONS GIRLS' SCHOOL,FALSE,null,24/02/2014,10001562,135581,PUB.UKRLP.dbo.ProviderInstance,a97e2eb1-c959-4c26-8064-6961d76df731
15/05/2014,01372824,COLT CARS MID-WEST LIMITED,FALSE,Colt Car Company,12/03/2014,10001563,null,PUB.UKRLP.dbo.ProviderInstance,a97e2eb1-c959-4c26-8064-6961d76df731
null,null,COLTON HILLS COMMUNITY SCHOOL,TRUE,null,05/07/2024,10001564,104395,PUB.UKRLP.dbo.ProviderInstance,a97e2eb1-c959-4c26-8064-6961d76df731
02/03/2011,04671430,COLUMBIA COMMONWEALTH COLLEGE LIMITED,FALSE,null,20/04/2007,10001565,null,PUB.UKRLP.dbo.ProviderInstance,a97e2eb1-c959-4c26-8064-6961d76df731
10/01/2011,null,COLYTON GRAMMAR SCHOOL,FALSE,null,29/07/2005,10001566,113555,PUB.UKRLP.dbo.ProviderInstance,a97e2eb1-c959-4c26-8064-6961d76df731
null,NI032742,COM CUBED LTD,TRUE,null,26/04/2026,10001567,null,PUB.UKRLP.dbo.ProviderInstance,a97e2eb1-c959-4c26-8064-6961d76df731
16/07/2025,04671436,COMEDY PEOPLE LIMITED,FALSE,null,24/03/2025,10001568,null,PUB.UKRLP.dbo.ProviderInstance,a97e2eb1-c959-4c26-8064-6961d76df731
08/05/2017,04622257,FIT TO FILL LTD,FALSE,Comedyworks Writing Workshops,25/01/2017,10001569,null,PUB.UKRLP.dbo.ProviderInstance,a97e2eb1-c959-4c26-8064-6961d76df731
null,04608631,COMMERCIAL LANGUAGE TRAINING LIMITED,TRUE,null,10/03/2026,10001570,null,PUB.UKRLP.dbo.ProviderInstance,a97e2eb1-c959-4c26-8064-6961d76df731
03/02/2020,04294177,COMMERCIAL SKILLS LIMITED,FALSE,null,02/12/2019,10001571,null,PUB.UKRLP.dbo.ProviderInstance,a97e2eb1-c959-4c26-8064-6961d76df731
null,03839268,COMMODORE YACHTING LIMITED,TRUE,null,23/06/2025,10001572,null,PUB.UKRLP.dbo.ProviderInstance,a97e2eb1-c959-4c26-8064-6961d76df731
02/03/2011,04583015,COMMONWEALTH LAW COLLEGE LIMITED,FALSE,null,20/04/2007,10001573,null,PUB.UKRLP.dbo.ProviderInstance,a97e2eb1-c959-4c26-8064-6961d76df731
null,03233384,LEARNLIGHT UK LIMITED,TRUE,null,02/09/2025,10001574,null,PUB.UKRLP.dbo.ProviderInstance,a97e2eb1-c959-4c26-8064-6961d76df731
06/11/2013,02649452,COMMUNICATION SKILLS EUROPE LIMITED,FALSE,null,11/08/2009,10001575,null,PUB.UKRLP.dbo.ProviderInstance,a97e2eb1-c959-4c26-8064-6961d76df731
null,null,COMMUNICATION WORKERS UNION,TRUE,null,21/07/2026,10001576,null,PUB.UKRLP.dbo.ProviderInstance,a97e2eb1-c959-4c26-8064-6961d76df731
08/11/2007,02326665,COMMUNIQUE GRAPHICS AND PRINT LIMITED,FALSE,null,29/09/2006,10001577,null,PUB.UKRLP.dbo.ProviderInstance,a97e2eb1-c959-4c26-8064-6961d76df731
09/07/2007,03555865,COMMUNITY ACTION FURNESS,FALSE,null,20/04/2007,10001578,null,PUB.UKRLP.dbo.ProviderInstance,a97e2eb1-c959-4c26-8064-6961d76df731
null,03655201,COMMUNITY ACTION PROJECT,TRUE,null,08/04/2026,10001579,null,PUB.UKRLP.dbo.ProviderInstance,a97e2eb1-c959-4c26-8064-6961d76df731
22/06/2011,03860145,COMMUNITY CAREERS CENTRE,FALSE,null,04/03/2011,10001580,null,PUB.UKRLP.dbo.ProviderInstance,a97e2eb1-c959-4c26-8064-6961d76df731
null,null,"THE COMMUNITY COLLEGE, BISHOP'S CASTLE",TRUE,null,25/10/2025,10001581,123564,PUB.UKRLP.dbo.ProviderInstance,a97e2eb1-c959-4c26-8064-6961d76df731
null,03541219,THE COMMUNITY COUNCIL FOR SOMERSET,TRUE,null,25/02/2024,10001582,null,PUB.UKRLP.dbo.ProviderInstance,a97e2eb1-c959-4c26-8064-6961d76df731
null,03694095,COMMUNITY COUNCIL OF DEVON,TRUE,Devon Communities Together,14/12/2025,10001583,null,PUB.UKRLP.dbo.ProviderInstance,a97e2eb1-c959-4c26-8064-6961d76df731
null,04652487,THE COMMUNITY COUNCIL OF SHROPSHIRE,TRUE,null,26/11/2023,10001584,null,PUB.UKRLP.dbo.ProviderInstance,a97e2eb1-c959-4c26-8064-6961d76df731
null,03436611,CERT C.I.C.,TRUE,null,02/02/2026,10001585,null,PUB.UKRLP.dbo.ProviderInstance,a97e2eb1-c959-4c26-8064-6961d76df731
02/04/2007,03924389,COMMUNITY EDUCATION AND TRAINING NETWORK LIMITED,FALSE,null,29/09/2006,10001586,null,PUB.UKRLP.dbo.ProviderInstance,a97e2eb1-c959-4c26-8064-6961d76df731
18/12/2008,null,COMMUNITY EDUCATION DEVELOPMENT CENTRE,FALSE,null,29/07/2005,10001587,null,PUB.UKRLP.dbo.ProviderInstance,a97e2eb1-c959-4c26-8064-6961d76df731
null,02504158,COMMUNITY FIRST IN HEREFORDSHIRE & WORCESTERSHIRE,TRUE,null,13/10/2024,10001588,null,PUB.UKRLP.dbo.ProviderInstance,a97e2eb1-c959-4c26-8064-6961d76df731
08/11/2007,05026872,COMMUNITY INITIATIVE LIMITED,FALSE,null,21/04/2007,10001589,null,PUB.UKRLP.dbo.ProviderInstance,a97e2eb1-c959-4c26-8064-6961d76df731
null,02661182,COMMUNITY LINKS TRUST LIMITED,TRUE,null,17/07/2026,10001590,null,PUB.UKRLP.dbo.ProviderInstance,a97e2eb1-c959-4c26-8064-6961d76df731
null,03020127,COMMUNITY LINKS BROMLEY,TRUE,null,17/07/2026,10001591,null,PUB.UKRLP.dbo.ProviderInstance,a97e2eb1-c959-4c26-8064-6961d76df731
19/07/2011,04219113,COMMUNITY MEDIATION SERVICES RHONDDA CYNON TAF,FALSE,null,21/04/2007,10001592,null,PUB.UKRLP.dbo.ProviderInstance,a97e2eb1-c959-4c26-8064-6961d76df731
28/09/2018,02186012,COMMUNITY MUSIC EAST LIMITED,FALSE,null,14/08/2018,10001593,null,PUB.UKRLP.dbo.ProviderInstance,a97e2eb1-c959-4c26-8064-6961d76df731
28/01/2009,04046092,COMMUNITY ORGANISATIONS FORUM,FALSE,null,21/04/2007,10001594,null,PUB.UKRLP.dbo.ProviderInstance,a97e2eb1-c959-4c26-8064-6961d76df731
09/07/2007,05184111,COMMUNITY PARTNERS FOR LEARNING,FALSE,null,21/04/2007,10001595,null,PUB.UKRLP.dbo.ProviderInstance,a97e2eb1-c959-4c26-8064-6961d76df731
02/01/2022,03804033,COMMUNITY REGENERATION PARTNERSHIP LIMITED,FALSE,null,05/12/2021,10001596,null,PUB.UKRLP.dbo.ProviderInstance,a97e2eb1-c959-4c26-8064-6961d76df731
13/12/2011,03936585,COMMUNITY REGENERATION TRUST NORTH EAST,FALSE,null,13/12/2011,10001597,null,PUB.UKRLP.dbo.ProviderInstance,a97e2eb1-c959-4c26-8064-6961d76df731
20/03/2007,03949962,COMMUNITY REGENERATION YORK,FALSE,null,29/09/2006,10001598,null,PUB.UKRLP.dbo.ProviderInstance,a97e2eb1-c959-4c26-8064-6961d76df731
24/10/2019,04456129,COMMUNITY SERVER,FALSE,null,24/08/2019,10001599,null,PUB.UKRLP.dbo.ProviderInstance,a97e2eb1-c959-4c26-8064-6961d76df731
12/05/2008,02916230,COMMUNITY SOLUTIONS LTD.,FALSE,null,28/03/2007,10001601,null,PUB.UKRLP.dbo.ProviderInstance,a97e2eb1-c959-4c26-8064-6961d76df731
null,03830791,COMMUNITY TRAINING SERVICES LIMITED,TRUE,null,17/07/2026,10001602,null,PUB.UKRLP.dbo.ProviderInstance,a97e2eb1-c959-4c26-8064-6961d76df731
25/10/2013,03280403,THE COMMUNITY WORK ASSESSMENT CONSORTIUM FOR NORTH EAST ENGLAND,FALSE,null,04/04/2013,10001603,null,PUB.UKRLP.dbo.ProviderInstance,a97e2eb1-c959-4c26-8064-6961d76df731
26/01/2009,03876709,COMPARE COMMUNITY BUSINESS LTD,FALSE,null,21/04/2007,10001604,null,PUB.UKRLP.dbo.ProviderInstance,a97e2eb1-c959-4c26-8064-6961d76df731
null,SC271852,COMPASS EDUCATION LIMITED,TRUE,Compass Education and Training,17/07/2026,10001605,null,PUB.UKRLP.dbo.ProviderInstance,a97e2eb1-c959-4c26-8064-6961d76df731
null,04542045,COMPASS HSC LIMITED,TRUE,null,11/03/2024,10001606,null,PUB.UKRLP.dbo.ProviderInstance,a97e2eb1-c959-4c26-8064-6961d76df731
06/07/2007,03147400,COMPLETE CASE MANAGEMENT HOLDINGS LIMITED,FALSE,Complete Group,21/04/2007,10001607,null,PUB.UKRLP.dbo.ProviderInstance,a97e2eb1-c959-4c26-8064-6961d76df731
12/11/2010,04061097,COMPUPEOPLE (UK) LIMITED,FALSE,null,21/04/2007,10001608,null,PUB.UKRLP.dbo.ProviderInstance,a97e2eb1-c959-4c26-8064-6961d76df731
30/07/2023,01242854,COMPUTEACH INTERNATIONAL LIMITED,FALSE,null,09/05/2023,10001609,null,PUB.UKRLP.dbo.ProviderInstance,a97e2eb1-c959-4c26-8064-6961d76df731
null,04398683,COMPUTER FRIENDLY ST ALBANS,TRUE,null,22/04/2024,10001610,null,PUB.UKRLP.dbo.ProviderInstance,a97e2eb1-c959-4c26-8064-6961d76df731
17/12/2009,03861366,COMPUTER FUTURE U.K. LIMITED,FALSE,null,19/05/2008,10001611,null,PUB.UKRLP.dbo.ProviderInstance,a97e2eb1-c959-4c26-8064-6961d76df731
null,03091483,IXION CG LIMITED,TRUE,null,07/11/2025,10001612,null,PUB.UKRLP.dbo.ProviderInstance,a97e2eb1-c959-4c26-8064-6961d76df731
20/03/2007,02206562,COMPUTER LITERACY LIMITED,FALSE,null,29/09/2006,10001613,null,PUB.UKRLP.dbo.ProviderInstance,a97e2eb1-c959-4c26-8064-6961d76df731
03/04/2007,03540371,COMPUTER TRAINING CENTRE (LONDON) LIMITED,FALSE,null,29/09/2006,10001614,null,PUB.UKRLP.dbo.ProviderInstance,a97e2eb1-c959-4c26-8064-6961d76df731
03/08/2016,NI039824,DERAMORE COMPUTER TUTOR LTD,FALSE,Computer Tutor,27/06/2016,10001615,null,PUB.UKRLP.dbo.ProviderInstance,a97e2eb1-c959-4c26-8064-6961d76df731
null,02753460,COMPUTERWORLD (WALES) LIMITED,TRUE,null,14/09/2024,10001616,null,PUB.UKRLP.dbo.ProviderInstance,a97e2eb1-c959-4c26-8064-6961d76df731
null,02767512,COMPUTERWORLD (TRAINING) LTD,TRUE,null,20/03/2025,10001617,null,PUB.UKRLP.dbo.ProviderInstance,a97e2eb1-c959-4c26-8064-6961d76df731
29/02/2012,04081781,CONCENTRIKA LIMITED,FALSE,null,05/12/2011,10001618,null,PUB.UKRLP.dbo.ProviderInstance,a97e2eb1-c959-4c26-8064-6961d76df731
null,03588378,CONCEPT TRAINING LIMITED,TRUE,null,14/09/2024,10001619,null,PUB.UKRLP.dbo.ProviderInstance,a97e2eb1-c959-4c26-8064-6961d76df731
null,03871087,CHERRY BLUE UK LIMITED,TRUE,Cherryblue UK,25/01/2025,10001620,null,PUB.UKRLP.dbo.ProviderInstance,a97e2eb1-c959-4c26-8064-6961d76df731
null,01076552,CONCORDE (INTERNATIONAL) SUMMER SCHOOLS LIMITED,TRUE,Concorde International,13/04/2026,10001621,null,PUB.UKRLP.dbo.ProviderInstance,a97e2eb1-c959-4c26-8064-6961d76df731
19/07/2011,03108980,CONEY HILL NEIGHBOURHOOD PROJECT,FALSE,null,08/03/2011,10001622,null,PUB.UKRLP.dbo.ProviderInstance,a97e2eb1-c959-4c26-8064-6961d76df731
12/11/2010,04418459,CONFEDERATION OF INDIAN ORGANISATIONS (UK),FALSE,null,08/09/2010,10001623,null,PUB.UKRLP.dbo.ProviderInstance,a97e2eb1-c959-4c26-8064-6961d76df731
20/03/2007,04181161,CONFIDENCE LAB LIMITED,FALSE,null,29/09/2006,10001624,null,PUB.UKRLP.dbo.ProviderInstance,a97e2eb1-c959-4c26-8064-6961d76df731
null,02280051,CONFINED SPACES TRAINING SERVICES LIMITED,TRUE,null,17/07/2026,10001625,null,PUB.UKRLP.dbo.ProviderInstance,a97e2eb1-c959-4c26-8064-6961d76df731
09/05/2022,04704670,CONFLICT SOLUTIONS LIMITED,FALSE,null,26/03/2022,10001626,null,PUB.UKRLP.dbo.ProviderInstance,a97e2eb1-c959-4c26-8064-6961d76df731
01/04/2009,null,CONGLETON BOROUGH COUNCIL,FALSE,null,06/01/2009,10001627,null,PUB.UKRLP.dbo.ProviderInstance,a97e2eb1-c959-4c26-8064-6961d76df731
17/05/2012,null,CONGLETON DISTRICT VOLUNTARY ACTION,FALSE,CVS/VB,17/05/2012,10001628,null,PUB.UKRLP.dbo.ProviderInstance,a97e2eb1-c959-4c26-8064-6961d76df731
06/04/2011,null,CONGLETON HIGH SCHOOL,FALSE,null,03/04/2009,10001629,132748,PUB.UKRLP.dbo.ProviderInstance,a97e2eb1-c959-4c26-8064-6961d76df731
04/03/2011,03184319,CONNAUGHT PLC,FALSE,null,02/02/2009,10001630,null,PUB.UKRLP.dbo.ProviderInstance,a97e2eb1-c959-4c26-8064-6961d76df731
null,null,CONNECT,TRUE,null,06/06/2018,10001631,null,PUB.UKRLP.dbo.ProviderInstance,a97e2eb1-c959-4c26-8064-6961d76df731
03/04/2007,04096723,CONNECTED 2 LTD.,FALSE,null,05/09/2006,10001632,null,PUB.UKRLP.dbo.ProviderInstance,a97e2eb1-c959-4c26-8064-6961d76df731
02/03/2011,01988355,CONNECTIONS COMMUNICATIONS CENTRE LTD,FALSE,null,02/02/2009,10001633,null,PUB.UKRLP.dbo.ProviderInstance,a97e2eb1-c959-4c26-8064-6961d76df731
12/03/2010,04796090,CONNECTIVITY LIMITED,FALSE,null,22/12/2009,10001634,null,PUB.UKRLP.dbo.ProviderInstance,a97e2eb1-c959-4c26-8064-6961d76df731
27/07/2021,03029316,ANSBURY,FALSE,Ansbury Guidance,20/06/2021,10001635,null,PUB.UKRLP.dbo.ProviderInstance,a97e2eb1-c959-4c26-8064-6961d76df731
02/06/2015,04370389,CONNEXIONS BERKSHIRE,FALSE,Adviza,31/03/2015,10001636,null,PUB.UKRLP.dbo.ProviderInstance,a97e2eb1-c959-4c26-8064-6961d76df731
08/11/2007,02963687,CONNEXIONS CAMBRIDGESHIRE & PETERBOROUGH LIMITED,FALSE,null,21/04/2007,10001637,null,PUB.UKRLP.dbo.ProviderInstance,a97e2eb1-c959-4c26-8064-6961d76df731
14/02/2013,04171781,CONNEXIONS - CHESHIRE & WARRINGTON LIMITED,FALSE,null,14/02/2013,10001638,null,PUB.UKRLP.dbo.ProviderInstance,a97e2eb1-c959-4c26-8064-6961d76df731
null,03029947,CSW GROUP LIMITED,TRUE,null,27/01/2025,10001639,null,PUB.UKRLP.dbo.ProviderInstance,a97e2eb1-c959-4c26-8064-6961d76df731
null,04182567,INSPIRA (01),TRUE,null,26/04/2026,10001640,null,PUB.UKRLP.dbo.ProviderInstance,a97e2eb1-c959-4c26-8064-6961d76df731
24/03/2015,02975776,CONNEXIONS DERBYSHIRE LIMITED,FALSE,null,20/12/2014,10001641,null,PUB.UKRLP.dbo.ProviderInstance,a97e2eb1-c959-4c26-8064-6961d76df731
02/09/2010,04332173,DIREXIONS FOR SUCCESS LTD,FALSE,null,04/02/2009,10001642,null,PUB.UKRLP.dbo.ProviderInstance,a97e2eb1-c959-4c26-8064-6961d76df731
19/01/2012,04273320,CONNEXIONS HUMBER LIMITED,FALSE,null,08/03/2011,10001643,null,PUB.UKRLP.dbo.ProviderInstance,a97e2eb1-c959-4c26-8064-6961d76df731
03/02/2009,03082848,CONNEXIONS LINCOLNSHIRE & RUTLAND LIMITED,FALSE,null,02/02/2009,10001644,null,PUB.UKRLP.dbo.ProviderInstance,a97e2eb1-c959-4c26-8064-6961d76df731
08/11/2007,04180288,CONNEXIONS PARTNERSHIP MILTON KEYNES OXFORDSHIRE & BUCKINGHAMSHIRE LIMITED,FALSE,null,21/04/2007,10001645,null,PUB.UKRLP.dbo.ProviderInstance,a97e2eb1-c959-4c26-8064-6961d76df731
09/07/2007,04198347,CONNEXIONS NORTH LONDON PARTNERSHIP LIMITED,FALSE,null,21/04/2007,10001646,null,PUB.UKRLP.dbo.ProviderInstance,a97e2eb1-c959-4c26-8064-6961d76df731
null,04172770,"FUTURES ADVICE, SKILLS AND EMPLOYMENT LIMITED",TRUE,null,27/06/2024,10001647,null,PUB.UKRLP.dbo.ProviderInstance,a97e2eb1-c959-4c26-8064-6961d76df731
null,04399340,CXK,TRUE,null,23/12/2025,10001648,null,PUB.UKRLP.dbo.ProviderInstance,a97e2eb1-c959-4c26-8064-6961d76df731
06/12/2011,04355170,CONNEXIONS STAFFORDSHIRE LIMITED,FALSE,null,21/04/2007,10001649,null,PUB.UKRLP.dbo.ProviderInstance,a97e2eb1-c959-4c26-8064-6961d76df731
27/01/2009,03031855,TEES VALLEY CONNEXIONS PARTNERSHIP LIMITED,FALSE,Connexions Tees Valley,21/04/2007,10001650,null,PUB.UKRLP.dbo.ProviderInstance,a97e2eb1-c959-4c26-8064-6961d76df731
null,null,LPW INDEPENDENT SCHOOL,TRUE,null,22/06/2025,10001651,137583,PUB.UKRLP.dbo.ProviderInstance,a97e2eb1-c959-4c26-8064-6961d76df731
26/01/2009,04329881,CONNEXIONS YORK & NORTH YORKSHIRE LIMITED,FALSE,null,21/04/2007,10001652,null,PUB.UKRLP.dbo.ProviderInstance,a97e2eb1-c959-4c26-8064-6961d76df731
17/04/2024,04170092,THE CONSERVATOIRE FOR DANCE AND DRAMA,FALSE,null,25/07/2022,10001653,133908,PUB.UKRLP.dbo.ProviderInstance,a97e2eb1-c959-4c26-8064-6961d76df731
null,03488288,DELTA - NORTH CONSETT LIMITED,TRUE,null,26/04/2026,10001654,null,PUB.UKRLP.dbo.ProviderInstance,a97e2eb1-c959-4c26-8064-6961d76df731
06/12/2016,04317806,THE CONSORTIUM FOR LEARNING LIMITED,FALSE,null,29/08/2016,10001655,null,PUB.UKRLP.dbo.ProviderInstance,a97e2eb1-c959-4c26-8064-6961d76df731
15/04/2008,03193767,CONSTANT BROWNING EDMONDS LIMITED,FALSE,null,11/10/2007,10001656,null,PUB.UKRLP.dbo.ProviderInstance,a97e2eb1-c959-4c26-8064-6961d76df731
null,00533082,WARDEN CONSTRUCTION LIMITED,TRUE,Construction Assessment Centre,21/01/2026,10001657,null,PUB.UKRLP.dbo.ProviderInstance,a97e2eb1-c959-4c26-8064-6961d76df731
08/10/2010,NI030933,CONSTRUCTION INDUSTRY TRAINING (NI) LTD,FALSE,null,08/09/2010,10001658,null,PUB.UKRLP.dbo.ProviderInstance,a97e2eb1-c959-4c26-8064-6961d76df731
28/05/2019,03755464,PEARSON IN PRACTICE SKILLS BASED LEARNING LIMITED,FALSE,Pearson in Practice - Skills Based Learning,26/03/2019,10001659,null,PUB.UKRLP.dbo.ProviderInstance,a97e2eb1-c959-4c26-8064-6961d76df731
11/04/2012,04984012,CONSTRUCTION QUALIFICATIONS SERVICES LIMITED,FALSE,null,10/04/2012,10001660,null,PUB.UKRLP.dbo.ProviderInstance,a97e2eb1-c959-4c26-8064-6961d76df731
30/01/2019,04378858,CONSTRUCTION SELECTION LIMITED,FALSE,null,01/12/2018,10001661,null,PUB.UKRLP.dbo.ProviderInstance,a97e2eb1-c959-4c26-8064-6961d76df731
null,04594797,CONSTRUCTION SKILLS TRAINING LIMITED,TRUE,null,08/04/2026,10001662,null,PUB.UKRLP.dbo.ProviderInstance,a97e2eb1-c959-4c26-8064-6961d76df731
null,02554091,CONSTRUCTION STUDY CENTRE LIMITED,TRUE,null,13/06/2024,10001663,null,PUB.UKRLP.dbo.ProviderInstance,a97e2eb1-c959-4c26-8064-6961d76df731
08/11/2019,04943536,CONSTRUCTION TRAINING SPECIALISTS LIMITED,FALSE,null,30/09/2019,10001664,null,PUB.UKRLP.dbo.ProviderInstance,a97e2eb1-c959-4c26-8064-6961d76df731
null,04708691,CONTACT CONSULTING (UK) LIMITED,TRUE,null,04/10/2025,10001665,null,PUB.UKRLP.dbo.ProviderInstance,a97e2eb1-c959-4c26-8064-6961d76df731
30/01/2019,03014250,CONTEMPORARY PLC,FALSE,null,26/11/2018,10001666,null,PUB.UKRLP.dbo.ProviderInstance,a97e2eb1-c959-4c26-8064-6961d76df731
08/11/2019,04519465,BOSTON 182 LTD,FALSE,null,03/10/2019,10001667,null,PUB.UKRLP.dbo.ProviderInstance,a97e2eb1-c959-4c26-8064-6961d76df731
04/04/2012,null,CONVENT OF JESUS AND MARY LANGUAGE COLLEGE,FALSE,null,29/07/2005,10001668,101561,PUB.UKRLP.dbo.ProviderInstance,a97e2eb1-c959-4c26-8064-6961d76df731
null,NI030090,CONWAY EDUCATION CENTRE LIMITED,TRUE,null,26/04/2026,10001669,null,PUB.UKRLP.dbo.ProviderInstance,a97e2eb1-c959-4c26-8064-6961d76df731
03/01/2013,null,CONYERS SCHOOL,FALSE,null,29/07/2005,10001670,111730,PUB.UKRLP.dbo.ProviderInstance,a97e2eb1-c959-4c26-8064-6961d76df731
30/07/2009,03963073,FISHWORKS PLC,FALSE,Cookery School,28/03/2007,10001671,null,PUB.UKRLP.dbo.ProviderInstance,a97e2eb1-c959-4c26-8064-6961d76df731
null,04605946,THE COOKING EXPERIENCE LIMITED,TRUE,null,02/06/2026,10001672,null,PUB.UKRLP.dbo.ProviderInstance,a97e2eb1-c959-4c26-8064-6961d76df731
null,NI033478,COOKSTOWN AND WESTERN SHORES AREA NETWORK,TRUE,null,22/05/2026,10001673,null,PUB.UKRLP.dbo.ProviderInstance,a97e2eb1-c959-4c26-8064-6961d76df731
null,NI020880,COOKSTOWN ENTERPRISE CENTRE LTD,TRUE,null,26/04/2026,10001674,null,PUB.UKRLP.dbo.ProviderInstance,a97e2eb1-c959-4c26-8064-6961d76df731
06/04/2011,null,COOMBE DEAN SCHOOL,FALSE,null,29/07/2005,10001675,113538,PUB.UKRLP.dbo.ProviderInstance,a97e2eb1-c959-4c26-8064-6961d76df731
01/02/2012,null,COOMBE GIRLS' SCHOOL,FALSE,null,29/07/2005,10001676,102598,PUB.UKRLP.dbo.ProviderInstance,a97e2eb1-c959-4c26-8064-6961d76df731
10/08/2011,null,COOMBESHEAD COLLEGE,FALSE,null,29/07/2005,10001677,113522,PUB.UKRLP.dbo.ProviderInstance,a97e2eb1-c959-4c26-8064-6961d76df731
07/03/2011,null,COOPERS TECHNOLOGY COLLEGE,FALSE,null,29/07/2005,10001678,101667,PUB.UKRLP.dbo.ProviderInstance,a97e2eb1-c959-4c26-8064-6961d76df731
05/04/2011,null,THE COOPERS' COMPANY AND COBORN SCHOOL,FALSE,null,14/12/2006,10001679,102353,PUB.UKRLP.dbo.ProviderInstance,a97e2eb1-c959-4c26-8064-6961d76df731
09/05/2008,03938684,COOTEC SERVICES LIMITED,FALSE,null,21/04/2007,10001680,null,PUB.UKRLP.dbo.ProviderInstance,a97e2eb1-c959-4c26-8064-6961d76df731
01/09/2014,null,COPLAND COMMUNITY SCHOOL,FALSE,null,12/06/2014,10001681,101558,PUB.UKRLP.dbo.ProviderInstance,a97e2eb1-c959-4c26-8064-6961d76df731
04/07/2011,null,COPLESTON HIGH SCHOOL,FALSE,null,29/07/2005,10001682,124842,PUB.UKRLP.dbo.ProviderInstance,a97e2eb1-c959-4c26-8064-6961d76df731
18/06/2018,null,COPPICE PERFORMING ARTS SCHOOL,FALSE,null,05/03/2018,10001683,104390,PUB.UKRLP.dbo.ProviderInstance,a97e2eb1-c959-4c26-8064-6961d76df731
11/04/2019,null,COPTHALL SCHOOL,FALSE,null,29/07/2005,10001684,101349,PUB.UKRLP.dbo.ProviderInstance,a97e2eb1-c959-4c26-8064-6961d76df731
null,null,JAMES CALVERT SPENCE COLLEGE,TRUE,null,21/03/2026,10001685,122363,PUB.UKRLP.dbo.ProviderInstance,a97e2eb1-c959-4c26-8064-6961d76df731
22/01/2016,null,COQUET SHOREBASE TRUST,FALSE,null,12/11/2015,10001686,null,PUB.UKRLP.dbo.ProviderInstance,a97e2eb1-c959-4c26-8064-6961d76df731
04/09/2008,null,CORBY COMMUNITY COLLEGE,FALSE,null,17/08/2006,10001687,null,PUB.UKRLP.dbo.ProviderInstance,a97e2eb1-c959-4c26-8064-6961d76df731
26/04/2007,null,CORDEAUX SCHOOL,FALSE,null,29/07/2005,10001688,null,PUB.UKRLP.dbo.ProviderInstance,a97e2eb1-c959-4c26-8064-6961d76df731
06/04/2011,null,CORFE HILLS SCHOOL,FALSE,null,29/07/2005,10001689,113864,PUB.UKRLP.dbo.ProviderInstance,a97e2eb1-c959-4c26-8064-6961d76df731
11/10/2017,03683256,SABOH LIMITED,FALSE,null,03/07/2017,10001690,null,PUB.UKRLP.dbo.ProviderInstance,a97e2eb1-c959-4c26-8064-6961d76df731
11/05/2026,04814943,CORINIUM LANGUAGE ASSOCIATES LTD,FALSE,Corinium Language Associates,27/03/2026,10001691,null,PUB.UKRLP.dbo.ProviderInstance,a97e2eb1-c959-4c26-8064-6961d76df731
21/07/2008,04701932,CORNERSTONE (LEICESTER) LIMITED,FALSE,null,19/05/2008,10001692,null,PUB.UKRLP.dbo.ProviderInstance,a97e2eb1-c959-4c26-8064-6961d76df731
02/11/2006,04130708,CORNERSTONE TRAINING LIMITED,FALSE,null,29/07/2005,10001693,null,PUB.UKRLP.dbo.ProviderInstance,a97e2eb1-c959-4c26-8064-6961d76df731
29/01/2015,03301994,CORNISH CRUISING LIMITED,FALSE,null,28/12/2014,10001694,null,PUB.UKRLP.dbo.ProviderInstance,a97e2eb1-c959-4c26-8064-6961d76df731
null,null,CORNWALL COUNCIL,TRUE,Cornwall Adult Education Service,21/07/2026,10001695,null,PUB.UKRLP.dbo.ProviderInstance,a97e2eb1-c959-4c26-8064-6961d76df731
null,null,CORNWALL COLLEGE,TRUE,null,21/07/2026,10001696,130627,PUB.UKRLP.dbo.ProviderInstance,a97e2eb1-c959-4c26-8064-6961d76df731
null,04228103,CORNWALL NEIGHBOURHOODS FOR CHANGE LIMITED,TRUE,Cornwall Neighbourhoods for Change,23/12/2025,10001697,null,PUB.UKRLP.dbo.ProviderInstance,a97e2eb1-c959-4c26-8064-6961d76df731
14/11/2007,04272752,CORPORATE VOCATIONAL TRAINING LIMITED,FALSE,null,29/07/2005,10001698,null,PUB.UKRLP.dbo.ProviderInstance,a97e2eb1-c959-4c26-8064-6961d76df731
03/09/2010,02323459,THE CORPS BUSINESS LIMITED,FALSE,null,22/04/2007,10001699,null,PUB.UKRLP.dbo.ProviderInstance,a97e2eb1-c959-4c26-8064-6961d76df731
null,00538415,TATA STEEL UK CONSULTING LIMITED,TRUE,null,10/07/2025,10001700,null,PUB.UKRLP.dbo.ProviderInstance,a97e2eb1-c959-4c26-8064-6961d76df731
12/08/2019,null,COSTESSEY HIGH SCHOOL,FALSE,null,12/08/2019,10001701,121211,PUB.UKRLP.dbo.ProviderInstance,a97e2eb1-c959-4c26-8064-6961d76df731
02/09/2011,null,COTHAM SCHOOL,FALSE,null,29/07/2005,10001702,109289,PUB.UKRLP.dbo.ProviderInstance,a97e2eb1-c959-4c26-8064-6961d76df731
null,SC142456,COTHROM,TRUE,null,01/09/2025,10001703,null,PUB.UKRLP.dbo.ProviderInstance,a97e2eb1-c959-4c26-8064-6961d76df731
07/07/2011,null,COTTINGHAM HIGH SCHOOL,FALSE,null,29/07/2005,10001704,118079,PUB.UKRLP.dbo.ProviderInstance,a97e2eb1-c959-4c26-8064-6961d76df731
18/03/2019,null,COULSDON SIXTH FORM COLLEGE,FALSE,null,13/12/2018,10001705,130433,PUB.UKRLP.dbo.ProviderInstance,a97e2eb1-c959-4c26-8064-6961d76df731
30/01/2018,04311968,COULTER RHODES LIMITED,FALSE,null,19/10/2017,10001706,null,PUB.UKRLP.dbo.ProviderInstance,a97e2eb1-c959-4c26-8064-6961d76df731
20/08/2018,03235481,03235481 LIMITED,FALSE,null,28/06/2018,10001707,null,PUB.UKRLP.dbo.ProviderInstance,a97e2eb1-c959-4c26-8064-6961d76df731
null,02887166,FUTURE CARE CAPITAL,TRUE,null,16/05/2023,10001708,null,PUB.UKRLP.dbo.ProviderInstance,a97e2eb1-c959-4c26-8064-6961d76df731
null,02987866,COUNCIL FOR VOLUNTARY SERVICE (MEDWAY),TRUE,null,31/12/2024,10001709,null,PUB.UKRLP.dbo.ProviderInstance,a97e2eb1-c959-4c26-8064-6961d76df731
null,null,COUNCIL OF THE ISLES OF SCILLY,TRUE,null,21/07/2026,10001710,null,PUB.UKRLP.dbo.ProviderInstance,a97e2eb1-c959-4c26-8064-6961d76df731
04/04/2012,null,COUNDON COURT SCHOOL AND COMMUNITY COLLEGE,FALSE,null,23/11/2006,10001711,103729,PUB.UKRLP.dbo.ProviderInstance,a97e2eb1-c959-4c26-8064-6961d76df731
null,02698919,WORKTREE,TRUE,null,17/07/2026,10001712,null,PUB.UKRLP.dbo.ProviderInstance,a97e2eb1-c959-4c26-8064-6961d76df731
null,03977697,COUNTERPOINT MTC LTD,TRUE,null,02/09/2025,10001713,null,PUB.UKRLP.dbo.ProviderInstance,a97e2eb1-c959-4c26-8064-6961d76df731
11/04/2019,null,COUNTESTHORPE COMMUNITY COLLEGE,FALSE,null,29/07/2005,10001714,120268,PUB.UKRLP.dbo.ProviderInstance,a97e2eb1-c959-4c26-8064-6961d76df731
null,null,THE COUNTRYSIDE EDUCATION TRUST,TRUE,null,06/06/2018,10001715,null,PUB.UKRLP.dbo.ProviderInstance,a97e2eb1-c959-4c26-8064-6961d76df731
09/07/2007,04115273,COUNTY DURHAM HUB LIMITED,FALSE,null,22/04/2007,10001716,null,PUB.UKRLP.dbo.ProviderInstance,a97e2eb1-c959-4c26-8064-6961d76df731
12/05/2008,03588003,COVWISE LIMITED,FALSE,Cov Wise,22/04/2007,10001717,null,PUB.UKRLP.dbo.ProviderInstance,a97e2eb1-c959-4c26-8064-6961d76df731
null,01676622,COVENTRY AND WARWICKSHIRE CO-OPERATIVE DEVELOPMENT AGENCY LIMITED,TRUE,null,26/11/2023,10001718,null,PUB.UKRLP.dbo.ProviderInstance,a97e2eb1-c959-4c26-8064-6961d76df731
null,02478695,COVENTRY & WARWICKSHIRE CHAMBER OF COMMERCE,TRUE,Coventry And Warwickshire Chamber,23/07/2025,10001719,null,PUB.UKRLP.dbo.ProviderInstance,a97e2eb1-c959-4c26-8064-6961d76df731
02/09/2010,05088634,COVENTRY AND WARWICKSHIRE LEARNING CONSORTIUM,FALSE,null,11/07/2008,10001720,null,PUB.UKRLP.dbo.ProviderInstance,a97e2eb1-c959-4c26-8064-6961d76df731
09/05/2011,null,THE COVENTRY BLUE COAT CHURCH OF ENGLAND SCHOOL AND MUSIC COLLEGE,FALSE,null,04/02/2009,10001721,103745,PUB.UKRLP.dbo.ProviderInstance,a97e2eb1-c959-4c26-8064-6961d76df731
null,null,COVENTRY CITY COUNCIL,TRUE,null,21/07/2026,10001723,null,PUB.UKRLP.dbo.ProviderInstance,a97e2eb1-c959-4c26-8064-6961d76df731
null,02731429,LIFE PATH TRUST LIMITED,TRUE,null,17/07/2026,10001724,null,PUB.UKRLP.dbo.ProviderInstance,a97e2eb1-c959-4c26-8064-6961d76df731
null,04291931,THE COVENTRY REFUGEE AND MIGRANT CENTRE,TRUE,null,30/12/2025,10001725,null,PUB.UKRLP.dbo.ProviderInstance,a97e2eb1-c959-4c26-8064-6961d76df731
null,null,COVENTRY UNIVERSITY,TRUE,null,16/02/2018,10001726,133808,PUB.UKRLP.dbo.ProviderInstance,a97e2eb1-c959-4c26-8064-6961d76df731
10/06/2016,03850130,THE COMMUNITY AND VOLUNTARY FORUM: EASTERN REGION,FALSE,Cover,04/04/2016,10001727,null,PUB.UKRLP.dbo.ProviderInstance,a97e2eb1-c959-4c26-8064-6961d76df731
03/04/2007,04183498,COVERAGE CARE (GLOUCESTERSHIRE) LIMITED,FALSE,null,05/09/2006,10001728,null,PUB.UKRLP.dbo.ProviderInstance,a97e2eb1-c959-4c26-8064-6961d76df731
02/09/2011,null,COWES HIGH SCHOOL,FALSE,null,29/07/2005,10001729,118201,PUB.UKRLP.dbo.ProviderInstance,a97e2eb1-c959-4c26-8064-6961d76df731
null,null,COWLEY INTERNATIONAL COLLEGE,TRUE,null,11/09/2024,10001730,104829,PUB.UKRLP.dbo.ProviderInstance,a97e2eb1-c959-4c26-8064-6961d76df731
01/12/2011,null,COX GREEN SCHOOL,FALSE,null,29/07/2005,10001731,110067,PUB.UKRLP.dbo.ProviderInstance,a97e2eb1-c959-4c26-8064-6961d76df731
null,04728521,CP LEARNING TRUST,TRUE,null,25/06/2023,10001732,null,PUB.UKRLP.dbo.ProviderInstance,a97e2eb1-c959-4c26-8064-6961d76df731
null,03403627,SUPPLY CHAIN ACADEMY LIMITED,TRUE,null,11/03/2026,10001733,null,PUB.UKRLP.dbo.ProviderInstance,a97e2eb1-c959-4c26-8064-6961d76df731
28/02/2020,03843259,CPD OPPORTUNITY LTD.,FALSE,null,26/11/2019,10001734,null,PUB.UKRLP.dbo.ProviderInstance,a97e2eb1-c959-4c26-8064-6961d76df731
null,null,THE CENTRE FOR PROMOTION OF PERSIAN LANGUAGE AND LITERATURE,TRUE,Cppl,22/01/2019,10001735,null,PUB.UKRLP.dbo.ProviderInstance,a97e2eb1-c959-4c26-8064-6961d76df731
null,05077910,CRACKERJACK TRAINING LIMITED,TRUE,null,11/03/2026,10001736,null,PUB.UKRLP.dbo.ProviderInstance,a97e2eb1-c959-4c26-8064-6961d76df731
04/08/2014,01582293,ART VENEERS LIMITED,FALSE,null,02/07/2014,10001737,null,PUB.UKRLP.dbo.ProviderInstance,a97e2eb1-c959-4c26-8064-6961d76df731
null,SC129291,THE SCOTTISH CENTRE FOR CHILDREN WITH MOTOR IMPAIRMENTS,TRUE,Craighalbert Centre,17/07/2026,10001738,null,PUB.UKRLP.dbo.ProviderInstance,a97e2eb1-c959-4c26-8064-6961d76df731
02/09/2011,null,CRAMLINGTON LEARNING VILLAGE,FALSE,null,04/02/2009,10001739,122357,PUB.UKRLP.dbo.ProviderInstance,a97e2eb1-c959-4c26-8064-6961d76df731
11/04/2019,null,CRANBROOK SCHOOL,FALSE,null,29/07/2005,10001740,118888,PUB.UKRLP.dbo.ProviderInstance,a97e2eb1-c959-4c26-8064-6961d76df731
05/04/2011,null,CRANFORD COMMUNITY COLLEGE,FALSE,null,29/07/2005,10001741,102540,PUB.UKRLP.dbo.ProviderInstance,a97e2eb1-c959-4c26-8064-6961d76df731
null,04444311,CRANIOSACRAL THERAPY EDUCATIONAL TRUST,TRUE,null,23/05/2024,10001742,null,PUB.UKRLP.dbo.ProviderInstance,a97e2eb1-c959-4c26-8064-6961d76df731
null,null,CRAVEN COLLEGE,TRUE,null,21/07/2026,10001743,130591,PUB.UKRLP.dbo.ProviderInstance,a97e2eb1-c959-4c26-8064-6961d76df731
10/11/2017,null,CENTRAL SUSSEX COLLEGE,FALSE,null,12/07/2017,10001744,129383,PUB.UKRLP.dbo.ProviderInstance,a97e2eb1-c959-4c26-8064-6961d76df731
null,01286163,CRAWLEY MARINERS YACHT CLUB LIMITED,TRUE,null,17/07/2026,10001745,null,PUB.UKRLP.dbo.ProviderInstance,a97e2eb1-c959-4c26-8064-6961d76df731
11/04/2019,null,CRAWSHAW SCHOOL,FALSE,null,29/07/2005,10001746,108084,PUB.UKRLP.dbo.ProviderInstance,a97e2eb1-c959-4c26-8064-6961d76df731
12/08/2019,02226947,CREATIVE AND SUPPORTIVE TRUST,FALSE,null,12/08/2019,10001747,null,PUB.UKRLP.dbo.ProviderInstance,a97e2eb1-c959-4c26-8064-6961d76df731
null,01727731,CREATIVE KERNOW LIMITED,TRUE,null,25/03/2026,10001748,null,PUB.UKRLP.dbo.ProviderInstance,a97e2eb1-c959-4c26-8064-6961d76df731
20/03/2007,04737593,CREATIVE COACHING PARTNERSHIP LIMITED,FALSE,null,29/09/2006,10001749,null,PUB.UKRLP.dbo.ProviderInstance,a97e2eb1-c959-4c26-8064-6961d76df731
25/05/2007,03791761,TOTAL CARE MANAGEMENT U.K. LIMITED,FALSE,Creative Forces,29/09/2006,10001750,null,PUB.UKRLP.dbo.ProviderInstance,a97e2eb1-c959-4c26-8064-6961d76df731
30/07/2009,03985758,THE CREATIVE NAIL ACADEMY LIMITED,FALSE,Creative Nail Academy (Leeds),22/04/2007,10001751,null,PUB.UKRLP.dbo.ProviderInstance,a97e2eb1-c959-4c26-8064-6961d76df731
null,04383491,EARLEY CRESCENT COMMUNITY ASSOCIATION,TRUE,Crescent Community Association,17/07/2026,10001752,null,PUB.UKRLP.dbo.ProviderInstance,a97e2eb1-c959-4c26-8064-6961d76df731
20/01/2012,03044232,CRESCENT TRAINING SERVICES LTD,FALSE,null,28/07/2011,10001753,null,PUB.UKRLP.dbo.ProviderInstance,a97e2eb1-c959-4c26-8064-6961d76df731
null,null,CRESSEX COMMUNITY SCHOOL,TRUE,null,16/07/2026,10001754,110500,PUB.UKRLP.dbo.ProviderInstance,a97e2eb1-c959-4c26-8064-6961d76df731
null,02875065,CREWE YMCA LIMITED,TRUE,Crewe & District YMCA,21/03/2025,10001755,null,PUB.UKRLP.dbo.ProviderInstance,a97e2eb1-c959-4c26-8064-6961d76df731
14/05/2012,null,CREWE AND NANTWICH VOLUNTARY ACTION,FALSE,Crewe & Nantwich Council For Voluntary Service,11/05/2012,10001756,null,PUB.UKRLP.dbo.ProviderInstance,a97e2eb1-c959-4c26-8064-6961d76df731
05/01/2016,03507580,THE CREWEL WORK COMPANY LIMITED,FALSE,null,22/09/2015,10001757,null,PUB.UKRLP.dbo.ProviderInstance,a97e2eb1-c959-4c26-8064-6961d76df731
04/03/2011,04324508,CRG RESEARCH LTD,FALSE,null,22/04/2007,10001758,null,PUB.UKRLP.dbo.ProviderInstance,a97e2eb1-c959-4c26-8064-6961d76df731
31/07/2007,null,CRICKLADE COLLEGE,FALSE,null,29/07/2005,10001759,null,PUB.UKRLP.dbo.ProviderInstance,a97e2eb1-c959-4c26-8064-6961d76df731
12/08/2019,04407339,CRICKLEWOOD HOMELESS CONCERN,FALSE,null,12/08/2019,10001760,null,PUB.UKRLP.dbo.ProviderInstance,a97e2eb1-c959-4c26-8064-6961d76df731
05/05/2010,02259016,THE CRIME CONCERN TRUST LIMITED,FALSE,Catch 22,18/02/2009,10001761,null,PUB.UKRLP.dbo.ProviderInstance,a97e2eb1-c959-4c26-8064-6961d76df731
14/04/2014,SC143281,CRINGAN CARE SERVICES LIMITED,FALSE,null,12/03/2014,10001762,null,PUB.UKRLP.dbo.ProviderInstance,a97e2eb1-c959-4c26-8064-6961d76df731
08/08/2012,03766117,CRITICAL SKILLS (UK) LIMITED,FALSE,null,08/08/2012,10001763,null,PUB.UKRLP.dbo.ProviderInstance,a97e2eb1-c959-4c26-8064-6961d76df731
28/04/2017,03640736,CROFTLANDS TRUST,FALSE,null,18/02/2017,10001764,null,PUB.UKRLP.dbo.ProviderInstance,a97e2eb1-c959-4c26-8064-6961d76df731
16/01/2024,null,PRENDERGAST LADYWELL SCHOOL,FALSE,null,13/12/2023,10001765,100747,PUB.UKRLP.dbo.ProviderInstance,a97e2eb1-c959-4c26-8064-6961d76df731
11/04/2019,null,CROMPTON HOUSE COFE SCHOOL,FALSE,null,09/08/2006,10001766,105740,PUB.UKRLP.dbo.ProviderInstance,a97e2eb1-c959-4c26-8064-6961d76df731
null,00450650,WOLTERS KLUWER (UK) LIMITED,TRUE,Croner Consulting,17/07/2026,10001767,null,PUB.UKRLP.dbo.ProviderInstance,a97e2eb1-c959-4c26-8064-6961d76df731
null,03715387,CROOK DE LYON LTD.,TRUE,null,26/03/2026,10001768,null,PUB.UKRLP.dbo.ProviderInstance,a97e2eb1-c959-4c26-8064-6961d76df731
null,03147253,MINES RESCUE SERVICE LIMITED,TRUE,null,17/07/2026,10001769,null,PUB.UKRLP.dbo.ProviderInstance,a97e2eb1-c959-4c26-8064-6961d76df731
12/05/2008,03833830,CROSS HANDS TRANSPORT TRAINING LTD,FALSE,Crosshands Transport Training Centre,22/04/2007,10001770,null,PUB.UKRLP.dbo.ProviderInstance,a97e2eb1-c959-4c26-8064-6961d76df731
20/02/2014,05231362,CROUCH SAILING SCHOOL LIMITED,FALSE,null,06/12/2011,10001771,null,PUB.UKRLP.dbo.ProviderInstance,a97e2eb1-c959-4c26-8064-6961d76df731
23/04/2018,01290621,CROWN SECRETARIAL COLLEGE LIMITED,FALSE,null,16/02/2018,10001772,null,PUB.UKRLP.dbo.ProviderInstance,a97e2eb1-c959-4c26-8064-6961d76df731
03/09/2014,null,CROWN WOODS COLLEGE,FALSE,null,14/06/2014,10001773,100189,PUB.UKRLP.dbo.ProviderInstance,a97e2eb1-c959-4c26-8064-6961d76df731
30/07/2009,01756729,A. PULLEN (WORTHING) LTD.,FALSE,Crowns Nvq's.Com,23/03/2007,10001774,null,PUB.UKRLP.dbo.ProviderInstance,a97e2eb1-c959-4c26-8064-6961d76df731
null,02229973,CROWNSHIP DEVELOPMENTS LIMITED,TRUE,null,11/03/2026,10001775,null,PUB.UKRLP.dbo.ProviderInstance,a97e2eb1-c959-4c26-8064-6961d76df731
12/08/2019,null,CROXTETH COMMUNITY COMPREHENSIVE SCHOOL,FALSE,null,12/08/2019,10001776,104695,PUB.UKRLP.dbo.ProviderInstance,a97e2eb1-c959-4c26-8064-6961d76df731
null,04275541,ALT VALLEY COMMUNITY TRUST LIMITED,TRUE,Alt Valley Community Trust,17/10/2025,10001777,null,PUB.UKRLP.dbo.ProviderInstance,a97e2eb1-c959-4c26-8064-6961d76df731
null,null,CROYDON COLLEGE,TRUE,null,10/01/2026,10001778,130432,PUB.UKRLP.dbo.ProviderInstance,a97e2eb1-c959-4c26-8064-6961d76df731
05/09/2006,05086895,CROYDON COLLEGE OF BUSINESS MANAGEMENT LIMITED,FALSE,null,29/07/2005,10001779,null,PUB.UKRLP.dbo.ProviderInstance,a97e2eb1-c959-4c26-8064-6961d76df731
null,03271298,CROYDON VOLUNTARY ACTION,TRUE,null,02/09/2025,10001780,null,PUB.UKRLP.dbo.ProviderInstance,a97e2eb1-c959-4c26-8064-6961d76df731
19/12/2013,03246751,CROYDON YOUTH DEVELOPMENT TRUST,FALSE,null,06/12/2011,10001781,null,PUB.UKRLP.dbo.ProviderInstance,a97e2eb1-c959-4c26-8064-6961d76df731
11/12/2007,00638709,CRUSE - BEREAVEMENT CARE,FALSE,null,07/11/2007,10001782,null,PUB.UKRLP.dbo.ProviderInstance,a97e2eb1-c959-4c26-8064-6961d76df731
09/10/2009,03700703,CRYSTAL TRAINING LTD,FALSE,null,03/02/2009,10001783,null,PUB.UKRLP.dbo.ProviderInstance,a97e2eb1-c959-4c26-8064-6961d76df731
19/02/2014,01397936,COSL REALISATIONS LIMITED,FALSE,CS Contract Furniture,19/02/2014,10001784,null,PUB.UKRLP.dbo.ProviderInstance,a97e2eb1-c959-4c26-8064-6961d76df731
20/03/2007,04352982,C.S.M. (PETERBOROUGH) LIMITED,FALSE,null,29/09/2006,10001785,null,PUB.UKRLP.dbo.ProviderInstance,a97e2eb1-c959-4c26-8064-6961d76df731
null,04656661,UCAN PROGRESS LTD,TRUE,UCAN,21/01/2026,10001786,null,PUB.UKRLP.dbo.ProviderInstance,a97e2eb1-c959-4c26-8064-6961d76df731
null,01435877,VOLUNTEERING MATTERS,TRUE,null,26/03/2026,10001787,null,PUB.UKRLP.dbo.ProviderInstance,a97e2eb1-c959-4c26-8064-6961d76df731
16/07/2025,02960454,RIGHTSTEPCAREERS LIMITED,FALSE,RightStep,05/08/2022,10001788,null,PUB.UKRLP.dbo.ProviderInstance,a97e2eb1-c959-4c26-8064-6961d76df731
31/10/2017,04545616,CTA CENTRE LIMITED,FALSE,null,04/08/2017,10001789,null,PUB.UKRLP.dbo.ProviderInstance,a97e2eb1-c959-4c26-8064-6961d76df731
05/09/2006,SC250379,C.T.C. TRAINING LIMITED,FALSE,null,29/07/2005,10001790,null,PUB.UKRLP.dbo.ProviderInstance,a97e2eb1-c959-4c26-8064-6961d76df731
null,null,CULCHETH HIGH SCHOOL,TRUE,null,16/07/2026,10001791,111430,PUB.UKRLP.dbo.ProviderInstance,a97e2eb1-c959-4c26-8064-6961d76df731
null,03298304,CULLEN SCHOLEFIELD LIMITED,TRUE,null,16/06/2024,10001792,null,PUB.UKRLP.dbo.ProviderInstance,a97e2eb1-c959-4c26-8064-6961d76df731
30/07/2009,04464287,CULTUREMATTERS TRAINING LTD.,FALSE,null,23/04/2007,10001793,null,PUB.UKRLP.dbo.ProviderInstance,a97e2eb1-c959-4c26-8064-6961d76df731
02/07/2010,null,CULVERHAY SCHOOL,FALSE,null,29/07/2005,10001794,null,PUB.UKRLP.dbo.ProviderInstance,a97e2eb1-c959-4c26-8064-6961d76df731
09/07/2007,02585199,CUMBRIA ALCOHOL AND DRUG ADVISORY SERVICE,FALSE,null,23/04/2007,10001795,null,PUB.UKRLP.dbo.ProviderInstance,a97e2eb1-c959-4c26-8064-6961d76df731
25/06/2007,04672629,CUMBRIA ASSOCIATION OF COUNCILS FOR VOLUNTARY SERVICE,FALSE,Cumbria Council for Voluntary Service,23/04/2007,10001796,null,PUB.UKRLP.dbo.ProviderInstance,a97e2eb1-c959-4c26-8064-6961d76df731
28/09/2020,04131293,CUMBRIA BUSINESS EDUCATION CONSORTIUM,FALSE,null,05/09/2020,10001797,null,PUB.UKRLP.dbo.ProviderInstance,a97e2eb1-c959-4c26-8064-6961d76df731
null,04211364,CUMBRIA CHAMBER OF COMMERCE AND INDUSTRY,TRUE,null,17/07/2026,10001798,null,PUB.UKRLP.dbo.ProviderInstance,a97e2eb1-c959-4c26-8064-6961d76df731
06/11/2007,03678072,CUMBRIA CHILD CARE CENTRE,FALSE,null,23/04/2007,10001799,null,PUB.UKRLP.dbo.ProviderInstance,a97e2eb1-c959-4c26-8064-6961d76df731
19/12/2023,null,CUMBRIA COUNTY COUNCIL,FALSE,Pre Local Government Reorganisation,16/02/2018,10001800,null,PUB.UKRLP.dbo.ProviderInstance,a97e2eb1-c959-4c26-8064-6961d76df731
null,03920466,CUMBRIA DEAF ASSOCIATION,TRUE,null,17/07/2026,10001801,null,PUB.UKRLP.dbo.ProviderInstance,a97e2eb1-c959-4c26-8064-6961d76df731
11/04/2019,null,CUMBRIA INSTITUTE OF THE ARTS,FALSE,Cumbria Institute of the Arts,29/07/2005,10001802,133800,PUB.UKRLP.dbo.ProviderInstance,a97e2eb1-c959-4c26-8064-6961d76df731
19/01/2012,04394480,CUMBRIA TRAINING PARTNERSHIP,FALSE,null,24/11/2011,10001803,null,PUB.UKRLP.dbo.ProviderInstance,a97e2eb1-c959-4c26-8064-6961d76df731
null,04904513,CUMBRIA PERSONAL DEVELOPMENT ASSOCIATES LTD,TRUE,null,26/04/2026,10001804,null,PUB.UKRLP.dbo.ProviderInstance,a97e2eb1-c959-4c26-8064-6961d76df731
null,03027358,CUMBRIA TOURISM,TRUE,Cumbria Tourist Board,11/03/2026,10001805,null,PUB.UKRLP.dbo.ProviderInstance,a97e2eb1-c959-4c26-8064-6961d76df731
20/03/2007,04571331,CUMBRIAN FALCONRY LIMITED,FALSE,null,29/09/2006,10001806,null,PUB.UKRLP.dbo.ProviderInstance,a97e2eb1-c959-4c26-8064-6961d76df731
11/12/2007,03126336,CUSTOMISED COMPUTER TRAINING LIMITED,FALSE,null,28/03/2007,10001807,null,PUB.UKRLP.dbo.ProviderInstance,a97e2eb1-c959-4c26-8064-6961d76df731
02/09/2010,03646413,CMCG (READING) LIMITED,FALSE,Customised Management Consultancy Group,23/04/2007,10001808,null,PUB.UKRLP.dbo.ProviderInstance,a97e2eb1-c959-4c26-8064-6961d76df731
null,NI024213,CUSTOMIZED TRAINING SERVICES LIMITED,TRUE,null,17/07/2026,10001809,null,PUB.UKRLP.dbo.ProviderInstance,a97e2eb1-c959-4c26-8064-6961d76df731
null,03576786,LEICESTERSHIRE VOLUNTARY SECTOR RESOURCE AGENCY,TRUE,null,20/03/2023,10001810,null,PUB.UKRLP.dbo.ProviderInstance,a97e2eb1-c959-4c26-8064-6961d76df731
null,02902472,COUNCIL FOR VOLUNTARY SERVICE NORTHAMPTON AND COUNTY,TRUE,CVS Northamptonshire,26/09/2025,10001811,null,PUB.UKRLP.dbo.ProviderInstance,a97e2eb1-c959-4c26-8064-6961d76df731
17/12/2009,04030944,COUNCIL FOR VOLUNTARY SERVICE - WARWICK DISTRICT,FALSE,CVS Warwick District,15/10/2009,10001812,null,PUB.UKRLP.dbo.ProviderInstance,a97e2eb1-c959-4c26-8064-6961d76df731
null,01752003,VOLUNTARY ACTION COVENTRY,TRUE,null,29/06/2023,10001813,null,PUB.UKRLP.dbo.ProviderInstance,a97e2eb1-c959-4c26-8064-6961d76df731
11/12/2007,03030848,CYBER COLLEGE INTERNATIONAL LIMITED,FALSE,null,23/04/2007,10001814,null,PUB.UKRLP.dbo.ProviderInstance,a97e2eb1-c959-4c26-8064-6961d76df731
30/07/2009,03396668,CYBERTRAINING.CO.UK. LIMITED,FALSE,null,07/11/2007,10001815,null,PUB.UKRLP.dbo.ProviderInstance,a97e2eb1-c959-4c26-8064-6961d76df731
08/11/2019,04369994,CYCLE TRAINING UK LIMITED,FALSE,null,03/10/2019,10001816,null,PUB.UKRLP.dbo.ProviderInstance,a97e2eb1-c959-4c26-8064-6961d76df731
14/12/2017,02108153,CYFLE,FALSE,null,11/09/2017,10001817,null,PUB.UKRLP.dbo.ProviderInstance,a97e2eb1-c959-4c26-8064-6961d76df731
null,03905769,CYGNET TRAINING THEATRE & CYGNET RESEARCH LIBRARY,TRUE,null,23/12/2025,10001818,null,PUB.UKRLP.dbo.ProviderInstance,a97e2eb1-c959-4c26-8064-6961d76df731
07/05/2021,01171209,CYRENIANS CYMRU CYF,FALSE,null,12/03/2021,10001819,null,PUB.UKRLP.dbo.ProviderInstance,a97e2eb1-c959-4c26-8064-6961d76df731
null,02399538,D. & B. TRAINING LIMITED,TRUE,null,26/04/2026,10001820,null,PUB.UKRLP.dbo.ProviderInstance,a97e2eb1-c959-4c26-8064-6961d76df731
02/03/2011,02818917,D&L COMPUTER SERVICES LIMITED,FALSE,null,23/04/2007,10001821,null,PUB.UKRLP.dbo.ProviderInstance,a97e2eb1-c959-4c26-8064-6961d76df731
null,01501239,D'OVERBROECK'S,TRUE,null,20/03/2026,10001822,123318,PUB.UKRLP.dbo.ProviderInstance,a97e2eb1-c959-4c26-8064-6961d76df731
30/07/2009,null,D-TEC,FALSE,null,30/01/2007,10001823,null,PUB.UKRLP.dbo.ProviderInstance,a97e2eb1-c959-4c26-8064-6961d76df731
null,null,DACORUM BOROUGH COUNCIL,TRUE,null,21/07/2026,10001824,null,PUB.UKRLP.dbo.ProviderInstance,a97e2eb1-c959-4c26-8064-6961d76df731
null,01745852,DACORUM COUNCIL FOR VOLUNTARY SERVICE,TRUE,null,17/07/2026,10001825,null,PUB.UKRLP.dbo.ProviderInstance,a97e2eb1-c959-4c26-8064-6961d76df731
11/01/2010,null,DAGENHAM PARK COMMUNITY SCHOOL,FALSE,null,29/07/2005,10001826,null,PUB.UKRLP.dbo.ProviderInstance,a97e2eb1-c959-4c26-8064-6961d76df731
20/05/2008,03326745,DALE CARNEGIE UK LIMITED,FALSE,null,23/04/2007,10001827,null,PUB.UKRLP.dbo.ProviderInstance,a97e2eb1-c959-4c26-8064-6961d76df731
12/12/2022,04917461,DART LIMITED,FALSE,null,19/09/2022,10001828,null,PUB.UKRLP.dbo.ProviderInstance,a97e2eb1-c959-4c26-8064-6961d76df731
09/07/2007,05121507,DALGLIESH ASSOCIATES LIMITED,FALSE,null,23/04/2007,10001829,null,PUB.UKRLP.dbo.ProviderInstance,a97e2eb1-c959-4c26-8064-6961d76df731
10/08/2011,null,DALLAM SCHOOL,FALSE,null,10/08/2006,10001830,112432,PUB.UKRLP.dbo.ProviderInstance,a97e2eb1-c959-4c26-8064-6961d76df731
null,01469426,DAMAR LIMITED,TRUE,Damar Training,20/08/2023,10001831,null,PUB.UKRLP.dbo.ProviderInstance,a97e2eb1-c959-4c26-8064-6961d76df731
06/04/2011,null,DAME ALICE OWEN'S SCHOOL,FALSE,null,29/07/2005,10001833,117579,PUB.UKRLP.dbo.ProviderInstance,a97e2eb1-c959-4c26-8064-6961d76df731
null,04002372,DAME ALLAN'S SCHOOLS,TRUE,null,27/01/2026,10001834,108547,PUB.UKRLP.dbo.ProviderInstance,a97e2eb1-c959-4c26-8064-6961d76df731
05/10/2016,null,DAME ELIZABETH CADBURY TECHNOLOGY COLLEGE,FALSE,null,27/07/2016,10001835,103494,PUB.UKRLP.dbo.ProviderInstance,a97e2eb1-c959-4c26-8064-6961d76df731
14/04/2014,03457605,DANCE ADDICTION LIMITED,FALSE,null,12/03/2014,10001836,null,PUB.UKRLP.dbo.ProviderInstance,a97e2eb1-c959-4c26-8064-6961d76df731
02/03/2011,04812069,DANCE RIVIERA LIMITED,FALSE,null,07/11/2007,10001837,null,PUB.UKRLP.dbo.ProviderInstance,a97e2eb1-c959-4c26-8064-6961d76df731
08/11/2019,03140475,DANCE VOICE,FALSE,null,30/09/2019,10001838,null,PUB.UKRLP.dbo.ProviderInstance,a97e2eb1-c959-4c26-8064-6961d76df731
null,02490618,DANCE NORTH,TRUE,Dancecity,23/12/2025,10001839,null,PUB.UKRLP.dbo.ProviderInstance,a97e2eb1-c959-4c26-8064-6961d76df731
30/07/2009,04528416,DANCEOLOGY LIMITED,FALSE,null,23/04/2007,10001840,null,PUB.UKRLP.dbo.ProviderInstance,a97e2eb1-c959-4c26-8064-6961d76df731
null,04371760,MONT MERU LIMITED,TRUE,null,23/06/2025,10001841,null,PUB.UKRLP.dbo.ProviderInstance,a97e2eb1-c959-4c26-8064-6961d76df731
null,02784677,THE DANCEXCHANGE LIMITED,TRUE,null,26/04/2026,10001842,null,PUB.UKRLP.dbo.ProviderInstance,a97e2eb1-c959-4c26-8064-6961d76df731
06/04/2011,null,DANE COURT GRAMMAR SCHOOL,FALSE,null,29/07/2005,10001843,118932,PUB.UKRLP.dbo.ProviderInstance,a97e2eb1-c959-4c26-8064-6961d76df731
27/10/2015,SC250866,DANESTONE LEARNING SERVICES LIMITED,FALSE,null,24/08/2015,10001844,null,PUB.UKRLP.dbo.ProviderInstance,a97e2eb1-c959-4c26-8064-6961d76df731
11/04/2019,null,DANUM SCHOOL TECHNOLOGY COLLEGE,FALSE,null,29/07/2005,10001845,106780,PUB.UKRLP.dbo.ProviderInstance,a97e2eb1-c959-4c26-8064-6961d76df731
07/03/2019,null,DARLASTON COMMUNITY ASSOCIATION LIMITED,FALSE,null,06/06/2018,10001846,null,PUB.UKRLP.dbo.ProviderInstance,a97e2eb1-c959-4c26-8064-6961d76df731
08/09/2009,null,DARLASTON COMMUNITY SCIENCE COLLEGE,FALSE,null,29/07/2005,10001847,null,PUB.UKRLP.dbo.ProviderInstance,a97e2eb1-c959-4c26-8064-6961d76df731
null,null,DARLINGTON BOROUGH COUNCIL,TRUE,null,21/07/2026,10001848,null,PUB.UKRLP.dbo.ProviderInstance,a97e2eb1-c959-4c26-8064-6961d76df731
02/09/2010,01826820,DARLINGTON BUSINESS VENTURE,FALSE,null,07/11/2007,10001849,null,PUB.UKRLP.dbo.ProviderInstance,a97e2eb1-c959-4c26-8064-6961d76df731
null,null,DARLINGTON COLLEGE,TRUE,null,21/07/2026,10001850,130656,PUB.UKRLP.dbo.ProviderInstance,a97e2eb1-c959-4c26-8064-6961d76df731
21/12/2010,null,DARRICK WOOD SCHOOL,FALSE,null,29/07/2005,10001851,101658,PUB.UKRLP.dbo.ProviderInstance,a97e2eb1-c959-4c26-8064-6961d76df731
05/09/2006,02917677,DART SAILING SCHOOL LIMITED,FALSE,null,29/07/2005,10001852,null,PUB.UKRLP.dbo.ProviderInstance,a97e2eb1-c959-4c26-8064-6961d76df731
21/12/2010,null,DARTFORD GRAMMAR SCHOOL,FALSE,null,29/07/2005,10001853,118878,PUB.UKRLP.dbo.ProviderInstance,a97e2eb1-c959-4c26-8064-6961d76df731
06/06/2017,null,DARTFORD GRAMMAR SCHOOL FOR GIRLS,FALSE,null,12/05/2017,10001854,118883,PUB.UKRLP.dbo.ProviderInstance,a97e2eb1-c959-4c26-8064-6961d76df731
null,null,DARTFORD SCIENCE & TECHNOLOGY COLLEGE,TRUE,null,16/07/2026,10001855,118785,PUB.UKRLP.dbo.ProviderInstance,a97e2eb1-c959-4c26-8064-6961d76df731
11/04/2019,null,DARTINGTON COLLEGE OF ARTS,FALSE,null,17/12/2009,10001856,133892,PUB.UKRLP.dbo.ProviderInstance,a97e2eb1-c959-4c26-8064-6961d76df731
08/11/2007,01735464,DARTINGTON TECH,FALSE,null,12/04/2007,10001857,null,PUB.UKRLP.dbo.ProviderInstance,a97e2eb1-c959-4c26-8064-6961d76df731
29/10/2008,null,DARTMOUTH HIGH SCHOOL,FALSE,null,29/07/2005,10001858,null,PUB.UKRLP.dbo.ProviderInstance,a97e2eb1-c959-4c26-8064-6961d76df731
30/07/2009,04177196,DASH TRAINING LIMITED,FALSE,null,12/04/2007,10001859,null,PUB.UKRLP.dbo.ProviderInstance,a97e2eb1-c959-4c26-8064-6961d76df731
26/01/2009,05011991,DASH TRAINING SERVICES LIMITED,FALSE,null,28/03/2007,10001860,null,PUB.UKRLP.dbo.ProviderInstance,a97e2eb1-c959-4c26-8064-6961d76df731
null,01285315,DATCHET WATER SAILING CLUB LIMITED,TRUE,null,30/12/2025,10001861,null,PUB.UKRLP.dbo.ProviderInstance,a97e2eb1-c959-4c26-8064-6961d76df731
06/04/2011,null,DAVENANT FOUNDATION SCHOOL,FALSE,null,29/07/2005,10001862,115342,PUB.UKRLP.dbo.ProviderInstance,a97e2eb1-c959-4c26-8064-6961d76df731
23/10/2019,03517325,DAVENPORT TRAINING SERVICES LIMITED,FALSE,null,22/08/2019,10001863,null,PUB.UKRLP.dbo.ProviderInstance,a97e2eb1-c959-4c26-8064-6961d76df731
null,null,DAVENTRY DISTRICT COUNCIL,TRUE,null,21/07/2026,10001864,null,PUB.UKRLP.dbo.ProviderInstance,a97e2eb1-c959-4c26-8064-6961d76df731
20/04/2007,03149730,DAVID GAME COLLEGE LTD,FALSE,null,12/04/2007,10001865,null,PUB.UKRLP.dbo.ProviderInstance,a97e2eb1-c959-4c26-8064-6961d76df731
null,04899805,DAVID JONES NEWTOWN LIMITED,TRUE,null,12/09/2024,10001866,null,PUB.UKRLP.dbo.ProviderInstance,a97e2eb1-c959-4c26-8064-6961d76df731
null,02537501,THE DAVID LEWIS CENTRE,TRUE,David Lewis College,15/04/2026,10001867,131860,PUB.UKRLP.dbo.ProviderInstance,a97e2eb1-c959-4c26-8064-6961d76df731
09/05/2016,02605658,MORTON HODSON MANAGEMENT CONSULTANTS LIMITED,FALSE,null,07/03/2016,10001868,null,PUB.UKRLP.dbo.ProviderInstance,a97e2eb1-c959-4c26-8064-6961d76df731
null,03778645,DAVIDSON TRAINING UK LIMITED,TRUE,null,02/06/2026,10001869,null,PUB.UKRLP.dbo.ProviderInstance,a97e2eb1-c959-4c26-8064-6961d76df731
20/09/2016,02337465,DAVISH ENTERPRISE DEVELOPMENT CENTRE LIMITED,FALSE,null,16/07/2016,10001870,null,PUB.UKRLP.dbo.ProviderInstance,a97e2eb1-c959-4c26-8064-6961d76df731
null,null,"DAVISON CHURCH OF ENGLAND HIGH SCHOOL FOR GIRLS, WORTHING",TRUE,null,14/07/2026,10001871,126093,PUB.UKRLP.dbo.ProviderInstance,a97e2eb1-c959-4c26-8064-6961d76df731
null,01450892,DAWLIFFE HALL EDUCATIONAL FOUNDATION,TRUE,Baytree Centre,01/10/2024,10001872,null,PUB.UKRLP.dbo.ProviderInstance,a97e2eb1-c959-4c26-8064-6961d76df731
02/09/2011,null,DAYNCOURT SCHOOL SPECIALIST SPORTS COLLEGE,FALSE,null,14/08/2006,10001873,122881,PUB.UKRLP.dbo.ProviderInstance,a97e2eb1-c959-4c26-8064-6961d76df731
28/02/2020,01764522,DBI CONSULTING LTD,FALSE,null,27/11/2019,10001874,null,PUB.UKRLP.dbo.ProviderInstance,a97e2eb1-c959-4c26-8064-6961d76df731
null,04508114,DC TRAINING & DEVELOPMENT SERVICES LIMITED,TRUE,null,12/05/2024,10001875,null,PUB.UKRLP.dbo.ProviderInstance,a97e2eb1-c959-4c26-8064-6961d76df731
15/10/2009,NI028628,DDA CARE SERVICES LIMITED,FALSE,null,15/10/2009,10001876,null,PUB.UKRLP.dbo.ProviderInstance,a97e2eb1-c959-4c26-8064-6961d76df731
28/10/2013,NI023106,GROW TRAINING & DEVELOPMENT LTD,FALSE,null,27/06/2013,10001877,null,PUB.UKRLP.dbo.ProviderInstance,a97e2eb1-c959-4c26-8064-6961d76df731
07/03/2011,null,MARKET RASEN DE ASTON SCHOOL,FALSE,null,14/08/2006,10001878,120663,PUB.UKRLP.dbo.ProviderInstance,a97e2eb1-c959-4c26-8064-6961d76df731
null,01741045,EDUCARE LEARNING LTD.,TRUE,EduCare,06/10/2024,10001879,null,PUB.UKRLP.dbo.ProviderInstance,a97e2eb1-c959-4c26-8064-6961d76df731
19/01/2011,null,DE FERRERS SPECIALIST TECHNOLOGY COLLEGE,FALSE,null,15/08/2006,10001880,124442,PUB.UKRLP.dbo.ProviderInstance,a97e2eb1-c959-4c26-8064-6961d76df731
19/01/2011,null,DE LA SALLE HUMANITIES COLLEGE,FALSE,null,03/04/2008,10001881,104716,PUB.UKRLP.dbo.ProviderInstance,a97e2eb1-c959-4c26-8064-6961d76df731
03/07/2012,null,DE LISLE CATHOLIC SCHOOL LOUGHBOROUGH LEICESTERSHIRE,FALSE,null,26/07/2010,10001882,120304,PUB.UKRLP.dbo.ProviderInstance,a97e2eb1-c959-4c26-8064-6961d76df731
null,null,DE MONTFORT UNIVERSITY,TRUE,null,21/07/2026,10001883,133833,PUB.UKRLP.dbo.ProviderInstance,a97e2eb1-c959-4c26-8064-6961d76df731
06/12/2016,null,DE STAFFORD SCHOOL,FALSE,null,03/11/2016,10001884,125308,PUB.UKRLP.dbo.ProviderInstance,a97e2eb1-c959-4c26-8064-6961d76df731
21/09/2007,null,DEACON'S SCHOOL,FALSE,null,10/08/2006,10001885,null,PUB.UKRLP.dbo.ProviderInstance,a97e2eb1-c959-4c26-8064-6961d76df731
null,SC396876,DEAF ACTION,TRUE,null,02/06/2026,10001886,null,PUB.UKRLP.dbo.ProviderInstance,a97e2eb1-c959-4c26-8064-6961d76df731
11/11/2013,SC188831,DEAF CONNECTIONS TRADING LIMITED,FALSE,null,06/09/2010,10001887,null,PUB.UKRLP.dbo.ProviderInstance,a97e2eb1-c959-4c26-8064-6961d76df731
null,04802357,DEAF DIRECT,TRUE,Deaf Direct,13/10/2024,10001888,null,PUB.UKRLP.dbo.ProviderInstance,a97e2eb1-c959-4c26-8064-6961d76df731
30/07/2009,05398920,DEAF ESSENTIAL LIMITED,FALSE,null,12/04/2007,10001889,null,PUB.UKRLP.dbo.ProviderInstance,a97e2eb1-c959-4c26-8064-6961d76df731
08/11/2006,null,THE DEAFAX TRUST,FALSE,null,22/08/2006,10001890,null,PUB.UKRLP.dbo.ProviderInstance,a97e2eb1-c959-4c26-8064-6961d76df731
null,SC216974,DEAFBLIND SCOTLAND,TRUE,null,02/09/2025,10001891,null,PUB.UKRLP.dbo.ProviderInstance,a97e2eb1-c959-4c26-8064-6961d76df731
null,02426281,DEAFBLIND U.K.,TRUE,null,06/08/2024,10001892,null,PUB.UKRLP.dbo.ProviderInstance,a97e2eb1-c959-4c26-8064-6961d76df731
09/07/2007,01323762,CHESHIRE DEAF SOCIETY,FALSE,Deafness Support Network,12/04/2007,10001893,null,PUB.UKRLP.dbo.ProviderInstance,a97e2eb1-c959-4c26-8064-6961d76df731
29/03/2017,04552681,DEAN COLLEGE OF LONDON LIMITED,FALSE,null,23/02/2017,10001894,null,PUB.UKRLP.dbo.ProviderInstance,a97e2eb1-c959-4c26-8064-6961d76df731
null,null,THE DEANERY CHURCH OF ENGLAND HIGH SCHOOL AND SIXTH FORM COLLEGE,TRUE,null,20/05/2026,10001895,106534,PUB.UKRLP.dbo.ProviderInstance,a97e2eb1-c959-4c26-8064-6961d76df731
null,null,ST MATTHIAS SCHOOL,TRUE,null,10/10/2025,10001896,104387,PUB.UKRLP.dbo.ProviderInstance,a97e2eb1-c959-4c26-8064-6961d76df731
22/08/2019,null,DEARNE VALLEY COLLEGE,FALSE,null,07/02/2018,10001897,130529,PUB.UKRLP.dbo.ProviderInstance,a97e2eb1-c959-4c26-8064-6961d76df731
06/04/2011,null,DEBDEN PARK HIGH SCHOOL,FALSE,null,15/04/2008,10001898,131876,PUB.UKRLP.dbo.ProviderInstance,a97e2eb1-c959-4c26-8064-6961d76df731
02/09/2011,null,DEBEN HIGH SCHOOL,FALSE,null,29/07/2005,10001899,124811,PUB.UKRLP.dbo.ProviderInstance,a97e2eb1-c959-4c26-8064-6961d76df731
04/04/2007,03315799,DEEMAC TRAINING SERVICES LIMITED,FALSE,DeeMAC Training Services Ltd,28/03/2007,10001900,null,PUB.UKRLP.dbo.ProviderInstance,a97e2eb1-c959-4c26-8064-6961d76df731
11/03/2021,03593215,DEEP BLUE SOUND LIMITED,FALSE,Deep Blue Sound Ltd,21/12/2020,10001901,null,PUB.UKRLP.dbo.ProviderInstance,a97e2eb1-c959-4c26-8064-6961d76df731
01/02/2012,null,THE DEEPINGS SCHOOL,FALSE,null,29/07/2005,10001902,120635,PUB.UKRLP.dbo.ProviderInstance,a97e2eb1-c959-4c26-8064-6961d76df731
16/07/2025,02402475,DEFENSIVE DRIVER TRAINING LIMITED,FALSE,null,04/04/2025,10001903,null,PUB.UKRLP.dbo.ProviderInstance,a97e2eb1-c959-4c26-8064-6961d76df731
14/09/2022,05237127,DEFLOG VQ TRUST LIMITED,FALSE,null,14/07/2022,10001904,null,PUB.UKRLP.dbo.ProviderInstance,a97e2eb1-c959-4c26-8064-6961d76df731
05/09/2006,05011965,DELTA-ALPHA TRAINING LIMITED,FALSE,Delta Alpha Training Limited,29/07/2005,10001905,null,PUB.UKRLP.dbo.ProviderInstance,a97e2eb1-c959-4c26-8064-6961d76df731
02/09/2010,02427418,DELTA COMPUTER TRAINING LIMITED,FALSE,null,11/08/2009,10001906,null,PUB.UKRLP.dbo.ProviderInstance,a97e2eb1-c959-4c26-8064-6961d76df731
19/01/2012,04833413,DELTACLUB LEARNING CENTRE LIMITED,FALSE,null,01/09/2011,10001907,null,PUB.UKRLP.dbo.ProviderInstance,a97e2eb1-c959-4c26-8064-6961d76df731
08/11/2007,04556746,DEMOS EUROPEAN CONSULTANCY LIMITED,FALSE,null,12/04/2007,10001908,null,PUB.UKRLP.dbo.ProviderInstance,a97e2eb1-c959-4c26-8064-6961d76df731
07/03/2011,null,DENBIGH SCHOOL,FALSE,null,29/07/2005,10001909,110498,PUB.UKRLP.dbo.ProviderInstance,a97e2eb1-c959-4c26-8064-6961d76df731
null,00687151,DENBY TRANSPORT LIMITED,TRUE,null,30/12/2025,10001910,null,PUB.UKRLP.dbo.ProviderInstance,a97e2eb1-c959-4c26-8064-6961d76df731
11/04/2019,null,DENEFIELD SCHOOL,FALSE,null,29/07/2005,10001911,110100,PUB.UKRLP.dbo.ProviderInstance,a97e2eb1-c959-4c26-8064-6961d76df731
null,00386161,DENFORD LIMITED,TRUE,null,02/09/2025,10001912,null,PUB.UKRLP.dbo.ProviderInstance,a97e2eb1-c959-4c26-8064-6961d76df731
30/07/2018,SC247402,DENISE DARWIN (TRAINING) LTD.,FALSE,null,02/04/2018,10001913,null,PUB.UKRLP.dbo.ProviderInstance,a97e2eb1-c959-4c26-8064-6961d76df731
null,02517690,"THE NATIONAL FEDERATION OF WOMEN'S INSTITUTES OF ENGLAND, WALES, JERSEY, GUERNSEY AND THE ISLE OF MAN",TRUE,Denman College,05/12/2025,10001914,null,PUB.UKRLP.dbo.ProviderInstance,a97e2eb1-c959-4c26-8064-6961d76df731
14/02/2017,03836146,THE DENTAL RESOURCE COMPANY LIMITED,FALSE,null,11/01/2017,10001915,null,PUB.UKRLP.dbo.ProviderInstance,a97e2eb1-c959-4c26-8064-6961d76df731
17/01/2018,null,DENTON BURN COMMUNITY ASSOCIATION,FALSE,null,29/06/2017,10001916,null,PUB.UKRLP.dbo.ProviderInstance,a97e2eb1-c959-4c26-8064-6961d76df731
null,null,DEPTFORD GREEN SCHOOL,TRUE,null,11/09/2024,10001917,100740,PUB.UKRLP.dbo.ProviderInstance,a97e2eb1-c959-4c26-8064-6961d76df731
null,null,DERBY CITY COUNCIL,TRUE,null,21/07/2026,10001918,null,PUB.UKRLP.dbo.ProviderInstance,a97e2eb1-c959-4c26-8064-6961d76df731
null,null,DCG,TRUE,Derby College Group,21/07/2026,10001919,133585,PUB.UKRLP.dbo.ProviderInstance,a97e2eb1-c959-4c26-8064-6961d76df731
null,02994798,COMMUNITY ACTION DERBY LTD,TRUE,null,22/05/2026,10001920,null,PUB.UKRLP.dbo.ProviderInstance,a97e2eb1-c959-4c26-8064-6961d76df731
12/01/2018,null,DERBY MOOR COMMUNITY SPORTS COLLEGE,FALSE,null,19/11/2017,10001921,112952,PUB.UKRLP.dbo.ProviderInstance,a97e2eb1-c959-4c26-8064-6961d76df731
12/05/2008,04980868,DERBY PLAYHOUSE LIMITED,FALSE,null,12/04/2007,10001922,null,PUB.UKRLP.dbo.ProviderInstance,a97e2eb1-c959-4c26-8064-6961d76df731
null,01342511,DERBY SPECIALIST FABRICATIONS LIMITED,TRUE,null,02/02/2026,10001923,null,PUB.UKRLP.dbo.ProviderInstance,a97e2eb1-c959-4c26-8064-6961d76df731
null,null,DERBY WEST INDIAN COMMUNITY ASSOCIATION,TRUE,null,06/06/2018,10001924,null,PUB.UKRLP.dbo.ProviderInstance,a97e2eb1-c959-4c26-8064-6961d76df731
null,03920526,DERBYSHIRE ASSOCIATION OF THE BLIND LTD,TRUE,null,17/07/2026,10001925,null,PUB.UKRLP.dbo.ProviderInstance,a97e2eb1-c959-4c26-8064-6961d76df731
null,02488821,EMH CARE AND SUPPORT LIMITED,TRUE,null,01/09/2025,10001926,null,PUB.UKRLP.dbo.ProviderInstance,a97e2eb1-c959-4c26-8064-6961d76df731
null,01785710,"EAST MIDLANDS CHAMBER (DERBYSHIRE, NOTTINGHAMSHIRE, LEICESTERSHIRE)",TRUE,null,08/04/2026,10001927,null,PUB.UKRLP.dbo.ProviderInstance,a97e2eb1-c959-4c26-8064-6961d76df731
null,null,DERBYSHIRE COUNTY COUNCIL,TRUE,Derbyshire Adult Community Education Service,21/07/2026,10001928,null,PUB.UKRLP.dbo.ProviderInstance,a97e2eb1-c959-4c26-8064-6961d76df731
null,08615826,DERWEN COLLEGE,TRUE,null,03/10/2025,10001929,133173,PUB.UKRLP.dbo.ProviderInstance,a97e2eb1-c959-4c26-8064-6961d76df731
12/05/2015,04602515,DERWENT DELIVERS LTD.,FALSE,null,05/04/2015,10001930,null,PUB.UKRLP.dbo.ProviderInstance,a97e2eb1-c959-4c26-8064-6961d76df731
null,00917988,DERWENT RESERVOIR SAILING CLUB LIMITED,TRUE,null,26/04/2026,10001931,null,PUB.UKRLP.dbo.ProviderInstance,a97e2eb1-c959-4c26-8064-6961d76df731
11/12/2007,04658400,DERWENT SAFETY CENTRE LIMITED,FALSE,null,16/04/2007,10001932,null,PUB.UKRLP.dbo.ProviderInstance,a97e2eb1-c959-4c26-8064-6961d76df731
null,02826849,DERWENT STEPPING STONES NURSERY AND COMMUNITY TRAINING CENTRE,TRUE,null,11/03/2026,10001933,null,PUB.UKRLP.dbo.ProviderInstance,a97e2eb1-c959-4c26-8064-6961d76df731
null,null,DERWENTSIDE COLLEGE,TRUE,null,10/10/2025,10001934,130658,PUB.UKRLP.dbo.ProviderInstance,a97e2eb1-c959-4c26-8064-6961d76df731
01/04/2009,null,DERWENTSIDE DISTRICT COUNCIL,FALSE,Derwentside Training,06/01/2009,10001935,null,PUB.UKRLP.dbo.ProviderInstance,a97e2eb1-c959-4c26-8064-6961d76df731
null,01674373,DERWENTSIDE ENTERPRISE AGENCY C.I.C,TRUE,null,26/04/2026,10001936,null,PUB.UKRLP.dbo.ProviderInstance,a97e2eb1-c959-4c26-8064-6961d76df731
01/12/2006,null,DESBOROUGH SCHOOL,FALSE,null,29/07/2005,10001937,null,PUB.UKRLP.dbo.ProviderInstance,a97e2eb1-c959-4c26-8064-6961d76df731
null,05197710,THE INTERIOR DESIGN SCHOOL LIMITED,TRUE,null,22/03/2025,10001938,null,PUB.UKRLP.dbo.ProviderInstance,a97e2eb1-c959-4c26-8064-6961d76df731
null,03715280,VISIT WEST LIMITED,TRUE,null,18/06/2026,10001939,null,PUB.UKRLP.dbo.ProviderInstance,a97e2eb1-c959-4c26-8064-6961d76df731
09/08/2021,03995031,DETA (2000) LIMITED,FALSE,Deta 2000,25/06/2021,10001940,null,PUB.UKRLP.dbo.ProviderInstance,a97e2eb1-c959-4c26-8064-6961d76df731
null,04026115,DEUDRAETH CYF.,TRUE,null,11/03/2026,10001941,null,PUB.UKRLP.dbo.ProviderInstance,a97e2eb1-c959-4c26-8064-6961d76df731
null,05285190,DEVELOP-IT LIMITED,TRUE,Develop It,18/07/2026,10001942,null,PUB.UKRLP.dbo.ProviderInstance,a97e2eb1-c959-4c26-8064-6961d76df731
02/11/2006,01747506,DEVELOP UK LIMITED,FALSE,null,29/07/2005,10001943,null,PUB.UKRLP.dbo.ProviderInstance,a97e2eb1-c959-4c26-8064-6961d76df731
null,01820492,WAYTHROUGH,TRUE,DISC,02/02/2026,10001944,null,PUB.UKRLP.dbo.ProviderInstance,a97e2eb1-c959-4c26-8064-6961d76df731
null,03932440,THE DEVELOPMENT COMPANY LIMITED,TRUE,null,27/01/2025,10001945,null,PUB.UKRLP.dbo.ProviderInstance,a97e2eb1-c959-4c26-8064-6961d76df731
null,SC152769,DP DIGITAL MEDIA LTD,TRUE,null,30/12/2025,10001946,null,PUB.UKRLP.dbo.ProviderInstance,a97e2eb1-c959-4c26-8064-6961d76df731
null,02708805,DEVELOPMENT PROCESSES GROUP LIMITED,TRUE,null,10/05/2026,10001947,null,PUB.UKRLP.dbo.ProviderInstance,a97e2eb1-c959-4c26-8064-6961d76df731
29/09/2022,00014504,EREVED GROUP HOLDINGS LIMITED,FALSE,null,21/07/2022,10001948,null,PUB.UKRLP.dbo.ProviderInstance,a97e2eb1-c959-4c26-8064-6961d76df731
null,01447600,KORIS365 LIMITED,TRUE,null,13/10/2024,10001949,null,PUB.UKRLP.dbo.ProviderInstance,a97e2eb1-c959-4c26-8064-6961d76df731
24/06/2010,null,DEVIZES SCHOOL,FALSE,null,29/07/2005,10001950,null,PUB.UKRLP.dbo.ProviderInstance,a97e2eb1-c959-4c26-8064-6961d76df731
null,null,DEVON COUNTY COUNCIL,TRUE,Learn Devon,21/07/2026,10001951,null,PUB.UKRLP.dbo.ProviderInstance,a97e2eb1-c959-4c26-8064-6961d76df731
12/03/2010,03143244,DEVON SAILING LIMITED,FALSE,null,28/03/2007,10001952,null,PUB.UKRLP.dbo.ProviderInstance,a97e2eb1-c959-4c26-8064-6961d76df731
11/12/2007,01033434,DEVON SCHOOL OF ENGLISH LIMITED,FALSE,null,16/04/2007,10001953,null,PUB.UKRLP.dbo.ProviderInstance,a97e2eb1-c959-4c26-8064-6961d76df731
16/07/2025,04098273,THE DEVON SCHOOL OF SHIATSU,FALSE,null,22/03/2023,10001954,null,PUB.UKRLP.dbo.ProviderInstance,a97e2eb1-c959-4c26-8064-6961d76df731
null,03240655,YOUNG DEVON,TRUE,null,30/09/2025,10001955,null,PUB.UKRLP.dbo.ProviderInstance,a97e2eb1-c959-4c26-8064-6961d76df731
07/03/2011,null,DEVONPORT HIGH SCHOOL FOR BOYS,FALSE,null,29/07/2005,10001956,113530,PUB.UKRLP.dbo.ProviderInstance,a97e2eb1-c959-4c26-8064-6961d76df731
06/04/2011,null,DEVONPORT HIGH SCHOOL FOR GIRLS,FALSE,null,29/07/2005,10001957,113531,PUB.UKRLP.dbo.ProviderInstance,a97e2eb1-c959-4c26-8064-6961d76df731
08/11/2006,02077752,DEVONPORT ROYAL DOCKYARD LIMITED,FALSE,null,05/10/2006,10001958,null,PUB.UKRLP.dbo.ProviderInstance,a97e2eb1-c959-4c26-8064-6961d76df731
01/08/2008,null,DEWSBURY COLLEGE,FALSE,null,04/10/2007,10001959,null,PUB.UKRLP.dbo.ProviderInstance,a97e2eb1-c959-4c26-8064-6961d76df731
11/04/2019,null,DEYES HIGH SCHOOL,FALSE,null,29/07/2005,10001960,104948,PUB.UKRLP.dbo.ProviderInstance,a97e2eb1-c959-4c26-8064-6961d76df731
28/01/2009,02808565,D.G.L. SERVICES LIMITED,FALSE,null,27/03/2007,10001961,null,PUB.UKRLP.dbo.ProviderInstance,a97e2eb1-c959-4c26-8064-6961d76df731
null,SC165259,LIMELIGHT CAREERS LTD,TRUE,DGM Training Consultants,02/06/2026,10001962,null,PUB.UKRLP.dbo.ProviderInstance,a97e2eb1-c959-4c26-8064-6961d76df731
09/05/2008,04843099,DHP ENTERPRISE LIMITED,FALSE,null,08/11/2007,10001963,null,PUB.UKRLP.dbo.ProviderInstance,a97e2eb1-c959-4c26-8064-6961d76df731
18/04/2017,SC184060,DHP SCOTLAND LIMITED,FALSE,null,05/01/2017,10001964,null,PUB.UKRLP.dbo.ProviderInstance,a97e2eb1-c959-4c26-8064-6961d76df731
12/11/2010,04381722,A4U,FALSE,Dial Shropshire Telford & Wrekin,13/05/2008,10001965,null,PUB.UKRLP.dbo.ProviderInstance,a97e2eb1-c959-4c26-8064-6961d76df731
null,02062656,DIAMOND PEOPLE LIMITED,TRUE,null,26/04/2026,10001966,null,PUB.UKRLP.dbo.ProviderInstance,a97e2eb1-c959-4c26-8064-6961d76df731
null,03303042,DIDAC LIMITED,TRUE,null,08/04/2026,10001967,null,PUB.UKRLP.dbo.ProviderInstance,a97e2eb1-c959-4c26-8064-6961d76df731
11/07/2011,null,DIDCOT GIRLS' SCHOOL,FALSE,null,15/04/2008,10001968,123260,PUB.UKRLP.dbo.ProviderInstance,a97e2eb1-c959-4c26-8064-6961d76df731
null,04731240,DIGITAL AUTOMATION TRAINING LIMITED,TRUE,null,18/03/2024,10001969,null,PUB.UKRLP.dbo.ProviderInstance,a97e2eb1-c959-4c26-8064-6961d76df731
06/02/2017,null,THE DIGSWELL ARTS TRUST,FALSE,null,16/12/2016,10001970,null,PUB.UKRLP.dbo.ProviderInstance,a97e2eb1-c959-4c26-8064-6961d76df731
16/07/2025,03640526,DIMENSIONS TRAINING SOLUTIONS LIMITED,FALSE,null,25/09/2024,10001971,null,PUB.UKRLP.dbo.ProviderInstance,a97e2eb1-c959-4c26-8064-6961d76df731
16/02/2015,null,DINNINGTON COMPREHENSIVE SPECIALISING IN SCIENCE AND ENGINEERING,FALSE,null,29/12/2014,10001972,106958,PUB.UKRLP.dbo.ProviderInstance,a97e2eb1-c959-4c26-8064-6961d76df731
08/01/2016,03793769,BLUE MENU LIMITED,FALSE,null,06/10/2015,10001973,null,PUB.UKRLP.dbo.ProviderInstance,a97e2eb1-c959-4c26-8064-6961d76df731
null,SC244443,DIRECT PARTNERS LIMITED,TRUE,null,02/02/2026,10001974,null,PUB.UKRLP.dbo.ProviderInstance,a97e2eb1-c959-4c26-8064-6961d76df731
03/04/2007,03965586,1ST CLASS DRIVING LIMITED,FALSE,Directions To 1st Class Driving,27/03/2007,10001975,null,PUB.UKRLP.dbo.ProviderInstance,a97e2eb1-c959-4c26-8064-6961d76df731
null,02320712,THE DIRECTORY OF SOCIAL CHANGE,TRUE,null,10/01/2023,10001976,null,PUB.UKRLP.dbo.ProviderInstance,a97e2eb1-c959-4c26-8064-6961d76df731
09/09/2010,05005176,DISABILITY HACKNEY LIMITED,FALSE,null,08/09/2010,10001977,null,PUB.UKRLP.dbo.ProviderInstance,a97e2eb1-c959-4c26-8064-6961d76df731
13/04/2023,03153439,DISABILITY TIMES TRUST,FALSE,null,08/01/2023,10001978,null,PUB.UKRLP.dbo.ProviderInstance,a97e2eb1-c959-4c26-8064-6961d76df731
14/12/2007,03022974,DISABILITY WEST MIDLANDS,FALSE,null,29/09/2006,10001979,null,PUB.UKRLP.dbo.ProviderInstance,a97e2eb1-c959-4c26-8064-6961d76df731
04/09/2022,03000433,ELECTRONIC VILLAGE LTD.,FALSE,null,15/06/2022,10001980,null,PUB.UKRLP.dbo.ProviderInstance,a97e2eb1-c959-4c26-8064-6961d76df731
12/08/2019,04698026,DISC LIMITED,FALSE,null,12/08/2019,10001981,null,PUB.UKRLP.dbo.ProviderInstance,a97e2eb1-c959-4c26-8064-6961d76df731
06/10/2023,05392176,DISCOVER SKYDIVING LIMITED,FALSE,null,29/06/2023,10001982,null,PUB.UKRLP.dbo.ProviderInstance,a97e2eb1-c959-4c26-8064-6961d76df731
10/08/2011,null,DISS HIGH SCHOOL,FALSE,null,29/07/2005,10001983,121184,PUB.UKRLP.dbo.ProviderInstance,a97e2eb1-c959-4c26-8064-6961d76df731
12/10/2007,05046653,DISTRIBUTED LEARNING,FALSE,null,16/04/2007,10001984,null,PUB.UKRLP.dbo.ProviderInstance,a97e2eb1-c959-4c26-8064-6961d76df731
02/09/2010,05075091,DITC LIMITED,FALSE,null,16/04/2007,10001985,null,PUB.UKRLP.dbo.ProviderInstance,a97e2eb1-c959-4c26-8064-6961d76df731
26/01/2009,04928016,DIVE ECLIPSE LIMITED,FALSE,null,16/04/2007,10001986,null,PUB.UKRLP.dbo.ProviderInstance,a97e2eb1-c959-4c26-8064-6961d76df731
null,02589112,DIVE IN LIMITED,TRUE,null,26/04/2026,10001987,null,PUB.UKRLP.dbo.ProviderInstance,a97e2eb1-c959-4c26-8064-6961d76df731
26/01/2009,03679981,DIVE ST IVES LIMITED,FALSE,null,16/04/2007,10001988,null,PUB.UKRLP.dbo.ProviderInstance,a97e2eb1-c959-4c26-8064-6961d76df731
13/06/2021,01864849,DIVELINE LIMITED,FALSE,null,04/04/2021,10001989,null,PUB.UKRLP.dbo.ProviderInstance,a97e2eb1-c959-4c26-8064-6961d76df731
17/12/2009,05062169,DIVERSE CULTURE LIMITED,FALSE,null,16/04/2007,10001990,null,PUB.UKRLP.dbo.ProviderInstance,a97e2eb1-c959-4c26-8064-6961d76df731
20/03/2007,03921688,DIVING LEISURE LIMITED,FALSE,null,29/09/2006,10001991,null,PUB.UKRLP.dbo.ProviderInstance,a97e2eb1-c959-4c26-8064-6961d76df731
null,null,DIXONS CITY ACADEMY,TRUE,null,15/04/2026,10001992,130909,PUB.UKRLP.dbo.ProviderInstance,a97e2eb1-c959-4c26-8064-6961d76df731
16/10/2007,02097071,DIXON MOTORS LIMITED,FALSE,Dixons Motors Plc,16/04/2007,10001993,null,PUB.UKRLP.dbo.ProviderInstance,a97e2eb1-c959-4c26-8064-6961d76df731
null,04513393,DIY FRAMING LIMITED,TRUE,null,26/04/2026,10001994,null,PUB.UKRLP.dbo.ProviderInstance,a97e2eb1-c959-4c26-8064-6961d76df731
null,02754039,DLT TRAINING LIMITED,TRUE,null,17/07/2026,10001995,null,PUB.UKRLP.dbo.ProviderInstance,a97e2eb1-c959-4c26-8064-6961d76df731
30/09/2020,04351311,DMS TRAINING SYSTEMS LIMITED,FALSE,null,06/09/2020,10001996,null,PUB.UKRLP.dbo.ProviderInstance,a97e2eb1-c959-4c26-8064-6961d76df731
29/03/2021,02878897,D M T BUSINESS SERVICES LTD,FALSE,null,02/03/2021,10001997,null,PUB.UKRLP.dbo.ProviderInstance,a97e2eb1-c959-4c26-8064-6961d76df731
null,02319971,DOCKLANDS SAILING CENTRE LIMITED,TRUE,null,17/07/2026,10001998,null,PUB.UKRLP.dbo.ProviderInstance,a97e2eb1-c959-4c26-8064-6961d76df731
null,00575754,EUROPEAN VISION LIMITED,TRUE,Dollond & Aitchison,17/07/2026,10001999,null,PUB.UKRLP.dbo.ProviderInstance,a97e2eb1-c959-4c26-8064-6961d76df731
16/07/2025,05002178,DOMINO RISK MANAGEMENT LIMITED,FALSE,null,16/12/2024,10002000,null,PUB.UKRLP.dbo.ProviderInstance,a97e2eb1-c959-4c26-8064-6961d76df731
06/12/2021,02683887,DON QUIJOTE UK IN-COUNTRY LANGUAGE COURSES LIMITED,FALSE,null,20/09/2021,10002001,null,PUB.UKRLP.dbo.ProviderInstance,a97e2eb1-c959-4c26-8064-6961d76df731
02/09/2011,null,DON VALLEY SCHOOL AND PERFORMING ARTS COLLEGE,FALSE,null,18/01/2007,10002002,106786,PUB.UKRLP.dbo.ProviderInstance,a97e2eb1-c959-4c26-8064-6961d76df731
20/01/2012,NI043626,DONARD TRAINING LTD,FALSE,null,15/10/2009,10002003,null,PUB.UKRLP.dbo.ProviderInstance,a97e2eb1-c959-4c26-8064-6961d76df731
null,05217467,DONCASTER CENTRE FOR BASIC SKILLS AND DYSLEXIA LIMITED,TRUE,Doncaster Centre for Basic Skills and Dyslexia,17/07/2026,10002004,null,PUB.UKRLP.dbo.ProviderInstance,a97e2eb1-c959-4c26-8064-6961d76df731
22/11/2017,null,DONCASTER COLLEGE,FALSE,null,12/07/2017,10002005,130526,PUB.UKRLP.dbo.ProviderInstance,a97e2eb1-c959-4c26-8064-6961d76df731
null,null,YORKSHIRE ROSE COLLEGE,TRUE,null,27/03/2026,10002006,131869,PUB.UKRLP.dbo.ProviderInstance,a97e2eb1-c959-4c26-8064-6961d76df731
20/03/2007,03459150,DONCASTER COMPUTER TRAINING LIMITED,FALSE,null,05/09/2006,10002007,null,PUB.UKRLP.dbo.ProviderInstance,a97e2eb1-c959-4c26-8064-6961d76df731
null,null,DONCASTER COUNCIL,TRUE,Accredited Learning Centre,21/07/2026,10002008,null,PUB.UKRLP.dbo.ProviderInstance,a97e2eb1-c959-4c26-8064-6961d76df731
null,01909956,DONCASTER ROTHERHAM AND DISTRICT MOTOR TRADES GROUP TRAINING ASSOCIATION LIMITED,TRUE,null,05/03/2025,10002009,null,PUB.UKRLP.dbo.ProviderInstance,a97e2eb1-c959-4c26-8064-6961d76df731
01/12/2011,null,DORCAN TECHNOLOGY COLLEGE,FALSE,null,29/07/2005,10002010,126450,PUB.UKRLP.dbo.ProviderInstance,a97e2eb1-c959-4c26-8064-6961d76df731
null,03088287,DOREEN BIRD COLLEGE OF PERFORMING ARTS LTD.,TRUE,null,29/09/2024,10002011,null,PUB.UKRLP.dbo.ProviderInstance,a97e2eb1-c959-4c26-8064-6961d76df731
12/08/2019,03320011,DORSET COMMUNITY ACTION,FALSE,null,12/08/2019,10002012,null,PUB.UKRLP.dbo.ProviderInstance,a97e2eb1-c959-4c26-8064-6961d76df731
null,null,DORSET COUNCIL,TRUE,Dorset Adult Learning,21/07/2026,10002013,null,PUB.UKRLP.dbo.ProviderInstance,a97e2eb1-c959-4c26-8064-6961d76df731
05/09/2006,04219467,DOTCOMMUNITY ARTS LIMITED,FALSE,null,29/07/2005,10002014,null,PUB.UKRLP.dbo.ProviderInstance,a97e2eb1-c959-4c26-8064-6961d76df731
null,01498747,DOVE HOUSE HOSPICE LIMITED,TRUE,null,18/07/2026,10002015,null,PUB.UKRLP.dbo.ProviderInstance,a97e2eb1-c959-4c26-8064-6961d76df731
null,02341942,DOVE WORKSHOP LIMITED,TRUE,null,21/01/2026,10002016,null,PUB.UKRLP.dbo.ProviderInstance,a97e2eb1-c959-4c26-8064-6961d76df731
null,null,DOVER GRAMMAR SCHOOL FOR BOYS,TRUE,null,10/10/2025,10002017,118931,PUB.UKRLP.dbo.ProviderInstance,a97e2eb1-c959-4c26-8064-6961d76df731
null,null,DOVER GRAMMAR SCHOOL FOR GIRLS,TRUE,null,10/10/2025,10002018,118806,PUB.UKRLP.dbo.ProviderInstance,a97e2eb1-c959-4c26-8064-6961d76df731
08/06/2012,05027227,DYNAMIC LEARNING SOLUTIONS LIMITED,FALSE,null,30/11/2011,10002019,null,PUB.UKRLP.dbo.ProviderInstance,a97e2eb1-c959-4c26-8064-6961d76df731
null,NI019220,DOWN BUSINESS CENTRE LIMITED,TRUE,null,26/04/2026,10002020,null,PUB.UKRLP.dbo.ProviderInstance,a97e2eb1-c959-4c26-8064-6961d76df731
null,NI044367,DOWN FORK LIFT TRAINING LIMITED,TRUE,Down Forklift Training,26/04/2026,10002021,null,PUB.UKRLP.dbo.ProviderInstance,a97e2eb1-c959-4c26-8064-6961d76df731
25/10/2011,null,DOWNEND COMPREHENSIVE SCHOOL,FALSE,null,23/11/2006,10002022,109321,PUB.UKRLP.dbo.ProviderInstance,a97e2eb1-c959-4c26-8064-6961d76df731
11/10/2011,null,DOWNHAM MARKET HIGH SCHOOL - TECHNOLOGY COLLEGE,FALSE,null,14/08/2006,10002023,121210,PUB.UKRLP.dbo.ProviderInstance,a97e2eb1-c959-4c26-8064-6961d76df731
16/07/2025,02573097,DOWNTOWN42 LTD,FALSE,Downtown Bureau,16/09/2024,10002024,null,PUB.UKRLP.dbo.ProviderInstance,a97e2eb1-c959-4c26-8064-6961d76df731
29/09/2017,03890206,DPC LIMITED,FALSE,null,16/05/2017,10002025,null,PUB.UKRLP.dbo.ProviderInstance,a97e2eb1-c959-4c26-8064-6961d76df731
19/01/2011,null,DR CHALLONER'S GRAMMAR SCHOOL,FALSE,null,29/07/2005,10002026,110514,PUB.UKRLP.dbo.ProviderInstance,a97e2eb1-c959-4c26-8064-6961d76df731
10/08/2011,null,DR CHALLONER'S HIGH SCHOOL,FALSE,null,29/07/2005,10002027,110495,PUB.UKRLP.dbo.ProviderInstance,a97e2eb1-c959-4c26-8064-6961d76df731
20/03/2007,03711510,DRAKE TRAINING (SOUTH WEST) LIMITED,FALSE,null,29/09/2006,10002028,null,PUB.UKRLP.dbo.ProviderInstance,a97e2eb1-c959-4c26-8064-6961d76df731
null,04208059,DRAMA STUDIO LONDON LIMITED,TRUE,null,10/06/2025,10002029,null,PUB.UKRLP.dbo.ProviderInstance,a97e2eb1-c959-4c26-8064-6961d76df731
null,00974308,DRAYCOTE WATER SAILING CLUB LIMITED (THE),TRUE,null,21/01/2026,10002030,null,PUB.UKRLP.dbo.ProviderInstance,a97e2eb1-c959-4c26-8064-6961d76df731
10/08/2011,null,DRAYTON MANOR HIGH SCHOOL,FALSE,null,29/07/2005,10002031,101942,PUB.UKRLP.dbo.ProviderInstance,a97e2eb1-c959-4c26-8064-6961d76df731
null,null,DREADNOUGHT CENTRE,TRUE,null,06/06/2018,10002032,null,PUB.UKRLP.dbo.ProviderInstance,a97e2eb1-c959-4c26-8064-6961d76df731
28/01/2009,04505372,DREAM HARVEST INTERNATIONAL LIMITED,FALSE,Dream Harvest College,17/04/2007,10002033,null,PUB.UKRLP.dbo.ProviderInstance,a97e2eb1-c959-4c26-8064-6961d76df731
07/10/2021,03751021,DREYFUS TRAINING & DEVELOPMENT LIMITED,FALSE,null,18/08/2021,10002034,null,PUB.UKRLP.dbo.ProviderInstance,a97e2eb1-c959-4c26-8064-6961d76df731
21/09/2007,03680340,DEVELOPMENT AND RESEARCH INITIATIVES LIMITED,FALSE,null,20/09/2007,10002035,null,PUB.UKRLP.dbo.ProviderInstance,a97e2eb1-c959-4c26-8064-6961d76df731
06/02/2017,null,DRIFFIELD SCHOOL AND SIXTH FORM,FALSE,null,30/01/2017,10002036,118078,PUB.UKRLP.dbo.ProviderInstance,a97e2eb1-c959-4c26-8064-6961d76df731
06/07/2012,03666622,DRIVECRAFT EFFECTIVE DRIVER TRAINING LIMITED,FALSE,null,21/12/2011,10002037,null,PUB.UKRLP.dbo.ProviderInstance,a97e2eb1-c959-4c26-8064-6961d76df731
null,02216564,DRIVER HIRE GROUP SERVICES LIMITED,TRUE,null,30/09/2025,10002038,null,PUB.UKRLP.dbo.ProviderInstance,a97e2eb1-c959-4c26-8064-6961d76df731
02/04/2007,04185650,BIG BACK YARD LTD,FALSE,null,04/09/2006,10002039,null,PUB.UKRLP.dbo.ProviderInstance,a97e2eb1-c959-4c26-8064-6961d76df731
06/07/2012,03362837,DRIVER TRAINING (WALES) LIMITED,FALSE,null,30/11/2011,10002040,null,PUB.UKRLP.dbo.ProviderInstance,a97e2eb1-c959-4c26-8064-6961d76df731
09/10/2009,03822936,DTT DRIVER TRAINING LTD,FALSE,null,08/05/2008,10002041,null,PUB.UKRLP.dbo.ProviderInstance,a97e2eb1-c959-4c26-8064-6961d76df731
18/06/2024,02402594,DRIVERS ON DEMAND LIMITED,FALSE,null,25/04/2023,10002042,null,PUB.UKRLP.dbo.ProviderInstance,a97e2eb1-c959-4c26-8064-6961d76df731
null,03478703,COACHING NOW LTD,TRUE,null,20/02/2025,10002043,null,PUB.UKRLP.dbo.ProviderInstance,a97e2eb1-c959-4c26-8064-6961d76df731
02/09/2010,SO300544,DRM DRIVER TRAINING GLASGOW LLP,FALSE,null,17/04/2007,10002044,null,PUB.UKRLP.dbo.ProviderInstance,a97e2eb1-c959-4c26-8064-6961d76df731
07/07/2011,null,DROITWICH SPA HIGH SCHOOL,FALSE,null,29/07/2005,10002045,116931,PUB.UKRLP.dbo.ProviderInstance,a97e2eb1-c959-4c26-8064-6961d76df731
null,null,DRONFIELD HENRY FANSHAWE SCHOOL,TRUE,null,10/10/2025,10002046,112969,PUB.UKRLP.dbo.ProviderInstance,a97e2eb1-c959-4c26-8064-6961d76df731
01/05/2013,SC119011,GLASGOW WEST REGENERATION AGENCY LIMITED,FALSE,null,01/02/2013,10002047,null,PUB.UKRLP.dbo.ProviderInstance,a97e2eb1-c959-4c26-8064-6961d76df731
04/03/2011,03108196,DRUMTECH UK LIMITED,FALSE,Drumtech,04/03/2011,10002048,null,PUB.UKRLP.dbo.ProviderInstance,a97e2eb1-c959-4c26-8064-6961d76df731
null,null,DRY STONE WALLING ASSOCIATION OF GREAT BRITAIN,TRUE,null,06/06/2018,10002049,null,PUB.UKRLP.dbo.ProviderInstance,a97e2eb1-c959-4c26-8064-6961d76df731
null,05382951,DTD TRAINING LIMITED,TRUE,null,11/03/2026,10002050,null,PUB.UKRLP.dbo.ProviderInstance,a97e2eb1-c959-4c26-8064-6961d76df731
null,02304150,DTW ADVERTISING AND MARKETING LIMITED,TRUE,null,26/11/2023,10002051,null,PUB.UKRLP.dbo.ProviderInstance,a97e2eb1-c959-4c26-8064-6961d76df731
14/04/2026,04551593,DUCK-2-WATER LIMITED,FALSE,null,30/08/2024,10002052,null,PUB.UKRLP.dbo.ProviderInstance,a97e2eb1-c959-4c26-8064-6961d76df731
null,null,DUDLEY METROPOLITAN BOROUGH COUNCIL,TRUE,null,21/07/2026,10002054,null,PUB.UKRLP.dbo.ProviderInstance,a97e2eb1-c959-4c26-8064-6961d76df731
28/08/2008,null,THE DUKERIES COLLEGE,FALSE,null,29/07/2005,10002055,null,PUB.UKRLP.dbo.ProviderInstance,a97e2eb1-c959-4c26-8064-6961d76df731
16/02/2010,02190862,THE DUKERIES TRAINING AGENCY LIMITED,FALSE,null,23/05/2008,10002056,null,PUB.UKRLP.dbo.ProviderInstance,a97e2eb1-c959-4c26-8064-6961d76df731
19/07/2011,01737688,DUNELM ASSOCIATES LIMITED,FALSE,null,08/03/2011,10002057,null,PUB.UKRLP.dbo.ProviderInstance,a97e2eb1-c959-4c26-8064-6961d76df731
null,NI018557,DUNGANNON ENTERPRISE CENTRE,TRUE,null,26/04/2026,10002058,null,PUB.UKRLP.dbo.ProviderInstance,a97e2eb1-c959-4c26-8064-6961d76df731
null,03477890,MEGGITT AEROSPACE LIMITED,TRUE,Meggitt Aircraft Braking Systems,29/09/2024,10002059,null,PUB.UKRLP.dbo.ProviderInstance,a97e2eb1-c959-4c26-8064-6961d76df731
10/08/2011,null,DUNRAVEN SCHOOL,FALSE,null,07/08/2006,10002060,100639,PUB.UKRLP.dbo.ProviderInstance,a97e2eb1-c959-4c26-8064-6961d76df731
null,null,CENTRAL BEDFORDSHIRE COLLEGE,TRUE,null,07/02/2018,10002061,130598,PUB.UKRLP.dbo.ProviderInstance,a97e2eb1-c959-4c26-8064-6961d76df731
19/08/2014,04743162,DUO CONSULTING SERVICES LIMITED,FALSE,Duo Training,17/06/2014,10002062,null,PUB.UKRLP.dbo.ProviderInstance,a97e2eb1-c959-4c26-8064-6961d76df731
null,01757433,DURHAM BUSINESS GROUP (NE) LTD,TRUE,null,27/11/2023,10002063,null,PUB.UKRLP.dbo.ProviderInstance,a97e2eb1-c959-4c26-8064-6961d76df731
null,null,COUNTY DURHAM COUNCIL,TRUE,null,21/07/2026,10002064,null,PUB.UKRLP.dbo.ProviderInstance,a97e2eb1-c959-4c26-8064-6961d76df731
14/11/2023,null,DURHAM SIXTH FORM CENTRE,FALSE,null,12/09/2023,10002065,114310,PUB.UKRLP.dbo.ProviderInstance,a97e2eb1-c959-4c26-8064-6961d76df731
null,null,DURHAM JOHNSTON COMPREHENSIVE SCHOOL,TRUE,null,10/10/2025,10002066,114312,PUB.UKRLP.dbo.ProviderInstance,a97e2eb1-c959-4c26-8064-6961d76df731
20/01/2012,05271617,DURHAM LOGISTICS COLLEGE LIMITED,FALSE,null,01/08/2011,10002067,null,PUB.UKRLP.dbo.ProviderInstance,a97e2eb1-c959-4c26-8064-6961d76df731
null,00309329,DURHAM COMMUNITY ACTION LIMITED,TRUE,null,02/10/2022,10002068,null,PUB.UKRLP.dbo.ProviderInstance,a97e2eb1-c959-4c26-8064-6961d76df731
null,02020423,TEESSIDE INTERNATIONAL AIRPORT LIMITED,TRUE,null,26/04/2026,10002069,null,PUB.UKRLP.dbo.ProviderInstance,a97e2eb1-c959-4c26-8064-6961d76df731
15/01/2010,null,THE GERALD DURRELL WILDLIFE PRESERVATION TRUST,FALSE,Durrell Wildlife Conservation Trust,29/07/2005,10002070,null,PUB.UKRLP.dbo.ProviderInstance,a97e2eb1-c959-4c26-8064-6961d76df731
11/04/2019,null,THE DUSTON SCHOOL,FALSE,null,14/08/2006,10002071,122074,PUB.UKRLP.dbo.ProviderInstance,a97e2eb1-c959-4c26-8064-6961d76df731
12/05/2008,02970003,DV MEDIA LIMITED,FALSE,null,28/03/2007,10002072,null,PUB.UKRLP.dbo.ProviderInstance,a97e2eb1-c959-4c26-8064-6961d76df731
null,03942925,BIG CREATIVE TRAINING LTD,TRUE,null,26/03/2026,10002073,null,PUB.UKRLP.dbo.ProviderInstance,a97e2eb1-c959-4c26-8064-6961d76df731
14/09/2009,null,DYKE HOUSE SPORTS AND TECHNOLOGY COLLEGE,FALSE,null,14/09/2009,10002074,null,PUB.UKRLP.dbo.ProviderInstance,a97e2eb1-c959-4c26-8064-6961d76df731
null,03503668,TILGATE PARK WATERSPORTS LTD,TRUE,null,18/07/2026,10002075,null,PUB.UKRLP.dbo.ProviderInstance,a97e2eb1-c959-4c26-8064-6961d76df731
08/11/2019,01179975,DYSLEXIA INSTITUTE LIMITED,FALSE,Dyslexia Action,08/08/2019,10002076,null,PUB.UKRLP.dbo.ProviderInstance,a97e2eb1-c959-4c26-8064-6961d76df731
10/08/2011,null,DYSON PERRINS COFE SPORTS COLLEGE,FALSE,null,04/02/2009,10002077,116995,PUB.UKRLP.dbo.ProviderInstance,a97e2eb1-c959-4c26-8064-6961d76df731
null,04439071,E-TRAINING LIMITED,TRUE,null,21/05/2026,10002078,null,PUB.UKRLP.dbo.ProviderInstance,a97e2eb1-c959-4c26-8064-6961d76df731
08/11/2019,04072298,STRATUM WORLDWIDE LIMITED,FALSE,null,03/10/2019,10002079,null,PUB.UKRLP.dbo.ProviderInstance,a97e2eb1-c959-4c26-8064-6961d76df731
28/04/2017,04383191,ELEARNING CENTRE LIMITED,FALSE,null,30/01/2017,10002080,null,PUB.UKRLP.dbo.ProviderInstance,a97e2eb1-c959-4c26-8064-6961d76df731
19/07/2011,05126528,E-LEARNING NORTH EAST LIMITED,FALSE,null,08/09/2010,10002081,null,PUB.UKRLP.dbo.ProviderInstance,a97e2eb1-c959-4c26-8064-6961d76df731
null,04682876,OPEN ELMS LTD.,TRUE,null,21/05/2026,10002082,null,PUB.UKRLP.dbo.ProviderInstance,a97e2eb1-c959-4c26-8064-6961d76df731
28/11/2013,05023616,E-NAILS TRAINING LIMITED,FALSE,E-Nails,30/11/2011,10002083,null,PUB.UKRLP.dbo.ProviderInstance,a97e2eb1-c959-4c26-8064-6961d76df731
19/08/2019,04019051,THE TECH PARTNERSHIP,FALSE,null,24/05/2019,10002084,null,PUB.UKRLP.dbo.ProviderInstance,a97e2eb1-c959-4c26-8064-6961d76df731
null,05119796,E.QUALITY TRAINING LIMITED,TRUE,null,26/11/2023,10002085,null,PUB.UKRLP.dbo.ProviderInstance,a97e2eb1-c959-4c26-8064-6961d76df731
null,01576611,E.P. TRAINING SERVICES LIMITED,TRUE,null,23/12/2025,10002086,null,PUB.UKRLP.dbo.ProviderInstance,a97e2eb1-c959-4c26-8064-6961d76df731
08/11/2019,03858865,CARILLION ENERGY SERVICES LIMITED,FALSE,null,19/08/2019,10002087,null,PUB.UKRLP.dbo.ProviderInstance,a97e2eb1-c959-4c26-8064-6961d76df731
11/03/2020,00899473,EAGIT LTD.,FALSE,null,09/12/2019,10002088,null,PUB.UKRLP.dbo.ProviderInstance,a97e2eb1-c959-4c26-8064-6961d76df731
05/01/2016,02422762,EAGIT TRAINING SERVICES LIMITED,FALSE,null,28/09/2015,10002089,null,PUB.UKRLP.dbo.ProviderInstance,a97e2eb1-c959-4c26-8064-6961d76df731
null,04605007,EAGLE EDUCATION AND TRAINING LIMITED,TRUE,null,02/09/2025,10002090,null,PUB.UKRLP.dbo.ProviderInstance,a97e2eb1-c959-4c26-8064-6961d76df731
null,02223863,EALING AND HOUNSLOW COMMUNITY VOLUNTARY SERVICE,TRUE,null,23/06/2025,10002091,null,PUB.UKRLP.dbo.ProviderInstance,a97e2eb1-c959-4c26-8064-6961d76df731
null,null,EALING DYSLEXIA ASSOCIATION,TRUE,null,06/06/2018,10002092,null,PUB.UKRLP.dbo.ProviderInstance,a97e2eb1-c959-4c26-8064-6961d76df731
null,IP16561R,CATALYST HOUSING LIMITED,TRUE,null,03/11/2017,10002093,null,PUB.UKRLP.dbo.ProviderInstance,a97e2eb1-c959-4c26-8064-6961d76df731
null,null,"EALING, HAMMERSMITH & WEST LONDON COLLEGE",TRUE,West London College,21/07/2026,10002094,130408,PUB.UKRLP.dbo.ProviderInstance,a97e2eb1-c959-4c26-8064-6961d76df731
08/09/2009,null,EARLHAM HIGH SCHOOL,FALSE,null,29/07/2005,10002095,null,PUB.UKRLP.dbo.ProviderInstance,a97e2eb1-c959-4c26-8064-6961d76df731
16/07/2014,03027557,THE EARNLEY CONCOURSE LIMITED,FALSE,null,14/06/2014,10002096,null,PUB.UKRLP.dbo.ProviderInstance,a97e2eb1-c959-4c26-8064-6961d76df731
01/12/2011,03535717,EARSHOT,FALSE,null,17/04/2007,10002097,null,PUB.UKRLP.dbo.ProviderInstance,a97e2eb1-c959-4c26-8064-6961d76df731
14/04/2026,04658798,EASI HAIRDRESSING ACADEMY LIMITED,FALSE,null,03/01/2026,10002098,null,PUB.UKRLP.dbo.ProviderInstance,a97e2eb1-c959-4c26-8064-6961d76df731
01/04/2009,null,EASINGTON DISTRICT COUNCIL,FALSE,null,06/01/2009,10002099,null,PUB.UKRLP.dbo.ProviderInstance,a97e2eb1-c959-4c26-8064-6961d76df731
17/04/2018,null,EASINGWOLD SCHOOL,FALSE,null,05/03/2018,10002100,121664,PUB.UKRLP.dbo.ProviderInstance,a97e2eb1-c959-4c26-8064-6961d76df731
12/11/2010,04392653,EAST 15 ACTING SCHOOL LIMITED,FALSE,null,17/04/2007,10002101,null,PUB.UKRLP.dbo.ProviderInstance,a97e2eb1-c959-4c26-8064-6961d76df731
null,04258802,EASTERN REGION MINISTRY COURSE,TRUE,null,08/06/2025,10002102,null,PUB.UKRLP.dbo.ProviderInstance,a97e2eb1-c959-4c26-8064-6961d76df731
null,03016480,EAST ANGLIAN SEA SCHOOL LIMITED,TRUE,null,21/12/2025,10002103,null,PUB.UKRLP.dbo.ProviderInstance,a97e2eb1-c959-4c26-8064-6961d76df731
05/04/2011,null,EAST BARNET SCHOOL,FALSE,null,29/07/2005,10002104,101351,PUB.UKRLP.dbo.ProviderInstance,a97e2eb1-c959-4c26-8064-6961d76df731
20/01/2012,NI025282,ADVANCED LEARNING SYSTEMS LIMITED,FALSE,null,14/10/2009,10002105,null,PUB.UKRLP.dbo.ProviderInstance,a97e2eb1-c959-4c26-8064-6961d76df731
04/08/2016,01987658,EAST BERKS MOTOR TRADE CONSORTIUM LIMITED,FALSE,null,23/05/2016,10002106,null,PUB.UKRLP.dbo.ProviderInstance,a97e2eb1-c959-4c26-8064-6961d76df731
null,null,THE WINDSOR FOREST COLLEGES GROUP,TRUE,null,21/07/2026,10002107,130604,PUB.UKRLP.dbo.ProviderInstance,a97e2eb1-c959-4c26-8064-6961d76df731
01/08/2008,null,EAST DEVON COLLEGE,FALSE,null,05/10/2007,10002108,null,PUB.UKRLP.dbo.ProviderInstance,a97e2eb1-c959-4c26-8064-6961d76df731
04/10/2019,null,EAST DORSET DISTRICT COUNCIL,FALSE,null,16/02/2018,10002109,null,PUB.UKRLP.dbo.ProviderInstance,a97e2eb1-c959-4c26-8064-6961d76df731
null,02532151,EAST DORSET HERITAGE TRUST,TRUE,null,17/07/2026,10002110,null,PUB.UKRLP.dbo.ProviderInstance,a97e2eb1-c959-4c26-8064-6961d76df731
null,null,EAST DURHAM COLLEGE,TRUE,null,21/07/2026,10002111,131859,PUB.UKRLP.dbo.ProviderInstance,a97e2eb1-c959-4c26-8064-6961d76df731
null,03055620,EAST DURHAM PARTNERSHIP LIMITED,TRUE,null,08/04/2026,10002112,null,PUB.UKRLP.dbo.ProviderInstance,a97e2eb1-c959-4c26-8064-6961d76df731
null,04202211,EAST END COMPUTING & BUSINESS COLLEGE LIMITED,TRUE,null,17/07/2026,10002113,null,PUB.UKRLP.dbo.ProviderInstance,a97e2eb1-c959-4c26-8064-6961d76df731
null,null,EAST HERTFORDSHIRE DISTRICT COUNCIL,TRUE,null,21/07/2026,10002115,null,PUB.UKRLP.dbo.ProviderInstance,a97e2eb1-c959-4c26-8064-6961d76df731
13/05/2026,01764048,EAST KENT ITEC LTD.,FALSE,null,08/11/2024,10002116,null,PUB.UKRLP.dbo.ProviderInstance,a97e2eb1-c959-4c26-8064-6961d76df731
01/06/2012,04728052,EAST KENT TRAINING LIMITED,FALSE,null,08/09/2010,10002117,null,PUB.UKRLP.dbo.ProviderInstance,a97e2eb1-c959-4c26-8064-6961d76df731
null,01812908,EAST LONDON ADVANCED TECHNOLOGY TRAINING,TRUE,ELATT,26/04/2026,10002118,null,PUB.UKRLP.dbo.ProviderInstance,a97e2eb1-c959-4c26-8064-6961d76df731
08/06/2016,04105305,EAST LONDON COLLEGE OF ACCOUNTANCY & TECHNOLOGY LIMITED,FALSE,null,02/04/2016,10002119,null,PUB.UKRLP.dbo.ProviderInstance,a97e2eb1-c959-4c26-8064-6961d76df731
30/07/2023,04768712,DIGITAL SKILLS SOLUTIONS LIMITED,FALSE,null,03/05/2023,10002120,null,PUB.UKRLP.dbo.ProviderInstance,a97e2eb1-c959-4c26-8064-6961d76df731
06/11/2015,01805577,RUTLAND AND MELTON EMPLOYMENT CONSORTIUM LIMITED,FALSE,East Midlands Training Partnership,05/10/2015,10002121,null,PUB.UKRLP.dbo.ProviderInstance,a97e2eb1-c959-4c26-8064-6961d76df731
27/06/2019,null,EAST NORFOLK SIXTH FORM COLLEGE,FALSE,null,18/06/2018,10002122,130767,PUB.UKRLP.dbo.ProviderInstance,a97e2eb1-c959-4c26-8064-6961d76df731
19/01/2012,01281440,EAST OF ENGLAND TOURIST BOARD,FALSE,null,01/09/2011,10002123,null,PUB.UKRLP.dbo.ProviderInstance,a97e2eb1-c959-4c26-8064-6961d76df731
19/08/2009,04865022,EAST OXFORD ACTION,FALSE,null,11/08/2009,10002124,null,PUB.UKRLP.dbo.ProviderInstance,a97e2eb1-c959-4c26-8064-6961d76df731
null,04243987,EAST RADNORSHIRE CARE LIMITED,TRUE,null,24/08/2024,10002125,null,PUB.UKRLP.dbo.ProviderInstance,a97e2eb1-c959-4c26-8064-6961d76df731
26/10/2020,null,EAST RIDING COLLEGE,FALSE,null,07/02/2018,10002126,130582,PUB.UKRLP.dbo.ProviderInstance,a97e2eb1-c959-4c26-8064-6961d76df731
24/01/2008,03982681,THE EAST SHROPSHIRE REGENERATION TRUST,FALSE,null,29/09/2006,10002128,null,PUB.UKRLP.dbo.ProviderInstance,a97e2eb1-c959-4c26-8064-6961d76df731
null,02611510,SUFFOLK MIND,TRUE,null,22/05/2026,10002129,null,PUB.UKRLP.dbo.ProviderInstance,a97e2eb1-c959-4c26-8064-6961d76df731
null,null,EAST SURREY COLLEGE,TRUE,Orbital South Colleges,21/07/2026,10002130,130824,PUB.UKRLP.dbo.ProviderInstance,a97e2eb1-c959-4c26-8064-6961d76df731
null,null,EAST SUSSEX COUNTY COUNCIL,TRUE,null,21/07/2026,10002131,null,PUB.UKRLP.dbo.ProviderInstance,a97e2eb1-c959-4c26-8064-6961d76df731
null,04517790,EAST SUSSEX DRY LINING AND PLASTERING ACADEMY LIMITED,TRUE,null,10/07/2025,10002132,null,PUB.UKRLP.dbo.ProviderInstance,a97e2eb1-c959-4c26-8064-6961d76df731
29/03/2016,04091100,EAST THAMES GROUP LIMITED,FALSE,null,24/12/2015,10002133,null,PUB.UKRLP.dbo.ProviderInstance,a97e2eb1-c959-4c26-8064-6961d76df731
25/05/2011,04188091,EAST THAMES LEARNING HUB LIMITED,FALSE,null,17/04/2007,10002134,null,PUB.UKRLP.dbo.ProviderInstance,a97e2eb1-c959-4c26-8064-6961d76df731
null,null,EAST THIRSK COMMUNITY ASSOCIATION,TRUE,null,06/06/2018,10002135,null,PUB.UKRLP.dbo.ProviderInstance,a97e2eb1-c959-4c26-8064-6961d76df731
09/05/2008,04936045,EAST YORKSHIRE (PLANT) TRAINING LIMITED,FALSE,null,17/04/2007,10002136,null,PUB.UKRLP.dbo.ProviderInstance,a97e2eb1-c959-4c26-8064-6961d76df731
null,01045347,EASTBOURNE SOVEREIGN SAILING CLUB LIMITED,TRUE,null,23/06/2025,10002137,null,PUB.UKRLP.dbo.ProviderInstance,a97e2eb1-c959-4c26-8064-6961d76df731
null,null,EASTBROOK SCHOOL,TRUE,null,10/10/2025,10002138,101243,PUB.UKRLP.dbo.ProviderInstance,a97e2eb1-c959-4c26-8064-6961d76df731
null,null,EASTBURY COMMUNITY SCHOOL,TRUE,null,10/10/2025,10002139,101244,PUB.UKRLP.dbo.ProviderInstance,a97e2eb1-c959-4c26-8064-6961d76df731
null,04646043,EASTERN REGION ROOF TRAINING GROUP LIMITED,TRUE,null,23/06/2025,10002140,null,PUB.UKRLP.dbo.ProviderInstance,a97e2eb1-c959-4c26-8064-6961d76df731
28/02/2024,03398155,3SUN ACADEMY LIMITED,FALSE,null,30/10/2023,10002141,null,PUB.UKRLP.dbo.ProviderInstance,a97e2eb1-c959-4c26-8064-6961d76df731
10/11/2022,null,EASTHAMPSTEAD PARK COMMUNITY SCHOOL,FALSE,null,11/08/2022,10002142,110071,PUB.UKRLP.dbo.ProviderInstance,a97e2eb1-c959-4c26-8064-6961d76df731
10/09/2023,null,EASTLEIGH COLLEGE,FALSE,null,07/02/2018,10002143,130692,PUB.UKRLP.dbo.ProviderInstance,a97e2eb1-c959-4c26-8064-6961d76df731
14/06/2012,null,EASTON COLLEGE,FALSE,null,13/06/2012,10002144,130766,PUB.UKRLP.dbo.ProviderInstance,a97e2eb1-c959-4c26-8064-6961d76df731
23/11/2016,02009985,EASTPOINT CENTRE LIMITED,FALSE,null,23/09/2016,10002145,null,PUB.UKRLP.dbo.ProviderInstance,a97e2eb1-c959-4c26-8064-6961d76df731
20/01/2012,03558678,EASTRIDGE MANAGEMENT LTD,FALSE,null,08/09/2010,10002146,null,PUB.UKRLP.dbo.ProviderInstance,a97e2eb1-c959-4c26-8064-6961d76df731
07/07/2014,null,EASTWOOD COMPREHENSIVE SCHOOL,FALSE,null,19/06/2014,10002147,122855,PUB.UKRLP.dbo.ProviderInstance,a97e2eb1-c959-4c26-8064-6961d76df731
26/01/2009,04432212,EASY PC (BARNSLEY) LIMITED,FALSE,null,18/04/2007,10002148,null,PUB.UKRLP.dbo.ProviderInstance,a97e2eb1-c959-4c26-8064-6961d76df731
null,04086427,EASY TRAINING DIRECT LTD,TRUE,null,18/07/2026,10002149,null,PUB.UKRLP.dbo.ProviderInstance,a97e2eb1-c959-4c26-8064-6961d76df731
03/04/2009,null,EATON BANK SCHOOL,FALSE,null,03/04/2009,10002150,null,PUB.UKRLP.dbo.ProviderInstance,a97e2eb1-c959-4c26-8064-6961d76df731
null,SC258788,EC-PC (SCOTLAND) LTD.,TRUE,EC-PC,24/06/2025,10002151,null,PUB.UKRLP.dbo.ProviderInstance,a97e2eb1-c959-4c26-8064-6961d76df731
24/02/2014,03657351,V P TECH AND INVESTMENT LIMITED,FALSE,EyeCiTy eCademy,21/05/2010,10002152,null,PUB.UKRLP.dbo.ProviderInstance,a97e2eb1-c959-4c26-8064-6961d76df731
28/03/2011,null,THE ECCLESBOURNE SCHOOL,FALSE,null,03/06/2010,10002153,112986,PUB.UKRLP.dbo.ProviderInstance,a97e2eb1-c959-4c26-8064-6961d76df731
null,02405026,ECCTIS LIMITED,TRUE,null,17/07/2026,10002154,null,PUB.UKRLP.dbo.ProviderInstance,a97e2eb1-c959-4c26-8064-6961d76df731
17/04/2018,null,ECKINGTON SCHOOL,FALSE,null,05/03/2018,10002155,112943,PUB.UKRLP.dbo.ProviderInstance,a97e2eb1-c959-4c26-8064-6961d76df731
08/05/2008,SC209005,STRAITON LEARNING SERVICES LIMITED,FALSE,null,08/05/2008,10002156,null,PUB.UKRLP.dbo.ProviderInstance,a97e2eb1-c959-4c26-8064-6961d76df731
13/12/2018,03916078,ECLIPSE TRAINING LIMITED,FALSE,null,14/10/2018,10002157,null,PUB.UKRLP.dbo.ProviderInstance,a97e2eb1-c959-4c26-8064-6961d76df731
null,02832828,ECO TECHNOLOGY LTD.,TRUE,null,26/03/2026,10002158,null,PUB.UKRLP.dbo.ProviderInstance,a97e2eb1-c959-4c26-8064-6961d76df731
03/03/2011,04383306,ECO3 LTD,FALSE,null,08/09/2010,10002159,null,PUB.UKRLP.dbo.ProviderInstance,a97e2eb1-c959-4c26-8064-6961d76df731
29/01/2019,04810986,ECOLE DE LANGUES LIMITED,FALSE,null,01/01/2019,10002160,null,PUB.UKRLP.dbo.ProviderInstance,a97e2eb1-c959-4c26-8064-6961d76df731
20/07/2011,03532503,NYALA EDUCATION LIMITED,FALSE,Ecoll.Net,18/04/2007,10002161,null,PUB.UKRLP.dbo.ProviderInstance,a97e2eb1-c959-4c26-8064-6961d76df731
null,01650169,ECORYS UK LIMITED,TRUE,null,10/07/2025,10002162,null,PUB.UKRLP.dbo.ProviderInstance,a97e2eb1-c959-4c26-8064-6961d76df731
16/07/2025,04679998,ED CARTER AND ASSOCIATES LIMITED,FALSE,null,08/11/2024,10002163,null,PUB.UKRLP.dbo.ProviderInstance,a97e2eb1-c959-4c26-8064-6961d76df731
null,null,EDEN DISTRICT COUNCIL,TRUE,null,21/07/2026,10002165,null,PUB.UKRLP.dbo.ProviderInstance,a97e2eb1-c959-4c26-8064-6961d76df731
01/12/2011,02784887,EDEN HOUSE COLLEGE LIMITED,FALSE,null,30/11/2011,10002166,null,PUB.UKRLP.dbo.ProviderInstance,a97e2eb1-c959-4c26-8064-6961d76df731
null,04575296,EDEN TRAINING LTD,TRUE,null,28/06/2024,10002167,null,PUB.UKRLP.dbo.ProviderInstance,a97e2eb1-c959-4c26-8064-6961d76df731
null,SC047161,EDINBURGH AND DISTRICT EMPLOYERS TRAINING ASSOCIATION LIMITED,TRUE,EDETA Training Services,18/07/2026,10002168,null,PUB.UKRLP.dbo.ProviderInstance,a97e2eb1-c959-4c26-8064-6961d76df731
null,02366852,EDF ENERGY LIMITED,TRUE,null,20/02/2025,10002169,null,PUB.UKRLP.dbo.ProviderInstance,a97e2eb1-c959-4c26-8064-6961d76df731
12/01/2018,null,EDGBARROW SCHOOL,FALSE,null,19/11/2017,10002170,110049,PUB.UKRLP.dbo.ProviderInstance,a97e2eb1-c959-4c26-8064-6961d76df731
null,00010631,EDGBASTON HIGH SCHOOL FOR GIRLS,TRUE,null,16/07/2026,10002171,103567,PUB.UKRLP.dbo.ProviderInstance,a97e2eb1-c959-4c26-8064-6961d76df731
null,02550626,EDGE HILL ENTERPRISES LIMITED,TRUE,null,17/07/2026,10002172,null,PUB.UKRLP.dbo.ProviderInstance,a97e2eb1-c959-4c26-8064-6961d76df731
null,03772644,EDGE SERVICES - THE MANUAL HANDLING TRAINING COMPANY LIMITED,TRUE,null,23/06/2025,10002173,null,PUB.UKRLP.dbo.ProviderInstance,a97e2eb1-c959-4c26-8064-6961d76df731
03/03/2015,null,EDGECLIFF HIGH SCHOOL,FALSE,null,28/12/2014,10002174,124404,PUB.UKRLP.dbo.ProviderInstance,a97e2eb1-c959-4c26-8064-6961d76df731
null,SC179259,EDINBURGH LEISURE,TRUE,null,01/10/2024,10002175,null,PUB.UKRLP.dbo.ProviderInstance,a97e2eb1-c959-4c26-8064-6961d76df731
20/03/2007,SC205486,EDINBURGH MEDIABASE,FALSE,null,06/09/2006,10002176,null,PUB.UKRLP.dbo.ProviderInstance,a97e2eb1-c959-4c26-8064-6961d76df731
null,SC044723,EDINBURGH PRINTMAKERS LIMITED,TRUE,Edinburgh Printmakers,26/11/2023,10002177,null,PUB.UKRLP.dbo.ProviderInstance,a97e2eb1-c959-4c26-8064-6961d76df731
null,SC099333,ENSEIGNER SCOTLAND LTD,TRUE,null,16/07/2026,10002178,null,PUB.UKRLP.dbo.ProviderInstance,a97e2eb1-c959-4c26-8064-6961d76df731
null,SC123174,EDINBURGH SCULPTURE WORKSHOP LIMITED,TRUE,null,17/07/2026,10002179,null,PUB.UKRLP.dbo.ProviderInstance,a97e2eb1-c959-4c26-8064-6961d76df731
11/04/2019,null,SIR THOMAS WHARTON COMMUNITY COLLEGE,FALSE,null,26/06/2009,10002180,106787,PUB.UKRLP.dbo.ProviderInstance,a97e2eb1-c959-4c26-8064-6961d76df731
06/09/2016,null,EDMONTON COUNTY SCHOOL,FALSE,null,27/07/2016,10002181,102043,PUB.UKRLP.dbo.ProviderInstance,a97e2eb1-c959-4c26-8064-6961d76df731
18/11/2008,03164835,DEVELOPMENT AND TRAINING SERVICES LIMITED,FALSE,null,18/04/2007,10002182,null,PUB.UKRLP.dbo.ProviderInstance,a97e2eb1-c959-4c26-8064-6961d76df731
null,00305189,BAM NUTTALL LIMITED,TRUE,null,30/12/2025,10002183,null,PUB.UKRLP.dbo.ProviderInstance,a97e2eb1-c959-4c26-8064-6961d76df731
null,00053419,ENTSERV UK LIMITED,TRUE,null,29/08/2024,10002184,null,PUB.UKRLP.dbo.ProviderInstance,a97e2eb1-c959-4c26-8064-6961d76df731
29/03/2022,04128693,EDUACTION (WALTHAM FOREST) LIMITED,FALSE,null,08/01/2022,10002185,null,PUB.UKRLP.dbo.ProviderInstance,a97e2eb1-c959-4c26-8064-6961d76df731
28/06/2017,03850940,EDUCATION & YOUTH SERVICES LIMITED,FALSE,null,28/04/2017,10002186,null,PUB.UKRLP.dbo.ProviderInstance,a97e2eb1-c959-4c26-8064-6961d76df731
21/08/2024,01862892,EDUCATION AND TRAINING SKILLS LTD,FALSE,null,13/05/2024,10002187,null,PUB.UKRLP.dbo.ProviderInstance,a97e2eb1-c959-4c26-8064-6961d76df731
05/11/2007,03921286,EDUCATION AND TRAINING WORLDWIDE LIMITED,FALSE,null,18/04/2007,10002188,null,PUB.UKRLP.dbo.ProviderInstance,a97e2eb1-c959-4c26-8064-6961d76df731
01/08/2017,03709758,EDUCATION SUPPLEMENT PARTNERSHIP LTD.,FALSE,null,28/04/2017,10002190,null,PUB.UKRLP.dbo.ProviderInstance,a97e2eb1-c959-4c26-8064-6961d76df731
20/03/2007,SC195887,EDUCATION WORKS LIMITED,FALSE,null,29/09/2006,10002191,null,PUB.UKRLP.dbo.ProviderInstance,a97e2eb1-c959-4c26-8064-6961d76df731
08/11/2007,03582809,EDUCOMM LIMITED,FALSE,null,18/04/2007,10002192,null,PUB.UKRLP.dbo.ProviderInstance,a97e2eb1-c959-4c26-8064-6961d76df731
12/08/2019,04819921,EDUCATION QUALITY AND INSPECTION SERVICES (EDUQUIS) LIMITED,FALSE,Eduquis Ltd,12/08/2019,10002193,null,PUB.UKRLP.dbo.ProviderInstance,a97e2eb1-c959-4c26-8064-6961d76df731
20/03/2007,03550917,EDWARD GREENE'S TUTORIAL ESTABLISHMENT,FALSE,null,29/09/2006,10002194,null,PUB.UKRLP.dbo.ProviderInstance,a97e2eb1-c959-4c26-8064-6961d76df731
null,04409337,THE EDWARD JOHNSTON FOUNDATION,TRUE,null,31/10/2023,10002195,null,PUB.UKRLP.dbo.ProviderInstance,a97e2eb1-c959-4c26-8064-6961d76df731
24/12/2008,null,ENGINEERING EMPLOYERS SHEFFIELD ASSOCIATION (SOUTH YORKSHIRE AND NORTH MIDLANDS) ,FALSE,null,20/03/2007,10002196,null,PUB.UKRLP.dbo.ProviderInstance,a97e2eb1-c959-4c26-8064-6961d76df731
null,02622248,E. F. EDUCATION LIMITED,TRUE,Brittin College,26/10/2024,10002197,null,PUB.UKRLP.dbo.ProviderInstance,a97e2eb1-c959-4c26-8064-6961d76df731
17/12/2009,03834398,E FEEDBACK LIMITED,FALSE,null,18/04/2007,10002198,null,PUB.UKRLP.dbo.ProviderInstance,a97e2eb1-c959-4c26-8064-6961d76df731
null,04340606,EGERTON CONSULTING LTD,TRUE,null,21/01/2026,10002199,null,PUB.UKRLP.dbo.ProviderInstance,a97e2eb1-c959-4c26-8064-6961d76df731
29/11/2007,null,EGGAR'S SCHOOL,FALSE,null,29/07/2005,10002200,null,PUB.UKRLP.dbo.ProviderInstance,a97e2eb1-c959-4c26-8064-6961d76df731
05/09/2013,null,EGGBUCKLAND COMMUNITY COLLEGE,FALSE,null,30/11/2006,10002201,113542,PUB.UKRLP.dbo.ProviderInstance,a97e2eb1-c959-4c26-8064-6961d76df731
16/08/2016,null,EGGLESCLIFFE SCHOOL,FALSE,null,28/07/2016,10002202,111727,PUB.UKRLP.dbo.ProviderInstance,a97e2eb1-c959-4c26-8064-6961d76df731
07/03/2013,03531128,EGGLESTON HALL LIMITED,FALSE,null,07/03/2013,10002203,null,PUB.UKRLP.dbo.ProviderInstance,a97e2eb1-c959-4c26-8064-6961d76df731
30/07/2009,SC204322,EGLINTON MANAGEMENT CENTRE HOLDINGS LIMITED,FALSE,Eglinton,18/04/2007,10002204,null,PUB.UKRLP.dbo.ProviderInstance,a97e2eb1-c959-4c26-8064-6961d76df731
null,SC229257,EKOS CONSULTING (UK) LIMITED,TRUE,null,17/07/2026,10002205,null,PUB.UKRLP.dbo.ProviderInstance,a97e2eb1-c959-4c26-8064-6961d76df731
12/08/2019,SC145099,EKOS LIMITED,FALSE,null,12/08/2019,10002206,null,PUB.UKRLP.dbo.ProviderInstance,a97e2eb1-c959-4c26-8064-6961d76df731
null,02243757,ELAN VALLEY LODGE LTD.,TRUE,null,23/06/2025,10002207,null,PUB.UKRLP.dbo.ProviderInstance,a97e2eb1-c959-4c26-8064-6961d76df731
17/12/2009,03951699,ELDON TRAINING SERVICES LIMITED,FALSE,null,18/04/2007,10002208,null,PUB.UKRLP.dbo.ProviderInstance,a97e2eb1-c959-4c26-8064-6961d76df731
12/08/2019,02261135,ELDONIAN GROUP LTD,FALSE,null,12/08/2019,10002209,null,PUB.UKRLP.dbo.ProviderInstance,a97e2eb1-c959-4c26-8064-6961d76df731
null,SC173341,ELECTRA LEARNING LIMITED,TRUE,Electra Training,27/03/2026,10002210,null,PUB.UKRLP.dbo.ProviderInstance,a97e2eb1-c959-4c26-8064-6961d76df731
28/11/2018,04720134,ELECTRICAL TEST SERVICES LIMITED,FALSE,null,11/11/2018,10002211,null,PUB.UKRLP.dbo.ProviderInstance,a97e2eb1-c959-4c26-8064-6961d76df731
null,04666325,ELECTRONICS YORKSHIRE LIMITED,TRUE,null,23/12/2025,10002212,null,PUB.UKRLP.dbo.ProviderInstance,a97e2eb1-c959-4c26-8064-6961d76df731
01/09/2011,04637021,ELESTIAL TRAINING UK LIMITED,FALSE,null,01/09/2011,10002213,null,PUB.UKRLP.dbo.ProviderInstance,a97e2eb1-c959-4c26-8064-6961d76df731
31/05/2024,01880755,ELFRIDA RATHBONE CAMDEN - LEIGHTON COLLEGE,FALSE,null,07/12/2022,10002214,141310,PUB.UKRLP.dbo.ProviderInstance,a97e2eb1-c959-4c26-8064-6961d76df731
null,01559198,THE ELFRIDA SOCIETY,TRUE,null,26/11/2023,10002215,null,PUB.UKRLP.dbo.ProviderInstance,a97e2eb1-c959-4c26-8064-6961d76df731
28/01/2009,03784510,ELITE COLLEGE LIMITED,FALSE,null,28/03/2007,10002216,null,PUB.UKRLP.dbo.ProviderInstance,a97e2eb1-c959-4c26-8064-6961d76df731
null,NI028063,ELITE TRAINING AND CONSULTANCY SERVICES LTD,TRUE,null,06/10/2024,10002217,null,PUB.UKRLP.dbo.ProviderInstance,a97e2eb1-c959-4c26-8064-6961d76df731
04/04/2012,null,THE ELIZABETHAN HIGH SCHOOL,FALSE,null,26/06/2008,10002218,122885,PUB.UKRLP.dbo.ProviderInstance,a97e2eb1-c959-4c26-8064-6961d76df731
09/05/2008,05027947,ELLEN RYAN CONSULTANCY SERVICES LIMITED,FALSE,null,18/04/2007,10002219,null,PUB.UKRLP.dbo.ProviderInstance,a97e2eb1-c959-4c26-8064-6961d76df731
02/06/2008,null,ELLESMERE PORT AND NESTON COUNCIL FOR VOLUNTARY SERVICE,FALSE,null,13/09/2007,10002220,null,PUB.UKRLP.dbo.ProviderInstance,a97e2eb1-c959-4c26-8064-6961d76df731
02/09/2010,04584293,ELLESMERE PORT AND NESTON CITIZENS ADVICE BUREAU,FALSE,null,18/04/2007,10002221,null,PUB.UKRLP.dbo.ProviderInstance,a97e2eb1-c959-4c26-8064-6961d76df731
11/04/2023,null,ELLESMERE PORT CATHOLIC HIGH SCHOOL,FALSE,null,11/03/2023,10002222,111451,PUB.UKRLP.dbo.ProviderInstance,a97e2eb1-c959-4c26-8064-6961d76df731
08/11/2019,04169294,ELLFIN RESEARCH & CONSULTING LIMITED,FALSE,null,19/08/2019,10002223,null,PUB.UKRLP.dbo.ProviderInstance,a97e2eb1-c959-4c26-8064-6961d76df731
null,01984355,ELLINGHAM EMPLOYMENT SERVICES,TRUE,null,27/06/2024,10002224,null,PUB.UKRLP.dbo.ProviderInstance,a97e2eb1-c959-4c26-8064-6961d76df731
27/02/2012,null,ELLIOTT SCHOOL,FALSE,null,29/07/2005,10002225,101060,PUB.UKRLP.dbo.ProviderInstance,a97e2eb1-c959-4c26-8064-6961d76df731
null,03421284,ELLIS TRAINING & CONSULTANCY LIMITED,TRUE,null,20/03/2025,10002226,null,PUB.UKRLP.dbo.ProviderInstance,a97e2eb1-c959-4c26-8064-6961d76df731
06/11/2007,SC249359,ELMAC SERVICES LIMITED,FALSE,null,18/04/2007,10002227,null,PUB.UKRLP.dbo.ProviderInstance,a97e2eb1-c959-4c26-8064-6961d76df731
null,03245525,ELTHAM COLLEGE,TRUE,null,12/10/2025,10002228,101693,PUB.UKRLP.dbo.ProviderInstance,a97e2eb1-c959-4c26-8064-6961d76df731
null,04536519,ELVIRIA GROUP LIMITED,TRUE,null,17/07/2026,10002229,null,PUB.UKRLP.dbo.ProviderInstance,a97e2eb1-c959-4c26-8064-6961d76df731
null,01394141,BAUER RADIO LIMITED,TRUE,The Bauer Academy,17/07/2026,10002230,null,PUB.UKRLP.dbo.ProviderInstance,a97e2eb1-c959-4c26-8064-6961d76df731
null,04506659,EMERALD TRAINING & DEVELOPMENT LIMITED,TRUE,null,15/07/2026,10002231,null,PUB.UKRLP.dbo.ProviderInstance,a97e2eb1-c959-4c26-8064-6961d76df731
12/08/2019,02609490,EMERGENCY EXIT ARTS,FALSE,null,12/08/2019,10002232,null,PUB.UKRLP.dbo.ProviderInstance,a97e2eb1-c959-4c26-8064-6961d76df731
null,00908985,EMERSON COLLEGE TRUST LIMITED(THE),TRUE,null,18/07/2026,10002233,null,PUB.UKRLP.dbo.ProviderInstance,a97e2eb1-c959-4c26-8064-6961d76df731
null,02640936,SKILLS AND EDUCATION GROUP,TRUE,null,29/08/2024,10002234,null,PUB.UKRLP.dbo.ProviderInstance,a97e2eb1-c959-4c26-8064-6961d76df731
null,02468547,EMILE WOOLF INTERNATIONAL LIMITED,TRUE,null,23/12/2025,10002235,null,PUB.UKRLP.dbo.ProviderInstance,a97e2eb1-c959-4c26-8064-6961d76df731
null,00703714,EMMS & SONS LIMITED,TRUE,null,30/09/2025,10002236,null,PUB.UKRLP.dbo.ProviderInstance,a97e2eb1-c959-4c26-8064-6961d76df731
null,03588428,EMPHASIS TRAINING LIMITED,TRUE,Emphasis - The Business Writing Specialists,23/07/2024,10002237,null,PUB.UKRLP.dbo.ProviderInstance,a97e2eb1-c959-4c26-8064-6961d76df731
29/03/2017,03509432,THE EMPLOYEE DEVELOPMENT FORUM LIMITED,FALSE,null,15/02/2017,10002238,null,PUB.UKRLP.dbo.ProviderInstance,a97e2eb1-c959-4c26-8064-6961d76df731
07/10/2009,02864712,EMPLOYERS' NETWORK ON DISABILITY FOR MILTON KEYNES,FALSE,null,04/02/2009,10002239,null,PUB.UKRLP.dbo.ProviderInstance,a97e2eb1-c959-4c26-8064-6961d76df731
null,04634793,EMPLOYER SOLUTIONS LIMITED,TRUE,null,24/08/2024,10002240,null,PUB.UKRLP.dbo.ProviderInstance,a97e2eb1-c959-4c26-8064-6961d76df731
null,03918022,EMPLOYMENT AND REGENERATION PARTNERSHIP LIMITED,TRUE,null,18/07/2026,10002241,null,PUB.UKRLP.dbo.ProviderInstance,a97e2eb1-c959-4c26-8064-6961d76df731
14/01/2008,SC275891,EMPLOYMENT AND ENTERPRISE LIMITED,FALSE,null,18/04/2007,10002242,null,PUB.UKRLP.dbo.ProviderInstance,a97e2eb1-c959-4c26-8064-6961d76df731
26/10/2010,01493540,TEMPLECO 661 LIMITED,FALSE,null,13/09/2010,10002243,null,PUB.UKRLP.dbo.ProviderInstance,a97e2eb1-c959-4c26-8064-6961d76df731
null,null,SHEFFIELD CITY COUNCIL,TRUE,null,21/07/2026,10002244,null,PUB.UKRLP.dbo.ProviderInstance,a97e2eb1-c959-4c26-8064-6961d76df731
12/08/2019,05363658,EMPOWER INC LIMITED,FALSE,EMPOWER,12/08/2019,10002245,null,PUB.UKRLP.dbo.ProviderInstance,a97e2eb1-c959-4c26-8064-6961d76df731
01/04/2009,04094813,EMPOWER TRAINING SERVICES LIMITED,FALSE,null,04/02/2009,10002246,null,PUB.UKRLP.dbo.ProviderInstance,a97e2eb1-c959-4c26-8064-6961d76df731
13/04/2016,03661559,SEMTA INTERNATIONAL LTD.,FALSE,Emta,06/02/2016,10002247,null,PUB.UKRLP.dbo.ProviderInstance,a97e2eb1-c959-4c26-8064-6961d76df731
15/04/2008,02566034,CARTER & CARTER APPRENTICE LEARNING LIMITED,FALSE,Emtec,23/03/2007,10002248,null,PUB.UKRLP.dbo.ProviderInstance,a97e2eb1-c959-4c26-8064-6961d76df731
07/10/2009,02566720,EMTEC (DERBYSHIRE) LIMITED,FALSE,null,12/05/2008,10002249,null,PUB.UKRLP.dbo.ProviderInstance,a97e2eb1-c959-4c26-8064-6961d76df731
30/07/2009,01991487,EMTEC (LEICESTERSHIRE) LIMITED,FALSE,null,19/04/2007,10002250,null,PUB.UKRLP.dbo.ProviderInstance,a97e2eb1-c959-4c26-8064-6961d76df731
02/09/2010,04877534,ENABLE TECHNOLOGY LIMITED,FALSE,Enable It,01/11/2007,10002251,null,PUB.UKRLP.dbo.ProviderInstance,a97e2eb1-c959-4c26-8064-6961d76df731
null,01157897,ENDEAVOUR TRAINING LIMITED,TRUE,null,01/09/2025,10002252,null,PUB.UKRLP.dbo.ProviderInstance,a97e2eb1-c959-4c26-8064-6961d76df731
08/11/2019,01447063,ENDON RIDING SCHOOL LIMITED,FALSE,null,19/08/2019,10002253,null,PUB.UKRLP.dbo.ProviderInstance,a97e2eb1-c959-4c26-8064-6961d76df731
28/01/2009,04179747,ENFIELD ARTS PARTNERSHIP LIMITED,FALSE,null,19/04/2007,10002254,null,PUB.UKRLP.dbo.ProviderInstance,a97e2eb1-c959-4c26-8064-6961d76df731
31/07/2009,null,ENFIELD COLLEGE,FALSE,null,05/10/2007,10002255,null,PUB.UKRLP.dbo.ProviderInstance,a97e2eb1-c959-4c26-8064-6961d76df731
null,null,ENFIELD COUNTY SCHOOL FOR GIRLS,TRUE,null,27/01/2026,10002256,102048,PUB.UKRLP.dbo.ProviderInstance,a97e2eb1-c959-4c26-8064-6961d76df731
null,01926939,ENFIELD ENTERPRISE AGENCY(THE),TRUE,null,22/05/2026,10002257,null,PUB.UKRLP.dbo.ProviderInstance,a97e2eb1-c959-4c26-8064-6961d76df731
10/08/2011,null,ENFIELD GRAMMAR SCHOOL,FALSE,null,14/06/2011,10002258,102059,PUB.UKRLP.dbo.ProviderInstance,a97e2eb1-c959-4c26-8064-6961d76df731
null,null,ESSA WATER ACTIVITIES CENTRE,TRUE,null,06/06/2018,10002259,null,PUB.UKRLP.dbo.ProviderInstance,a97e2eb1-c959-4c26-8064-6961d76df731
null,null,ENFIELD LONDON BOROUGH COUNCIL,TRUE,null,21/07/2026,10002260,null,PUB.UKRLP.dbo.ProviderInstance,a97e2eb1-c959-4c26-8064-6961d76df731
null,04342574,ONE EAST MIDLANDS,TRUE,null,26/04/2026,10002261,null,PUB.UKRLP.dbo.ProviderInstance,a97e2eb1-c959-4c26-8064-6961d76df731
null,null,ENGINEERING CONSTRUCTION INDUSTRY TRAINING BOARD,TRUE,null,06/06/2018,10002262,null,PUB.UKRLP.dbo.ProviderInstance,a97e2eb1-c959-4c26-8064-6961d76df731
09/06/2015,null,THE ENGINEERING DEVELOPMENT TRUST,FALSE,EDT,30/04/2015,10002263,null,PUB.UKRLP.dbo.ProviderInstance,a97e2eb1-c959-4c26-8064-6961d76df731
null,03796233,QINETIQ LIMITED,TRUE,null,02/09/2025,10002264,null,PUB.UKRLP.dbo.ProviderInstance,a97e2eb1-c959-4c26-8064-6961d76df731
13/09/2010,01926450,THE ENGLISH GARDENING SCHOOL LIMITED,FALSE,null,13/09/2010,10002265,null,PUB.UKRLP.dbo.ProviderInstance,a97e2eb1-c959-4c26-8064-6961d76df731
12/11/2010,01524446,ENGLISH IN YORK LIMITED,FALSE,null,19/04/2007,10002266,null,PUB.UKRLP.dbo.ProviderInstance,a97e2eb1-c959-4c26-8064-6961d76df731
16/03/2021,05213133,THE ENGLISH LANGUAGE CENTRE YORK LIMITED,FALSE,null,05/02/2021,10002267,null,PUB.UKRLP.dbo.ProviderInstance,a97e2eb1-c959-4c26-8064-6961d76df731
19/09/2018,null,ENGLISH MARTYRS CATHOLIC SCHOOL,FALSE,null,19/06/2018,10002268,120306,PUB.UKRLP.dbo.ProviderInstance,a97e2eb1-c959-4c26-8064-6961d76df731
null,02319478,ENGLISH NATIONAL BALLET SCHOOL LIMITED,TRUE,null,04/09/2024,10002269,null,PUB.UKRLP.dbo.ProviderInstance,a97e2eb1-c959-4c26-8064-6961d76df731
06/09/2006,03044675,THE ENGLISH SPORTS ASSOCIATION FOR PEOPLE WITH LEARNING DISABILITY,FALSE,null,29/07/2005,10002270,null,PUB.UKRLP.dbo.ProviderInstance,a97e2eb1-c959-4c26-8064-6961d76df731
06/09/2010,04754922,THE ENGLISH STUDIO VISAS LIMITED,FALSE,English Studio Language School,06/09/2010,10002271,null,PUB.UKRLP.dbo.ProviderInstance,a97e2eb1-c959-4c26-8064-6961d76df731
11/12/2007,02746850,ENGLISH TOURING THEATRE LIMITED,FALSE,null,19/04/2007,10002272,null,PUB.UKRLP.dbo.ProviderInstance,a97e2eb1-c959-4c26-8064-6961d76df731
29/03/2022,04462580,TESOL - DIRECT LIMITED,FALSE,TESOL-direct,08/01/2022,10002273,null,PUB.UKRLP.dbo.ProviderInstance,a97e2eb1-c959-4c26-8064-6961d76df731
04/04/2007,04230811,ENGLISH OUT THERE LIMITED,FALSE,English [Out There!],28/03/2007,10002274,null,PUB.UKRLP.dbo.ProviderInstance,a97e2eb1-c959-4c26-8064-6961d76df731
null,04206077,ENHANCE MEDIA LIMITED,TRUE,null,22/05/2026,10002275,null,PUB.UKRLP.dbo.ProviderInstance,a97e2eb1-c959-4c26-8064-6961d76df731
09/10/2009,SC164700,ENLIGHTEN - TACKLING EPILEPSY,FALSE,null,21/05/2008,10002276,null,PUB.UKRLP.dbo.ProviderInstance,a97e2eb1-c959-4c26-8064-6961d76df731
14/11/2007,null,ENRE,FALSE,null,29/07/2005,10002277,null,PUB.UKRLP.dbo.ProviderInstance,a97e2eb1-c959-4c26-8064-6961d76df731
null,03159449,ENSCOTT LIMITED,TRUE,Wda,10/12/2025,10002278,null,PUB.UKRLP.dbo.ProviderInstance,a97e2eb1-c959-4c26-8064-6961d76df731
02/11/2006,02204055,ENSORS LIMITED,FALSE,null,29/07/2005,10002279,null,PUB.UKRLP.dbo.ProviderInstance,a97e2eb1-c959-4c26-8064-6961d76df731
24/02/2014,02177077,ENTA INDEPENDENT SCHOOL,FALSE,null,24/02/2014,10002280,null,PUB.UKRLP.dbo.ProviderInstance,a97e2eb1-c959-4c26-8064-6961d76df731
22/03/2007,04626230,ST ANN'S ENTERPRISE BOARD,FALSE,Enterprise & Skill Share Initiatve,29/09/2006,10002281,null,PUB.UKRLP.dbo.ProviderInstance,a97e2eb1-c959-4c26-8064-6961d76df731
12/09/2016,01823290,THE ENTERPRISE AGENCY - BRIGHTON HOVE & LEWES,FALSE,null,01/07/2016,10002282,null,PUB.UKRLP.dbo.ProviderInstance,a97e2eb1-c959-4c26-8064-6961d76df731
null,SC223601,ENTERPRISE NORTH EAST TRUST LIMITED,TRUE,null,25/05/2024,10002283,null,PUB.UKRLP.dbo.ProviderInstance,a97e2eb1-c959-4c26-8064-6961d76df731
null,02401383,ENTERPRISE HOLDING COMPANY NO 1 LIMITED,TRUE,null,03/10/2025,10002284,null,PUB.UKRLP.dbo.ProviderInstance,a97e2eb1-c959-4c26-8064-6961d76df731
29/07/2014,01835825,ENTERPRISE PLYMOUTH LIMITED,FALSE,null,29/05/2014,10002285,null,PUB.UKRLP.dbo.ProviderInstance,a97e2eb1-c959-4c26-8064-6961d76df731
04/03/2011,04526148,ENTERPRISE SOLUTIONS TRAINING LTD.,FALSE,ESTL,11/08/2009,10002286,null,PUB.UKRLP.dbo.ProviderInstance,a97e2eb1-c959-4c26-8064-6961d76df731
02/09/2010,02314373,ENTERPRISE SOUTH DEVON,FALSE,null,27/03/2007,10002287,null,PUB.UKRLP.dbo.ProviderInstance,a97e2eb1-c959-4c26-8064-6961d76df731
11/05/2010,01792523,ENTERPRISE TAMAR LIMITED,FALSE,null,19/04/2007,10002288,null,PUB.UKRLP.dbo.ProviderInstance,a97e2eb1-c959-4c26-8064-6961d76df731
02/09/2010,04234880,BIG NOO LIMITED,FALSE,null,02/11/2007,10002289,null,PUB.UKRLP.dbo.ProviderInstance,a97e2eb1-c959-4c26-8064-6961d76df731
05/11/2007,05164892,NEWMAN CONSULTING LIMITED,FALSE,null,01/11/2007,10002290,null,PUB.UKRLP.dbo.ProviderInstance,a97e2eb1-c959-4c26-8064-6961d76df731
09/09/2010,04193983,ENTERPRISE TRAINING (MIDLANDS) LIMITED,FALSE,null,08/09/2010,10002291,null,PUB.UKRLP.dbo.ProviderInstance,a97e2eb1-c959-4c26-8064-6961d76df731
28/01/2009,03434282,ENTERPRISE TRAINING PROJECT LIMITED,FALSE,null,19/04/2007,10002292,null,PUB.UKRLP.dbo.ProviderInstance,a97e2eb1-c959-4c26-8064-6961d76df731
16/07/2025,01602705,TYNE AND WEAR ENTERPRISE TRUST LIMITED(THE),FALSE,null,17/02/2022,10002293,null,PUB.UKRLP.dbo.ProviderInstance,a97e2eb1-c959-4c26-8064-6961d76df731
07/10/2009,03357714,ENVIRONMENTAL EDUCATION & TRAINING TRUST LIMITED,FALSE,null,21/05/2008,10002294,null,PUB.UKRLP.dbo.ProviderInstance,a97e2eb1-c959-4c26-8064-6961d76df731
14/07/2017,03985948,ENVQ LIMITED,FALSE,null,22/03/2017,10002295,null,PUB.UKRLP.dbo.ProviderInstance,a97e2eb1-c959-4c26-8064-6961d76df731
null,SC238858,EPILEPSY SCOTLAND,TRUE,null,23/12/2025,10002296,null,PUB.UKRLP.dbo.ProviderInstance,a97e2eb1-c959-4c26-8064-6961d76df731
27/06/2019,null,EPPING FOREST COLLEGE,FALSE,null,18/06/2018,10002297,130677,PUB.UKRLP.dbo.ProviderInstance,a97e2eb1-c959-4c26-8064-6961d76df731
null,02047378,EPSIM LIMITED,TRUE,null,22/05/2026,10002298,null,PUB.UKRLP.dbo.ProviderInstance,a97e2eb1-c959-4c26-8064-6961d76df731
11/04/2019,null,EPSOM AND EWELL HIGH SCHOOL,FALSE,null,15/08/2006,10002299,125305,PUB.UKRLP.dbo.ProviderInstance,a97e2eb1-c959-4c26-8064-6961d76df731
17/12/2009,02763315,EQUAL ABILITY CIC,FALSE,null,28/03/2007,10002300,null,PUB.UKRLP.dbo.ProviderInstance,a97e2eb1-c959-4c26-8064-6961d76df731
09/07/2007,03909226,EQUALITY LIMITED,FALSE,Equality Development Programme,19/04/2007,10002301,null,PUB.UKRLP.dbo.ProviderInstance,a97e2eb1-c959-4c26-8064-6961d76df731
04/09/2022,03446714,EQUALITY NORTH EAST LTD,FALSE,null,28/06/2022,10002302,null,PUB.UKRLP.dbo.ProviderInstance,a97e2eb1-c959-4c26-8064-6961d76df731
null,00094558,ACTION PARTNERS CORPORATION,TRUE,Equip,26/11/2023,10002303,null,PUB.UKRLP.dbo.ProviderInstance,a97e2eb1-c959-4c26-8064-6961d76df731
null,02756191,E.Q.V. (UK) LIMITED,TRUE,EQV UK Ltd,24/08/2024,10002304,null,PUB.UKRLP.dbo.ProviderInstance,a97e2eb1-c959-4c26-8064-6961d76df731
09/07/2018,null,ERCALL WOOD TECHNOLOGY COLLEGE,FALSE,null,18/06/2018,10002305,123595,PUB.UKRLP.dbo.ProviderInstance,a97e2eb1-c959-4c26-8064-6961d76df731
09/07/2007,02924693,EREWASH PARTNERSHIP LIMITED,FALSE,null,19/04/2007,10002306,null,PUB.UKRLP.dbo.ProviderInstance,a97e2eb1-c959-4c26-8064-6961d76df731
null,03521142,ERION LIMITED,TRUE,null,18/07/2026,10002307,null,PUB.UKRLP.dbo.ProviderInstance,a97e2eb1-c959-4c26-8064-6961d76df731
17/12/2010,null,ERITH SCHOOL,FALSE,null,29/07/2005,10002308,101468,PUB.UKRLP.dbo.ProviderInstance,a97e2eb1-c959-4c26-8064-6961d76df731
null,null,ERMYSTED'S GRAMMAR SCHOOL,TRUE,null,15/04/2026,10002309,121716,PUB.UKRLP.dbo.ProviderInstance,a97e2eb1-c959-4c26-8064-6961d76df731
06/01/2014,null,ERNESFORD GRANGE COMMUNITY SCHOOL,FALSE,null,21/01/2013,10002310,103740,PUB.UKRLP.dbo.ProviderInstance,a97e2eb1-c959-4c26-8064-6961d76df731
13/03/2023,null,ERNEST BEVIN COLLEGE,FALSE,null,08/12/2022,10002311,101053,PUB.UKRLP.dbo.ProviderInstance,a97e2eb1-c959-4c26-8064-6961d76df731
08/11/2019,04399042,ESCAPE STUDIOS LIMITED,FALSE,null,19/08/2019,10002312,null,PUB.UKRLP.dbo.ProviderInstance,a97e2eb1-c959-4c26-8064-6961d76df731
null,01876779,ESCP EUROPE-BUSINESS SCHOOL,TRUE,ESCP - EAP European School Of Management,26/11/2023,10002313,null,PUB.UKRLP.dbo.ProviderInstance,a97e2eb1-c959-4c26-8064-6961d76df731
17/09/2019,null,ESHER COLLEGE,FALSE,null,17/07/2019,10002314,130830,PUB.UKRLP.dbo.ProviderInstance,a97e2eb1-c959-4c26-8064-6961d76df731
15/11/2010,02980552,SPARK & ZOOM PRODUCTIONS LIMITED,FALSE,Esky Safety Courses,19/04/2007,10002315,null,PUB.UKRLP.dbo.ProviderInstance,a97e2eb1-c959-4c26-8064-6961d76df731
04/04/2007,05473851,E-SOURCE EDUCATION LIMITED,FALSE,null,28/03/2007,10002316,null,PUB.UKRLP.dbo.ProviderInstance,a97e2eb1-c959-4c26-8064-6961d76df731
03/09/2010,02750293,ESPRIT CONSULTING LIMITED,FALSE,null,19/04/2007,10002317,null,PUB.UKRLP.dbo.ProviderInstance,a97e2eb1-c959-4c26-8064-6961d76df731
07/09/2006,01944631,PETERHOUSE5 LIMITED,FALSE,Ess Shorco,04/09/2006,10002318,null,PUB.UKRLP.dbo.ProviderInstance,a97e2eb1-c959-4c26-8064-6961d76df731
11/12/2007,03014232,ESSENTIAL BUSINESS COMMUNICATIONS LIMITED,FALSE,null,09/11/2007,10002319,null,PUB.UKRLP.dbo.ProviderInstance,a97e2eb1-c959-4c26-8064-6961d76df731
08/11/2019,03476405,ESSENTIAL NAIL PRODUCTS LIMITED,FALSE,null,19/08/2019,10002320,null,PUB.UKRLP.dbo.ProviderInstance,a97e2eb1-c959-4c26-8064-6961d76df731
20/03/2007,04913262,ESSENTIAL SKILLS,FALSE,null,29/09/2006,10002321,null,PUB.UKRLP.dbo.ProviderInstance,a97e2eb1-c959-4c26-8064-6961d76df731
08/08/2007,03793023,THE ESSENTIAL SUPPORT TEAM LIMITED,FALSE,null,20/04/2007,10002322,null,PUB.UKRLP.dbo.ProviderInstance,a97e2eb1-c959-4c26-8064-6961d76df731
12/05/2008,04492865,ESSENTIAL TRAINING SERVICES LIMITED,FALSE,null,29/08/2007,10002323,null,PUB.UKRLP.dbo.ProviderInstance,a97e2eb1-c959-4c26-8064-6961d76df731
20/12/2013,05114641,EVERY STEP LTD,FALSE,null,09/12/2011,10002324,null,PUB.UKRLP.dbo.ProviderInstance,a97e2eb1-c959-4c26-8064-6961d76df731
null,02981688,ESSEX CHAMBERS OF COMMERCE & INDUSTRY LIMITED,TRUE,null,16/12/2024,10002325,null,PUB.UKRLP.dbo.ProviderInstance,a97e2eb1-c959-4c26-8064-6961d76df731
null,03062567,ESSEX COMMUNITY FOUNDATION,TRUE,null,30/12/2025,10002326,null,PUB.UKRLP.dbo.ProviderInstance,a97e2eb1-c959-4c26-8064-6961d76df731
null,null,ESSEX COUNTY COUNCIL,TRUE,Essex Teacher Training,21/07/2026,10002327,null,PUB.UKRLP.dbo.ProviderInstance,a97e2eb1-c959-4c26-8064-6961d76df731
16/07/2025,SC101315,ESTEEM LIMITED,FALSE,null,05/12/2024,10002328,null,PUB.UKRLP.dbo.ProviderInstance,a97e2eb1-c959-4c26-8064-6961d76df731
17/08/2011,null,TOR BRIDGE HIGH,FALSE,null,13/05/2011,10002329,113543,PUB.UKRLP.dbo.ProviderInstance,a97e2eb1-c959-4c26-8064-6961d76df731
11/04/2012,03407624,ETEC DEVELOPMENT TRUST,FALSE,null,21/03/2012,10002330,null,PUB.UKRLP.dbo.ProviderInstance,a97e2eb1-c959-4c26-8064-6961d76df731
null,02328523,EMBS COMMUNITY COLLEGE LIMITED,TRUE,EMBS Community College Ltd,18/07/2026,10002331,null,PUB.UKRLP.dbo.ProviderInstance,a97e2eb1-c959-4c26-8064-6961d76df731
09/02/2011,03640311,ETHNIC MINORITY ENTERPRISE PROJECT,FALSE,null,20/04/2007,10002332,null,PUB.UKRLP.dbo.ProviderInstance,a97e2eb1-c959-4c26-8064-6961d76df731
05/11/2007,05429604,ETS ENTERPRISE LIMITED,FALSE,null,20/04/2007,10002333,null,PUB.UKRLP.dbo.ProviderInstance,a97e2eb1-c959-4c26-8064-6961d76df731
null,03558290,EURO SHAF TRAINING SERVICES LIMITED,TRUE,null,26/04/2026,10002334,null,PUB.UKRLP.dbo.ProviderInstance,a97e2eb1-c959-4c26-8064-6961d76df731
20/05/2019,02145486,EURO-MARK TRAINING LIMITED,FALSE,null,15/02/2019,10002335,null,PUB.UKRLP.dbo.ProviderInstance,a97e2eb1-c959-4c26-8064-6961d76df731
11/12/2007,01592178,EUROCENTRES U.K.,FALSE,null,20/04/2007,10002336,null,PUB.UKRLP.dbo.ProviderInstance,a97e2eb1-c959-4c26-8064-6961d76df731
null,00954730,DELINIAN LIMITED,TRUE,Euromoney Learning Solutions,21/01/2026,10002337,null,PUB.UKRLP.dbo.ProviderInstance,a97e2eb1-c959-4c26-8064-6961d76df731
10/12/2010,null,"EUROPEAN BUSINESS SCHOOL, LONDON",FALSE,null,05/10/2007,10002338,null,PUB.UKRLP.dbo.ProviderInstance,a97e2eb1-c959-4c26-8064-6961d76df731
25/05/2010,04415739,EUROPEAN COLLEGE LIMITED,FALSE,The European College,20/10/2009,10002339,null,PUB.UKRLP.dbo.ProviderInstance,a97e2eb1-c959-4c26-8064-6961d76df731
null,02198970,EUROPEAN COLLEGE OF BUSINESS AND MANAGEMENT,TRUE,null,26/10/2024,10002340,null,PUB.UKRLP.dbo.ProviderInstance,a97e2eb1-c959-4c26-8064-6961d76df731
04/04/2007,03786068,EUROPEAN LANGUAGES CENTRE LIMITED,FALSE,null,06/09/2006,10002341,null,PUB.UKRLP.dbo.ProviderInstance,a97e2eb1-c959-4c26-8064-6961d76df731
null,03555442,THE EUROPEAN SCHOOL OF ANIMAL OSTEOPATHY LIMITED,TRUE,European School Of Animal Osteopathy Ltd (Esao),17/07/2026,10002342,null,PUB.UKRLP.dbo.ProviderInstance,a97e2eb1-c959-4c26-8064-6961d76df731
null,03201860,EUROPEAN SCHOOL OF ECONOMICS ITALY,TRUE,null,18/07/2026,10002343,null,PUB.UKRLP.dbo.ProviderInstance,a97e2eb1-c959-4c26-8064-6961d76df731
null,01184594,OSTEOPATHIC EDUCATION AND RESEARCH LIMITED,TRUE,European School of Osteopathy,26/10/2024,10002344,null,PUB.UKRLP.dbo.ProviderInstance,a97e2eb1-c959-4c26-8064-6961d76df731
null,02909953,EDUCATION AND SERVICES FOR PEOPLE WITH AUTISM LIMITED,TRUE,null,17/07/2026,10002345,131872,PUB.UKRLP.dbo.ProviderInstance,a97e2eb1-c959-4c26-8064-6961d76df731
31/08/2010,null,THE EUROPEAN SHIATSU SCHOOL,FALSE,null,29/07/2005,10002346,null,PUB.UKRLP.dbo.ProviderInstance,a97e2eb1-c959-4c26-8064-6961d76df731
02/11/2006,04460074,EUROSITES LIMITED,FALSE,null,29/07/2005,10002347,null,PUB.UKRLP.dbo.ProviderInstance,a97e2eb1-c959-4c26-8064-6961d76df731
28/11/2011,03471045,EUROSOURCE ASSOCIATES LIMITED,FALSE,null,28/11/2011,10002348,null,PUB.UKRLP.dbo.ProviderInstance,a97e2eb1-c959-4c26-8064-6961d76df731
null,02674118,EUROTALK LIMITED,TRUE,Eurotalk Interactive,21/01/2026,10002349,null,PUB.UKRLP.dbo.ProviderInstance,a97e2eb1-c959-4c26-8064-6961d76df731
29/01/2009,SC237237,SECOND CHANCE TO LEARN LIMITED,FALSE,Eus 2nd Chance To Learn,20/04/2007,10002350,null,PUB.UKRLP.dbo.ProviderInstance,a97e2eb1-c959-4c26-8064-6961d76df731
16/11/2011,null,EDINBURGH UNIVERSITY SETTLEMENT,FALSE,EUS,24/06/2011,10002351,null,PUB.UKRLP.dbo.ProviderInstance,a97e2eb1-c959-4c26-8064-6961d76df731
05/12/2011,SC192958,EV WORKS LIMITED,FALSE,null,20/04/2007,10002352,null,PUB.UKRLP.dbo.ProviderInstance,a97e2eb1-c959-4c26-8064-6961d76df731
19/07/2017,05000824,EVENT MANAGEMENT TRAINING LIMITED,FALSE,null,07/04/2017,10002353,null,PUB.UKRLP.dbo.ProviderInstance,a97e2eb1-c959-4c26-8064-6961d76df731
null,04566809,E REALISATIONS 2020 LIMITED,TRUE,null,17/07/2026,10002354,null,PUB.UKRLP.dbo.ProviderInstance,a97e2eb1-c959-4c26-8064-6961d76df731
null,04384294,EVERYDAY LANGUAGE SOLUTIONS,TRUE,null,10/06/2025,10002355,null,PUB.UKRLP.dbo.ProviderInstance,a97e2eb1-c959-4c26-8064-6961d76df731
06/09/2016,null,SOUTH WORCESTERSHIRE COLLEGE,FALSE,null,27/07/2016,10002356,130709,PUB.UKRLP.dbo.ProviderInstance,a97e2eb1-c959-4c26-8064-6961d76df731
03/01/2021,null,THE DE MONTFORT SCHOOL,FALSE,null,27/10/2020,10002357,116932,PUB.UKRLP.dbo.ProviderInstance,a97e2eb1-c959-4c26-8064-6961d76df731
31/08/2010,null,EVOLUTION ARTS,FALSE,Evolution Arts and Health Centre,29/07/2005,10002358,null,PUB.UKRLP.dbo.ProviderInstance,a97e2eb1-c959-4c26-8064-6961d76df731
08/06/2016,SC204290,EVOLVE INTERNATIONAL LTD.,FALSE,null,01/04/2016,10002359,null,PUB.UKRLP.dbo.ProviderInstance,a97e2eb1-c959-4c26-8064-6961d76df731
11/12/2007,05009734,EVOLVEMENT SOLUTIONS LIMITED,FALSE,null,20/04/2007,10002360,null,PUB.UKRLP.dbo.ProviderInstance,a97e2eb1-c959-4c26-8064-6961d76df731
null,00788782,EWELL CASTLE SCHOOL,TRUE,null,12/10/2025,10002361,125380,PUB.UKRLP.dbo.ProviderInstance,a97e2eb1-c959-4c26-8064-6961d76df731
11/12/2007,02553561,EXCEL COMMUNICATIONS (HRD) LIMITED,FALSE,null,20/04/2007,10002362,null,PUB.UKRLP.dbo.ProviderInstance,a97e2eb1-c959-4c26-8064-6961d76df731
04/08/2017,04647974,EXCELLENCE IN LEARNING LIMITED,FALSE,null,28/05/2017,10002363,null,PUB.UKRLP.dbo.ProviderInstance,a97e2eb1-c959-4c26-8064-6961d76df731
null,01089037,EXCHEM EXPLOSIVES LIMITED,TRUE,null,30/09/2025,10002364,null,PUB.UKRLP.dbo.ProviderInstance,a97e2eb1-c959-4c26-8064-6961d76df731
20/03/2007,04703750,EXE LEISURE (ESSEX) LTD,FALSE,null,06/09/2006,10002365,null,PUB.UKRLP.dbo.ProviderInstance,a97e2eb1-c959-4c26-8064-6961d76df731
09/09/2010,02848612,EXECUTIVE SHADOWS LIMITED,FALSE,null,08/09/2010,10002366,null,PUB.UKRLP.dbo.ProviderInstance,a97e2eb1-c959-4c26-8064-6961d76df731
20/03/2007,04721858,EXECUTIVE STUDIO LIMITED,FALSE,null,08/09/2006,10002367,null,PUB.UKRLP.dbo.ProviderInstance,a97e2eb1-c959-4c26-8064-6961d76df731
20/09/2022,02763292,EXEMPLAS HOLDINGS LIMITED,FALSE,null,13/06/2022,10002368,null,PUB.UKRLP.dbo.ProviderInstance,a97e2eb1-c959-4c26-8064-6961d76df731
null,04106751,EXEMPLAS LIMITED,TRUE,null,20/02/2025,10002369,null,PUB.UKRLP.dbo.ProviderInstance,a97e2eb1-c959-4c26-8064-6961d76df731
null,null,EXETER AND NORTH DEVON COLLEGES GROUP,TRUE,null,21/07/2026,10002370,130645,PUB.UKRLP.dbo.ProviderInstance,a97e2eb1-c959-4c26-8064-6961d76df731
null,04928733,COLAB EXETER LTD.,TRUE,null,02/09/2025,10002371,null,PUB.UKRLP.dbo.ProviderInstance,a97e2eb1-c959-4c26-8064-6961d76df731
null,01844169,EXETER PHOENIX LTD.,TRUE,null,23/12/2025,10002372,null,PUB.UKRLP.dbo.ProviderInstance,a97e2eb1-c959-4c26-8064-6961d76df731
null,04470478,EXETER SCHOOL,TRUE,null,12/10/2025,10002373,113607,PUB.UKRLP.dbo.ProviderInstance,a97e2eb1-c959-4c26-8064-6961d76df731
06/04/2011,null,EXMOUTH COMMUNITY COLLEGE,FALSE,null,29/07/2005,10002374,113504,PUB.UKRLP.dbo.ProviderInstance,a97e2eb1-c959-4c26-8064-6961d76df731
null,04561629,SIMPLY LEARNING LIMITED,TRUE,null,22/05/2026,10002375,null,PUB.UKRLP.dbo.ProviderInstance,a97e2eb1-c959-4c26-8064-6961d76df731
09/05/2008,03561275,THE EXPEDITION COMPANY LIMITED,FALSE,null,20/04/2007,10002376,null,PUB.UKRLP.dbo.ProviderInstance,a97e2eb1-c959-4c26-8064-6961d76df731
22/11/2011,04918685,EXPERIENCE LANGUAGE LIMITED,FALSE,null,22/11/2011,10002377,null,PUB.UKRLP.dbo.ProviderInstance,a97e2eb1-c959-4c26-8064-6961d76df731
null,04117281,EXPLORE LEARNING LIMITED,TRUE,null,25/12/2022,10002378,null,PUB.UKRLP.dbo.ProviderInstance,a97e2eb1-c959-4c26-8064-6961d76df731
16/07/2025,04408831,EXPONENTIAL TRAINING & ASSESSMENT LIMITED,FALSE,Exponential Training,30/11/2024,10002379,null,PUB.UKRLP.dbo.ProviderInstance,a97e2eb1-c959-4c26-8064-6961d76df731
null,02651482,EXPRESS CLEANING SUPPLIES LIMITED,TRUE,null,11/03/2026,10002380,null,PUB.UKRLP.dbo.ProviderInstance,a97e2eb1-c959-4c26-8064-6961d76df731
03/09/2010,05124122,OHANIANS LIMITED,FALSE,null,12/02/2009,10002381,null,PUB.UKRLP.dbo.ProviderInstance,a97e2eb1-c959-4c26-8064-6961d76df731
29/10/2024,02305901,EXTEND EXERCISE TRAINING LIMITED,FALSE,null,18/03/2024,10002382,null,PUB.UKRLP.dbo.ProviderInstance,a97e2eb1-c959-4c26-8064-6961d76df731
17/12/2009,03035392,EXULT LIMITED,FALSE,null,20/04/2007,10002383,null,PUB.UKRLP.dbo.ProviderInstance,a97e2eb1-c959-4c26-8064-6961d76df731
07/12/2015,04340036,U. K. OPEN LEARNING LIMITED,FALSE,UK Open Learning Ltd,05/10/2015,10002384,null,PUB.UKRLP.dbo.ProviderInstance,a97e2eb1-c959-4c26-8064-6961d76df731
02/11/2006,02187123,FD LEARNING LIMITED,FALSE,F D Learning Ltd,29/07/2005,10002385,null,PUB.UKRLP.dbo.ProviderInstance,a97e2eb1-c959-4c26-8064-6961d76df731
03/09/2010,02998057,FIRST CALL (HOUSING CONSULTANTS) LIMITED,FALSE,F.I.R.S.T Call Housing,20/04/2007,10002386,null,PUB.UKRLP.dbo.ProviderInstance,a97e2eb1-c959-4c26-8064-6961d76df731
08/11/2019,04375994,F1 COMPUTER SERVICES & TRAINING LIMITED,FALSE,null,03/10/2019,10002387,null,PUB.UKRLP.dbo.ProviderInstance,a97e2eb1-c959-4c26-8064-6961d76df731
06/09/2006,04128029,THE FACULTY GROUP LTD,FALSE,null,29/07/2005,10002388,null,PUB.UKRLP.dbo.ProviderInstance,a97e2eb1-c959-4c26-8064-6961d76df731
null,04241054,FAHAMU LIMITED,TRUE,null,18/07/2026,10002389,null,PUB.UKRLP.dbo.ProviderInstance,a97e2eb1-c959-4c26-8064-6961d76df731
02/09/2011,null,FAIR OAK BUSINESS AND ENTERPRISE COLLEGE,FALSE,null,18/01/2007,10002390,124438,PUB.UKRLP.dbo.ProviderInstance,a97e2eb1-c959-4c26-8064-6961d76df731
06/01/2015,01918707,FAIR PLAY FOR CHILDREN CHARITABLE TRUST LIMITED(THE),FALSE,null,21/09/2014,10002391,null,PUB.UKRLP.dbo.ProviderInstance,a97e2eb1-c959-4c26-8064-6961d76df731
04/10/2013,00176613,FAIRBRIDGE,FALSE,null,12/03/2013,10002392,null,PUB.UKRLP.dbo.ProviderInstance,a97e2eb1-c959-4c26-8064-6961d76df731
null,00368420,ARGENT MEAT TRADERS LIMITED,TRUE,Fairfax Meadow,13/04/2026,10002393,null,PUB.UKRLP.dbo.ProviderInstance,a97e2eb1-c959-4c26-8064-6961d76df731
07/07/2011,null,FAIRFAX SCHOOL,FALSE,null,29/07/2005,10002394,103557,PUB.UKRLP.dbo.ProviderInstance,a97e2eb1-c959-4c26-8064-6961d76df731
09/02/2015,null,FAIRFIELD HIGH SCHOOL,FALSE,null,20/12/2014,10002395,109290,PUB.UKRLP.dbo.ProviderInstance,a97e2eb1-c959-4c26-8064-6961d76df731
null,01318397,FAIRFIELD FARM COLLEGE (FAIRFIELD FARM TRUST),TRUE,null,17/04/2024,10002396,131875,PUB.UKRLP.dbo.ProviderInstance,a97e2eb1-c959-4c26-8064-6961d76df731
21/09/2009,null,FAIRHAM COMMUNITY COLLEGE,FALSE,null,14/08/2006,10002397,null,PUB.UKRLP.dbo.ProviderInstance,a97e2eb1-c959-4c26-8064-6961d76df731
null,04298548,FAITH REGEN FOUNDATION LTD,TRUE,null,02/02/2026,10002398,null,PUB.UKRLP.dbo.ProviderInstance,a97e2eb1-c959-4c26-8064-6961d76df731
16/07/2025,IP29341R,FAITH IN THE FUTURE LIMITED,FALSE,null,03/11/2017,10002399,null,PUB.UKRLP.dbo.ProviderInstance,a97e2eb1-c959-4c26-8064-6961d76df731
03/10/2013,null,FAKENHAM HIGH SCHOOL AND COLLEGE,FALSE,null,18/01/2007,10002400,121185,PUB.UKRLP.dbo.ProviderInstance,a97e2eb1-c959-4c26-8064-6961d76df731
30/07/2009,SC149028,FALKIRK WOMEN'S TECHNOLOGY CENTRE,FALSE,null,21/04/2007,10002401,null,PUB.UKRLP.dbo.ProviderInstance,a97e2eb1-c959-4c26-8064-6961d76df731
15/12/2010,null,FALLIBROOME HIGH SCHOOL,FALSE,null,03/04/2009,10002402,111464,PUB.UKRLP.dbo.ProviderInstance,a97e2eb1-c959-4c26-8064-6961d76df731
10/08/2011,null,FALMOUTH SCHOOL,FALSE,null,10/08/2006,10002403,112047,PUB.UKRLP.dbo.ProviderInstance,a97e2eb1-c959-4c26-8064-6961d76df731
03/10/2024,02717497,FAMILY EDUCATION DEVELOPMENT TRUST,FALSE,null,26/06/2024,10002404,null,PUB.UKRLP.dbo.ProviderInstance,a97e2eb1-c959-4c26-8064-6961d76df731
null,02862022,THE FARADAY CENTRE LIMITED,TRUE,null,08/04/2026,10002405,null,PUB.UKRLP.dbo.ProviderInstance,a97e2eb1-c959-4c26-8064-6961d76df731
02/04/2007,04707366,FAREHAM I.T. PLUS LIMITED,FALSE,null,29/09/2006,10002406,null,PUB.UKRLP.dbo.ProviderInstance,a97e2eb1-c959-4c26-8064-6961d76df731
null,02006930,FAREPORT TRAINING ORGANISATION LIMITED,TRUE,null,01/09/2025,10002407,null,PUB.UKRLP.dbo.ProviderInstance,a97e2eb1-c959-4c26-8064-6961d76df731
04/04/2012,null,FARINGDON COMMUNITY COLLEGE,FALSE,null,29/07/2005,10002408,123262,PUB.UKRLP.dbo.ProviderInstance,a97e2eb1-c959-4c26-8064-6961d76df731
14/08/2023,null,FARLEIGH FURTHER EDUCATION COLLEGE - FROME,FALSE,null,12/06/2023,10002409,131878,PUB.UKRLP.dbo.ProviderInstance,a97e2eb1-c959-4c26-8064-6961d76df731
04/07/2011,null,FARLINGAYE HIGH SCHOOL,FALSE,null,29/07/2005,10002410,124836,PUB.UKRLP.dbo.ProviderInstance,a97e2eb1-c959-4c26-8064-6961d76df731
10/08/2011,null,FARMOR'S SCHOOL,FALSE,null,29/07/2005,10002411,115728,PUB.UKRLP.dbo.ProviderInstance,a97e2eb1-c959-4c26-8064-6961d76df731
null,null,FARNBOROUGH COLLEGE OF TECHNOLOGY,TRUE,null,21/07/2026,10002412,130689,PUB.UKRLP.dbo.ProviderInstance,a97e2eb1-c959-4c26-8064-6961d76df731
30/11/2006,02941378,THE FARNBOROUGH HILL TRUST,FALSE,Farnborough Hill,29/09/2006,10002413,null,PUB.UKRLP.dbo.ProviderInstance,a97e2eb1-c959-4c26-8064-6961d76df731
10/10/2013,04792569,FARNCOMBE ESTATE ADULT LEARNING CENTRE LIMITED,FALSE,null,05/12/2011,10002414,null,PUB.UKRLP.dbo.ProviderInstance,a97e2eb1-c959-4c26-8064-6961d76df731
null,00596938,FARNHAM CASTLE,TRUE,null,02/07/2026,10002415,null,PUB.UKRLP.dbo.ProviderInstance,a97e2eb1-c959-4c26-8064-6961d76df731
14/08/2006,null,FARNHAM COLLEGE,FALSE,null,29/07/2005,10002416,null,PUB.UKRLP.dbo.ProviderInstance,a97e2eb1-c959-4c26-8064-6961d76df731
31/07/2007,null,FARNHAM COLLEGE,FALSE,null,29/07/2005,10002417,null,PUB.UKRLP.dbo.ProviderInstance,a97e2eb1-c959-4c26-8064-6961d76df731
13/02/2012,null,FARNLEY PARK MATHS & COMPUTING COLLEGE,FALSE,null,03/04/2008,10002418,108071,PUB.UKRLP.dbo.ProviderInstance,a97e2eb1-c959-4c26-8064-6961d76df731
04/04/2007,04559000,FARSITE TRAINING LIMITED,FALSE,null,28/03/2007,10002419,null,PUB.UKRLP.dbo.ProviderInstance,a97e2eb1-c959-4c26-8064-6961d76df731
16/11/2006,03999398,FAST (FIRST AID & SAFETY TRAINING) LTD,FALSE,null,29/09/2006,10002420,null,PUB.UKRLP.dbo.ProviderInstance,a97e2eb1-c959-4c26-8064-6961d76df731
null,SC153655,FAST FORWARD SEMINARS LTD.,TRUE,Fastforward,30/09/2025,10002421,null,PUB.UKRLP.dbo.ProviderInstance,a97e2eb1-c959-4c26-8064-6961d76df731
17/11/2014,03043490,FATHOM & BLUES LTD,FALSE,null,14/09/2014,10002422,null,PUB.UKRLP.dbo.ProviderInstance,a97e2eb1-c959-4c26-8064-6961d76df731
11/06/2012,05061120,FATIMA WOMEN'S NETWORK,FALSE,null,27/01/2012,10002423,null,PUB.UKRLP.dbo.ProviderInstance,a97e2eb1-c959-4c26-8064-6961d76df731
03/10/2024,04703202,FNTC TRAINING AND CONSULTANCY LIMITED,FALSE,null,27/04/2023,10002424,null,PUB.UKRLP.dbo.ProviderInstance,a97e2eb1-c959-4c26-8064-6961d76df731
15/09/2021,null,FAZAKERLEY HIGH SCHOOL,FALSE,null,14/06/2021,10002425,104692,PUB.UKRLP.dbo.ProviderInstance,a97e2eb1-c959-4c26-8064-6961d76df731
07/11/2011,IP14713R,FRIENDSHIP CARE AND HOUSING ASSOCIATION LIMITED,FALSE,null,02/03/2011,10002426,null,PUB.UKRLP.dbo.ProviderInstance,a97e2eb1-c959-4c26-8064-6961d76df731
14/02/2017,04753166,F.E.4. LIMITED,FALSE,null,13/01/2017,10002427,null,PUB.UKRLP.dbo.ProviderInstance,a97e2eb1-c959-4c26-8064-6961d76df731
null,null,FEARNHILL SCHOOL,TRUE,null,10/10/2025,10002428,117504,PUB.UKRLP.dbo.ProviderInstance,a97e2eb1-c959-4c26-8064-6961d76df731
28/07/2011,03442591,NORTHERN CLUBS FEDERATION BREWERY SERVICES LIMITED,FALSE,Federation Brewery,21/04/2007,10002429,null,PUB.UKRLP.dbo.ProviderInstance,a97e2eb1-c959-4c26-8064-6961d76df731
03/09/2010,SC254775,FEDERATION OF COMMUNITY LEARNING CENTRES IN INVERCLYDE,FALSE,null,21/04/2007,10002430,null,PUB.UKRLP.dbo.ProviderInstance,a97e2eb1-c959-4c26-8064-6961d76df731
10/05/2012,IP28039R,FEDERATION OF DISABILITY SPORTS ORGANISATIONS (Y & H) LIMITED,FALSE,null,07/11/2011,10002431,null,PUB.UKRLP.dbo.ProviderInstance,a97e2eb1-c959-4c26-8064-6961d76df731
null,02023982,ADVICE UK,TRUE,null,23/03/2025,10002432,null,PUB.UKRLP.dbo.ProviderInstance,a97e2eb1-c959-4c26-8064-6961d76df731
07/01/2020,SC260407,FEEL GOOD THERAPIES LTD,FALSE,null,29/11/2019,10002433,null,PUB.UKRLP.dbo.ProviderInstance,a97e2eb1-c959-4c26-8064-6961d76df731
null,03774290,FELDENKRAIS INTERNATIONAL TRAINING CENTRE LIMITED,TRUE,Feldenkrais ITC,15/09/2024,10002434,null,PUB.UKRLP.dbo.ProviderInstance,a97e2eb1-c959-4c26-8064-6961d76df731
null,03264887,FELLOWSHIP AFLOAT CHARITABLE TRUST,TRUE,null,14/09/2024,10002435,null,PUB.UKRLP.dbo.ProviderInstance,a97e2eb1-c959-4c26-8064-6961d76df731
null,null,FELPHAM COMMUNITY COLLEGE,TRUE,null,10/10/2025,10002436,126080,PUB.UKRLP.dbo.ProviderInstance,a97e2eb1-c959-4c26-8064-6961d76df731
null,null,FELSTED SCHOOL,TRUE,null,15/04/2026,10002437,115395,PUB.UKRLP.dbo.ProviderInstance,a97e2eb1-c959-4c26-8064-6961d76df731
11/04/2019,null,FELTHAM COMMUNITY COLLEGE,FALSE,null,29/07/2005,10002438,102535,PUB.UKRLP.dbo.ProviderInstance,a97e2eb1-c959-4c26-8064-6961d76df731
20/07/2011,03757730,THE FENG SHUI ACADEMY LIMITED,FALSE,null,23/05/2008,10002439,null,PUB.UKRLP.dbo.ProviderInstance,a97e2eb1-c959-4c26-8064-6961d76df731
01/05/2023,03840234,FENG SHUI EXPERIENCE LIMITED,FALSE,null,23/01/2023,10002440,null,PUB.UKRLP.dbo.ProviderInstance,a97e2eb1-c959-4c26-8064-6961d76df731
null,NI018464,FERMANAGH ENTERPRISE LIMITED,TRUE,null,26/04/2026,10002441,null,PUB.UKRLP.dbo.ProviderInstance,a97e2eb1-c959-4c26-8064-6961d76df731
15/04/2008,03395085,CARTER & CARTER EMPLOYABILITY AND SKILLS LIMITED,FALSE,null,23/03/2007,10002442,null,PUB.UKRLP.dbo.ProviderInstance,a97e2eb1-c959-4c26-8064-6961d76df731
null,null,FERNDOWN UPPER SCHOOL,TRUE,null,10/10/2025,10002443,113854,PUB.UKRLP.dbo.ProviderInstance,a97e2eb1-c959-4c26-8064-6961d76df731
null,03335187,FERROLI LIMITED,TRUE,null,22/05/2026,10002444,null,PUB.UKRLP.dbo.ProviderInstance,a97e2eb1-c959-4c26-8064-6961d76df731
07/05/2018,null,FERRYHILL BUSINESS ENTERPRISE COLLEGE,FALSE,null,05/03/2018,10002445,114299,PUB.UKRLP.dbo.ProviderInstance,a97e2eb1-c959-4c26-8064-6961d76df731
06/05/2009,NF003373,FESTO LIMITED,FALSE,null,21/05/2008,10002446,null,PUB.UKRLP.dbo.ProviderInstance,a97e2eb1-c959-4c26-8064-6961d76df731
10/08/2011,null,FEVERSHAM COLLEGE,FALSE,null,29/07/2005,10002447,133450,PUB.UKRLP.dbo.ProviderInstance,a97e2eb1-c959-4c26-8064-6961d76df731
null,02337304,CEGOS (UK) LIMITED,TRUE,Cegos,18/02/2024,10002448,null,PUB.UKRLP.dbo.ProviderInstance,a97e2eb1-c959-4c26-8064-6961d76df731
null,00412621,FIELD STUDIES COUNCIL,TRUE,null,14/09/2024,10002449,null,PUB.UKRLP.dbo.ProviderInstance,a97e2eb1-c959-4c26-8064-6961d76df731
null,SC097502,FIFE ALCOHOL SUPPORT SERVICE,TRUE,null,13/10/2024,10002450,null,PUB.UKRLP.dbo.ProviderInstance,a97e2eb1-c959-4c26-8064-6961d76df731
18/09/2007,null,FIFE COLLEGE OF FURTHER AND HIGHER EDUCATION,FALSE,"The Adam Smith College, Fife",29/07/2005,10002451,null,PUB.UKRLP.dbo.ProviderInstance,a97e2eb1-c959-4c26-8064-6961d76df731
null,04565553,FILBERT SPLOSH LIMITED,TRUE,null,10/05/2024,10002452,null,PUB.UKRLP.dbo.ProviderInstance,a97e2eb1-c959-4c26-8064-6961d76df731
02/09/2011,null,FILSHAM VALLEY SCHOOL,FALSE,null,10/08/2006,10002453,114609,PUB.UKRLP.dbo.ProviderInstance,a97e2eb1-c959-4c26-8064-6961d76df731
01/02/2012,null,FILTON COLLEGE,FALSE,null,25/05/2011,10002454,130565,PUB.UKRLP.dbo.ProviderInstance,a97e2eb1-c959-4c26-8064-6961d76df731
23/08/2010,null,FILTON HIGH SCHOOL,FALSE,null,29/07/2005,10002455,null,PUB.UKRLP.dbo.ProviderInstance,a97e2eb1-c959-4c26-8064-6961d76df731
28/08/2013,05062317,FINANCIAL SKILLS PARTNERSHIP,FALSE,Financial Services National Training Organisation,21/04/2007,10002456,null,PUB.UKRLP.dbo.ProviderInstance,a97e2eb1-c959-4c26-8064-6961d76df731
null,02526862,FINCHALE TRAINING COLLEGE,TRUE,null,03/07/2023,10002457,null,PUB.UKRLP.dbo.ProviderInstance,a97e2eb1-c959-4c26-8064-6961d76df731
null,null,FINCHLEY CATHOLIC HIGH SCHOOL,TRUE,null,10/10/2025,10002458,101362,PUB.UKRLP.dbo.ProviderInstance,a97e2eb1-c959-4c26-8064-6961d76df731
03/01/2023,SC215385,FINDHORN COLLEGE,FALSE,null,21/10/2022,10002459,null,PUB.UKRLP.dbo.ProviderInstance,a97e2eb1-c959-4c26-8064-6961d76df731
null,04601044,FINE FURNITURE MAKER LIMITED,TRUE,null,14/09/2024,10002460,null,PUB.UKRLP.dbo.ProviderInstance,a97e2eb1-c959-4c26-8064-6961d76df731
02/09/2010,02712692,FINGERTIPS HAIR & BEAUTY LIMITED,FALSE,Fingertips and Beauty Training Centre,21/04/2007,10002461,null,PUB.UKRLP.dbo.ProviderInstance,a97e2eb1-c959-4c26-8064-6961d76df731
10/08/2011,null,FINHAM PARK SCHOOL,FALSE,null,08/08/2006,10002462,103738,PUB.UKRLP.dbo.ProviderInstance,a97e2eb1-c959-4c26-8064-6961d76df731
null,00367090,FINNING (UK) LTD.,TRUE,null,11/03/2026,10002463,null,PUB.UKRLP.dbo.ProviderInstance,a97e2eb1-c959-4c26-8064-6961d76df731
null,null,BIRMINGHAM RETIREMENT COUNCIL,TRUE,Fircone,07/06/2018,10002464,null,PUB.UKRLP.dbo.ProviderInstance,a97e2eb1-c959-4c26-8064-6961d76df731
17/12/2008,null,THE FIRESIDE DAY CENTRE,FALSE,null,29/07/2005,10002465,null,PUB.UKRLP.dbo.ProviderInstance,a97e2eb1-c959-4c26-8064-6961d76df731
22/08/2006,03117621,FIRST 4 FITNESS LIMITED,FALSE,null,29/07/2005,10002466,null,PUB.UKRLP.dbo.ProviderInstance,a97e2eb1-c959-4c26-8064-6961d76df731
null,03528797,FIRST AID COMPANY OF TRAINERS LIMITED,TRUE,null,14/09/2024,10002467,null,PUB.UKRLP.dbo.ProviderInstance,a97e2eb1-c959-4c26-8064-6961d76df731
19/01/2012,04574754,FIRST AID TRAINING ENTERPRISE LIMITED,FALSE,null,05/12/2011,10002468,null,PUB.UKRLP.dbo.ProviderInstance,a97e2eb1-c959-4c26-8064-6961d76df731
11/12/2007,03799791,FIRST CHOICE SOLUTIONS (HUMAN RESOURCE CONSULTANTS) LTD,FALSE,null,21/04/2007,10002469,null,PUB.UKRLP.dbo.ProviderInstance,a97e2eb1-c959-4c26-8064-6961d76df731
12/04/2012,05104387,FIRST CLASS TRAINING (CONSULTANTS) LTD,FALSE,null,24/11/2011,10002470,null,PUB.UKRLP.dbo.ProviderInstance,a97e2eb1-c959-4c26-8064-6961d76df731
null,01802908,EAST LINDSEY INFORMATION TECHNOLOGY CENTRE,TRUE,First College,21/12/2025,10002471,null,PUB.UKRLP.dbo.ProviderInstance,a97e2eb1-c959-4c26-8064-6961d76df731
04/02/2016,05173373,REWARD TRAINING SOLUTIONS LIMITED,FALSE,Reward Training Solutions,03/01/2016,10002472,null,PUB.UKRLP.dbo.ProviderInstance,a97e2eb1-c959-4c26-8064-6961d76df731
28/01/2009,02943317,FIRST DATA (TRAINING),FALSE,null,21/04/2007,10002473,null,PUB.UKRLP.dbo.ProviderInstance,a97e2eb1-c959-4c26-8064-6961d76df731
null,02817451,FIRST ENTERPRISE BUSINESS AGENCY,TRUE,null,18/07/2026,10002474,null,PUB.UKRLP.dbo.ProviderInstance,a97e2eb1-c959-4c26-8064-6961d76df731
null,04293694,FIRST FRIDAY LIMITED,TRUE,null,25/02/2024,10002475,null,PUB.UKRLP.dbo.ProviderInstance,a97e2eb1-c959-4c26-8064-6961d76df731
06/12/2011,02938992,GREAT WESTERN TRAINS COMPANY LIMITED,FALSE,First Great Western,06/12/2011,10002476,null,PUB.UKRLP.dbo.ProviderInstance,a97e2eb1-c959-4c26-8064-6961d76df731
15/11/2018,04983322,FIRST IMPRESSIONS IMAGE SUPPLIES LIMITED,FALSE,First Impressions,12/08/2018,10002477,null,PUB.UKRLP.dbo.ProviderInstance,a97e2eb1-c959-4c26-8064-6961d76df731
null,03724210,FIRST INTERVENTION TRAINING (F.I.T.) LIMITED,TRUE,null,17/07/2026,10002478,null,PUB.UKRLP.dbo.ProviderInstance,a97e2eb1-c959-4c26-8064-6961d76df731
21/09/2020,SC245043,FIRST LIFT (SCOTLAND) LIMITED,FALSE,null,19/06/2020,10002479,null,PUB.UKRLP.dbo.ProviderInstance,a97e2eb1-c959-4c26-8064-6961d76df731
01/12/2014,03344932,FIRST PARTNERSHIP LIMITED,FALSE,null,28/09/2014,10002480,null,PUB.UKRLP.dbo.ProviderInstance,a97e2eb1-c959-4c26-8064-6961d76df731
20/01/2012,SC175322,FIRST RESPONSE (SCOTLAND) LIMITED,FALSE,null,01/09/2011,10002481,null,PUB.UKRLP.dbo.ProviderInstance,a97e2eb1-c959-4c26-8064-6961d76df731
02/09/2010,04631712,FIRST RESPONSE TRAINING & DEVELOPMENT LIMITED,FALSE,null,21/04/2007,10002482,null,PUB.UKRLP.dbo.ProviderInstance,a97e2eb1-c959-4c26-8064-6961d76df731
null,02171777,FIRST RUNG LIMITED,TRUE,null,26/04/2026,10002483,null,PUB.UKRLP.dbo.ProviderInstance,a97e2eb1-c959-4c26-8064-6961d76df731
09/07/2007,02041831,FIRST STEP LIMITED,FALSE,null,21/04/2007,10002484,null,PUB.UKRLP.dbo.ProviderInstance,a97e2eb1-c959-4c26-8064-6961d76df731
30/07/2009,SC187583,FIRST TRAINING LIMITED,FALSE,null,21/04/2007,10002485,null,PUB.UKRLP.dbo.ProviderInstance,a97e2eb1-c959-4c26-8064-6961d76df731
null,02168890,FIRST YORK LIMITED,TRUE,null,30/09/2025,10002486,null,PUB.UKRLP.dbo.ProviderInstance,a97e2eb1-c959-4c26-8064-6961d76df731
null,SC157176,FIRSTGROUP PLC,TRUE,null,17/07/2026,10002487,null,PUB.UKRLP.dbo.ProviderInstance,a97e2eb1-c959-4c26-8064-6961d76df731
null,05532915,FITECH UK LIMITED,TRUE,null,02/06/2026,10002488,null,PUB.UKRLP.dbo.ProviderInstance,a97e2eb1-c959-4c26-8064-6961d76df731
null,05074077,MOSAIC SPA AND HEALTH CLUBS (CONTRACT MANAGEMENT) LIMITED,TRUE,Fitness Express,11/03/2026,10002489,null,PUB.UKRLP.dbo.ProviderInstance,a97e2eb1-c959-4c26-8064-6961d76df731
null,03207791,FITNESS FIRST CLUBS LIMITED,TRUE,null,24/08/2024,10002490,null,PUB.UKRLP.dbo.ProviderInstance,a97e2eb1-c959-4c26-8064-6961d76df731
null,04078230,CAMPUS LEARNING LIMITED,TRUE,null,27/09/2024,10002491,null,PUB.UKRLP.dbo.ProviderInstance,a97e2eb1-c959-4c26-8064-6961d76df731
null,00487405,FLEXERCISE WLHB,TRUE,Fitness League,17/07/2026,10002492,null,PUB.UKRLP.dbo.ProviderInstance,a97e2eb1-c959-4c26-8064-6961d76df731
07/08/2019,NI028745,FITNESS NORTHERN IRELAND,FALSE,null,19/04/2019,10002493,null,PUB.UKRLP.dbo.ProviderInstance,a97e2eb1-c959-4c26-8064-6961d76df731
05/10/2016,02290795,FITNESS WALES,FALSE,null,27/06/2016,10002494,null,PUB.UKRLP.dbo.ProviderInstance,a97e2eb1-c959-4c26-8064-6961d76df731
21/12/2018,null,FITZHARRYS SCHOOL,FALSE,null,04/10/2018,10002495,123257,PUB.UKRLP.dbo.ProviderInstance,a97e2eb1-c959-4c26-8064-6961d76df731
null,02441319,THE FIVE LAMPS ORGANISATION,TRUE,null,17/07/2026,10002496,null,PUB.UKRLP.dbo.ProviderInstance,a97e2eb1-c959-4c26-8064-6961d76df731
02/09/2010,04985976,FIVE STAR SAILING LIMITED,FALSE,Fivestar Sailing,21/05/2008,10002497,null,PUB.UKRLP.dbo.ProviderInstance,a97e2eb1-c959-4c26-8064-6961d76df731
20/03/2007,04781788,FIZZYCOOL LIMITED,FALSE,null,29/09/2006,10002498,null,PUB.UKRLP.dbo.ProviderInstance,a97e2eb1-c959-4c26-8064-6961d76df731
05/03/2018,03783223,THE MERSEY HERITAGE TRUST,FALSE,Flagship Of Youth,23/01/2018,10002499,null,PUB.UKRLP.dbo.ProviderInstance,a97e2eb1-c959-4c26-8064-6961d76df731
null,03086376,BABCOCK MARINE TRAINING LIMITED,TRUE,null,22/05/2026,10002500,null,PUB.UKRLP.dbo.ProviderInstance,a97e2eb1-c959-4c26-8064-6961d76df731
28/04/2017,05319006,FLAIR CONSULTANTS LTD,FALSE,null,27/01/2017,10002501,null,PUB.UKRLP.dbo.ProviderInstance,a97e2eb1-c959-4c26-8064-6961d76df731
null,01692120,FLEET AUDITS LIMITED,TRUE,null,05/10/2023,10002502,null,PUB.UKRLP.dbo.ProviderInstance,a97e2eb1-c959-4c26-8064-6961d76df731
null,null,FLEETWOOD HIGH SCHOOL,TRUE,null,13/04/2026,10002503,119771,PUB.UKRLP.dbo.ProviderInstance,a97e2eb1-c959-4c26-8064-6961d76df731
06/04/2019,02826175,FLETCHER CONSULTANCY LIMITED,FALSE,null,08/02/2019,10002504,null,PUB.UKRLP.dbo.ProviderInstance,a97e2eb1-c959-4c26-8064-6961d76df731
null,03579840,FLINTSHIRE INDUSTRIAL TRAINING LIMITED,TRUE,null,14/09/2024,10002505,null,PUB.UKRLP.dbo.ProviderInstance,a97e2eb1-c959-4c26-8064-6961d76df731
08/09/2017,null,KNOWLE DGE,FALSE,null,07/08/2017,10002506,109392,PUB.UKRLP.dbo.ProviderInstance,a97e2eb1-c959-4c26-8064-6961d76df731
11/12/2007,04600410,FLYING PIGS TRAINING LIMITED,FALSE,null,22/04/2007,10002507,null,PUB.UKRLP.dbo.ProviderInstance,a97e2eb1-c959-4c26-8064-6961d76df731
02/09/2010,03729510,FOCAL TRAINING LIMITED,FALSE,null,12/08/2009,10002508,null,PUB.UKRLP.dbo.ProviderInstance,a97e2eb1-c959-4c26-8064-6961d76df731
02/04/2007,04700166,FOCUS GROUP LTD,FALSE,Focus,29/09/2006,10002509,null,PUB.UKRLP.dbo.ProviderInstance,a97e2eb1-c959-4c26-8064-6961d76df731
18/03/2013,02590688,FOCUS FOUR LIMITED,FALSE,null,18/03/2013,10002510,null,PUB.UKRLP.dbo.ProviderInstance,a97e2eb1-c959-4c26-8064-6961d76df731
14/03/2023,04385250,AARDVARK CONSULTANCY LIMITED,FALSE,null,08/01/2023,10002511,null,PUB.UKRLP.dbo.ProviderInstance,a97e2eb1-c959-4c26-8064-6961d76df731
30/08/2007,IP26827R,FOCUS HOUSING ASSOCIATION LIMITED,FALSE,null,28/03/2007,10002512,null,PUB.UKRLP.dbo.ProviderInstance,a97e2eb1-c959-4c26-8064-6961d76df731
null,03448016,FOCUSSED LIMITED,TRUE,null,23/01/2026,10002513,null,PUB.UKRLP.dbo.ProviderInstance,a97e2eb1-c959-4c26-8064-6961d76df731
03/03/2011,04248987,FOCUS PATHWAYS LIMITED,FALSE,null,22/04/2007,10002514,null,PUB.UKRLP.dbo.ProviderInstance,a97e2eb1-c959-4c26-8064-6961d76df731
20/04/2018,04622201,FOCUS SYSTEMS LIMITED,FALSE,Pitman Training Liverpool and Cheshire,11/01/2018,10002515,null,PUB.UKRLP.dbo.ProviderInstance,a97e2eb1-c959-4c26-8064-6961d76df731
20/03/2007,03966696,FOCUS TRANSPORT TRAINING LIMITED,FALSE,null,29/09/2006,10002516,null,PUB.UKRLP.dbo.ProviderInstance,a97e2eb1-c959-4c26-8064-6961d76df731
20/03/2007,04185443,FOLESHILL INFORMATION & ADVICE CENTRE,FALSE,null,06/09/2006,10002517,null,PUB.UKRLP.dbo.ProviderInstance,a97e2eb1-c959-4c26-8064-6961d76df731
null,02400263,FOLESHILL WOMEN'S TRAINING LTD,TRUE,null,26/04/2026,10002518,null,PUB.UKRLP.dbo.ProviderInstance,a97e2eb1-c959-4c26-8064-6961d76df731
11/04/2019,null,THE FOLKESTONE SCHOOL FOR GIRLS,FALSE,null,29/07/2005,10002519,118909,PUB.UKRLP.dbo.ProviderInstance,a97e2eb1-c959-4c26-8064-6961d76df731
null,02490317,FOOD ALERT LIMITED,TRUE,null,15/09/2024,10002520,null,PUB.UKRLP.dbo.ProviderInstance,a97e2eb1-c959-4c26-8064-6961d76df731
null,03509690,THE FOOD & DRINK FORUM LIMITED,TRUE,null,26/02/2024,10002521,null,PUB.UKRLP.dbo.ProviderInstance,a97e2eb1-c959-4c26-8064-6961d76df731
null,04378435,FOOD HYGIENE CENTRE LIMITED,TRUE,null,21/01/2026,10002522,null,PUB.UKRLP.dbo.ProviderInstance,a97e2eb1-c959-4c26-8064-6961d76df731
null,04807143,FOOD HYGIENE MATTERS LIMITED,TRUE,null,29/05/2023,10002523,null,PUB.UKRLP.dbo.ProviderInstance,a97e2eb1-c959-4c26-8064-6961d76df731
null,03853808,FOOD HYGIENE TRAINING COMPANY LIMITED,TRUE,null,14/09/2024,10002524,null,PUB.UKRLP.dbo.ProviderInstance,a97e2eb1-c959-4c26-8064-6961d76df731
20/03/2007,SC220496,FOOD INDUSTRY ADVISORY SERVICE LIMITED,FALSE,null,29/09/2006,10002525,null,PUB.UKRLP.dbo.ProviderInstance,a97e2eb1-c959-4c26-8064-6961d76df731
23/04/2012,04979977,THE FOOD PROCESSING FARADAY PARTNERSHIP LTD,FALSE,Food Processing Faraday,23/04/2012,10002526,null,PUB.UKRLP.dbo.ProviderInstance,a97e2eb1-c959-4c26-8064-6961d76df731
null,02719699,THE FOOTBALL ASSOCIATION PREMIER LEAGUE LIMITED,TRUE,null,21/01/2026,10002527,null,PUB.UKRLP.dbo.ProviderInstance,a97e2eb1-c959-4c26-8064-6961d76df731
20/07/2011,01412415,FOOTBALLERS FURTHER EDUCATION AND VOCATIONAL TRAINING SOCIETY LIMITED(THE),FALSE,null,04/02/2009,10002528,null,PUB.UKRLP.dbo.ProviderInstance,a97e2eb1-c959-4c26-8064-6961d76df731
null,02944156,DEMENTIA UK,TRUE,Dementia Training,10/06/2025,10002529,null,PUB.UKRLP.dbo.ProviderInstance,a97e2eb1-c959-4c26-8064-6961d76df731
05/09/2006,04887427,FOR YOUR EYES ONLY POLE AND TABLE DANCING SCHOOL LTD,FALSE,null,29/07/2005,10002530,null,PUB.UKRLP.dbo.ProviderInstance,a97e2eb1-c959-4c26-8064-6961d76df731
null,00258309,FORBO-NAIRN LIMITED,TRUE,null,14/09/2024,10002531,null,PUB.UKRLP.dbo.ProviderInstance,a97e2eb1-c959-4c26-8064-6961d76df731
null,00235446,FORD MOTOR COMPANY LIMITED,TRUE,null,26/11/2023,10002532,null,PUB.UKRLP.dbo.ProviderInstance,a97e2eb1-c959-4c26-8064-6961d76df731
12/03/2018,04872631,FOREMOST SOLUTIONS LIMITED,FALSE,null,01/02/2018,10002533,null,PUB.UKRLP.dbo.ProviderInstance,a97e2eb1-c959-4c26-8064-6961d76df731
null,04161887,FOREST CRAFTS (DEVON) LIMITED,TRUE,null,08/04/2026,10002534,null,PUB.UKRLP.dbo.ProviderInstance,a97e2eb1-c959-4c26-8064-6961d76df731
09/07/2007,03294741,FOREST EDUCATION BUSINESS PARTNERSHIP,FALSE,null,22/04/2007,10002535,null,PUB.UKRLP.dbo.ProviderInstance,a97e2eb1-c959-4c26-8064-6961d76df731
null,null,FOREST HILL SCHOOL,TRUE,null,10/10/2025,10002536,100745,PUB.UKRLP.dbo.ProviderInstance,a97e2eb1-c959-4c26-8064-6961d76df731
null,03733974,FOREST OF AVON WOOD PRODUCTS CO-OPERATIVE LIMITED,TRUE,null,02/06/2026,10002537,null,PUB.UKRLP.dbo.ProviderInstance,a97e2eb1-c959-4c26-8064-6961d76df731
12/08/2019,null,FOREST SCHOOL,FALSE,null,12/08/2019,10002538,110061,PUB.UKRLP.dbo.ProviderInstance,a97e2eb1-c959-4c26-8064-6961d76df731
23/09/2019,02493571,FOREST YOUNG MEN'S CHRISTIAN ASSOCIATION OF EAST LONDON,FALSE,Forest Ymca Of East London,22/04/2007,10002539,null,PUB.UKRLP.dbo.ProviderInstance,a97e2eb1-c959-4c26-8064-6961d76df731
29/10/2024,SC140596,FORESTRY CONTRACTING ASSOCIATION LIMITED,FALSE,null,26/02/2024,10002540,null,PUB.UKRLP.dbo.ProviderInstance,a97e2eb1-c959-4c26-8064-6961d76df731
02/09/2011,null,FORMBY HIGH SCHOOL,FALSE,null,29/07/2005,10002541,104949,PUB.UKRLP.dbo.ProviderInstance,a97e2eb1-c959-4c26-8064-6961d76df731
null,04243767,FORMULA SCHOOLS LIMITED,TRUE,null,14/09/2024,10002542,null,PUB.UKRLP.dbo.ProviderInstance,a97e2eb1-c959-4c26-8064-6961d76df731
20/12/2010,null,FORT PITT GRAMMAR SCHOOL,FALSE,null,29/07/2005,10002543,118798,PUB.UKRLP.dbo.ProviderInstance,a97e2eb1-c959-4c26-8064-6961d76df731
null,SC124791,FORTH SECTOR,TRUE,null,11/03/2026,10002544,null,PUB.UKRLP.dbo.ProviderInstance,a97e2eb1-c959-4c26-8064-6961d76df731
null,null,FORTISMERE SCHOOL,TRUE,null,10/10/2025,10002545,102156,PUB.UKRLP.dbo.ProviderInstance,a97e2eb1-c959-4c26-8064-6961d76df731
null,03031713,THE FORTUNE CENTRE OF RIDING THERAPY,TRUE,null,05/12/2025,10002546,131891,PUB.UKRLP.dbo.ProviderInstance,a97e2eb1-c959-4c26-8064-6961d76df731
28/05/2019,NI054601,FORUM FOR ACTION ON SUBSTANCE ABUSE,FALSE,null,05/03/2019,10002547,null,PUB.UKRLP.dbo.ProviderInstance,a97e2eb1-c959-4c26-8064-6961d76df731
null,00975932,FORUM TRAINING LIMITED,TRUE,null,01/10/2024,10002548,null,PUB.UKRLP.dbo.ProviderInstance,a97e2eb1-c959-4c26-8064-6961d76df731
06/12/2011,02579616,FORUM UK TRAINING & HUMAN RESOURCE DEVELOPMENT SERVICES LIMITED,FALSE,Forum Uk,06/12/2011,10002549,null,PUB.UKRLP.dbo.ProviderInstance,a97e2eb1-c959-4c26-8064-6961d76df731
05/03/2018,SC171853,FORWARD TRAINING PARTNERSHIP LIMITED,FALSE,null,26/01/2018,10002550,null,PUB.UKRLP.dbo.ProviderInstance,a97e2eb1-c959-4c26-8064-6961d76df731
null,03313255,FOUNDATION FOR INTERNATIONAL SPIRITUAL UNFOLDMENT,TRUE,null,17/07/2026,10002551,null,PUB.UKRLP.dbo.ProviderInstance,a97e2eb1-c959-4c26-8064-6961d76df731
11/12/2007,03583949,THE FOUNDATION OF NURSING STUDIES,FALSE,null,22/04/2007,10002552,null,PUB.UKRLP.dbo.ProviderInstance,a97e2eb1-c959-4c26-8064-6961d76df731
14/09/2022,03730802,FOUNDRY MOUNTAIN ACTIVITIES LTD,FALSE,null,10/06/2022,10002553,null,PUB.UKRLP.dbo.ProviderInstance,a97e2eb1-c959-4c26-8064-6961d76df731
null,02811292,FOUR COUNTIES TRAINING LIMITED,TRUE,null,01/09/2025,10002554,null,PUB.UKRLP.dbo.ProviderInstance,a97e2eb1-c959-4c26-8064-6961d76df731
null,03716352,FOUR ESTATES LIMITED,TRUE,null,26/04/2026,10002555,null,PUB.UKRLP.dbo.ProviderInstance,a97e2eb1-c959-4c26-8064-6961d76df731
25/01/2016,03782935,FOUR SEASONS (JDM) LIMITED,FALSE,null,24/12/2015,10002556,null,PUB.UKRLP.dbo.ProviderInstance,a97e2eb1-c959-4c26-8064-6961d76df731
26/01/2009,04321090,FOUR WINDS SAILING LIMITED,FALSE,null,22/04/2007,10002557,null,PUB.UKRLP.dbo.ProviderInstance,a97e2eb1-c959-4c26-8064-6961d76df731
06/10/2020,04759911,FOURQUARTERS INFORMATION SOLUTIONS LTD,FALSE,null,29/08/2020,10002558,null,PUB.UKRLP.dbo.ProviderInstance,a97e2eb1-c959-4c26-8064-6961d76df731
null,05410843,WOMEN'S WORKSHOP,TRUE,null,26/11/2023,10002559,null,PUB.UKRLP.dbo.ProviderInstance,a97e2eb1-c959-4c26-8064-6961d76df731
null,03192770,AURORA FOXES,TRUE,null,22/07/2026,10002560,131892,PUB.UKRLP.dbo.ProviderInstance,a97e2eb1-c959-4c26-8064-6961d76df731
19/09/2018,null,FOXFORD SCHOOL AND COMMUNITY ARTS COLLEGE,FALSE,null,18/06/2018,10002561,103732,PUB.UKRLP.dbo.ProviderInstance,a97e2eb1-c959-4c26-8064-6961d76df731
null,03318404,FRAMEWORK HOUSING ASSOCIATION,TRUE,null,30/12/2025,10002562,null,PUB.UKRLP.dbo.ProviderInstance,a97e2eb1-c959-4c26-8064-6961d76df731
01/12/2011,null,FRAMWELLGATE SCHOOL DURHAM,FALSE,null,29/07/2005,10002563,114309,PUB.UKRLP.dbo.ProviderInstance,a97e2eb1-c959-4c26-8064-6961d76df731
02/11/2006,01237144,FRANCES CLARKE LIMITED,FALSE,null,29/07/2005,10002564,null,PUB.UKRLP.dbo.ProviderInstance,a97e2eb1-c959-4c26-8064-6961d76df731
null,01404975,FRANCESCO GROUP (HOLDINGS) LIMITED,TRUE,null,21/01/2026,10002565,null,PUB.UKRLP.dbo.ProviderInstance,a97e2eb1-c959-4c26-8064-6961d76df731
16/01/2012,null,FRANCIS BACON SCHOOL,FALSE,null,29/07/2005,10002566,117574,PUB.UKRLP.dbo.ProviderInstance,a97e2eb1-c959-4c26-8064-6961d76df731
14/09/2009,null,FRANCIS COMBE SCHOOL AND COMMUNITY COLLEGE,FALSE,null,29/07/2005,10002567,null,PUB.UKRLP.dbo.ProviderInstance,a97e2eb1-c959-4c26-8064-6961d76df731
03/03/2011,NI043203,FRANCIS MCPEAKE SCHOOL OF MUSIC LIMITED,FALSE,null,15/09/2010,10002568,null,PUB.UKRLP.dbo.ProviderInstance,a97e2eb1-c959-4c26-8064-6961d76df731
03/01/2012,null,FRANK F HARRISON ENGINEERING COLLEGE,FALSE,null,26/06/2009,10002569,104245,PUB.UKRLP.dbo.ProviderInstance,a97e2eb1-c959-4c26-8064-6961d76df731
09/11/2025,null,FRANKLIN COLLEGE,FALSE,Franklin Sixth Form College,10/10/2025,10002570,130586,PUB.UKRLP.dbo.ProviderInstance,a97e2eb1-c959-4c26-8064-6961d76df731
null,03282374,FRANKLIN COVEY EUROPE LIMITED,TRUE,null,02/09/2025,10002571,null,PUB.UKRLP.dbo.ProviderInstance,a97e2eb1-c959-4c26-8064-6961d76df731
20/07/2011,04732540,ALCHEMY PROGRAMMES LIMITED,FALSE,null,06/09/2010,10002572,null,PUB.UKRLP.dbo.ProviderInstance,a97e2eb1-c959-4c26-8064-6961d76df731
30/07/2009,04000101,FREE EDGE NAIL ACADEMY LIMITED,FALSE,null,22/04/2007,10002573,null,PUB.UKRLP.dbo.ProviderInstance,a97e2eb1-c959-4c26-8064-6961d76df731
04/03/2011,01216573,FREEFORM ARTS TRUST LIMITED,FALSE,Free Form Arts Trust,22/04/2007,10002574,null,PUB.UKRLP.dbo.ProviderInstance,a97e2eb1-c959-4c26-8064-6961d76df731
10/08/2011,null,FREMAN COLLEGE,FALSE,null,29/07/2005,10002575,117540,PUB.UKRLP.dbo.ProviderInstance,a97e2eb1-c959-4c26-8064-6961d76df731
02/06/2016,04224717,FRESHERWISE LIMITED,FALSE,null,30/03/2016,10002576,null,PUB.UKRLP.dbo.ProviderInstance,a97e2eb1-c959-4c26-8064-6961d76df731
null,01585618,SCARDAU LIMITED,TRUE,null,16/05/2023,10002577,null,PUB.UKRLP.dbo.ProviderInstance,a97e2eb1-c959-4c26-8064-6961d76df731
null,04959570,FRIENDS CENTRE,TRUE,null,09/05/2023,10002578,null,PUB.UKRLP.dbo.ProviderInstance,a97e2eb1-c959-4c26-8064-6961d76df731
null,03508369,FRIENDS FOR LEISURE,TRUE,null,27/05/2024,10002579,null,PUB.UKRLP.dbo.ProviderInstance,a97e2eb1-c959-4c26-8064-6961d76df731
12/08/2019,null,FRIENDS OF ST NICHOLAS FIELDS,FALSE,null,12/08/2019,10002580,null,PUB.UKRLP.dbo.ProviderInstance,a97e2eb1-c959-4c26-8064-6961d76df731
18/06/2018,null,FRIESLAND SCHOOL,FALSE,null,05/03/2018,10002581,112994,PUB.UKRLP.dbo.ProviderInstance,a97e2eb1-c959-4c26-8064-6961d76df731
21/09/2009,null,"FRODSHAM SCHOOL, A SCIENCE AND TECHNOLOGY COLLEGE",FALSE,null,03/04/2009,10002582,null,PUB.UKRLP.dbo.ProviderInstance,a97e2eb1-c959-4c26-8064-6961d76df731
17/10/2024,null,FROGMORE COMMUNITY COLLEGE,FALSE,null,03/07/2024,10002583,116442,PUB.UKRLP.dbo.ProviderInstance,a97e2eb1-c959-4c26-8064-6961d76df731
03/07/2024,null,FROME COMMUNITY COLLEGE,FALSE,null,17/03/2024,10002584,123862,PUB.UKRLP.dbo.ProviderInstance,a97e2eb1-c959-4c26-8064-6961d76df731
03/09/2010,03363477,FRONTLINE SITE ENGINEERING LIMITED,FALSE,null,28/03/2007,10002585,null,PUB.UKRLP.dbo.ProviderInstance,a97e2eb1-c959-4c26-8064-6961d76df731
05/11/2007,04709785,FRONTLINESTYLE LIMITED,FALSE,Frontline Style,22/04/2007,10002586,null,PUB.UKRLP.dbo.ProviderInstance,a97e2eb1-c959-4c26-8064-6961d76df731
null,01119817,"FROST & SULLIVAN, LIMITED",TRUE,null,06/08/2023,10002587,null,PUB.UKRLP.dbo.ProviderInstance,a97e2eb1-c959-4c26-8064-6961d76df731
05/09/2006,04829556,FSTD LTD,FALSE,null,29/07/2005,10002588,null,PUB.UKRLP.dbo.ProviderInstance,a97e2eb1-c959-4c26-8064-6961d76df731
14/12/2011,01893932,FILM AND TELEVISION FREELANCE TRAINING,FALSE,Ft2,22/04/2007,10002589,null,PUB.UKRLP.dbo.ProviderInstance,a97e2eb1-c959-4c26-8064-6961d76df731
04/04/2007,03796830,FTMS DIRECT LIMITED,FALSE,null,06/09/2006,10002590,null,PUB.UKRLP.dbo.ProviderInstance,a97e2eb1-c959-4c26-8064-6961d76df731
17/12/2009,04972114,FUEL QUALIFICATION SERVICES LIMITED,FALSE,null,09/11/2007,10002591,null,PUB.UKRLP.dbo.ProviderInstance,a97e2eb1-c959-4c26-8064-6961d76df731
12/01/2018,null,FULFORD SCHOOL,FALSE,null,19/11/2017,10002592,121684,PUB.UKRLP.dbo.ProviderInstance,a97e2eb1-c959-4c26-8064-6961d76df731
14/12/2011,04511686,FULHAM & CHELSEA COLLEGE LIMITED,FALSE,null,22/04/2007,10002593,null,PUB.UKRLP.dbo.ProviderInstance,a97e2eb1-c959-4c26-8064-6961d76df731
null,04015695,DARK HORSE THEATRE,TRUE,null,23/12/2025,10002594,null,PUB.UKRLP.dbo.ProviderInstance,a97e2eb1-c959-4c26-8064-6961d76df731
04/04/2007,03884815,FULLARD LEARNING LIMITED,FALSE,null,06/09/2006,10002595,null,PUB.UKRLP.dbo.ProviderInstance,a97e2eb1-c959-4c26-8064-6961d76df731
10/08/2011,null,FULLBROOK SCHOOL,FALSE,null,29/07/2005,10002596,125313,PUB.UKRLP.dbo.ProviderInstance,a97e2eb1-c959-4c26-8064-6961d76df731
06/09/2025,05086581,FULNECK SCHOOL,FALSE,null,11/07/2025,10002597,108117,PUB.UKRLP.dbo.ProviderInstance,a97e2eb1-c959-4c26-8064-6961d76df731
17/12/2010,null,FULSTON MANOR SCHOOL,FALSE,null,29/07/2005,10002598,118886,PUB.UKRLP.dbo.ProviderInstance,a97e2eb1-c959-4c26-8064-6961d76df731
null,null,FURNESS COLLEGE,TRUE,null,07/02/2018,10002599,130633,PUB.UKRLP.dbo.ProviderInstance,a97e2eb1-c959-4c26-8064-6961d76df731
04/02/2016,02644221,FURNESS ENTERPRISE LIMITED,FALSE,null,03/01/2016,10002600,null,PUB.UKRLP.dbo.ProviderInstance,a97e2eb1-c959-4c26-8064-6961d76df731
09/03/2015,04094183,FURNITURE MATTERS,FALSE,null,29/12/2014,10002601,null,PUB.UKRLP.dbo.ProviderInstance,a97e2eb1-c959-4c26-8064-6961d76df731
null,03236897,FURNITURE RECYCLING PROJECT,TRUE,null,29/08/2024,10002602,null,PUB.UKRLP.dbo.ProviderInstance,a97e2eb1-c959-4c26-8064-6961d76df731
12/09/2011,null,FURTHERWICK PARK SCHOOL,FALSE,null,29/07/2005,10002603,115333,PUB.UKRLP.dbo.ProviderInstance,a97e2eb1-c959-4c26-8064-6961d76df731
01/12/2011,null,FURZE PLATT SENIOR SCHOOL,FALSE,null,29/07/2005,10002604,110066,PUB.UKRLP.dbo.ProviderInstance,a97e2eb1-c959-4c26-8064-6961d76df731
28/01/2009,04959168,FUSION ICT LIMITED,FALSE,null,22/04/2007,10002605,null,PUB.UKRLP.dbo.ProviderInstance,a97e2eb1-c959-4c26-8064-6961d76df731
02/09/2010,02805198,FUSION TRAINING LTD.,FALSE,null,22/04/2007,10002606,null,PUB.UKRLP.dbo.ProviderInstance,a97e2eb1-c959-4c26-8064-6961d76df731
07/10/2009,04921056,FUSION WORKS (UK) LTD,FALSE,null,21/05/2008,10002607,null,PUB.UKRLP.dbo.ProviderInstance,a97e2eb1-c959-4c26-8064-6961d76df731
null,04381540,FUTURE FIT TRAINING LIMITED,TRUE,null,10/04/2023,10002608,null,PUB.UKRLP.dbo.ProviderInstance,a97e2eb1-c959-4c26-8064-6961d76df731
null,03210205,FUTURE HEALTH AND SOCIAL CARE ASSOCIATION C.I.C.,TRUE,null,23/05/2024,10002609,null,PUB.UKRLP.dbo.ProviderInstance,a97e2eb1-c959-4c26-8064-6961d76df731
31/03/2015,04145694,FUTURE STRATEGIES CONSULTING LIMITED,FALSE,null,29/01/2015,10002610,null,PUB.UKRLP.dbo.ProviderInstance,a97e2eb1-c959-4c26-8064-6961d76df731
29/01/2015,04061519,FUTURE TRAINING 2000 LIMITED,FALSE,null,01/12/2014,10002611,null,PUB.UKRLP.dbo.ProviderInstance,a97e2eb1-c959-4c26-8064-6961d76df731
06/09/2006,null,FUTURE WEST,FALSE,null,29/07/2005,10002612,null,PUB.UKRLP.dbo.ProviderInstance,a97e2eb1-c959-4c26-8064-6961d76df731
03/05/2016,03770428,FUTURE-WIZE LIMITED,FALSE,null,31/03/2016,10002613,null,PUB.UKRLP.dbo.ProviderInstance,a97e2eb1-c959-4c26-8064-6961d76df731
13/08/2018,03150205,FUTUREKIDS LIMITED,FALSE,Futurekids Edinburgh,09/05/2018,10002614,null,PUB.UKRLP.dbo.ProviderInstance,a97e2eb1-c959-4c26-8064-6961d76df731
18/05/2016,02928598,FUTURES TRAINING CENTRES LIMITED,FALSE,null,18/03/2016,10002615,null,PUB.UKRLP.dbo.ProviderInstance,a97e2eb1-c959-4c26-8064-6961d76df731
null,null,MANCHESTER BUDDHIST CENTRE,TRUE,null,07/06/2018,10002616,null,PUB.UKRLP.dbo.ProviderInstance,a97e2eb1-c959-4c26-8064-6961d76df731
null,null,TRIRATNA SOUTHAMPTON,TRUE,Fwbo Southampton Buddhist Group,07/06/2018,10002617,null,PUB.UKRLP.dbo.ProviderInstance,a97e2eb1-c959-4c26-8064-6961d76df731
null,04028828,G B TRAINING (UK) LTD,TRUE,null,27/04/2023,10002618,null,PUB.UKRLP.dbo.ProviderInstance,a97e2eb1-c959-4c26-8064-6961d76df731
04/04/2007,04227889,G B TRANSPORT TRAINING SERVICES LIMITED,FALSE,null,29/09/2006,10002619,null,PUB.UKRLP.dbo.ProviderInstance,a97e2eb1-c959-4c26-8064-6961d76df731
null,null,GAINSBOROUGH'S HOUSE SOCIETY,TRUE,null,07/06/2018,10002620,null,PUB.UKRLP.dbo.ProviderInstance,a97e2eb1-c959-4c26-8064-6961d76df731
22/05/2012,04047133,GALLANT 2000 LIMITED,FALSE,null,01/03/2012,10002621,null,PUB.UKRLP.dbo.ProviderInstance,a97e2eb1-c959-4c26-8064-6961d76df731
07/03/2013,01937170,GAME STORES GROUP LIMITED,FALSE,null,07/03/2013,10002622,null,PUB.UKRLP.dbo.ProviderInstance,a97e2eb1-c959-4c26-8064-6961d76df731
12/08/2019,03862097,GAMELEA COUNTRYSIDE TRAINING TRUST,FALSE,null,12/08/2019,10002623,null,PUB.UKRLP.dbo.ProviderInstance,a97e2eb1-c959-4c26-8064-6961d76df731
null,04102182,THE WARWICK PERCY ESTATES COMMUNITY PROJECTS LIMITED,TRUE,Gap Community Project,26/04/2026,10002624,null,PUB.UKRLP.dbo.ProviderInstance,a97e2eb1-c959-4c26-8064-6961d76df731
null,04245616,GARDEN DESIGN SCHOOL LIMITED,TRUE,null,24/05/2025,10002625,null,PUB.UKRLP.dbo.ProviderInstance,a97e2eb1-c959-4c26-8064-6961d76df731
06/09/2021,06176781,THE GARDEN SCIENCE TRUST,FALSE,null,03/06/2021,10002626,null,PUB.UKRLP.dbo.ProviderInstance,a97e2eb1-c959-4c26-8064-6961d76df731
20/12/2010,null,GARFORTH COMMUNITY COLLEGE,FALSE,null,29/07/2005,10002627,108089,PUB.UKRLP.dbo.ProviderInstance,a97e2eb1-c959-4c26-8064-6961d76df731
10/10/2017,null,GARIBALDI COLLEGE,FALSE,null,18/08/2017,10002628,122830,PUB.UKRLP.dbo.ProviderInstance,a97e2eb1-c959-4c26-8064-6961d76df731
null,SC107867,THE GARNETHILL CENTRE LIMITED,TRUE,null,26/04/2026,10002629,null,PUB.UKRLP.dbo.ProviderInstance,a97e2eb1-c959-4c26-8064-6961d76df731
null,null,GARTH HILL COLLEGE,TRUE,null,16/07/2026,10002630,110069,PUB.UKRLP.dbo.ProviderInstance,a97e2eb1-c959-4c26-8064-6961d76df731
05/09/2006,03306621,GARTHS RESOURCE CENTRE LIMITED,FALSE,null,29/07/2005,10002631,null,PUB.UKRLP.dbo.ProviderInstance,a97e2eb1-c959-4c26-8064-6961d76df731
14/06/2012,04259386,GAS ASSESSMENT & TRAINING CENTRE (WALES) LIMITED,FALSE,null,14/06/2012,10002632,null,PUB.UKRLP.dbo.ProviderInstance,a97e2eb1-c959-4c26-8064-6961d76df731
null,SC176913,GAS CERTIFICATION COMPANY LIMITED,TRUE,null,31/08/2024,10002633,null,PUB.UKRLP.dbo.ProviderInstance,a97e2eb1-c959-4c26-8064-6961d76df731
null,04112853,GAS LOGIC LIMITED,TRUE,Logic4training,02/02/2026,10002634,null,PUB.UKRLP.dbo.ProviderInstance,a97e2eb1-c959-4c26-8064-6961d76df731
null,01673930,B.J. INDUSTRIES LIMITED,TRUE,Gas Safety UK,26/04/2026,10002635,null,PUB.UKRLP.dbo.ProviderInstance,a97e2eb1-c959-4c26-8064-6961d76df731
null,03473056,KIWA LIMITED,TRUE,null,01/09/2025,10002636,null,PUB.UKRLP.dbo.ProviderInstance,a97e2eb1-c959-4c26-8064-6961d76df731
09/12/2024,null,GATEACRE SCHOOL,FALSE,null,05/10/2024,10002637,104700,PUB.UKRLP.dbo.ProviderInstance,a97e2eb1-c959-4c26-8064-6961d76df731
null,null,GATESHEAD COLLEGE,TRUE,null,21/07/2026,10002638,130551,PUB.UKRLP.dbo.ProviderInstance,a97e2eb1-c959-4c26-8064-6961d76df731
null,null,GATESHEAD COUNCIL,TRUE,On Point Apprenticeships,21/07/2026,10002639,null,PUB.UKRLP.dbo.ProviderInstance,a97e2eb1-c959-4c26-8064-6961d76df731
20/03/2007,05058611,GATEWAY2UK LIMITED,FALSE,Gateway Education,29/09/2006,10002640,null,PUB.UKRLP.dbo.ProviderInstance,a97e2eb1-c959-4c26-8064-6961d76df731
04/04/2007,04664525,GATEWAY IT SERVICES LIMITED,FALSE,null,06/09/2006,10002641,null,PUB.UKRLP.dbo.ProviderInstance,a97e2eb1-c959-4c26-8064-6961d76df731
07/04/2020,null,GATEWAY SIXTH FORM COLLEGE,FALSE,null,23/01/2020,10002642,130755,PUB.UKRLP.dbo.ProviderInstance,a97e2eb1-c959-4c26-8064-6961d76df731
25/07/2008,03224750,GATEWAY TECHNOLOGY CENTRE,FALSE,null,23/04/2007,10002643,null,PUB.UKRLP.dbo.ProviderInstance,a97e2eb1-c959-4c26-8064-6961d76df731
12/08/2019,00216451,GAZETTE MEDIA COMPANY LIMITED,FALSE,null,12/08/2019,10002644,null,PUB.UKRLP.dbo.ProviderInstance,a97e2eb1-c959-4c26-8064-6961d76df731
null,03137031,GBDIRECT LIMITED,TRUE,null,06/11/2023,10002645,null,PUB.UKRLP.dbo.ProviderInstance,a97e2eb1-c959-4c26-8064-6961d76df731
12/05/2008,02939647,GBS CORPORATE TRAINING LIMITED,FALSE,GBS Training,09/11/2007,10002646,null,PUB.UKRLP.dbo.ProviderInstance,a97e2eb1-c959-4c26-8064-6961d76df731
08/11/2007,03269450,GDN CHILDCARE TRAINING LIMITED,FALSE,null,28/03/2007,10002647,null,PUB.UKRLP.dbo.ProviderInstance,a97e2eb1-c959-4c26-8064-6961d76df731
05/11/2007,00761885,POLYPIPE TERRAIN LIMITED,FALSE,null,01/11/2007,10002648,null,PUB.UKRLP.dbo.ProviderInstance,a97e2eb1-c959-4c26-8064-6961d76df731
02/09/2010,NI044610,GELWEN LIMITED,FALSE,null,20/10/2009,10002649,null,PUB.UKRLP.dbo.ProviderInstance,a97e2eb1-c959-4c26-8064-6961d76df731
08/07/2021,03910486,GEMAL COLLEGE LIMITED,FALSE,null,02/06/2021,10002650,null,PUB.UKRLP.dbo.ProviderInstance,a97e2eb1-c959-4c26-8064-6961d76df731
26/03/2020,03320738,GEMINI LANGUAGE EXCHANGE LTD.,FALSE,null,05/03/2020,10002651,null,PUB.UKRLP.dbo.ProviderInstance,a97e2eb1-c959-4c26-8064-6961d76df731
09/05/2008,04002180,GEMINI TRAINING LIMITED,FALSE,null,23/04/2007,10002652,null,PUB.UKRLP.dbo.ProviderInstance,a97e2eb1-c959-4c26-8064-6961d76df731
null,01945780,THE GEMMOLOGICAL ASSOCIATION OF GREAT BRITAIN,TRUE,Gem-A,09/03/2022,10002653,null,PUB.UKRLP.dbo.ProviderInstance,a97e2eb1-c959-4c26-8064-6961d76df731
06/06/2018,04566140,GIA ENGLAND,FALSE,GIA London - Gemological Institute Of America London,28/03/2018,10002654,null,PUB.UKRLP.dbo.ProviderInstance,a97e2eb1-c959-4c26-8064-6961d76df731
null,03804696,GENII ENGINEERING & TECHNOLOGY TRAINING LIMITED,TRUE,GEN2,02/06/2026,10002655,null,PUB.UKRLP.dbo.ProviderInstance,a97e2eb1-c959-4c26-8064-6961d76df731
null,03424328,GENERAL PHYSICS (UK) LTD.,TRUE,GP Strategies Training Limited,22/04/2024,10002656,null,PUB.UKRLP.dbo.ProviderInstance,a97e2eb1-c959-4c26-8064-6961d76df731
null,04732804,GENESIS CHILDCARE CONSULTANCY LIMITED,TRUE,null,02/02/2026,10002657,null,PUB.UKRLP.dbo.ProviderInstance,a97e2eb1-c959-4c26-8064-6961d76df731
27/03/2012,04636142,GENITT IT TRAINING LIMITED,FALSE,null,13/08/2009,10002658,null,PUB.UKRLP.dbo.ProviderInstance,a97e2eb1-c959-4c26-8064-6961d76df731
26/01/2009,05193222,GENTLE CARE DENTAL ACADEMY LIMITED,FALSE,null,23/04/2007,10002659,null,PUB.UKRLP.dbo.ProviderInstance,a97e2eb1-c959-4c26-8064-6961d76df731
18/12/2008,null,GENUINE EMPOWERMENT OF MOTHERS IN SOCIETY ( GEMS ),FALSE,null,29/07/2005,10002660,null,PUB.UKRLP.dbo.ProviderInstance,a97e2eb1-c959-4c26-8064-6961d76df731
07/07/2011,null,GEORGE ABBOT SCHOOL,FALSE,null,15/08/2006,10002661,125265,PUB.UKRLP.dbo.ProviderInstance,a97e2eb1-c959-4c26-8064-6961d76df731
19/03/2012,null,GEORGE DIXON INTERNATIONAL SCHOOL AND SIXTH FORM CENTRE,FALSE,null,29/07/2005,10002662,103559,PUB.UKRLP.dbo.ProviderInstance,a97e2eb1-c959-4c26-8064-6961d76df731
null,null,GEORGE GREEN'S SCHOOL,TRUE,null,10/10/2025,10002663,100974,PUB.UKRLP.dbo.ProviderInstance,a97e2eb1-c959-4c26-8064-6961d76df731
15/12/2010,null,GEORGE SPENCER FOUNDATION SCHOOL AND TECHNOLOGY COLLEGE,FALSE,null,29/07/2005,10002664,122903,PUB.UKRLP.dbo.ProviderInstance,a97e2eb1-c959-4c26-8064-6961d76df731
null,null,GEORGE STEPHENSON HIGH SCHOOL,TRUE,null,13/04/2026,10002665,108639,PUB.UKRLP.dbo.ProviderInstance,a97e2eb1-c959-4c26-8064-6961d76df731
02/09/2010,05006324,HATCH PUBLISHING LTD,FALSE,Getplumbing,23/04/2007,10002666,null,PUB.UKRLP.dbo.ProviderInstance,a97e2eb1-c959-4c26-8064-6961d76df731
null,null,"GHARWEG ADVICE, TRAINING & CAREERS CENTRE",TRUE,null,07/06/2018,10002667,null,PUB.UKRLP.dbo.ProviderInstance,a97e2eb1-c959-4c26-8064-6961d76df731
29/10/2024,04602540,GLENBEIGH GROUP LIMITED,FALSE,null,06/11/2023,10002668,null,PUB.UKRLP.dbo.ProviderInstance,a97e2eb1-c959-4c26-8064-6961d76df731
15/12/2010,null,THE GILES SCHOOL,FALSE,null,19/01/2007,10002669,120719,PUB.UKRLP.dbo.ProviderInstance,a97e2eb1-c959-4c26-8064-6961d76df731
16/07/2025,04004018,TEMPEST MANAGEMENT TRAINING LIMITED,FALSE,null,13/05/2024,10002670,null,PUB.UKRLP.dbo.ProviderInstance,a97e2eb1-c959-4c26-8064-6961d76df731
null,null,GILLINGHAM SCHOOL,TRUE,null,10/10/2025,10002671,113882,PUB.UKRLP.dbo.ProviderInstance,a97e2eb1-c959-4c26-8064-6961d76df731
13/01/2009,01555804,GINGERBREAD (AN ASSOCIATION FOR ONE PARENT FAMILIES) LIMITED,FALSE,Gingerbread,23/04/2007,10002672,null,PUB.UKRLP.dbo.ProviderInstance,a97e2eb1-c959-4c26-8064-6961d76df731
26/01/2009,03172713,GIRLS FRIENDLY SOCIETY IN ENGLAND AND WALES,FALSE,Gfs,23/01/2009,10002673,null,PUB.UKRLP.dbo.ProviderInstance,a97e2eb1-c959-4c26-8064-6961d76df731
20/12/2010,null,GURU NANAK SIKH VOLUNTARY AIDED SECONDARY SCHOOL,FALSE,null,16/08/2006,10002674,131928,PUB.UKRLP.dbo.ProviderInstance,a97e2eb1-c959-4c26-8064-6961d76df731
null,null,GLADESMORE COMMUNITY SCHOOL,TRUE,null,10/10/2025,10002675,102157,PUB.UKRLP.dbo.ProviderInstance,a97e2eb1-c959-4c26-8064-6961d76df731
null,SC097679,GLASGOW COUNCIL FOR THE VOLUNTARY SECTOR,TRUE,null,27/10/2025,10002676,null,PUB.UKRLP.dbo.ProviderInstance,a97e2eb1-c959-4c26-8064-6961d76df731
null,SC097505,THE GLASGOW COUNCIL ON ALCOHOL,TRUE,null,16/09/2025,10002677,null,PUB.UKRLP.dbo.ProviderInstance,a97e2eb1-c959-4c26-8064-6961d76df731
null,SC155843,GLASGOW MEDIA ACCESS CENTRE LIMITED,TRUE,null,27/03/2026,10002678,null,PUB.UKRLP.dbo.ProviderInstance,a97e2eb1-c959-4c26-8064-6961d76df731
21/12/2011,SC125391,GLASGOW NORTH DEVELOPMENTS LIMITED,FALSE,null,15/12/2011,10002679,null,PUB.UKRLP.dbo.ProviderInstance,a97e2eb1-c959-4c26-8064-6961d76df731
30/06/2011,SC083788,GLASGOW OPPORTUNITIES,FALSE,null,30/06/2011,10002680,null,PUB.UKRLP.dbo.ProviderInstance,a97e2eb1-c959-4c26-8064-6961d76df731
null,SC002271,GLASGOW SCHOOL OF ART.,TRUE,null,02/06/2026,10002681,null,PUB.UKRLP.dbo.ProviderInstance,a97e2eb1-c959-4c26-8064-6961d76df731
null,SC147484,GLASGOW SCHOOL OF SHIATSU LIMITED,TRUE,null,26/04/2026,10002682,null,PUB.UKRLP.dbo.ProviderInstance,a97e2eb1-c959-4c26-8064-6961d76df731
12/08/2019,SC069562,GLASGOW TRAINING GROUP (MOTOR TRADE) LIMITED,FALSE,null,12/08/2019,10002683,null,PUB.UKRLP.dbo.ProviderInstance,a97e2eb1-c959-4c26-8064-6961d76df731
14/01/2008,04100308,GLASS INDUSTRY TRAINING COMPANY LIMITED,FALSE,null,23/04/2007,10002684,null,PUB.UKRLP.dbo.ProviderInstance,a97e2eb1-c959-4c26-8064-6961d76df731
13/04/2016,01658599,GLASS TRAINING LIMITED,FALSE,null,03/01/2016,10002685,null,PUB.UKRLP.dbo.ProviderInstance,a97e2eb1-c959-4c26-8064-6961d76df731
null,03192673,RUSKIN MILL LAND TRUST LIMITED,TRUE,null,26/04/2026,10002686,null,PUB.UKRLP.dbo.ProviderInstance,a97e2eb1-c959-4c26-8064-6961d76df731
null,03509783,THE GLENRIDDING SAILING CENTRE LIMITED,TRUE,Glenridding Sailing Centre And School,26/04/2026,10002687,null,PUB.UKRLP.dbo.ProviderInstance,a97e2eb1-c959-4c26-8064-6961d76df731
07/07/2011,null,GLENTHORNE HIGH SCHOOL,FALSE,null,29/07/2005,10002688,103002,PUB.UKRLP.dbo.ProviderInstance,a97e2eb1-c959-4c26-8064-6961d76df731
20/07/2011,03880068,GLOBAL ENTERTAINMENT LIMITED,FALSE,null,23/04/2007,10002689,null,PUB.UKRLP.dbo.ProviderInstance,a97e2eb1-c959-4c26-8064-6961d76df731
06/09/2016,03108206,GLOBAL TO LOCAL LIMITED,FALSE,null,28/06/2016,10002690,null,PUB.UKRLP.dbo.ProviderInstance,a97e2eb1-c959-4c26-8064-6961d76df731
14/11/2007,03496489,GLOBAL TRAINING UK LIMITED,FALSE,null,29/07/2005,10002691,null,PUB.UKRLP.dbo.ProviderInstance,a97e2eb1-c959-4c26-8064-6961d76df731
null,03699790,GLOBAL VISION INTERNATIONAL LIMITED,TRUE,null,17/07/2026,10002692,null,PUB.UKRLP.dbo.ProviderInstance,a97e2eb1-c959-4c26-8064-6961d76df731
20/11/2006,03743708,GLOSCAT ENTERPRISES LIMITED,FALSE,Gloscat Tewkesbury Centre,29/09/2006,10002693,null,PUB.UKRLP.dbo.ProviderInstance,a97e2eb1-c959-4c26-8064-6961d76df731
02/12/2020,null,GLOSSOPDALE SCHOOL,FALSE,null,05/11/2020,10002694,112957,PUB.UKRLP.dbo.ProviderInstance,a97e2eb1-c959-4c26-8064-6961d76df731
null,null,GLOUCESTER CITY COUNCIL,TRUE,null,21/07/2026,10002695,null,PUB.UKRLP.dbo.ProviderInstance,a97e2eb1-c959-4c26-8064-6961d76df731
null,null,GLOUCESTERSHIRE COLLEGE,TRUE,null,21/07/2026,10002696,130683,PUB.UKRLP.dbo.ProviderInstance,a97e2eb1-c959-4c26-8064-6961d76df731
null,null,GLOUCESTERSHIRE COUNTY COUNCIL,TRUE,Adult Education in Gloucestershire,21/07/2026,10002697,null,PUB.UKRLP.dbo.ProviderInstance,a97e2eb1-c959-4c26-8064-6961d76df731
19/09/2018,06113653,GLOUCESTERSHIRE DANCE,FALSE,null,29/07/2018,10002698,null,PUB.UKRLP.dbo.ProviderInstance,a97e2eb1-c959-4c26-8064-6961d76df731
null,02692718,THE GLOUCESTERSHIRE DEAF ASSOCIATION,TRUE,null,26/04/2026,10002699,null,PUB.UKRLP.dbo.ProviderInstance,a97e2eb1-c959-4c26-8064-6961d76df731
null,03063577,BLACK CEDAR LIMITED,TRUE,GFutures,29/08/2024,10002700,null,PUB.UKRLP.dbo.ProviderInstance,a97e2eb1-c959-4c26-8064-6961d76df731
30/10/2010,04077672,CHARGROVE BUSINESS SERVICES LIMITED,FALSE,Gloucestershire Enterprise Limited,06/09/2010,10002701,null,PUB.UKRLP.dbo.ProviderInstance,a97e2eb1-c959-4c26-8064-6961d76df731
null,02814966,GLOUCESTERSHIRE ETHNIC MINORITY BUSINESS ASSOCIATION,TRUE,null,30/12/2025,10002702,null,PUB.UKRLP.dbo.ProviderInstance,a97e2eb1-c959-4c26-8064-6961d76df731
10/05/2012,IP16912R,GLOUCESTERSHIRE HOUSING ASSOCIATION LIMITED,FALSE,null,10/05/2012,10002703,null,PUB.UKRLP.dbo.ProviderInstance,a97e2eb1-c959-4c26-8064-6961d76df731
null,01300119,GLOUCESTERSHIRE ENGINEERING TRAINING LIMITED,TRUE,null,22/05/2026,10002704,null,PUB.UKRLP.dbo.ProviderInstance,a97e2eb1-c959-4c26-8064-6961d76df731
06/04/2011,null,GLYN TECHNOLOGY SCHOOL,FALSE,null,29/07/2005,10002705,125304,PUB.UKRLP.dbo.ProviderInstance,a97e2eb1-c959-4c26-8064-6961d76df731
20/05/2009,05248067,CHAMBER BUSINESS CONNECTIONS LIMITED,FALSE,GM Chamber ,12/04/2007,10002706,null,PUB.UKRLP.dbo.ProviderInstance,a97e2eb1-c959-4c26-8064-6961d76df731
26/01/2009,01935170,GMCS LIMITED,FALSE,null,12/04/2007,10002707,null,PUB.UKRLP.dbo.ProviderInstance,a97e2eb1-c959-4c26-8064-6961d76df731
02/09/2010,04779014,GO SKYDIVE LIMITED,FALSE,null,24/12/2009,10002708,null,PUB.UKRLP.dbo.ProviderInstance,a97e2eb1-c959-4c26-8064-6961d76df731
17/12/2009,SC216062,GO 2 GROUP LIMITED,FALSE,null,12/04/2007,10002709,null,PUB.UKRLP.dbo.ProviderInstance,a97e2eb1-c959-4c26-8064-6961d76df731
12/01/2018,null,GODALMING COLLEGE,FALSE,null,19/11/2017,10002710,130828,PUB.UKRLP.dbo.ProviderInstance,a97e2eb1-c959-4c26-8064-6961d76df731
null,null,THE GODOLPHIN AND LATYMER SCHOOL,TRUE,null,15/04/2026,10002711,100369,PUB.UKRLP.dbo.ProviderInstance,a97e2eb1-c959-4c26-8064-6961d76df731
null,null,GODOLPHIN SCHOOL,TRUE,null,17/05/2026,10002712,126519,PUB.UKRLP.dbo.ProviderInstance,a97e2eb1-c959-4c26-8064-6961d76df731
11/04/2019,null,GOFFS SCHOOL,FALSE,null,29/07/2005,10002713,117587,PUB.UKRLP.dbo.ProviderInstance,a97e2eb1-c959-4c26-8064-6961d76df731
18/02/2014,00825955,CLOSE NUMBER 11 LIMITED,FALSE,null,12/04/2007,10002714,null,PUB.UKRLP.dbo.ProviderInstance,a97e2eb1-c959-4c26-8064-6961d76df731
null,04442054,GOLDEN EGG TRAINING LIMITED,TRUE,null,10/05/2026,10002715,null,PUB.UKRLP.dbo.ProviderInstance,a97e2eb1-c959-4c26-8064-6961d76df731
12/08/2019,05021951,GOLDEN GATES HOUSING LIMITED,FALSE,null,12/08/2019,10002716,null,PUB.UKRLP.dbo.ProviderInstance,a97e2eb1-c959-4c26-8064-6961d76df731
null,01785591,GOLDING COMPUTER SERVICES LIMITED,TRUE,null,13/05/2024,10002717,null,PUB.UKRLP.dbo.ProviderInstance,a97e2eb1-c959-4c26-8064-6961d76df731
null,RC000715,GOLDSMITHS' COLLEGE,TRUE,South East London Teaching Partnership,16/02/2018,10002718,133877,PUB.UKRLP.dbo.ProviderInstance,a97e2eb1-c959-4c26-8064-6961d76df731
30/07/2009,04947819,GOLDTROWEL LIMITED,FALSE,null,09/11/2007,10002719,null,PUB.UKRLP.dbo.ProviderInstance,a97e2eb1-c959-4c26-8064-6961d76df731
11/12/2007,04278585,GOOD INFECTION LIMITED,FALSE,null,12/04/2007,10002720,null,PUB.UKRLP.dbo.ProviderInstance,a97e2eb1-c959-4c26-8064-6961d76df731
null,02495423,PEOPLE POTENTIAL POSSIBILITIES,TRUE,null,11/03/2026,10002721,null,PUB.UKRLP.dbo.ProviderInstance,a97e2eb1-c959-4c26-8064-6961d76df731
01/03/2023,02843808,GOODWILL ASSOCIATES LIMITED,FALSE,null,10/01/2023,10002722,null,PUB.UKRLP.dbo.ProviderInstance,a97e2eb1-c959-4c26-8064-6961d76df731
null,04454814,GOODWIN DEVELOPMENT TRUST,TRUE,null,26/11/2023,10002723,null,PUB.UKRLP.dbo.ProviderInstance,a97e2eb1-c959-4c26-8064-6961d76df731
null,null,GOOLE COMMUNITY GROUP,TRUE,null,07/06/2018,10002724,null,PUB.UKRLP.dbo.ProviderInstance,a97e2eb1-c959-4c26-8064-6961d76df731
14/02/2013,SC137617,GLASGOW SOUTH EAST REGENERATION AGENCY,FALSE,Gorbals Initiative,14/02/2013,10002725,null,PUB.UKRLP.dbo.ProviderInstance,a97e2eb1-c959-4c26-8064-6961d76df731
null,04754464,GORDANO LIMITED,TRUE,null,10/05/2026,10002726,null,PUB.UKRLP.dbo.ProviderInstance,a97e2eb1-c959-4c26-8064-6961d76df731
04/07/2011,null,GORDANO SCHOOL,FALSE,null,29/07/2005,10002727,131374,PUB.UKRLP.dbo.ProviderInstance,a97e2eb1-c959-4c26-8064-6961d76df731
30/07/2009,02501624,GORDANO TRAINING LIMITED,FALSE,null,12/04/2007,10002728,null,PUB.UKRLP.dbo.ProviderInstance,a97e2eb1-c959-4c26-8064-6961d76df731
null,05174095,GORSE COVERT COMMUNITY ASSOCIATION LIMITED,TRUE,null,23/12/2025,10002729,null,PUB.UKRLP.dbo.ProviderInstance,a97e2eb1-c959-4c26-8064-6961d76df731
11/04/2019,null,GOSFORD HILL SCHOOL,FALSE,null,29/07/2005,10002730,123241,PUB.UKRLP.dbo.ProviderInstance,a97e2eb1-c959-4c26-8064-6961d76df731
21/12/2010,null,GOSFORTH HIGH SCHOOL,FALSE,null,29/07/2005,10002731,108523,PUB.UKRLP.dbo.ProviderInstance,a97e2eb1-c959-4c26-8064-6961d76df731
null,SC080277,GOSTA TRAINING LIMITED,TRUE,null,30/12/2025,10002732,null,PUB.UKRLP.dbo.ProviderInstance,a97e2eb1-c959-4c26-8064-6961d76df731
null,SC222423,GOW ANTIQUES AND RESTORATIONS LTD.,TRUE,null,30/12/2025,10002733,null,PUB.UKRLP.dbo.ProviderInstance,a97e2eb1-c959-4c26-8064-6961d76df731
23/05/2007,02152465,GRADUS LIMITED,FALSE,null,12/04/2007,10002734,null,PUB.UKRLP.dbo.ProviderInstance,a97e2eb1-c959-4c26-8064-6961d76df731
27/05/2019,04885903,BRIDGESTONE COLLEGE LIMITED,FALSE,Grafton College of Management Sciences,01/03/2019,10002735,null,PUB.UKRLP.dbo.ProviderInstance,a97e2eb1-c959-4c26-8064-6961d76df731
25/07/2008,04766946,GRAHAM AUSTIN TRAINING LIMITED,FALSE,null,12/04/2007,10002736,null,PUB.UKRLP.dbo.ProviderInstance,a97e2eb1-c959-4c26-8064-6961d76df731
29/10/2024,01217219,GRAHAM WEBB (SALONS) LIMITED,FALSE,null,28/10/2023,10002737,null,PUB.UKRLP.dbo.ProviderInstance,a97e2eb1-c959-4c26-8064-6961d76df731
null,03544656,GRAHAME ROBB ASSOCIATES LIMITED,TRUE,null,02/06/2026,10002738,null,PUB.UKRLP.dbo.ProviderInstance,a97e2eb1-c959-4c26-8064-6961d76df731
24/11/2011,03601224,GRANBY ISLAND COMMUNITY CENTRE LTD.,FALSE,null,24/11/2011,10002739,null,PUB.UKRLP.dbo.ProviderInstance,a97e2eb1-c959-4c26-8064-6961d76df731
null,00348341,THE GRANGE CENTRE FOR PEOPLE WITH DISABILITIES,TRUE,Grange Centre,26/04/2026,10002740,null,PUB.UKRLP.dbo.ProviderInstance,a97e2eb1-c959-4c26-8064-6961d76df731
28/08/2009,null,GRANGE TECHNOLOGY COLLEGE,FALSE,null,29/07/2005,10002741,null,PUB.UKRLP.dbo.ProviderInstance,a97e2eb1-c959-4c26-8064-6961d76df731
20/07/2011,04700125,GRANT HAMILTON BUSINESS SERVICES LIMITED,FALSE,null,12/04/2007,10002742,null,PUB.UKRLP.dbo.ProviderInstance,a97e2eb1-c959-4c26-8064-6961d76df731
null,null,GRANTHAM COLLEGE,TRUE,null,21/07/2026,10002743,130759,PUB.UKRLP.dbo.ProviderInstance,a97e2eb1-c959-4c26-8064-6961d76df731
10/08/2011,null,GRAVENEY SCHOOL,FALSE,null,29/07/2005,10002744,101058,PUB.UKRLP.dbo.ProviderInstance,a97e2eb1-c959-4c26-8064-6961d76df731
10/08/2011,null,GRAVESEND GRAMMAR SCHOOL,FALSE,null,29/07/2005,10002745,118936,PUB.UKRLP.dbo.ProviderInstance,a97e2eb1-c959-4c26-8064-6961d76df731
11/04/2019,null,"MAYFIELD GRAMMAR SCHOOL, GRAVESEND",FALSE,null,06/09/2011,10002746,118787,PUB.UKRLP.dbo.ProviderInstance,a97e2eb1-c959-4c26-8064-6961d76df731
29/08/2017,01513114,MAKEUP123 LTD,FALSE,null,26/05/2017,10002747,null,PUB.UKRLP.dbo.ProviderInstance,a97e2eb1-c959-4c26-8064-6961d76df731
07/07/2011,null,GREAT BADDOW HIGH SCHOOL,FALSE,null,29/07/2005,10002748,115223,PUB.UKRLP.dbo.ProviderInstance,a97e2eb1-c959-4c26-8064-6961d76df731
06/12/2016,null,GREAT BARR SCHOOL,FALSE,null,31/10/2016,10002749,103550,PUB.UKRLP.dbo.ProviderInstance,a97e2eb1-c959-4c26-8064-6961d76df731
null,03033654,CENTRICA PLC,TRUE,null,22/05/2026,10002750,null,PUB.UKRLP.dbo.ProviderInstance,a97e2eb1-c959-4c26-8064-6961d76df731
09/01/2015,null,THOMAS GAINSBOROUGH SCHOOL,FALSE,null,23/12/2014,10002751,124797,PUB.UKRLP.dbo.ProviderInstance,a97e2eb1-c959-4c26-8064-6961d76df731
10/08/2011,null,GREAT MARLOW SCHOOL,FALSE,null,29/07/2005,10002752,110535,PUB.UKRLP.dbo.ProviderInstance,a97e2eb1-c959-4c26-8064-6961d76df731
09/06/2006,null,GREAT SANKEY HIGH SCHOOL,FALSE,null,29/07/2005,10002753,null,PUB.UKRLP.dbo.ProviderInstance,a97e2eb1-c959-4c26-8064-6961d76df731
19/09/2018,null,GREAT WYRLEY HIGH SCHOOL,FALSE,null,23/06/2018,10002754,124402,PUB.UKRLP.dbo.ProviderInstance,a97e2eb1-c959-4c26-8064-6961d76df731
01/08/2017,null,GREAT YARMOUTH COLLEGE,FALSE,null,02/06/2017,10002755,130765,PUB.UKRLP.dbo.ProviderInstance,a97e2eb1-c959-4c26-8064-6961d76df731
29/10/2024,04329682,GREAT YARMOUTH COMMUNITY TRUST,FALSE,Priory Centre,05/04/2023,10002756,null,PUB.UKRLP.dbo.ProviderInstance,a97e2eb1-c959-4c26-8064-6961d76df731
09/10/2013,02487714,GREATER BRIGHTON CONSTRUCTION TRAINING LIMITED,FALSE,null,24/11/2011,10002757,null,PUB.UKRLP.dbo.ProviderInstance,a97e2eb1-c959-4c26-8064-6961d76df731
30/07/2009,01959981,GREATER LONDON ACTION ON DISABILITY,FALSE,null,28/03/2007,10002758,null,PUB.UKRLP.dbo.ProviderInstance,a97e2eb1-c959-4c26-8064-6961d76df731
null,01653116,NEWABLE LIMITED,TRUE,null,05/12/2025,10002759,null,PUB.UKRLP.dbo.ProviderInstance,a97e2eb1-c959-4c26-8064-6961d76df731
null,01223344,GREATER MANCHESTER CENTRE FOR VOLUNTARY ORGANISATION,TRUE,null,27/09/2024,10002760,null,PUB.UKRLP.dbo.ProviderInstance,a97e2eb1-c959-4c26-8064-6961d76df731
null,04233289,CAREER CONNECT,TRUE,null,17/10/2025,10002761,null,PUB.UKRLP.dbo.ProviderInstance,a97e2eb1-c959-4c26-8064-6961d76df731
20/01/2012,04341580,GREATER NOTTINGHAM PARTNERSHIP,FALSE,null,08/03/2011,10002762,null,PUB.UKRLP.dbo.ProviderInstance,a97e2eb1-c959-4c26-8064-6961d76df731
09/07/2007,03957802,GREEK AND GREEK CYPRIOT COMMUNITY OF ENFIELD,FALSE,null,12/04/2007,10002763,null,PUB.UKRLP.dbo.ProviderInstance,a97e2eb1-c959-4c26-8064-6961d76df731
05/03/2015,03442831,GREEN APPRENTICES LIMITED,FALSE,null,01/01/2015,10002764,null,PUB.UKRLP.dbo.ProviderInstance,a97e2eb1-c959-4c26-8064-6961d76df731
04/05/2010,04197652,THE GREEN WOOD TRUST (SHROPSHIRE) LIMITED,FALSE,Green Wood Trust (The),12/04/2007,10002765,null,PUB.UKRLP.dbo.ProviderInstance,a97e2eb1-c959-4c26-8064-6961d76df731
04/04/2012,null,GREENACRE SCHOOL,FALSE,null,29/07/2005,10002766,118817,PUB.UKRLP.dbo.ProviderInstance,a97e2eb1-c959-4c26-8064-6961d76df731
null,01696490,GREENBANK PROJECT (THE),TRUE,Greenbank College,26/10/2024,10002767,null,PUB.UKRLP.dbo.ProviderInstance,a97e2eb1-c959-4c26-8064-6961d76df731
null,02357123,THE GREENFIELDS CENTRE LIMITED,TRUE,Greenfields Childcare And Training Centre,30/12/2025,10002768,null,PUB.UKRLP.dbo.ProviderInstance,a97e2eb1-c959-4c26-8064-6961d76df731
null,null,GREENFORD HIGH SCHOOL,TRUE,null,14/07/2026,10002769,101940,PUB.UKRLP.dbo.ProviderInstance,a97e2eb1-c959-4c26-8064-6961d76df731
null,null,GREENHEAD COLLEGE,TRUE,null,10/10/2025,10002770,130538,PUB.UKRLP.dbo.ProviderInstance,a97e2eb1-c959-4c26-8064-6961d76df731
12/08/2019,null,GREENHEAD HIGH SCHOOL,FALSE,null,12/08/2019,10002771,107388,PUB.UKRLP.dbo.ProviderInstance,a97e2eb1-c959-4c26-8064-6961d76df731
null,04468493,THE GREENKEEPERS TRAINING COMMITTEE LIMITED,TRUE,null,26/04/2026,10002772,null,PUB.UKRLP.dbo.ProviderInstance,a97e2eb1-c959-4c26-8064-6961d76df731
null,04346978,GREENLEAF CONSULTANCY LIMITED,TRUE,null,02/06/2026,10002773,null,PUB.UKRLP.dbo.ProviderInstance,a97e2eb1-c959-4c26-8064-6961d76df731
03/06/2011,null,GREENSHAW HIGH SCHOOL,FALSE,null,29/07/2005,10002774,103000,PUB.UKRLP.dbo.ProviderInstance,a97e2eb1-c959-4c26-8064-6961d76df731
06/06/2012,02106184,GREENSPRING TRAINING,FALSE,null,06/06/2012,10002775,135527,PUB.UKRLP.dbo.ProviderInstance,a97e2eb1-c959-4c26-8064-6961d76df731
03/11/2008,null,GREENSWARD COLLEGE,FALSE,null,29/07/2005,10002776,null,PUB.UKRLP.dbo.ProviderInstance,a97e2eb1-c959-4c26-8064-6961d76df731
null,03185290,GREENTOP COMMUNITY CIRCUS CENTRE LTD.,TRUE,null,10/03/2026,10002777,null,PUB.UKRLP.dbo.ProviderInstance,a97e2eb1-c959-4c26-8064-6961d76df731
null,03044008,SOUTHMEAD DEVELOPMENT TRUST LIMITED,TRUE,Greenway Training & Enterprise Centre,10/03/2026,10002778,null,PUB.UKRLP.dbo.ProviderInstance,a97e2eb1-c959-4c26-8064-6961d76df731
null,NI038139,GREENWAY WOMEN'S GROUP,TRUE,null,26/04/2026,10002779,null,PUB.UKRLP.dbo.ProviderInstance,a97e2eb1-c959-4c26-8064-6961d76df731
06/09/2016,null,GREENWICH COMMUNITY COLLEGE,FALSE,null,27/07/2016,10002780,130405,PUB.UKRLP.dbo.ProviderInstance,a97e2eb1-c959-4c26-8064-6961d76df731
29/10/2024,02814918,GREENWICH DANCE AGENCY,FALSE,null,25/03/2024,10002781,null,PUB.UKRLP.dbo.ProviderInstance,a97e2eb1-c959-4c26-8064-6961d76df731
09/09/2008,01617977,THE GREENWICH ENTERPRISE BOARD LIMITED,FALSE,null,13/04/2007,10002782,null,PUB.UKRLP.dbo.ProviderInstance,a97e2eb1-c959-4c26-8064-6961d76df731
null,IP25215R,GREENWICH MURAL WORKSHOP LIMITED,TRUE,null,03/11/2017,10002783,null,PUB.UKRLP.dbo.ProviderInstance,a97e2eb1-c959-4c26-8064-6961d76df731
04/04/2007,01919068,GREENWICH TRAINING COMPANY LIMITED,FALSE,null,09/10/2006,10002784,null,PUB.UKRLP.dbo.ProviderInstance,a97e2eb1-c959-4c26-8064-6961d76df731
21/09/2009,null,GREENWOOD DALE SCHOOL,FALSE,null,29/07/2005,10002785,null,PUB.UKRLP.dbo.ProviderInstance,a97e2eb1-c959-4c26-8064-6961d76df731
16/07/2025,IP24871R,GRENFELL HOUSING ASSOCIATION LIMITED,FALSE,Grenfell Housing and Training,03/11/2017,10002786,null,PUB.UKRLP.dbo.ProviderInstance,a97e2eb1-c959-4c26-8064-6961d76df731
30/07/2009,null,GRENVILLE HOUSE - OUTDOOR EDUCATION CENTRE,FALSE,null,13/09/2007,10002787,null,PUB.UKRLP.dbo.ProviderInstance,a97e2eb1-c959-4c26-8064-6961d76df731
11/04/2019,null,THE GREY COAT HOSPITAL,FALSE,null,29/07/2005,10002788,101151,PUB.UKRLP.dbo.ProviderInstance,a97e2eb1-c959-4c26-8064-6961d76df731
11/04/2019,null,GRIMSBY INSTITUTE OF FURTHER AND HIGHER EDUCATION,FALSE,null,16/08/2006,10002789,130585,PUB.UKRLP.dbo.ProviderInstance,a97e2eb1-c959-4c26-8064-6961d76df731
16/01/2012,null,GROBY COMMUNITY COLLEGE,FALSE,null,29/07/2005,10002790,120270,PUB.UKRLP.dbo.ProviderInstance,a97e2eb1-c959-4c26-8064-6961d76df731
20/07/2011,04562207,GROOMERS TRAINING LIMITED,FALSE,null,13/04/2007,10002791,null,PUB.UKRLP.dbo.ProviderInstance,a97e2eb1-c959-4c26-8064-6961d76df731
04/03/2011,03028112,GROUNDWORK STOKE ON TRENT AND STAFFORDSHIRE,FALSE,null,12/08/2008,10002792,null,PUB.UKRLP.dbo.ProviderInstance,a97e2eb1-c959-4c26-8064-6961d76df731
12/05/2008,02903598,GROUNDWORK BIRMINGHAM AND SOLIHULL,FALSE,null,13/04/2007,10002793,null,PUB.UKRLP.dbo.ProviderInstance,a97e2eb1-c959-4c26-8064-6961d76df731
04/03/2011,02395334,THE BLACK COUNTRY GROUNDWORK TRUST LTD,FALSE,Groundwork Black Country,13/04/2007,10002794,null,PUB.UKRLP.dbo.ProviderInstance,a97e2eb1-c959-4c26-8064-6961d76df731
09/07/2007,03040231,GROUNDWORK COVENTRY & WARWICKSHIRE,FALSE,null,13/04/2007,10002795,null,PUB.UKRLP.dbo.ProviderInstance,a97e2eb1-c959-4c26-8064-6961d76df731
null,02505814,THE OLD WILLOW WORKS LTD,TRUE,Groundwork Creswell,23/05/2022,10002796,null,PUB.UKRLP.dbo.ProviderInstance,a97e2eb1-c959-4c26-8064-6961d76df731
30/07/2009,02995196,GROUNDWORK WIRRAL,FALSE,null,13/04/2007,10002797,null,PUB.UKRLP.dbo.ProviderInstance,a97e2eb1-c959-4c26-8064-6961d76df731
01/12/2014,02317814,GROUNDWORK DERBY & DERBYSHIRE,FALSE,null,29/09/2014,10002798,null,PUB.UKRLP.dbo.ProviderInstance,a97e2eb1-c959-4c26-8064-6961d76df731
null,01944186,GROUNDWORK EAST,TRUE,null,26/04/2026,10002799,null,PUB.UKRLP.dbo.ProviderInstance,a97e2eb1-c959-4c26-8064-6961d76df731
29/03/2017,01750193,GROUNDWORK CHESHIRE,FALSE,null,17/01/2017,10002800,null,PUB.UKRLP.dbo.ProviderInstance,a97e2eb1-c959-4c26-8064-6961d76df731
29/03/2022,01762088,GROUNDWORK OLDHAM & ROCHDALE,FALSE,null,09/01/2022,10002801,null,PUB.UKRLP.dbo.ProviderInstance,a97e2eb1-c959-4c26-8064-6961d76df731
null,04020723,GROUNDWORK SOUTH EAST LONDON,TRUE,null,17/07/2026,10002802,null,PUB.UKRLP.dbo.ProviderInstance,a97e2eb1-c959-4c26-8064-6961d76df731
null,02161616,GROUP TRAINING AND DEVELOPMENT LIMITED,TRUE,null,21/01/2026,10002803,null,PUB.UKRLP.dbo.ProviderInstance,a97e2eb1-c959-4c26-8064-6961d76df731
07/08/2012,null,THE GROVE SCHOOL,FALSE,null,29/07/2005,10002804,122864,PUB.UKRLP.dbo.ProviderInstance,a97e2eb1-c959-4c26-8064-6961d76df731
null,00961192,THE GUILDFORD SCHOOL OF ACTING CONSERVATOIRE,TRUE,null,17/10/2025,10002805,null,PUB.UKRLP.dbo.ProviderInstance,a97e2eb1-c959-4c26-8064-6961d76df731
null,00604934,TQ EDUCATION AND TRAINING LIMITED,TRUE,Pearson TQ,21/12/2025,10002806,null,PUB.UKRLP.dbo.ProviderInstance,a97e2eb1-c959-4c26-8064-6961d76df731
null,SC173822,GLASGOW TRAINING GROUP LIMITED,TRUE,null,24/08/2024,10002807,null,PUB.UKRLP.dbo.ProviderInstance,a97e2eb1-c959-4c26-8064-6961d76df731
null,03298131,ST PHILIPS CARE LIMITED,TRUE,null,02/06/2026,10002808,null,PUB.UKRLP.dbo.ProviderInstance,a97e2eb1-c959-4c26-8064-6961d76df731
null,02881056,BABCOCK ASSESSMENTS LIMITED,TRUE,Babcock Assessments,17/07/2026,10002809,null,PUB.UKRLP.dbo.ProviderInstance,a97e2eb1-c959-4c26-8064-6961d76df731
09/04/2018,03151477,GUIDANCE SERVICES LIMITED,FALSE,null,31/01/2018,10002810,null,PUB.UKRLP.dbo.ProviderInstance,a97e2eb1-c959-4c26-8064-6961d76df731
11/01/2017,02978882,CNX NOTTS LIMITED,FALSE,null,06/10/2016,10002811,null,PUB.UKRLP.dbo.ProviderInstance,a97e2eb1-c959-4c26-8064-6961d76df731
11/12/2007,05376054,GUIDING HAND LIMITED,FALSE,null,09/11/2007,10002812,null,PUB.UKRLP.dbo.ProviderInstance,a97e2eb1-c959-4c26-8064-6961d76df731
14/03/2007,04240673,THE GUILD OF MASTER PLUMBERS LTD.,FALSE,null,07/09/2006,10002813,null,PUB.UKRLP.dbo.ProviderInstance,a97e2eb1-c959-4c26-8064-6961d76df731
null,02950960,GUILDFORD BUSINESS COLLEGE LIMITED,TRUE,GBC Learning & Development,19/03/2023,10002814,null,PUB.UKRLP.dbo.ProviderInstance,a97e2eb1-c959-4c26-8064-6961d76df731
null,null,GUILDFORD COLLEGE OF FURTHER AND HIGHER EDUCATION,TRUE,Guildford College,07/02/2018,10002815,130823,PUB.UKRLP.dbo.ProviderInstance,a97e2eb1-c959-4c26-8064-6961d76df731
26/04/2007,null,GUILDFORD COUNTY SCHOOL,FALSE,null,29/07/2005,10002816,null,PUB.UKRLP.dbo.ProviderInstance,a97e2eb1-c959-4c26-8064-6961d76df731
19/07/2016,02049205,GUILDFORD Y.M.C.A. LIMITED,FALSE,null,14/04/2016,10002817,null,PUB.UKRLP.dbo.ProviderInstance,a97e2eb1-c959-4c26-8064-6961d76df731
07/03/2011,null,GUILSBOROUGH SCHOOL,FALSE,null,29/07/2005,10002818,122061,PUB.UKRLP.dbo.ProviderInstance,a97e2eb1-c959-4c26-8064-6961d76df731
null,null,GUISELEY SCHOOL,TRUE,null,10/10/2025,10002819,108085,PUB.UKRLP.dbo.ProviderInstance,a97e2eb1-c959-4c26-8064-6961d76df731
31/10/2011,04845873,ICMP (UK) LIMITED,FALSE,The Institute of Contemporary Music Performance,26/05/2011,10002820,null,PUB.UKRLP.dbo.ProviderInstance,a97e2eb1-c959-4c26-8064-6961d76df731
19/08/2013,04979967,GUITAR-X UK LIMITED,FALSE,Guitar-X,04/03/2011,10002821,null,PUB.UKRLP.dbo.ProviderInstance,a97e2eb1-c959-4c26-8064-6961d76df731
11/04/2019,null,"GUMLEY HOUSE RC CONVENT SCHOOL, FCJ",FALSE,null,29/07/2005,10002822,102544,PUB.UKRLP.dbo.ProviderInstance,a97e2eb1-c959-4c26-8064-6961d76df731
null,null,GUNNERSBURY CATHOLIC SCHOOL,TRUE,null,10/10/2025,10002823,102545,PUB.UKRLP.dbo.ProviderInstance,a97e2eb1-c959-4c26-8064-6961d76df731
11/04/2019,null,GUTHLAXTON COLLEGE WIGSTON,FALSE,null,26/07/2010,10002824,120256,PUB.UKRLP.dbo.ProviderInstance,a97e2eb1-c959-4c26-8064-6961d76df731
null,03131914,GUTHRIE & CRAIG (MANAGEMENT SERVICES) LIMITED,TRUE,null,02/10/2023,10002825,null,PUB.UKRLP.dbo.ProviderInstance,a97e2eb1-c959-4c26-8064-6961d76df731
08/11/2007,04369721,GWARN INTERNATIONAL LIMITED,FALSE,null,13/04/2007,10002826,null,PUB.UKRLP.dbo.ProviderInstance,a97e2eb1-c959-4c26-8064-6961d76df731
02/07/2018,04888918,GWELLHEANS LIMITED,FALSE,null,16/03/2018,10002827,null,PUB.UKRLP.dbo.ProviderInstance,a97e2eb1-c959-4c26-8064-6961d76df731
14/10/2010,04706436,TEAM BUILD (WALES) LIMITED,FALSE,null,06/09/2010,10002828,null,PUB.UKRLP.dbo.ProviderInstance,a97e2eb1-c959-4c26-8064-6961d76df731
null,02664223,KADAMPA MEDITATION CENTRE SHEFFIELD,TRUE,null,26/04/2026,10002829,null,PUB.UKRLP.dbo.ProviderInstance,a97e2eb1-c959-4c26-8064-6961d76df731
null,03553069,H S WALSH & SONS LIMITED,TRUE,null,24/08/2024,10002830,null,PUB.UKRLP.dbo.ProviderInstance,a97e2eb1-c959-4c26-8064-6961d76df731
04/04/2007,03431873,HOSKINS MANAGEMENT DEVELOPMENT LIMITED,FALSE,H.M.D Limited (Hoskins Management Development Ltd),28/03/2007,10002831,null,PUB.UKRLP.dbo.ProviderInstance,a97e2eb1-c959-4c26-8064-6961d76df731
02/02/2022,04993260,H2 TRAINING AND CONSULTANCY LIMITED,FALSE,null,01/12/2021,10002832,null,PUB.UKRLP.dbo.ProviderInstance,a97e2eb1-c959-4c26-8064-6961d76df731
null,04983644,H2O SPORTS LIMITED,TRUE,null,30/10/2023,10002833,null,PUB.UKRLP.dbo.ProviderInstance,a97e2eb1-c959-4c26-8064-6961d76df731
16/07/2025,04701481,HAIR AND BEAUTY INDUSTRY TRAINING LIMITED,FALSE,TESDA (Training Education Skills Development Association),13/12/2024,10002834,null,PUB.UKRLP.dbo.ProviderInstance,a97e2eb1-c959-4c26-8064-6961d76df731
06/09/2016,null,HACKNEY COMMUNITY COLLEGE,FALSE,null,27/07/2016,10002835,130407,PUB.UKRLP.dbo.ProviderInstance,a97e2eb1-c959-4c26-8064-6961d76df731
null,01747483,HCT GROUP,TRUE,null,10/06/2024,10002836,null,PUB.UKRLP.dbo.ProviderInstance,a97e2eb1-c959-4c26-8064-6961d76df731
null,03365292,HACKNEY COUNCIL FOR VOLUNTARY SERVICE,TRUE,null,02/09/2025,10002837,null,PUB.UKRLP.dbo.ProviderInstance,a97e2eb1-c959-4c26-8064-6961d76df731
null,03118155,HMDT MUSIC,TRUE,null,02/10/2025,10002838,null,PUB.UKRLP.dbo.ProviderInstance,a97e2eb1-c959-4c26-8064-6961d76df731
null,05957488,HACKNEY PLAY ASSOCIATION,TRUE,null,17/07/2026,10002839,null,PUB.UKRLP.dbo.ProviderInstance,a97e2eb1-c959-4c26-8064-6961d76df731
null,03357999,VOLUNTEER CENTRE HACKNEY,TRUE,Hackney Voluntary Action,08/04/2026,10002840,null,PUB.UKRLP.dbo.ProviderInstance,a97e2eb1-c959-4c26-8064-6961d76df731
null,04773490,HADDON TRAINING LIMITED,TRUE,null,21/01/2026,10002841,null,PUB.UKRLP.dbo.ProviderInstance,a97e2eb1-c959-4c26-8064-6961d76df731
07/07/2011,null,HADLEIGH HIGH SCHOOL,FALSE,null,29/07/2005,10002842,124795,PUB.UKRLP.dbo.ProviderInstance,a97e2eb1-c959-4c26-8064-6961d76df731
10/09/2023,null,HADLOW COLLEGE,FALSE,null,07/02/2018,10002843,130733,PUB.UKRLP.dbo.ProviderInstance,a97e2eb1-c959-4c26-8064-6961d76df731
null,01551990,HAGER LIMITED,TRUE,null,17/07/2026,10002844,null,PUB.UKRLP.dbo.ProviderInstance,a97e2eb1-c959-4c26-8064-6961d76df731
02/09/2011,null,HAGLEY PARK SPORTS COLLEGE,FALSE,null,15/08/2006,10002845,124439,PUB.UKRLP.dbo.ProviderInstance,a97e2eb1-c959-4c26-8064-6961d76df731
02/10/2014,null,HAGLEY CATHOLIC HIGH SCHOOL,FALSE,null,15/09/2014,10002846,116994,PUB.UKRLP.dbo.ProviderInstance,a97e2eb1-c959-4c26-8064-6961d76df731
11/04/2019,null,HAILSHAM COMMUNITY COLLEGE,FALSE,null,29/07/2005,10002847,114586,PUB.UKRLP.dbo.ProviderInstance,a97e2eb1-c959-4c26-8064-6961d76df731
03/01/2012,null,HAINAULT FOREST HIGH SCHOOL,FALSE,null,29/07/2005,10002848,102859,PUB.UKRLP.dbo.ProviderInstance,a97e2eb1-c959-4c26-8064-6961d76df731
27/11/2013,04630810,HAIR & BODY ADDITIONS LIMITED,FALSE,null,01/09/2011,10002849,null,PUB.UKRLP.dbo.ProviderInstance,a97e2eb1-c959-4c26-8064-6961d76df731
null,05011668,HAIR ACADEMY SOUTH WEST LIMITED,TRUE,null,17/07/2026,10002850,null,PUB.UKRLP.dbo.ProviderInstance,a97e2eb1-c959-4c26-8064-6961d76df731
null,03444239,DIGITAL UNITE LIMITED,TRUE,null,17/07/2026,10002851,null,PUB.UKRLP.dbo.ProviderInstance,a97e2eb1-c959-4c26-8064-6961d76df731
null,null,HALESOWEN COLLEGE,TRUE,null,21/07/2026,10002852,130476,PUB.UKRLP.dbo.ProviderInstance,a97e2eb1-c959-4c26-8064-6961d76df731
24/07/2009,null,HALEWOOD COLLEGE,FALSE,null,29/07/2005,10002853,null,PUB.UKRLP.dbo.ProviderInstance,a97e2eb1-c959-4c26-8064-6961d76df731
null,SC113642,HALL AITKEN ASSOCIATES LIMITED,TRUE,null,18/02/2024,10002854,null,PUB.UKRLP.dbo.ProviderInstance,a97e2eb1-c959-4c26-8064-6961d76df731
11/04/2019,null,HALL CROSS SCHOOL,FALSE,null,29/07/2005,10002855,106808,PUB.UKRLP.dbo.ProviderInstance,a97e2eb1-c959-4c26-8064-6961d76df731
14/07/2011,null,HALL GARTH COMMUNITY ARTS COLLEGE,FALSE,null,13/07/2011,10002856,111722,PUB.UKRLP.dbo.ProviderInstance,a97e2eb1-c959-4c26-8064-6961d76df731
09/07/2007,IP25665R,HALLMARK COMMUNITY HOUSING ASSOCIATION LIMITED,FALSE,null,30/03/2007,10002857,null,PUB.UKRLP.dbo.ProviderInstance,a97e2eb1-c959-4c26-8064-6961d76df731
05/09/2006,04883478,HALO-VASCOM LTD,FALSE,null,29/07/2005,10002858,null,PUB.UKRLP.dbo.ProviderInstance,a97e2eb1-c959-4c26-8064-6961d76df731
null,null,HARINGEY LONDON BOROUGH COUNCIL,TRUE,null,21/07/2026,10002859,null,PUB.UKRLP.dbo.ProviderInstance,a97e2eb1-c959-4c26-8064-6961d76df731
08/11/2019,02525368,HALSTEAD BOILERS LTD,FALSE,null,17/09/2019,10002860,null,PUB.UKRLP.dbo.ProviderInstance,a97e2eb1-c959-4c26-8064-6961d76df731
null,null,HALTON BOROUGH COUNCIL,TRUE,null,21/07/2026,10002861,null,PUB.UKRLP.dbo.ProviderInstance,a97e2eb1-c959-4c26-8064-6961d76df731
null,03115981,HALTON CHAMBER OF COMMERCE AND ENTERPRISE,TRUE,null,02/09/2025,10002862,null,PUB.UKRLP.dbo.ProviderInstance,a97e2eb1-c959-4c26-8064-6961d76df731
null,null,RIVERSIDE COLLEGE,TRUE,Riverside College Halton,21/07/2026,10002863,130622,PUB.UKRLP.dbo.ProviderInstance,a97e2eb1-c959-4c26-8064-6961d76df731
null,03205893,HALTON YMCA LIMITED,TRUE,null,26/04/2026,10002864,null,PUB.UKRLP.dbo.ProviderInstance,a97e2eb1-c959-4c26-8064-6961d76df731
null,05363804,HAMBLE SCHOOL OF YACHTING LIMITED,TRUE,null,26/04/2026,10002865,null,PUB.UKRLP.dbo.ProviderInstance,a97e2eb1-c959-4c26-8064-6961d76df731
08/07/2024,null,HAMBLETON DISTRICT COUNCIL,FALSE,null,16/02/2018,10002866,null,PUB.UKRLP.dbo.ProviderInstance,a97e2eb1-c959-4c26-8064-6961d76df731
null,02257523,HAMMERSMITH AND FULHAM ASSOCIATION FOR MENTAL HEALTH,TRUE,Hammersmith and Fulham Mind,27/01/2025,10002867,null,PUB.UKRLP.dbo.ProviderInstance,a97e2eb1-c959-4c26-8064-6961d76df731
null,null,HAMMERSMITH AND FULHAM LONDON BOROUGH COUNCIL,TRUE,Hammersmith and Fulham Adult Learning and Skills Service,21/07/2026,10002868,null,PUB.UKRLP.dbo.ProviderInstance,a97e2eb1-c959-4c26-8064-6961d76df731
null,00838325,HAMMOND SCHOOL LIMITED (THE),TRUE,The Hammond,26/11/2023,10002869,111482,PUB.UKRLP.dbo.ProviderInstance,a97e2eb1-c959-4c26-8064-6961d76df731
08/11/2010,null,SWAFFHAM HAMOND'S HIGH SCHOOL,FALSE,null,08/11/2010,10002870,121183,PUB.UKRLP.dbo.ProviderInstance,a97e2eb1-c959-4c26-8064-6961d76df731
04/04/2007,04141629,HAMPSHIRE & SOLENT LEARNING HUB,FALSE,null,28/03/2007,10002871,null,PUB.UKRLP.dbo.ProviderInstance,a97e2eb1-c959-4c26-8064-6961d76df731
null,null,HAMPSHIRE COUNTY COUNCIL,TRUE,null,21/07/2026,10002872,null,PUB.UKRLP.dbo.ProviderInstance,a97e2eb1-c959-4c26-8064-6961d76df731
16/07/2025,03451361,THE HAMPSHIRE ISLE OF WIGHT AND CHANNEL ISLANDS ASSOCIATION FOR DEAF PEOPLE LIMITED,FALSE,null,26/03/2023,10002873,null,PUB.UKRLP.dbo.ProviderInstance,a97e2eb1-c959-4c26-8064-6961d76df731
23/05/2020,00150289,HAMPSTEAD GARDEN SUBURB INSTITUTE,FALSE,null,11/03/2020,10002874,null,PUB.UKRLP.dbo.ProviderInstance,a97e2eb1-c959-4c26-8064-6961d76df731
14/08/2006,00150289,HAMPSTEAD GARDEN SUBURB INSTITUTE,FALSE,null,29/07/2005,10002875,null,PUB.UKRLP.dbo.ProviderInstance,a97e2eb1-c959-4c26-8064-6961d76df731
null,null,HAMPSTEAD SCHOOL,TRUE,null,10/10/2025,10002876,100052,PUB.UKRLP.dbo.ProviderInstance,a97e2eb1-c959-4c26-8064-6961d76df731
null,03015275,THE HAMPSTEAD SCHOOL OF ART,TRUE,null,23/12/2025,10002877,null,PUB.UKRLP.dbo.ProviderInstance,a97e2eb1-c959-4c26-8064-6961d76df731
06/09/2010,05292506,HAMPSTEAD SCHOOL OF ENGLISH LIMITED,FALSE,null,16/04/2007,10002878,null,PUB.UKRLP.dbo.ProviderInstance,a97e2eb1-c959-4c26-8064-6961d76df731
09/06/2010,null,HAMSTEAD HALL COMMUNITY LEARNING CENTRE,FALSE,null,03/04/2008,10002879,null,PUB.UKRLP.dbo.ProviderInstance,a97e2eb1-c959-4c26-8064-6961d76df731
null,04288128,HANDLE WITH CARE TRAINING LIMITED,TRUE,null,26/11/2023,10002880,null,PUB.UKRLP.dbo.ProviderInstance,a97e2eb1-c959-4c26-8064-6961d76df731
08/09/2017,null,HANDSWORTH GRAMMAR SCHOOL,FALSE,null,16/08/2017,10002881,103549,PUB.UKRLP.dbo.ProviderInstance,a97e2eb1-c959-4c26-8064-6961d76df731
06/09/2011,null,HANDSWORTH WOOD GIRLS' SCHOOL,FALSE,null,06/09/2011,10002882,103505,PUB.UKRLP.dbo.ProviderInstance,a97e2eb1-c959-4c26-8064-6961d76df731
01/12/2011,01106385,HANDWEAVERS STUDIO AND GALLERY LIMITED (THE),FALSE,null,30/11/2011,10002883,null,PUB.UKRLP.dbo.ProviderInstance,a97e2eb1-c959-4c26-8064-6961d76df731
10/09/2014,null,HANHAM HIGH SCHOOL,FALSE,null,20/06/2014,10002884,109318,PUB.UKRLP.dbo.ProviderInstance,a97e2eb1-c959-4c26-8064-6961d76df731
10/08/2011,null,HANLEY CASTLE HIGH SCHOOL,FALSE,null,29/07/2005,10002885,116981,PUB.UKRLP.dbo.ProviderInstance,a97e2eb1-c959-4c26-8064-6961d76df731
18/10/2013,02824361,HANOVIA STYLE LIMITED,FALSE,null,24/12/2009,10002886,null,PUB.UKRLP.dbo.ProviderInstance,a97e2eb1-c959-4c26-8064-6961d76df731
12/08/2022,null,HANSON SCHOOL,FALSE,null,10/05/2022,10002887,107440,PUB.UKRLP.dbo.ProviderInstance,a97e2eb1-c959-4c26-8064-6961d76df731
null,02198980,HAPPY COMPUTERS LIMITED,TRUE,Happy Ltd,26/11/2023,10002888,null,PUB.UKRLP.dbo.ProviderInstance,a97e2eb1-c959-4c26-8064-6961d76df731
02/09/2011,SC273713,HAPPY HOUR SCHOOL OF MOTORING LIMITED,FALSE,null,01/09/2011,10002889,null,PUB.UKRLP.dbo.ProviderInstance,a97e2eb1-c959-4c26-8064-6961d76df731
null,04091946,HARA MEDIA LTD,TRUE,null,25/03/2026,10002890,null,PUB.UKRLP.dbo.ProviderInstance,a97e2eb1-c959-4c26-8064-6961d76df731
null,04267497,HARAMBEE TRAINING LIMITED,TRUE,Harambee,08/04/2026,10002891,null,PUB.UKRLP.dbo.ProviderInstance,a97e2eb1-c959-4c26-8064-6961d76df731
15/12/2010,null,HARDENHUISH SCHOOL,FALSE,null,29/07/2005,10002892,126509,PUB.UKRLP.dbo.ProviderInstance,a97e2eb1-c959-4c26-8064-6961d76df731
07/06/2006,null,HARDLEY SCHOOL AND SIXTH FORM,FALSE,null,29/07/2005,10002893,null,PUB.UKRLP.dbo.ProviderInstance,a97e2eb1-c959-4c26-8064-6961d76df731
14/02/2017,02682472,HARGREAVES TRAINING SERVICES LIMITED,FALSE,null,14/11/2016,10002894,null,PUB.UKRLP.dbo.ProviderInstance,a97e2eb1-c959-4c26-8064-6961d76df731
09/07/2007,02379378,HARINGEY EDUCATION BUSINESS PARTNERSHIP LIMITED,FALSE,null,16/04/2007,10002895,null,PUB.UKRLP.dbo.ProviderInstance,a97e2eb1-c959-4c26-8064-6961d76df731
null,01467946,HARINGTON SCHEME LIMITED(THE),TRUE,Harington Scheme,17/07/2026,10002896,null,PUB.UKRLP.dbo.ProviderInstance,a97e2eb1-c959-4c26-8064-6961d76df731
null,null,HARLINGTON SCHOOL,TRUE,null,15/04/2026,10002897,102451,PUB.UKRLP.dbo.ProviderInstance,a97e2eb1-c959-4c26-8064-6961d76df731
11/04/2019,null,HARLINGTON UPPER SCHOOL,FALSE,null,02/04/2009,10002898,109673,PUB.UKRLP.dbo.ProviderInstance,a97e2eb1-c959-4c26-8064-6961d76df731
null,null,HARLOW COLLEGE,TRUE,null,21/07/2026,10002899,130676,PUB.UKRLP.dbo.ProviderInstance,a97e2eb1-c959-4c26-8064-6961d76df731
null,03689784,LIVERPOOL LIGHTHOUSE LIMITED,TRUE,Harmonize,01/09/2025,10002900,null,PUB.UKRLP.dbo.ProviderInstance,a97e2eb1-c959-4c26-8064-6961d76df731
11/04/2019,null,HARPER ADAMS UNIVERSITY COLLEGE,FALSE,null,23/01/2013,10002901,133891,PUB.UKRLP.dbo.ProviderInstance,a97e2eb1-c959-4c26-8064-6961d76df731
null,04361919,HARRINGTON MORGAN LIMITED,TRUE,null,08/04/2026,10002902,null,PUB.UKRLP.dbo.ProviderInstance,a97e2eb1-c959-4c26-8064-6961d76df731
22/03/2011,null,HARROGATE GRAMMAR SCHOOL,FALSE,null,29/07/2005,10002904,121685,PUB.UKRLP.dbo.ProviderInstance,a97e2eb1-c959-4c26-8064-6961d76df731
11/04/2019,null,HARROGATE HIGH SCHOOL,FALSE,null,29/07/2005,10002905,121697,PUB.UKRLP.dbo.ProviderInstance,a97e2eb1-c959-4c26-8064-6961d76df731
null,03946731,HARROW ASSOCIATION OF DISABLED PEOPLE,TRUE,null,02/09/2025,10002906,null,PUB.UKRLP.dbo.ProviderInstance,a97e2eb1-c959-4c26-8064-6961d76df731
18/10/2017,null,HARROW COLLEGE,FALSE,null,13/07/2017,10002907,131864,PUB.UKRLP.dbo.ProviderInstance,a97e2eb1-c959-4c26-8064-6961d76df731
null,01191904,HARROW HOUSE INTERNATIONAL COLLEGE (SWANAGE) LTD,TRUE,null,22/05/2026,10002908,null,PUB.UKRLP.dbo.ProviderInstance,a97e2eb1-c959-4c26-8064-6961d76df731
20/07/2011,04906084,HARROW IN BUSINESS LIMITED,FALSE,null,28/03/2007,10002909,null,PUB.UKRLP.dbo.ProviderInstance,a97e2eb1-c959-4c26-8064-6961d76df731
null,null,HARROW LONDON BOROUGH COUNCIL,TRUE,Learn Harrow,21/07/2026,10002910,null,PUB.UKRLP.dbo.ProviderInstance,a97e2eb1-c959-4c26-8064-6961d76df731
null,null,HARROW WAY COMMUNITY SCHOOL,TRUE,Andover Adult & Family Learning,10/10/2025,10002911,116431,PUB.UKRLP.dbo.ProviderInstance,a97e2eb1-c959-4c26-8064-6961d76df731
28/12/2006,null,HARRY CARLTON COMPREHENSIVE SCHOOL,FALSE,null,29/07/2005,10002912,null,PUB.UKRLP.dbo.ProviderInstance,a97e2eb1-c959-4c26-8064-6961d76df731
null,01971731,HARTCLIFFE & WITHYWOOD VENTURES,TRUE,null,17/07/2026,10002913,null,PUB.UKRLP.dbo.ProviderInstance,a97e2eb1-c959-4c26-8064-6961d76df731
15/12/2010,null,HARTISMERE HIGH SCHOOL,FALSE,null,29/07/2005,10002914,124810,PUB.UKRLP.dbo.ProviderInstance,a97e2eb1-c959-4c26-8064-6961d76df731
null,null,HARTLEPOOL BOROUGH COUNCIL,TRUE,null,21/07/2026,10002916,null,PUB.UKRLP.dbo.ProviderInstance,a97e2eb1-c959-4c26-8064-6961d76df731
null,null,HARTLEPOOL COLLEGE OF FURTHER EDUCATION,TRUE,null,21/07/2026,10002917,130567,PUB.UKRLP.dbo.ProviderInstance,a97e2eb1-c959-4c26-8064-6961d76df731
10/11/2017,null,HARTLEPOOL SIXTH FORM COLLEGE,FALSE,null,13/07/2017,10002918,130568,PUB.UKRLP.dbo.ProviderInstance,a97e2eb1-c959-4c26-8064-6961d76df731
24/07/2019,null,HARTPURY COLLEGE,FALSE,null,07/02/2018,10002919,130687,PUB.UKRLP.dbo.ProviderInstance,a97e2eb1-c959-4c26-8064-6961d76df731
06/04/2011,null,HARTSDOWN TECHNOLOGY COLLEGE,FALSE,null,29/07/2005,10002920,118816,PUB.UKRLP.dbo.ProviderInstance,a97e2eb1-c959-4c26-8064-6961d76df731
null,null,HASLINGDEN HIGH SCHOOL AND SIXTH FORM,TRUE,null,14/07/2026,10002921,119767,PUB.UKRLP.dbo.ProviderInstance,a97e2eb1-c959-4c26-8064-6961d76df731
11/04/2019,null,HASMONEAN HIGH SCHOOL,FALSE,null,29/07/2005,10002922,101366,PUB.UKRLP.dbo.ProviderInstance,a97e2eb1-c959-4c26-8064-6961d76df731
null,null,EAST SUSSEX COLLEGE GROUP,TRUE,EAST SUSSEX COLLEGE,21/07/2026,10002923,130665,PUB.UKRLP.dbo.ProviderInstance,a97e2eb1-c959-4c26-8064-6961d76df731
23/04/2018,03068080,HASTINGS ENGLISH LANGUAGE CENTRE LIMITED,FALSE,null,20/02/2018,10002924,null,PUB.UKRLP.dbo.ProviderInstance,a97e2eb1-c959-4c26-8064-6961d76df731
06/11/2015,null,HASTINGSBURY BUSINESS & ENTERPRISE COLLEGE,FALSE,null,06/10/2015,10002925,109665,PUB.UKRLP.dbo.ProviderInstance,a97e2eb1-c959-4c26-8064-6961d76df731
08/11/2007,04241417,HATCHFORD CARE CENTRE,FALSE,null,16/04/2007,10002926,null,PUB.UKRLP.dbo.ProviderInstance,a97e2eb1-c959-4c26-8064-6961d76df731
02/09/2011,null,HATFIELD VISUAL ARTS COLLEGE,FALSE,null,28/11/2006,10002927,106784,PUB.UKRLP.dbo.ProviderInstance,a97e2eb1-c959-4c26-8064-6961d76df731
04/04/2012,null,HAUGHTON COMMUNITY SCHOOL,FALSE,null,15/04/2008,10002928,114320,PUB.UKRLP.dbo.ProviderInstance,a97e2eb1-c959-4c26-8064-6961d76df731
08/09/2017,null,HAVANT COLLEGE,FALSE,null,16/08/2017,10002929,130702,PUB.UKRLP.dbo.ProviderInstance,a97e2eb1-c959-4c26-8064-6961d76df731
05/11/2007,03738104,HAVELOCK TRAINING LIMITED,FALSE,null,16/04/2007,10002930,null,PUB.UKRLP.dbo.ProviderInstance,a97e2eb1-c959-4c26-8064-6961d76df731
null,04324542,HAVEN AMBULANCE LIMITED,TRUE,null,26/04/2026,10002931,null,PUB.UKRLP.dbo.ProviderInstance,a97e2eb1-c959-4c26-8064-6961d76df731
04/07/2016,03017887,HAVEN BANKS OUTDOOR EDUCATION TRUST LTD,FALSE,null,30/05/2016,10002932,null,PUB.UKRLP.dbo.ProviderInstance,a97e2eb1-c959-4c26-8064-6961d76df731
04/07/2017,04225297,HAVERING ASSOCIATION OF VOLUNTARY AND COMMUNITY ORGANISATIONS,FALSE,null,13/03/2017,10002933,null,PUB.UKRLP.dbo.ProviderInstance,a97e2eb1-c959-4c26-8064-6961d76df731
null,02769145,HAVERING BUSINESS EDUCATION PARTNERSHIP LIMITED,TRUE,HBEP,26/04/2026,10002934,null,PUB.UKRLP.dbo.ProviderInstance,a97e2eb1-c959-4c26-8064-6961d76df731
29/01/2020,null,HAVERING COLLEGE OF FURTHER AND HIGHER EDUCATION,FALSE,null,07/02/2018,10002935,130418,PUB.UKRLP.dbo.ProviderInstance,a97e2eb1-c959-4c26-8064-6961d76df731
26/01/2009,02606165,H.G.T.A. LIMITED,FALSE,Havering Group Training Association,16/04/2007,10002936,null,PUB.UKRLP.dbo.ProviderInstance,a97e2eb1-c959-4c26-8064-6961d76df731
18/11/2019,null,HAVERING SIXTH FORM COLLEGE,FALSE,null,17/10/2019,10002937,130445,PUB.UKRLP.dbo.ProviderInstance,a97e2eb1-c959-4c26-8064-6961d76df731
null,null,HAVERSTOCK SCHOOL,TRUE,null,14/07/2026,10002938,100049,PUB.UKRLP.dbo.ProviderInstance,a97e2eb1-c959-4c26-8064-6961d76df731
08/11/2006,05325517,HAWK MANAGEMENT LIMITED,FALSE,null,29/07/2005,10002939,null,PUB.UKRLP.dbo.ProviderInstance,a97e2eb1-c959-4c26-8064-6961d76df731
28/02/2020,05145820,THE HAWKING CENTRE LIMITED,FALSE,null,27/11/2019,10002940,null,PUB.UKRLP.dbo.ProviderInstance,a97e2eb1-c959-4c26-8064-6961d76df731
null,04867906,HAWKSMERE LIMITED,TRUE,null,27/03/2026,10002941,null,PUB.UKRLP.dbo.ProviderInstance,a97e2eb1-c959-4c26-8064-6961d76df731
null,SC240041,THE EDINBURGH SCHOOL OF ENGLISH LIMITED,TRUE,null,18/07/2026,10002942,null,PUB.UKRLP.dbo.ProviderInstance,a97e2eb1-c959-4c26-8064-6961d76df731
08/06/2018,04446771,HAWTHORNES RESEARCH & BUSINESS DEVELOPMENT LIMITED,FALSE,null,02/05/2018,10002943,null,PUB.UKRLP.dbo.ProviderInstance,a97e2eb1-c959-4c26-8064-6961d76df731
11/12/2007,02652394,HAY HAMPERS LIMITED,FALSE,null,17/04/2007,10002944,null,PUB.UKRLP.dbo.ProviderInstance,a97e2eb1-c959-4c26-8064-6961d76df731
07/07/2011,null,HAYBRIDGE HIGH SCHOOL AND SIXTH FORM,FALSE,null,29/07/2005,10002945,116933,PUB.UKRLP.dbo.ProviderInstance,a97e2eb1-c959-4c26-8064-6961d76df731
null,null,HAYDON BRIDGE HIGH SCHOOL,TRUE,null,01/05/2026,10002946,122328,PUB.UKRLP.dbo.ProviderInstance,a97e2eb1-c959-4c26-8064-6961d76df731
05/04/2011,null,HAYDON SCHOOL,FALSE,null,29/07/2005,10002947,102441,PUB.UKRLP.dbo.ProviderInstance,a97e2eb1-c959-4c26-8064-6961d76df731
31/10/2016,02722290,HAYDON TRAINING SERVICES LIMITED,FALSE,null,28/09/2016,10002948,134380,PUB.UKRLP.dbo.ProviderInstance,a97e2eb1-c959-4c26-8064-6961d76df731
05/04/2011,null,HAYES SCHOOL,FALSE,null,29/07/2005,10002949,101673,PUB.UKRLP.dbo.ProviderInstance,a97e2eb1-c959-4c26-8064-6961d76df731
10/08/2011,null,HAYESFIELD GIRLS SCHOOL,FALSE,null,28/10/2009,10002950,109292,PUB.UKRLP.dbo.ProviderInstance,a97e2eb1-c959-4c26-8064-6961d76df731
null,05182902,HAYLING SEA SCHOOL LIMITED,TRUE,null,10/06/2025,10002951,null,PUB.UKRLP.dbo.ProviderInstance,a97e2eb1-c959-4c26-8064-6961d76df731
null,02150950,HAYS PLC,TRUE,null,24/05/2024,10002952,null,PUB.UKRLP.dbo.ProviderInstance,a97e2eb1-c959-4c26-8064-6961d76df731
11/04/2019,null,HAYWARDS HEATH COLLEGE,FALSE,null,29/07/2005,10002953,130846,PUB.UKRLP.dbo.ProviderInstance,a97e2eb1-c959-4c26-8064-6961d76df731
10/08/2011,null,HAZELWICK SCHOOL,FALSE,null,29/07/2005,10002954,126070,PUB.UKRLP.dbo.ProviderInstance,a97e2eb1-c959-4c26-8064-6961d76df731
03/09/2010,04763529,HBC ACADEMY LTD,FALSE,null,09/11/2007,10002955,null,PUB.UKRLP.dbo.ProviderInstance,a97e2eb1-c959-4c26-8064-6961d76df731
null,null,HASTINGS BOROUGH COUNCIL,TRUE,null,21/07/2026,10002956,null,PUB.UKRLP.dbo.ProviderInstance,a97e2eb1-c959-4c26-8064-6961d76df731
null,03311781,BAM CONSTRUCT & VENTURES UK LIMITED,TRUE,null,27/03/2026,10002957,null,PUB.UKRLP.dbo.ProviderInstance,a97e2eb1-c959-4c26-8064-6961d76df731
13/06/2021,01825391,HBV ENTERPRISE,FALSE,null,30/03/2021,10002958,null,PUB.UKRLP.dbo.ProviderInstance,a97e2eb1-c959-4c26-8064-6961d76df731
02/07/2024,03560828,HCTC LIMITED,FALSE,Hotel & Catering Training Company Ltd (Haywards Heath),03/04/2023,10002959,null,PUB.UKRLP.dbo.ProviderInstance,a97e2eb1-c959-4c26-8064-6961d76df731
06/02/2017,02865948,HEAD TO HEAD TRAINING,FALSE,null,16/10/2016,10002960,null,PUB.UKRLP.dbo.ProviderInstance,a97e2eb1-c959-4c26-8064-6961d76df731
16/07/2025,01692819,HEAD-LINE COMMUNICATION LIMITED,FALSE,null,06/06/2025,10002961,null,PUB.UKRLP.dbo.ProviderInstance,a97e2eb1-c959-4c26-8064-6961d76df731
26/01/2009,03179872,HEAD 2 HEAD TRAINING LIMITED,FALSE,Head2Head Training,17/04/2007,10002962,null,PUB.UKRLP.dbo.ProviderInstance,a97e2eb1-c959-4c26-8064-6961d76df731
null,01409083,HEADCORN PARACHUTE CLUB LIMITED,TRUE,null,01/10/2024,10002963,null,PUB.UKRLP.dbo.ProviderInstance,a97e2eb1-c959-4c26-8064-6961d76df731
null,null,HEADLANDS SCHOOL,TRUE,null,20/03/2026,10002964,118085,PUB.UKRLP.dbo.ProviderInstance,a97e2eb1-c959-4c26-8064-6961d76df731
11/05/2012,05209337,HEADLINE TRAINING & CONSULTANCY LTD,FALSE,null,09/09/2010,10002965,null,PUB.UKRLP.dbo.ProviderInstance,a97e2eb1-c959-4c26-8064-6961d76df731
null,01221471,HEADLINESHAIR LTD,TRUE,null,26/11/2023,10002966,null,PUB.UKRLP.dbo.ProviderInstance,a97e2eb1-c959-4c26-8064-6961d76df731
null,03006904,HEADWAY ARTS,TRUE,null,06/06/2025,10002967,null,PUB.UKRLP.dbo.ProviderInstance,a97e2eb1-c959-4c26-8064-6961d76df731
30/07/2009,03860864,HEALING ARTS TRAINING CENTRE LIMITED.,FALSE,null,17/04/2007,10002968,null,PUB.UKRLP.dbo.ProviderInstance,a97e2eb1-c959-4c26-8064-6961d76df731
12/03/2012,02797712,HEALTH & SAFETY ADVISORY SERVICE LTD,FALSE,null,08/03/2011,10002969,null,PUB.UKRLP.dbo.ProviderInstance,a97e2eb1-c959-4c26-8064-6961d76df731
null,02730817,THE HEALTH & SAFETY PEOPLE LIMITED,TRUE,null,05/12/2025,10002970,null,PUB.UKRLP.dbo.ProviderInstance,a97e2eb1-c959-4c26-8064-6961d76df731
20/07/2011,04754805,HEALTH AND SAFETY RESOLUTIONS LIMITED,FALSE,Health and Safety Resolutions,19/07/2011,10002971,null,PUB.UKRLP.dbo.ProviderInstance,a97e2eb1-c959-4c26-8064-6961d76df731
02/09/2010,04242518,HEALTH INFORMATION TECHNOLOGY TRAINING SOLUTIONS LIMITED,FALSE,null,17/04/2007,10002972,null,PUB.UKRLP.dbo.ProviderInstance,a97e2eb1-c959-4c26-8064-6961d76df731
11/04/2019,null,HEANOR GATE SCIENCE COLLEGE,FALSE,null,29/07/2005,10002973,112993,PUB.UKRLP.dbo.ProviderInstance,a97e2eb1-c959-4c26-8064-6961d76df731
15/05/2017,04890246,HEARFIRST LIMITED,FALSE,Hearfirst,04/04/2017,10002974,null,PUB.UKRLP.dbo.ProviderInstance,a97e2eb1-c959-4c26-8064-6961d76df731
07/07/2011,null,HEART OF ENGLAND SCHOOL,FALSE,null,29/07/2005,10002975,104115,PUB.UKRLP.dbo.ProviderInstance,a97e2eb1-c959-4c26-8064-6961d76df731
null,01029331,HEART OF ENGLAND TRAINING LIMITED,TRUE,null,29/08/2024,10002976,null,PUB.UKRLP.dbo.ProviderInstance,a97e2eb1-c959-4c26-8064-6961d76df731
03/11/2008,null,HEARTSEASE HIGH SCHOOL,FALSE,null,29/07/2005,10002977,null,PUB.UKRLP.dbo.ProviderInstance,a97e2eb1-c959-4c26-8064-6961d76df731
03/01/2007,null,THE HEATHCOTE SCHOOL,FALSE,null,29/07/2005,10002978,null,PUB.UKRLP.dbo.ProviderInstance,a97e2eb1-c959-4c26-8064-6961d76df731
null,04187988,HEATHERCROFT TRAINING SERVICES LIMITED,TRUE,null,17/07/2026,10002979,null,PUB.UKRLP.dbo.ProviderInstance,a97e2eb1-c959-4c26-8064-6961d76df731
null,null,HEATHFIELD COMMUNITY COLLEGE,TRUE,null,10/10/2025,10002980,114587,PUB.UKRLP.dbo.ProviderInstance,a97e2eb1-c959-4c26-8064-6961d76df731
01/12/2011,null,HEATH PARK BUSINESS AND ENTERPRISE COLLEGE,FALSE,null,19/01/2007,10002981,104396,PUB.UKRLP.dbo.ProviderInstance,a97e2eb1-c959-4c26-8064-6961d76df731
null,01991017,HEATHROW AIRPORT LIMITED,TRUE,null,27/03/2026,10002982,null,PUB.UKRLP.dbo.ProviderInstance,a97e2eb1-c959-4c26-8064-6961d76df731
15/09/2015,null,HEATHSIDE SCHOOL,FALSE,null,10/07/2015,10002983,125309,PUB.UKRLP.dbo.ProviderInstance,a97e2eb1-c959-4c26-8064-6961d76df731
26/01/2009,05075427,HEATON ADULT ASSOCIATION,FALSE,null,17/04/2007,10002984,null,PUB.UKRLP.dbo.ProviderInstance,a97e2eb1-c959-4c26-8064-6961d76df731
19/08/2019,null,HEATON MANOR SCHOOL,FALSE,null,17/07/2019,10002985,108531,PUB.UKRLP.dbo.ProviderInstance,a97e2eb1-c959-4c26-8064-6961d76df731
15/12/2010,null,HECKMONDWIKE GRAMMAR SCHOOL,FALSE,null,29/07/2005,10002986,107785,PUB.UKRLP.dbo.ProviderInstance,a97e2eb1-c959-4c26-8064-6961d76df731
04/02/2009,null,HEDINGHAM SCHOOL AND SIXTH FORM,FALSE,null,04/02/2009,10002987,null,PUB.UKRLP.dbo.ProviderInstance,a97e2eb1-c959-4c26-8064-6961d76df731
null,02141420,HEELEY CITY FARM LIMITED,TRUE,null,17/07/2026,10002988,null,PUB.UKRLP.dbo.ProviderInstance,a97e2eb1-c959-4c26-8064-6961d76df731
06/04/2011,null,HELE'S SCHOOL,FALSE,null,29/07/2005,10002989,113536,PUB.UKRLP.dbo.ProviderInstance,a97e2eb1-c959-4c26-8064-6961d76df731
null,03432423,HELEN ARKELL DYSLEXIA CHARITY,TRUE,null,17/07/2026,10002990,null,PUB.UKRLP.dbo.ProviderInstance,a97e2eb1-c959-4c26-8064-6961d76df731
12/09/2013,null,HELENSWOOD SCHOOL,FALSE,null,29/07/2005,10002991,114600,PUB.UKRLP.dbo.ProviderInstance,a97e2eb1-c959-4c26-8064-6961d76df731
24/01/2022,04903515,HELFORD 2000 LIMITED,FALSE,null,23/11/2021,10002992,null,PUB.UKRLP.dbo.ProviderInstance,a97e2eb1-c959-4c26-8064-6961d76df731
null,02028932,HELI AIR LIMITED,TRUE,null,02/06/2026,10002993,null,PUB.UKRLP.dbo.ProviderInstance,a97e2eb1-c959-4c26-8064-6961d76df731
null,04700840,HELICOPTER SERVICES LIMITED,TRUE,null,21/12/2025,10002994,null,PUB.UKRLP.dbo.ProviderInstance,a97e2eb1-c959-4c26-8064-6961d76df731
19/04/2017,03152565,PATRIOT FLIGHT TRAINING LIMITED,FALSE,null,12/01/2017,10002995,null,PUB.UKRLP.dbo.ProviderInstance,a97e2eb1-c959-4c26-8064-6961d76df731
11/04/2019,null,HELLESDON HIGH SCHOOL,FALSE,null,29/07/2005,10002996,121152,PUB.UKRLP.dbo.ProviderInstance,a97e2eb1-c959-4c26-8064-6961d76df731
06/02/2017,05178831,HELPING HAND BUSINESS SERVICES LIMITED,FALSE,null,02/01/2017,10002997,null,PUB.UKRLP.dbo.ProviderInstance,a97e2eb1-c959-4c26-8064-6961d76df731
null,null,HELSBY HIGH SCHOOL,TRUE,null,10/10/2025,10002998,111440,PUB.UKRLP.dbo.ProviderInstance,a97e2eb1-c959-4c26-8064-6961d76df731
13/06/2017,null,HELSTON COMMUNITY COLLEGE,FALSE,null,25/05/2017,10002999,112043,PUB.UKRLP.dbo.ProviderInstance,a97e2eb1-c959-4c26-8064-6961d76df731
11/04/2023,null,THE HEMEL HEMPSTEAD SCHOOL,FALSE,null,11/03/2023,10003000,117500,PUB.UKRLP.dbo.ProviderInstance,a97e2eb1-c959-4c26-8064-6961d76df731
16/07/2025,IP28422R,HEMLINGTON COMMUNITY PARTNERSHIP LIMITED,FALSE,null,03/11/2017,10003001,null,PUB.UKRLP.dbo.ProviderInstance,a97e2eb1-c959-4c26-8064-6961d76df731
null,04746844,CORAM HEMPSALL CONSULTANCIES LIMITED,TRUE,null,01/10/2024,10003002,null,PUB.UKRLP.dbo.ProviderInstance,a97e2eb1-c959-4c26-8064-6961d76df731
null,02638042,HEMSLEY FRASER GROUP LIMITED,TRUE,null,23/06/2025,10003003,null,PUB.UKRLP.dbo.ProviderInstance,a97e2eb1-c959-4c26-8064-6961d76df731
09/08/2013,null,HEMSWORTH ARTS AND COMMUNITY COLLEGE,FALSE,null,29/11/2006,10003004,108274,PUB.UKRLP.dbo.ProviderInstance,a97e2eb1-c959-4c26-8064-6961d76df731
02/09/2011,null,MACCLESFIELD HIGH SCHOOL,FALSE,null,03/04/2009,10003005,111465,PUB.UKRLP.dbo.ProviderInstance,a97e2eb1-c959-4c26-8064-6961d76df731
11/04/2019,null,HENBURY SCHOOL,FALSE,null,03/02/2009,10003006,109279,PUB.UKRLP.dbo.ProviderInstance,a97e2eb1-c959-4c26-8064-6961d76df731
11/11/2009,02911132,HENDON 2000 LIMITED,FALSE,null,11/11/2009,10003007,null,PUB.UKRLP.dbo.ProviderInstance,a97e2eb1-c959-4c26-8064-6961d76df731
11/04/2019,null,HENDON SCHOOL,FALSE,null,29/07/2005,10003008,101357,PUB.UKRLP.dbo.ProviderInstance,a97e2eb1-c959-4c26-8064-6961d76df731
03/11/2008,null,HENGROVE COMMUNITY ARTS COLLEGE,FALSE,null,09/08/2006,10003009,null,PUB.UKRLP.dbo.ProviderInstance,a97e2eb1-c959-4c26-8064-6961d76df731
null,null,COVENTRY COLLEGE,TRUE,null,21/07/2026,10003010,130472,PUB.UKRLP.dbo.ProviderInstance,a97e2eb1-c959-4c26-8064-6961d76df731
null,null,THE HENLEY COLLEGE,TRUE,null,10/10/2025,10003011,130789,PUB.UKRLP.dbo.ProviderInstance,a97e2eb1-c959-4c26-8064-6961d76df731
25/06/2012,01689098,H B TRAINING LIMITED,FALSE,null,25/06/2012,10003012,null,PUB.UKRLP.dbo.ProviderInstance,a97e2eb1-c959-4c26-8064-6961d76df731
11/04/2019,null,THE HENRY BOX SCHOOL,FALSE,null,29/07/2005,10003013,123237,PUB.UKRLP.dbo.ProviderInstance,a97e2eb1-c959-4c26-8064-6961d76df731
null,null,THE HENRY CORT COMMUNITY COLLEGE,TRUE,null,10/10/2025,10003014,116466,PUB.UKRLP.dbo.ProviderInstance,a97e2eb1-c959-4c26-8064-6961d76df731
11/12/2017,02561756,HENSHALL CENTRE LIMITED,FALSE,null,31/10/2017,10003015,null,PUB.UKRLP.dbo.ProviderInstance,a97e2eb1-c959-4c26-8064-6961d76df731
null,null,HENSHAWS SOCIETY FOR BLIND PEOPLE,TRUE,null,07/06/2018,10003016,null,PUB.UKRLP.dbo.ProviderInstance,a97e2eb1-c959-4c26-8064-6961d76df731
null,01265975,HEPCO SLIDE SYSTEMS LIMITED,TRUE,null,20/02/2025,10003017,null,PUB.UKRLP.dbo.ProviderInstance,a97e2eb1-c959-4c26-8064-6961d76df731
22/11/2006,01299475,HERBERT OF LIVERPOOL LTD,FALSE,null,29/09/2006,10003018,null,PUB.UKRLP.dbo.ProviderInstance,a97e2eb1-c959-4c26-8064-6961d76df731
06/06/2017,03440308,HERBERT OF LIVERPOOL (TRAINING) LTD,FALSE,Herbert of Liverpool Training Centre,23/02/2017,10003019,null,PUB.UKRLP.dbo.ProviderInstance,a97e2eb1-c959-4c26-8064-6961d76df731
null,02081261,HEREFORD CATHEDRAL SCHOOL,TRUE,null,11/07/2025,10003020,117036,PUB.UKRLP.dbo.ProviderInstance,a97e2eb1-c959-4c26-8064-6961d76df731
06/03/2017,null,HEREFORD SIXTH FORM COLLEGE,FALSE,null,03/01/2017,10003021,130718,PUB.UKRLP.dbo.ProviderInstance,a97e2eb1-c959-4c26-8064-6961d76df731
null,null,HEREFORD COLLEGE OF ARTS,TRUE,null,21/07/2026,10003022,130714,PUB.UKRLP.dbo.ProviderInstance,a97e2eb1-c959-4c26-8064-6961d76df731
null,null,"HEREFORDSHIRE, LUDLOW, AND NORTH SHROPSHIRE COLLEGE",TRUE,null,21/07/2026,10003023,130710,PUB.UKRLP.dbo.ProviderInstance,a97e2eb1-c959-4c26-8064-6961d76df731
null,null,HEREFORDSHIRE COUNCIL,TRUE,null,21/07/2026,10003025,null,PUB.UKRLP.dbo.ProviderInstance,a97e2eb1-c959-4c26-8064-6961d76df731
null,01475237,HEREFORDSHIRE AND WORCESTERSHIRE GROUP TRAINING ASSOCIATION LIMITED,TRUE,Herefordshire & Worcestershire Group Training Association,02/02/2026,10003026,null,PUB.UKRLP.dbo.ProviderInstance,a97e2eb1-c959-4c26-8064-6961d76df731
09/07/2007,null,THE HEREFORDSHIRE LITERACY PROJECT (HELP),FALSE,Herefordshire Literacy Project,23/08/2006,10003027,null,PUB.UKRLP.dbo.ProviderInstance,a97e2eb1-c959-4c26-8064-6961d76df731
09/07/2007,00743899,THE HEREFORDSHIRE NATURE TRUST LIMITED,FALSE,null,18/04/2007,10003028,null,PUB.UKRLP.dbo.ProviderInstance,a97e2eb1-c959-4c26-8064-6961d76df731
null,null,HEREWARD COLLEGE OF FURTHER EDUCATION,TRUE,null,10/10/2025,10003029,130474,PUB.UKRLP.dbo.ProviderInstance,a97e2eb1-c959-4c26-8064-6961d76df731
21/09/2007,null,HEREWARD COMMUNITY COLLEGE,FALSE,null,10/08/2006,10003030,null,PUB.UKRLP.dbo.ProviderInstance,a97e2eb1-c959-4c26-8064-6961d76df731
09/07/2007,02125660,HERITAGE CERAMICS,FALSE,null,18/04/2007,10003031,null,PUB.UKRLP.dbo.ProviderInstance,a97e2eb1-c959-4c26-8064-6961d76df731
null,03508110,THE HERITAGE NETWORK LIMITED,TRUE,null,17/07/2026,10003032,null,PUB.UKRLP.dbo.ProviderInstance,a97e2eb1-c959-4c26-8064-6961d76df731
07/03/2011,null,HERNE BAY HIGH SCHOOL,FALSE,null,29/07/2005,10003033,118920,PUB.UKRLP.dbo.ProviderInstance,a97e2eb1-c959-4c26-8064-6961d76df731
11/04/2019,null,HERSCHEL GRAMMAR SCHOOL,FALSE,null,29/07/2005,10003034,110103,PUB.UKRLP.dbo.ProviderInstance,a97e2eb1-c959-4c26-8064-6961d76df731
null,null,HERTFORD REGIONAL COLLEGE,TRUE,null,21/07/2026,10003035,130722,PUB.UKRLP.dbo.ProviderInstance,a97e2eb1-c959-4c26-8064-6961d76df731
31/03/2016,03034866,HCS CAREERS LIMITED,FALSE,null,01/02/2016,10003036,null,PUB.UKRLP.dbo.ProviderInstance,a97e2eb1-c959-4c26-8064-6961d76df731
null,01026468,HERTFORDSHIRE CHAMBER OF COMMERCE,TRUE,null,11/07/2025,10003037,null,PUB.UKRLP.dbo.ProviderInstance,a97e2eb1-c959-4c26-8064-6961d76df731
26/04/2016,null,THE HERTFORDSHIRE COMMUNITY FOUNDATION,FALSE,null,12/11/2015,10003038,null,PUB.UKRLP.dbo.ProviderInstance,a97e2eb1-c959-4c26-8064-6961d76df731
null,null,HERTFORDSHIRE COUNTY COUNCIL,TRUE,Step2Skills,21/07/2026,10003039,null,PUB.UKRLP.dbo.ProviderInstance,a97e2eb1-c959-4c26-8064-6961d76df731
05/11/2007,04097787,HERTFORDSHIRE INTERNATIONAL COLLEGE OF BUSINESS & TECHNOLOGY LIMITED,FALSE,null,18/04/2007,10003040,null,PUB.UKRLP.dbo.ProviderInstance,a97e2eb1-c959-4c26-8064-6961d76df731
null,03192077,HERTFORDSHIRE YOUNG MARINERS' BASE,TRUE,null,25/10/2024,10003041,null,PUB.UKRLP.dbo.ProviderInstance,a97e2eb1-c959-4c26-8064-6961d76df731
12/05/2008,04071465,HERTS AND BEDS E-LEARNING PARTNERSHIP,FALSE,Herts E-Learning Partnership,18/04/2007,10003042,null,PUB.UKRLP.dbo.ProviderInstance,a97e2eb1-c959-4c26-8064-6961d76df731
20/07/2011,03836723,HERTSMERE COMMUNITY VOLUNTARY SUPPORT,FALSE,Hertsmere CVS,18/04/2007,10003043,null,PUB.UKRLP.dbo.ProviderInstance,a97e2eb1-c959-4c26-8064-6961d76df731
05/01/2016,03251480,HCS WORKNET,FALSE,Worknet,05/11/2015,10003044,null,PUB.UKRLP.dbo.ProviderInstance,a97e2eb1-c959-4c26-8064-6961d76df731
16/08/2006,null,HERTSWOOD SCHOOL,FALSE,null,16/08/2006,10003045,null,PUB.UKRLP.dbo.ProviderInstance,a97e2eb1-c959-4c26-8064-6961d76df731
11/04/2019,null,HESSLE HIGH SCHOOL,FALSE,null,29/07/2005,10003046,118074,PUB.UKRLP.dbo.ProviderInstance,a97e2eb1-c959-4c26-8064-6961d76df731
10/12/2021,03155234,HESTERS WAY NEIGHBOURHOOD PROJECT,FALSE,null,20/09/2021,10003047,null,PUB.UKRLP.dbo.ProviderInstance,a97e2eb1-c959-4c26-8064-6961d76df731
11/04/2019,null,HESTON COMMUNITY SCHOOL,FALSE,null,29/07/2005,10003048,102537,PUB.UKRLP.dbo.ProviderInstance,a97e2eb1-c959-4c26-8064-6961d76df731
19/12/2019,01091829,HETHERSETT OLD HALL SCHOOL,FALSE,null,14/10/2019,10003049,121227,PUB.UKRLP.dbo.ProviderInstance,a97e2eb1-c959-4c26-8064-6961d76df731
11/03/2013,02196045,HEWLETT CIVIL ENGINEERING LIMITED,FALSE,null,11/03/2013,10003050,null,PUB.UKRLP.dbo.ProviderInstance,a97e2eb1-c959-4c26-8064-6961d76df731
null,00690597,HEWLETT - PACKARD LIMITED,TRUE,null,05/03/2025,10003051,null,PUB.UKRLP.dbo.ProviderInstance,a97e2eb1-c959-4c26-8064-6961d76df731
16/03/2018,null,HEWORTH GRANGE SCHOOL,FALSE,null,12/02/2018,10003052,108407,PUB.UKRLP.dbo.ProviderInstance,a97e2eb1-c959-4c26-8064-6961d76df731
null,null,HEXHAM COMMUNITY ASSOCIATION,TRUE,null,07/06/2018,10003053,null,PUB.UKRLP.dbo.ProviderInstance,a97e2eb1-c959-4c26-8064-6961d76df731
24/09/2013,null,HEXTABLE SCHOOL,FALSE,null,29/07/2005,10003054,118829,PUB.UKRLP.dbo.ProviderInstance,a97e2eb1-c959-4c26-8064-6961d76df731
21/06/2018,null,HEYSHAM HIGH SCHOOL SPORTS COLLEGE,FALSE,null,06/03/2018,10003055,119711,PUB.UKRLP.dbo.ProviderInstance,a97e2eb1-c959-4c26-8064-6961d76df731
null,03751481,HFI TRAINING LIMITED,TRUE,null,17/07/2026,10003056,null,PUB.UKRLP.dbo.ProviderInstance,a97e2eb1-c959-4c26-8064-6961d76df731
null,02597074,H.F.T. FORKLIFTS LIMITED,TRUE,null,17/07/2026,10003057,null,PUB.UKRLP.dbo.ProviderInstance,a97e2eb1-c959-4c26-8064-6961d76df731
04/04/2007,SC125681,HI-ROPE LIMITED,FALSE,null,28/03/2007,10003058,null,PUB.UKRLP.dbo.ProviderInstance,a97e2eb1-c959-4c26-8064-6961d76df731
20/01/2012,03577672,HIBERNIA SCHOOL OF ARTISTIC THERAPY,FALSE,Hibernia College,15/07/2010,10003059,null,PUB.UKRLP.dbo.ProviderInstance,a97e2eb1-c959-4c26-8064-6961d76df731
20/01/2015,03716862,HIGH ACTION LIMITED,FALSE,null,16/11/2014,10003060,null,PUB.UKRLP.dbo.ProviderInstance,a97e2eb1-c959-4c26-8064-6961d76df731
null,02892273,KIRKLEY HALL LIMITED,TRUE,null,23/12/2025,10003061,null,PUB.UKRLP.dbo.ProviderInstance,a97e2eb1-c959-4c26-8064-6961d76df731
06/04/2011,null,HIGH SCHOOL FOR GIRLS,FALSE,null,29/07/2005,10003062,115718,PUB.UKRLP.dbo.ProviderInstance,a97e2eb1-c959-4c26-8064-6961d76df731
05/03/2018,null,HIGH STORRS SCHOOL,FALSE,null,19/11/2017,10003063,107139,PUB.UKRLP.dbo.ProviderInstance,a97e2eb1-c959-4c26-8064-6961d76df731
null,null,HIGH TUNSTALL COLLEGE OF SCIENCE,TRUE,null,27/01/2026,10003064,111748,PUB.UKRLP.dbo.ProviderInstance,a97e2eb1-c959-4c26-8064-6961d76df731
03/03/2011,02612067,HIGH/SCOPE UK,FALSE,High/Scope Institute,06/09/2010,10003065,null,PUB.UKRLP.dbo.ProviderInstance,a97e2eb1-c959-4c26-8064-6961d76df731
11/04/2019,null,HIGHAMS PARK SCHOOL,FALSE,null,29/07/2005,10003066,103107,PUB.UKRLP.dbo.ProviderInstance,a97e2eb1-c959-4c26-8064-6961d76df731
null,null,HIGHBURY FIELDS SCHOOL,TRUE,null,10/10/2025,10003067,100455,PUB.UKRLP.dbo.ProviderInstance,a97e2eb1-c959-4c26-8064-6961d76df731
11/12/2017,null,HIGHBURY GROVE SCHOOL,FALSE,null,21/11/2017,10003068,100452,PUB.UKRLP.dbo.ProviderInstance,a97e2eb1-c959-4c26-8064-6961d76df731
03/06/2011,null,HIGHCLIFFE SCHOOL,FALSE,null,10/08/2006,10003069,113906,PUB.UKRLP.dbo.ProviderInstance,a97e2eb1-c959-4c26-8064-6961d76df731
04/07/2011,null,HIGHCREST COMMUNITY SCHOOL,FALSE,null,17/08/2006,10003070,133514,PUB.UKRLP.dbo.ProviderInstance,a97e2eb1-c959-4c26-8064-6961d76df731
20/12/2010,null,HIGHDOWN SCHOOL AND SIXTH FORM CENTRE,FALSE,null,09/08/2006,10003071,110044,PUB.UKRLP.dbo.ProviderInstance,a97e2eb1-c959-4c26-8064-6961d76df731
27/07/2012,04746571,SOUTHERN CROSS CARE LIMITED,FALSE,Southern Cross Healthcare,27/07/2012,10003072,null,PUB.UKRLP.dbo.ProviderInstance,a97e2eb1-c959-4c26-8064-6961d76df731
02/06/2008,null,HIGHFIELD CARNIVAL CLUB,FALSE,null,29/07/2005,10003073,null,PUB.UKRLP.dbo.ProviderInstance,a97e2eb1-c959-4c26-8064-6961d76df731
null,03727785,HIGHFIELD PRODUCTS LIMITED,TRUE,null,10/06/2025,10003074,null,PUB.UKRLP.dbo.ProviderInstance,a97e2eb1-c959-4c26-8064-6961d76df731
14/12/2015,null,HIGHFIELDS SCHOOL,FALSE,null,09/10/2015,10003075,104386,PUB.UKRLP.dbo.ProviderInstance,a97e2eb1-c959-4c26-8064-6961d76df731
11/10/2021,null,HIGHFIELDS SCHOOL,FALSE,null,03/08/2021,10003076,112950,PUB.UKRLP.dbo.ProviderInstance,a97e2eb1-c959-4c26-8064-6961d76df731
null,null,HIGHGATE WOOD SECONDARY SCHOOL,TRUE,null,10/10/2025,10003077,102154,PUB.UKRLP.dbo.ProviderInstance,a97e2eb1-c959-4c26-8064-6961d76df731
null,SP2312RS,HIGHLAND BUSINESS SERVICES RING LIMITED,TRUE,null,07/11/2017,10003078,null,PUB.UKRLP.dbo.ProviderInstance,a97e2eb1-c959-4c26-8064-6961d76df731
05/11/2007,SC168026,HIGHLAND PERTHSHIRE TRAINING COMPANY LIMITED,FALSE,null,18/04/2007,10003079,null,PUB.UKRLP.dbo.ProviderInstance,a97e2eb1-c959-4c26-8064-6961d76df731
null,SC149728,HIGHLAND THEOLOGICAL COLLEGE,TRUE,null,02/02/2026,10003080,null,PUB.UKRLP.dbo.ProviderInstance,a97e2eb1-c959-4c26-8064-6961d76df731
null,null,HIGHLANDS SCHOOL,TRUE,null,10/10/2025,10003081,132256,PUB.UKRLP.dbo.ProviderInstance,a97e2eb1-c959-4c26-8064-6961d76df731
17/12/2010,null,HIGHSTED GRAMMAR SCHOOL,FALSE,null,29/07/2005,10003082,118802,PUB.UKRLP.dbo.ProviderInstance,a97e2eb1-c959-4c26-8064-6961d76df731
19/01/2011,null,HIGHWORTH GRAMMAR SCHOOL FOR GIRLS,FALSE,null,27/08/2009,10003083,118804,PUB.UKRLP.dbo.ProviderInstance,a97e2eb1-c959-4c26-8064-6961d76df731
11/04/2019,null,HILBRE HIGH SCHOOL,FALSE,null,29/07/2005,10003084,105102,PUB.UKRLP.dbo.ProviderInstance,a97e2eb1-c959-4c26-8064-6961d76df731
null,04426756,HILL HOLT WOOD,TRUE,null,28/04/2026,10003085,null,PUB.UKRLP.dbo.ProviderInstance,a97e2eb1-c959-4c26-8064-6961d76df731
02/09/2011,null,HILLCREST SCHOOL,FALSE,null,10/08/2006,10003086,114601,PUB.UKRLP.dbo.ProviderInstance,a97e2eb1-c959-4c26-8064-6961d76df731
02/09/2011,null,HILLCREST SCHOOL A SPECIALIST MATHS AND COMPUTING COLLEGE AND SIXTH FORM CENTRE,FALSE,null,08/08/2006,10003087,103482,PUB.UKRLP.dbo.ProviderInstance,a97e2eb1-c959-4c26-8064-6961d76df731
null,00201528,RICHMOND AND HILLCROFT ADULT AND COMMUNITY COLLEGE,TRUE,null,15/11/2017,10003088,133053,PUB.UKRLP.dbo.ProviderInstance,a97e2eb1-c959-4c26-8064-6961d76df731
null,null,HILLINGDON LONDON BOROUGH COUNCIL,TRUE,null,21/07/2026,10003089,null,PUB.UKRLP.dbo.ProviderInstance,a97e2eb1-c959-4c26-8064-6961d76df731
25/07/2017,03685972,HILLINGDON ASSOCIATION OF VOLUNTARY SERVICES,FALSE,null,17/04/2017,10003090,null,PUB.UKRLP.dbo.ProviderInstance,a97e2eb1-c959-4c26-8064-6961d76df731
02/09/2010,02645101,HILLINGDON EDUCATION BUSINESS PARTNERSHIP LIMITED,FALSE,null,12/02/2009,10003091,null,PUB.UKRLP.dbo.ProviderInstance,a97e2eb1-c959-4c26-8064-6961d76df731
09/07/2007,03240622,HILLINGDON MIND ENTERPRISES LIMITED,FALSE,null,18/04/2007,10003092,null,PUB.UKRLP.dbo.ProviderInstance,a97e2eb1-c959-4c26-8064-6961d76df731
10/10/2022,04639427,HILLINGDON TRAINING LIMITED,FALSE,null,01/08/2022,10003093,null,PUB.UKRLP.dbo.ProviderInstance,a97e2eb1-c959-4c26-8064-6961d76df731
12/09/2025,null,HILLS ROAD SIXTH FORM COLLEGE,FALSE,null,08/07/2025,10003094,130615,PUB.UKRLP.dbo.ProviderInstance,a97e2eb1-c959-4c26-8064-6961d76df731
05/11/2007,03392705,HILLS-OLSEN ASSOCIATES LIMITED,FALSE,null,18/04/2007,10003095,null,PUB.UKRLP.dbo.ProviderInstance,a97e2eb1-c959-4c26-8064-6961d76df731
10/08/2011,null,HILLVIEW SCHOOL FOR GIRLS,FALSE,null,29/07/2005,10003096,118922,PUB.UKRLP.dbo.ProviderInstance,a97e2eb1-c959-4c26-8064-6961d76df731
09/07/2007,00566221,LADBROKES PLC,FALSE,null,18/04/2007,10003097,null,PUB.UKRLP.dbo.ProviderInstance,a97e2eb1-c959-4c26-8064-6961d76df731
02/09/2011,null,HINCHINGBROOKE SCHOOL,FALSE,null,29/07/2005,10003098,110885,PUB.UKRLP.dbo.ProviderInstance,a97e2eb1-c959-4c26-8064-6961d76df731
11/04/2019,null,HINCHLEY WOOD SCHOOL,FALSE,null,04/02/2009,10003099,125316,PUB.UKRLP.dbo.ProviderInstance,a97e2eb1-c959-4c26-8064-6961d76df731
26/01/2009,04723183,HINCKLEY EQUESTRIAN CENTRE LIMITED,FALSE,null,18/04/2007,10003100,null,PUB.UKRLP.dbo.ProviderInstance,a97e2eb1-c959-4c26-8064-6961d76df731
03/12/2022,null,IVESHEAD SCHOOL,FALSE,null,02/11/2022,10003101,120274,PUB.UKRLP.dbo.ProviderInstance,a97e2eb1-c959-4c26-8064-6961d76df731
null,04102992,HINTON SKYDIVING CENTRE LIMITED,TRUE,null,30/12/2025,10003102,null,PUB.UKRLP.dbo.ProviderInstance,a97e2eb1-c959-4c26-8064-6961d76df731
24/07/2023,null,HINWICK HALL COLLEGE,FALSE,null,15/06/2023,10003103,133098,PUB.UKRLP.dbo.ProviderInstance,a97e2eb1-c959-4c26-8064-6961d76df731
17/08/2011,null,HIPPERHOLME AND LIGHTCLIFFE HIGH SCHOOL AND SPORTS COLLEGE,FALSE,null,09/08/2006,10003104,107578,PUB.UKRLP.dbo.ProviderInstance,a97e2eb1-c959-4c26-8064-6961d76df731
null,null,THE HIRAM TRUST,TRUE,null,07/06/2018,10003105,null,PUB.UKRLP.dbo.ProviderInstance,a97e2eb1-c959-4c26-8064-6961d76df731
21/09/2009,null,HIRST HIGH SCHOOL,FALSE,null,29/07/2005,10003106,null,PUB.UKRLP.dbo.ProviderInstance,a97e2eb1-c959-4c26-8064-6961d76df731
07/03/2011,null,HITCHIN BOYS' SCHOOL,FALSE,null,29/07/2005,10003107,117502,PUB.UKRLP.dbo.ProviderInstance,a97e2eb1-c959-4c26-8064-6961d76df731
11/04/2019,null,HITCHIN GIRLS' SCHOOL,FALSE,null,29/07/2005,10003108,117503,PUB.UKRLP.dbo.ProviderInstance,a97e2eb1-c959-4c26-8064-6961d76df731
03/09/2010,03908852,HOPE INCLUSION TIME SUCCESS,FALSE,Hits,18/04/2007,10003109,null,PUB.UKRLP.dbo.ProviderInstance,a97e2eb1-c959-4c26-8064-6961d76df731
09/07/2007,02201433,HITSLINK MANAGEMENT CO-OPERATIVE LIMITED,FALSE,null,18/04/2007,10003110,null,PUB.UKRLP.dbo.ProviderInstance,a97e2eb1-c959-4c26-8064-6961d76df731
09/09/2010,04686498,HITSS SAFETY TRAINING LIMITED,FALSE,null,09/09/2010,10003111,null,PUB.UKRLP.dbo.ProviderInstance,a97e2eb1-c959-4c26-8064-6961d76df731
12/05/2008,02733334,PREMIER PRISON SERVICES LIMITED,FALSE,Hm & Yoi Ashfield,18/04/2007,10003112,null,PUB.UKRLP.dbo.ProviderInstance,a97e2eb1-c959-4c26-8064-6961d76df731
07/03/2011,null,HOCKERILL ANGLO-EUROPEAN COLLEGE,FALSE,null,29/07/2005,10003113,117598,PUB.UKRLP.dbo.ProviderInstance,a97e2eb1-c959-4c26-8064-6961d76df731
20/01/2012,SC160790,HODGINS SMITH (CDM) LTD,FALSE,null,20/01/2012,10003114,null,PUB.UKRLP.dbo.ProviderInstance,a97e2eb1-c959-4c26-8064-6961d76df731
01/05/2013,null,HOLBORN COLLEGE,FALSE,null,01/05/2013,10003115,null,PUB.UKRLP.dbo.ProviderInstance,a97e2eb1-c959-4c26-8064-6961d76df731
06/05/2014,04666240,HOLBROOK FORKLIFT TRAINING LIMITED,FALSE,null,05/02/2014,10003116,null,PUB.UKRLP.dbo.ProviderInstance,a97e2eb1-c959-4c26-8064-6961d76df731
04/07/2011,null,HOLBROOK HIGH SCHOOL,FALSE,null,29/07/2005,10003117,124848,PUB.UKRLP.dbo.ProviderInstance,a97e2eb1-c959-4c26-8064-6961d76df731
10/10/2013,null,THE HOLGATE COMPREHENSIVE SCHOOL,FALSE,null,14/08/2006,10003118,122877,PUB.UKRLP.dbo.ProviderInstance,a97e2eb1-c959-4c26-8064-6961d76df731
null,00233565,HECTOR'S HOUSING LIMITED,TRUE,Holkham Linseed Paints,18/07/2026,10003119,null,PUB.UKRLP.dbo.ProviderInstance,a97e2eb1-c959-4c26-8064-6961d76df731
05/09/2013,null,HOLLAND PARK SCHOOL,FALSE,null,29/07/2005,10003120,100501,PUB.UKRLP.dbo.ProviderInstance,a97e2eb1-c959-4c26-8064-6961d76df731
null,null,HOLLY LODGE GIRLS' COLLEGE,TRUE,null,15/11/2025,10003121,104688,PUB.UKRLP.dbo.ProviderInstance,a97e2eb1-c959-4c26-8064-6961d76df731
07/07/2011,null,WOODRUSH COMMUNITY HIGH SCHOOL,FALSE,null,29/07/2005,10003122,116937,PUB.UKRLP.dbo.ProviderInstance,a97e2eb1-c959-4c26-8064-6961d76df731
11/04/2019,null,HOLMER GREEN SENIOR SCHOOL,FALSE,null,29/07/2005,10003123,110499,PUB.UKRLP.dbo.ProviderInstance,a97e2eb1-c959-4c26-8064-6961d76df731
02/09/2011,null,HOLMES CHAPEL COMPREHENSIVE SCHOOL,FALSE,null,03/04/2009,10003124,111428,PUB.UKRLP.dbo.ProviderInstance,a97e2eb1-c959-4c26-8064-6961d76df731
20/09/2022,null,THE HOLMESDALE SCHOOL,FALSE,null,11/08/2022,10003125,118796,PUB.UKRLP.dbo.ProviderInstance,a97e2eb1-c959-4c26-8064-6961d76df731
16/06/2014,05227176,HOLMFIRTH SHOOTING SCHOOL LIMITED,FALSE,null,12/03/2014,10003126,null,PUB.UKRLP.dbo.ProviderInstance,a97e2eb1-c959-4c26-8064-6961d76df731
12/01/2018,null,HOLSWORTHY COMMUNITY COLLEGE,FALSE,null,19/11/2017,10003127,113511,PUB.UKRLP.dbo.ProviderInstance,a97e2eb1-c959-4c26-8064-6961d76df731
null,null,HOLY CROSS COLLEGE,TRUE,null,21/07/2026,10003128,130499,PUB.UKRLP.dbo.ProviderInstance,a97e2eb1-c959-4c26-8064-6961d76df731
null,null,HOLY FAMILY CATHOLIC HIGH SCHOOL,TRUE,null,10/10/2025,10003129,104962,PUB.UKRLP.dbo.ProviderInstance,a97e2eb1-c959-4c26-8064-6961d76df731
12/08/2019,null,HOLY TRINITY COFE SENIOR SCHOOL,FALSE,null,12/08/2019,10003130,107577,PUB.UKRLP.dbo.ProviderInstance,a97e2eb1-c959-4c26-8064-6961d76df731
10/09/2014,02014946,HOLY TRINITY SCHOOL,FALSE,null,19/06/2014,10003131,117015,PUB.UKRLP.dbo.ProviderInstance,a97e2eb1-c959-4c26-8064-6961d76df731
15/12/2010,null,HOLYROOD COMMUNITY SCHOOL,FALSE,null,29/07/2005,10003132,123870,PUB.UKRLP.dbo.ProviderInstance,a97e2eb1-c959-4c26-8064-6961d76df731
05/05/2011,null,HOLYWELLS HIGH SCHOOL,FALSE,null,15/08/2006,10003133,124843,PUB.UKRLP.dbo.ProviderInstance,a97e2eb1-c959-4c26-8064-6961d76df731
05/11/2007,03449609,HOME BASED STUDY LIMITED,FALSE,null,18/04/2007,10003134,null,PUB.UKRLP.dbo.ProviderInstance,a97e2eb1-c959-4c26-8064-6961d76df731
null,SC229797,HOME LINK FAMILY SUPPORT,TRUE,Home Link,21/01/2026,10003135,null,PUB.UKRLP.dbo.ProviderInstance,a97e2eb1-c959-4c26-8064-6961d76df731
null,04956068,HOMEFIELD COLLEGE,TRUE,null,18/10/2024,10003136,131893,PUB.UKRLP.dbo.ProviderInstance,a97e2eb1-c959-4c26-8064-6961d76df731
null,04313826,HOMELESS LINK,TRUE,null,11/03/2026,10003137,null,PUB.UKRLP.dbo.ProviderInstance,a97e2eb1-c959-4c26-8064-6961d76df731
23/10/2007,null,HOMERTON COLLEGE,FALSE,null,29/08/2006,10003138,null,PUB.UKRLP.dbo.ProviderInstance,a97e2eb1-c959-4c26-8064-6961d76df731
02/09/2011,null,HOMEWOOD SCHOOL AND SIXTH FORM CENTRE,FALSE,null,29/07/2005,10003139,118880,PUB.UKRLP.dbo.ProviderInstance,a97e2eb1-c959-4c26-8064-6961d76df731
08/11/2006,02383573,HONDA (U.K.) LIMITED,FALSE,null,29/07/2005,10003140,null,PUB.UKRLP.dbo.ProviderInstance,a97e2eb1-c959-4c26-8064-6961d76df731
null,00078289,HONEYWELL INTERNATIONAL UK LIMITED,TRUE,Honeywell Aerospace Yeovil,21/01/2026,10003141,null,PUB.UKRLP.dbo.ProviderInstance,a97e2eb1-c959-4c26-8064-6961d76df731
07/07/2011,null,HONITON COMMUNITY COLLEGE,FALSE,null,15/04/2008,10003142,113499,PUB.UKRLP.dbo.ProviderInstance,a97e2eb1-c959-4c26-8064-6961d76df731
02/09/2011,null,HOOKERGATE SCHOOL,FALSE,null,05/08/2010,10003143,108408,PUB.UKRLP.dbo.ProviderInstance,a97e2eb1-c959-4c26-8064-6961d76df731
null,03141290,THE HOPE FOUNDATION LIMITED,TRUE,null,21/01/2026,10003144,null,PUB.UKRLP.dbo.ProviderInstance,a97e2eb1-c959-4c26-8064-6961d76df731
03/09/2019,02274170,HOPE STREET LIMITED,FALSE,null,03/08/2019,10003145,null,PUB.UKRLP.dbo.ProviderInstance,a97e2eb1-c959-4c26-8064-6961d76df731
null,null,HOPWOOD HALL COLLEGE,TRUE,null,21/07/2026,10003146,130507,PUB.UKRLP.dbo.ProviderInstance,a97e2eb1-c959-4c26-8064-6961d76df731
null,03319069,BOROUGH OF HAVANT SPORT AND LEISURE TRUST,TRUE,Horizon Health Club,17/07/2026,10003147,null,PUB.UKRLP.dbo.ProviderInstance,a97e2eb1-c959-4c26-8064-6961d76df731
17/12/2009,03351362,HORIZON RECRUITMENT LIMITED,FALSE,null,23/03/2007,10003148,null,PUB.UKRLP.dbo.ProviderInstance,a97e2eb1-c959-4c26-8064-6961d76df731
14/10/2013,02299228,HORIZON TRAINING LIMITED,FALSE,null,27/01/2012,10003149,null,PUB.UKRLP.dbo.ProviderInstance,a97e2eb1-c959-4c26-8064-6961d76df731
02/09/2010,04562747,HORIZONS COUNSELLING LIMITED,FALSE,null,18/04/2007,10003150,null,PUB.UKRLP.dbo.ProviderInstance,a97e2eb1-c959-4c26-8064-6961d76df731
null,null,HORNDEAN TECHNOLOGY COLLEGE,TRUE,null,10/10/2025,10003151,116437,PUB.UKRLP.dbo.ProviderInstance,a97e2eb1-c959-4c26-8064-6961d76df731
null,null,HORNSEA SCHOOL AND LANGUAGE COLLEGE,TRUE,null,10/10/2025,10003152,118082,PUB.UKRLP.dbo.ProviderInstance,a97e2eb1-c959-4c26-8064-6961d76df731
null,null,HORNSEY SCHOOL FOR GIRLS,TRUE,null,10/10/2025,10003153,102153,PUB.UKRLP.dbo.ProviderInstance,a97e2eb1-c959-4c26-8064-6961d76df731
null,03789144,HORSES AND COURSES LIMITED,TRUE,null,21/03/2025,10003154,null,PUB.UKRLP.dbo.ProviderInstance,a97e2eb1-c959-4c26-8064-6961d76df731
11/04/2019,null,HORSFORTH SCHOOL,FALSE,null,29/07/2005,10003155,108092,PUB.UKRLP.dbo.ProviderInstance,a97e2eb1-c959-4c26-8064-6961d76df731
null,null,HORSTEAD CENTRE,TRUE,null,07/06/2018,10003156,null,PUB.UKRLP.dbo.ProviderInstance,a97e2eb1-c959-4c26-8064-6961d76df731
26/01/2009,03254119,HORWATH FRANCHISE SERVICES LIMITED,FALSE,null,18/04/2007,10003157,null,PUB.UKRLP.dbo.ProviderInstance,a97e2eb1-c959-4c26-8064-6961d76df731
09/07/2007,04425114,HOSHIN LIMITED,FALSE,null,18/04/2007,10003158,null,PUB.UKRLP.dbo.ProviderInstance,a97e2eb1-c959-4c26-8064-6961d76df731
05/08/2019,02448148,HOSPITALITY AND LEISURE MANPOWER LIMITED,FALSE,null,05/04/2019,10003159,null,PUB.UKRLP.dbo.ProviderInstance,a97e2eb1-c959-4c26-8064-6961d76df731
05/09/2006,04403186,HOSPITALITY PLUS LIMITED,FALSE,null,29/07/2005,10003160,null,PUB.UKRLP.dbo.ProviderInstance,a97e2eb1-c959-4c26-8064-6961d76df731
null,02817838,BABCOCK TRAINING LIMITED,TRUE,null,08/04/2026,10003161,null,PUB.UKRLP.dbo.ProviderInstance,a97e2eb1-c959-4c26-8064-6961d76df731
null,03949579,HTP APPRENTICESHIP COLLEGE LTD,TRUE,null,26/03/2026,10003162,null,PUB.UKRLP.dbo.ProviderInstance,a97e2eb1-c959-4c26-8064-6961d76df731
01/07/2024,02794097,HOUGHALL ENTERPRISES LIMITED,FALSE,null,16/04/2023,10003163,null,PUB.UKRLP.dbo.ProviderInstance,a97e2eb1-c959-4c26-8064-6961d76df731
26/05/2015,03922181,HOUGHTON RACECOURSE COMMUNITY ACCESS POINT,FALSE,null,20/03/2015,10003164,null,PUB.UKRLP.dbo.ProviderInstance,a97e2eb1-c959-4c26-8064-6961d76df731
null,null,HOUNSLOW LONDON BOROUGH COUNCIL,TRUE,Hounslow Adult and Community Education,21/07/2026,10003165,null,PUB.UKRLP.dbo.ProviderInstance,a97e2eb1-c959-4c26-8064-6961d76df731
null,03548669,INSPIRE HOUNSLOW,TRUE,null,24/06/2022,10003166,null,PUB.UKRLP.dbo.ProviderInstance,a97e2eb1-c959-4c26-8064-6961d76df731
19/05/2006,null,HOUNSLOW MANOR SCHOOL,FALSE,null,29/07/2005,10003167,null,PUB.UKRLP.dbo.ProviderInstance,a97e2eb1-c959-4c26-8064-6961d76df731
null,NI021018,HOUSING RIGHTS,TRUE,null,02/06/2026,10003168,null,PUB.UKRLP.dbo.ProviderInstance,a97e2eb1-c959-4c26-8064-6961d76df731
null,null,HOVE PARK SCHOOL AND SIXTH FORM CENTRE,TRUE,null,10/10/2025,10003169,114607,PUB.UKRLP.dbo.ProviderInstance,a97e2eb1-c959-4c26-8064-6961d76df731
04/07/2011,null,HOWARD OF EFFINGHAM SCHOOL,FALSE,null,29/07/2005,10003170,125247,PUB.UKRLP.dbo.ProviderInstance,a97e2eb1-c959-4c26-8064-6961d76df731
null,04784746,HOWARTHS HR AND EMPLOYMENT LAW LIMITED,TRUE,null,05/12/2025,10003171,null,PUB.UKRLP.dbo.ProviderInstance,a97e2eb1-c959-4c26-8064-6961d76df731
02/09/2011,null,BATLEY GIRLS' HIGH SCHOOL - VISUAL ARTS COLLEGE,FALSE,null,01/09/2009,10003172,107770,PUB.UKRLP.dbo.ProviderInstance,a97e2eb1-c959-4c26-8064-6961d76df731
06/09/2018,null,HOWDEN SCHOOL,FALSE,null,16/08/2018,10003173,118084,PUB.UKRLP.dbo.ProviderInstance,a97e2eb1-c959-4c26-8064-6961d76df731
null,04380076,HOWITT CONSULTING LIMITED,TRUE,null,30/09/2025,10003174,null,PUB.UKRLP.dbo.ProviderInstance,a97e2eb1-c959-4c26-8064-6961d76df731
11/11/2009,03006013,HOXTON BIBLIOTECH,FALSE,null,11/11/2009,10003175,null,PUB.UKRLP.dbo.ProviderInstance,a97e2eb1-c959-4c26-8064-6961d76df731
null,04443119,HR CHAMPIONS LIMITED,TRUE,null,29/08/2024,10003176,null,PUB.UKRLP.dbo.ProviderInstance,a97e2eb1-c959-4c26-8064-6961d76df731
08/11/2006,03159961,H. R. SERVICES LIMITED,FALSE,Hr Services Ltd,29/07/2005,10003177,null,PUB.UKRLP.dbo.ProviderInstance,a97e2eb1-c959-4c26-8064-6961d76df731
26/01/2009,04606287,HRACONSULTING LIMITED,FALSE,Hra Consulting,19/04/2007,10003178,null,PUB.UKRLP.dbo.ProviderInstance,a97e2eb1-c959-4c26-8064-6961d76df731
05/10/2016,03134321,THE HRD GROUP LIMITED,FALSE,null,26/06/2016,10003179,null,PUB.UKRLP.dbo.ProviderInstance,a97e2eb1-c959-4c26-8064-6961d76df731
17/12/2009,03890851,HILLINGDON RACE EQUALITY COUNCIL LTD.,FALSE,Hrec,19/04/2007,10003180,null,PUB.UKRLP.dbo.ProviderInstance,a97e2eb1-c959-4c26-8064-6961d76df731
30/07/2009,04346921,HRN SOCIAL ENTERPRISE LIMITED,FALSE,null,19/04/2007,10003181,null,PUB.UKRLP.dbo.ProviderInstance,a97e2eb1-c959-4c26-8064-6961d76df731
null,01439794,HRO'C LIMITED,TRUE,null,06/06/2025,10003182,null,PUB.UKRLP.dbo.ProviderInstance,a97e2eb1-c959-4c26-8064-6961d76df731
null,00644490,HSS HIRE SERVICE GROUP LIMITED,TRUE,null,23/07/2024,10003183,null,PUB.UKRLP.dbo.ProviderInstance,a97e2eb1-c959-4c26-8064-6961d76df731
03/03/2011,04628260,HT DIRECT LIMITED,FALSE,null,28/03/2007,10003184,null,PUB.UKRLP.dbo.ProviderInstance,a97e2eb1-c959-4c26-8064-6961d76df731
16/07/2025,02272112,ITV WALES & WEST LIMITED,FALSE,ITV West Television Workshops,06/01/2025,10003185,null,PUB.UKRLP.dbo.ProviderInstance,a97e2eb1-c959-4c26-8064-6961d76df731
08/11/2006,04257777,HUDAWI,FALSE,Hudawi Company Ltd,29/07/2005,10003186,null,PUB.UKRLP.dbo.ProviderInstance,a97e2eb1-c959-4c26-8064-6961d76df731
null,null,HUDDERSFIELD AND DISTRICT FAMILY HISTORY SOCIETY,TRUE,null,07/06/2018,10003187,null,PUB.UKRLP.dbo.ProviderInstance,a97e2eb1-c959-4c26-8064-6961d76df731
null,null,HUDDERSFIELD NEW COLLEGE,TRUE,null,10/10/2025,10003188,130539,PUB.UKRLP.dbo.ProviderInstance,a97e2eb1-c959-4c26-8064-6961d76df731
null,null,KIRKLEES COLLEGE,TRUE,null,21/07/2026,10003189,130537,PUB.UKRLP.dbo.ProviderInstance,a97e2eb1-c959-4c26-8064-6961d76df731
null,03481670,HUDDERSFIELD TEXTILE TRAINING LIMITED,TRUE,The Textile Centre of Excellence,27/04/2026,10003190,null,PUB.UKRLP.dbo.ProviderInstance,a97e2eb1-c959-4c26-8064-6961d76df731
09/07/2007,04247561,THE TWO DALES COMMUNITY COMPANY KNOWN AS HUDSON HOUSE LTD.,FALSE,Hudson House Ltd,27/03/2007,10003191,null,PUB.UKRLP.dbo.ProviderInstance,a97e2eb1-c959-4c26-8064-6961d76df731
null,04219394,AR TRAINING LIMITED,TRUE,null,29/09/2024,10003192,null,PUB.UKRLP.dbo.ProviderInstance,a97e2eb1-c959-4c26-8064-6961d76df731
null,null,HUGH BAIRD COLLEGE,TRUE,null,21/07/2026,10003193,130490,PUB.UKRLP.dbo.ProviderInstance,a97e2eb1-c959-4c26-8064-6961d76df731
15/04/2024,null,HUGH CHRISTIE SCHOOL,FALSE,null,11/02/2024,10003194,118903,PUB.UKRLP.dbo.ProviderInstance,a97e2eb1-c959-4c26-8064-6961d76df731
null,NI024320,HUGH J. O'BOYLE TRAINING LTD.,TRUE,null,17/10/2025,10003195,null,PUB.UKRLP.dbo.ProviderInstance,a97e2eb1-c959-4c26-8064-6961d76df731
null,04948484,HUGHES DRIVER TRAINING LIMITED,TRUE,null,17/07/2026,10003196,null,PUB.UKRLP.dbo.ProviderInstance,a97e2eb1-c959-4c26-8064-6961d76df731
null,04744188,HULL BUSINESS TRAINING CENTRE LIMITED,TRUE,null,01/09/2025,10003197,null,PUB.UKRLP.dbo.ProviderInstance,a97e2eb1-c959-4c26-8064-6961d76df731
null,null,KINGSTON UPON HULL CITY COUNCIL,TRUE,null,21/07/2026,10003198,null,PUB.UKRLP.dbo.ProviderInstance,a97e2eb1-c959-4c26-8064-6961d76df731
04/06/2020,03031648,HULL AND EAST YORKSHIRE COMMUNITY FOUNDATION,FALSE,null,12/03/2020,10003199,null,PUB.UKRLP.dbo.ProviderInstance,a97e2eb1-c959-4c26-8064-6961d76df731
null,null,HULL COLLEGE,TRUE,Hull College Group,21/07/2026,10003200,130579,PUB.UKRLP.dbo.ProviderInstance,a97e2eb1-c959-4c26-8064-6961d76df731
06/08/2015,null,HULL HOSTEL FORUM,FALSE,null,30/04/2015,10003201,null,PUB.UKRLP.dbo.ProviderInstance,a97e2eb1-c959-4c26-8064-6961d76df731
17/12/2009,04793337,HULL TIME BASED ARTS,FALSE,null,21/05/2008,10003202,null,PUB.UKRLP.dbo.ProviderInstance,a97e2eb1-c959-4c26-8064-6961d76df731
null,null,HULL WOMEN'S CENTRE,TRUE,null,07/06/2018,10003203,null,PUB.UKRLP.dbo.ProviderInstance,a97e2eb1-c959-4c26-8064-6961d76df731
19/03/2007,03560021,HUMBER CLIENT/CONTRACTOR TRAINING ASSOCIATION,FALSE,Impress,20/07/2006,10003204,null,PUB.UKRLP.dbo.ProviderInstance,a97e2eb1-c959-4c26-8064-6961d76df731
30/10/2014,04981774,HUMBER FLYING CLUB LTD,FALSE,null,31/07/2014,10003205,null,PUB.UKRLP.dbo.ProviderInstance,a97e2eb1-c959-4c26-8064-6961d76df731
null,01007353,HUMBERSIDE ENGINEERING TRAINING ASSOCIATION LIMITED,TRUE,null,23/12/2025,10003206,null,PUB.UKRLP.dbo.ProviderInstance,a97e2eb1-c959-4c26-8064-6961d76df731
null,04383779,HUMBER LEARNING CONSORTIUM,TRUE,null,11/03/2026,10003207,null,PUB.UKRLP.dbo.ProviderInstance,a97e2eb1-c959-4c26-8064-6961d76df731
null,02190605,HUMBERSIDE OFFSHORE TRAINING ASSOCIATION,TRUE,null,14/09/2024,10003208,null,PUB.UKRLP.dbo.ProviderInstance,a97e2eb1-c959-4c26-8064-6961d76df731
06/09/2018,03421131,HUNTER TRAINING AND CONSULTANCY LIMITED,FALSE,null,10/08/2018,10003209,null,PUB.UKRLP.dbo.ProviderInstance,a97e2eb1-c959-4c26-8064-6961d76df731
null,null,HUNTINGTON SCHOOL,TRUE,null,10/10/2025,10003210,121673,PUB.UKRLP.dbo.ProviderInstance,a97e2eb1-c959-4c26-8064-6961d76df731
14/01/2015,null,HURLINGHAM AND CHELSEA SECONDARY SCHOOL,FALSE,null,28/12/2014,10003211,100361,PUB.UKRLP.dbo.ProviderInstance,a97e2eb1-c959-4c26-8064-6961d76df731
null,03005603,HULT INTERNATIONAL BUSINESS SCHOOL LTD,TRUE,Hult,02/09/2025,10003212,null,PUB.UKRLP.dbo.ProviderInstance,a97e2eb1-c959-4c26-8064-6961d76df731
05/03/2018,01260285,HURST LODGE SCHOOL,FALSE,null,19/11/2017,10003213,110150,PUB.UKRLP.dbo.ProviderInstance,a97e2eb1-c959-4c26-8064-6961d76df731
null,04974082,HUSKI LIMITED,TRUE,Huski Chalet Holidays,01/10/2024,10003214,null,PUB.UKRLP.dbo.ProviderInstance,a97e2eb1-c959-4c26-8064-6961d76df731
07/11/2016,04118305,HUTHWAITE INTERNATIONAL (2001) LIMITED,FALSE,null,02/10/2016,10003215,null,PUB.UKRLP.dbo.ProviderInstance,a97e2eb1-c959-4c26-8064-6961d76df731
null,null,HUTTON CHURCH OF ENGLAND GRAMMAR SCHOOL,TRUE,null,10/10/2025,10003216,119794,PUB.UKRLP.dbo.ProviderInstance,a97e2eb1-c959-4c26-8064-6961d76df731
04/04/2012,null,HUXLOW SCIENCE COLLEGE,FALSE,null,14/08/2006,10003217,122053,PUB.UKRLP.dbo.ProviderInstance,a97e2eb1-c959-4c26-8064-6961d76df731
14/07/2014,02093828,HUYTON CHURCHES TRAINING SERVICES,FALSE,HCTS,11/06/2014,10003218,null,PUB.UKRLP.dbo.ProviderInstance,a97e2eb1-c959-4c26-8064-6961d76df731
null,03488043,HYA TRAINING LIMITED,TRUE,null,01/10/2024,10003219,null,PUB.UKRLP.dbo.ProviderInstance,a97e2eb1-c959-4c26-8064-6961d76df731
18/09/2015,04538999,HYDE PARK STABLES LIMITED,FALSE,null,20/07/2015,10003220,null,PUB.UKRLP.dbo.ProviderInstance,a97e2eb1-c959-4c26-8064-6961d76df731
05/09/2006,04900990,HYDER BUSINESS SERVICES LIMITED,FALSE,null,29/07/2005,10003221,null,PUB.UKRLP.dbo.ProviderInstance,a97e2eb1-c959-4c26-8064-6961d76df731
null,03931467,HYGIENE 2 HEALTH LIMITED,TRUE,null,18/07/2026,10003222,null,PUB.UKRLP.dbo.ProviderInstance,a97e2eb1-c959-4c26-8064-6961d76df731
null,04244282,HYGIENE MANAGEMENT SOLUTIONS LIMITED,TRUE,null,05/12/2025,10003223,null,PUB.UKRLP.dbo.ProviderInstance,a97e2eb1-c959-4c26-8064-6961d76df731
20/02/2012,02915744,MEDRIS LTD,FALSE,null,03/03/2011,10003224,null,PUB.UKRLP.dbo.ProviderInstance,a97e2eb1-c959-4c26-8064-6961d76df731
17/08/2011,null,HYLANDS SCHOOL,FALSE,null,26/05/2010,10003225,115371,PUB.UKRLP.dbo.ProviderInstance,a97e2eb1-c959-4c26-8064-6961d76df731
28/01/2009,04205631,HYO GEN DO LIMITED,FALSE,null,19/04/2007,10003226,null,PUB.UKRLP.dbo.ProviderInstance,a97e2eb1-c959-4c26-8064-6961d76df731
19/04/2017,05135755,HYPNOVA LIMITED,FALSE,null,12/01/2017,10003227,null,PUB.UKRLP.dbo.ProviderInstance,a97e2eb1-c959-4c26-8064-6961d76df731
null,03084208,I CAN DO IT LIMITED,TRUE,null,21/01/2026,10003228,null,PUB.UKRLP.dbo.ProviderInstance,a97e2eb1-c959-4c26-8064-6961d76df731
07/05/2019,04299232,I.H.T.S. LIMITED,FALSE,IN-HOUSE Training Services,15/02/2019,10003229,null,PUB.UKRLP.dbo.ProviderInstance,a97e2eb1-c959-4c26-8064-6961d76df731
08/09/2017,04539983,CBQ NO. 2 (UK) LIMITED,FALSE,null,25/05/2017,10003230,null,PUB.UKRLP.dbo.ProviderInstance,a97e2eb1-c959-4c26-8064-6961d76df731
null,04797189,EXG LIMITED,TRUE,null,24/03/2024,10003231,null,PUB.UKRLP.dbo.ProviderInstance,a97e2eb1-c959-4c26-8064-6961d76df731
11/12/2014,null,IAN RAMSEY CHURCH OF ENGLAND AIDED COMPREHENSIVE SCHOOL,FALSE,null,08/10/2014,10003232,111764,PUB.UKRLP.dbo.ProviderInstance,a97e2eb1-c959-4c26-8064-6961d76df731
26/03/2023,04333984,IB2K LIMITED,FALSE,null,25/10/2018,10003233,null,PUB.UKRLP.dbo.ProviderInstance,a97e2eb1-c959-4c26-8064-6961d76df731
null,00741598,IBM UNITED KINGDOM LIMITED,TRUE,IBM UK Ltd,14/09/2024,10003234,null,PUB.UKRLP.dbo.ProviderInstance,a97e2eb1-c959-4c26-8064-6961d76df731
11/04/2019,null,IBSTOCK COMMUNITY COLLEGE,FALSE,null,18/08/2006,10003235,120242,PUB.UKRLP.dbo.ProviderInstance,a97e2eb1-c959-4c26-8064-6961d76df731
null,04050039,ICA TECHNICAL SOLUTIONS LIMITED,TRUE,null,21/01/2026,10003236,null,PUB.UKRLP.dbo.ProviderInstance,a97e2eb1-c959-4c26-8064-6961d76df731
05/11/2007,03179519,THE ICARUS SCHOOL OF HANG GLIDING LIMITED,FALSE,null,19/04/2007,10003237,null,PUB.UKRLP.dbo.ProviderInstance,a97e2eb1-c959-4c26-8064-6961d76df731
21/03/2007,04047561,I C EYE LIMITED,FALSE,INTERNET COLLEGE FOR EARLY YEARS EDUCATION LTD,06/09/2006,10003238,null,PUB.UKRLP.dbo.ProviderInstance,a97e2eb1-c959-4c26-8064-6961d76df731
null,04903429,ICON COLLEGE OF TECHNOLOGY AND MANAGEMENT LTD,TRUE,ICON College of Technology & Management,27/03/2026,10003239,null,PUB.UKRLP.dbo.ProviderInstance,a97e2eb1-c959-4c26-8064-6961d76df731
null,03106180,ICON VOCATIONAL TRAINING LIMITED,TRUE,null,01/10/2024,10003240,null,PUB.UKRLP.dbo.ProviderInstance,a97e2eb1-c959-4c26-8064-6961d76df731
11/12/2007,04131882,THE ICT ACADEMY LIMITED,FALSE,null,30/03/2007,10003241,null,PUB.UKRLP.dbo.ProviderInstance,a97e2eb1-c959-4c26-8064-6961d76df731
25/10/2017,04109974,ICT MARKETING LIMITED,FALSE,null,19/07/2017,10003242,null,PUB.UKRLP.dbo.ProviderInstance,a97e2eb1-c959-4c26-8064-6961d76df731
null,04049093,STELRAD MANAGEMENT LIMITED,TRUE,null,02/07/2026,10003243,null,PUB.UKRLP.dbo.ProviderInstance,a97e2eb1-c959-4c26-8064-6961d76df731
null,04853947,I.D.P. SAFETY SERVICES LIMITED,TRUE,null,17/07/2026,10003244,null,PUB.UKRLP.dbo.ProviderInstance,a97e2eb1-c959-4c26-8064-6961d76df731
02/06/2014,null,IDSALL SCHOOL,FALSE,null,20/03/2014,10003245,123568,PUB.UKRLP.dbo.ProviderInstance,a97e2eb1-c959-4c26-8064-6961d76df731
null,00849983,I.F.F RESEARCH LIMITED,TRUE,null,18/02/2024,10003246,null,PUB.UKRLP.dbo.ProviderInstance,a97e2eb1-c959-4c26-8064-6961d76df731
08/06/2025,null,IFIELD COMMUNITY COLLEGE,FALSE,null,07/04/2025,10003247,126071,PUB.UKRLP.dbo.ProviderInstance,a97e2eb1-c959-4c26-8064-6961d76df731
13/09/2021,03144066,CL LEEDS LTD,FALSE,null,15/07/2021,10003248,null,PUB.UKRLP.dbo.ProviderInstance,a97e2eb1-c959-4c26-8064-6961d76df731
04/03/2011,01685665,ILDERTON MOTOR PROJECT,FALSE,null,12/05/2008,10003249,null,PUB.UKRLP.dbo.ProviderInstance,a97e2eb1-c959-4c26-8064-6961d76df731
09/10/2009,03825611,ILEARN.TO LIMITED,FALSE,null,12/05/2008,10003250,null,PUB.UKRLP.dbo.ProviderInstance,a97e2eb1-c959-4c26-8064-6961d76df731
08/11/2007,04825963,ILEARN.TO DEVELOPMENT LIMITED,FALSE,Ilearn.To,19/04/2007,10003251,null,PUB.UKRLP.dbo.ProviderInstance,a97e2eb1-c959-4c26-8064-6961d76df731
null,01734484,CILEX LAW SCHOOL LIMITED,TRUE,CILEX Law School,21/05/2026,10003252,null,PUB.UKRLP.dbo.ProviderInstance,a97e2eb1-c959-4c26-8064-6961d76df731
null,null,ILFORD COUNTY HIGH SCHOOL,TRUE,null,10/10/2025,10003253,102850,PUB.UKRLP.dbo.ProviderInstance,a97e2eb1-c959-4c26-8064-6961d76df731
02/09/2011,null,ILFORD URSULINE HIGH SCHOOL,FALSE,null,29/07/2005,10003254,132106,PUB.UKRLP.dbo.ProviderInstance,a97e2eb1-c959-4c26-8064-6961d76df731
04/02/2009,null,ILFRACOMBE ARTS COLLEGE,FALSE,null,04/02/2009,10003255,null,PUB.UKRLP.dbo.ProviderInstance,a97e2eb1-c959-4c26-8064-6961d76df731
08/11/2019,03755311,WESTWARD PATHFINDER,FALSE,null,19/08/2019,10003256,null,PUB.UKRLP.dbo.ProviderInstance,a97e2eb1-c959-4c26-8064-6961d76df731
17/08/2011,null,ILKESTON SCHOOL: SPECIALIST ARTS COLLEGE,FALSE,null,04/02/2009,10003257,112945,PUB.UKRLP.dbo.ProviderInstance,a97e2eb1-c959-4c26-8064-6961d76df731
07/07/2011,null,ILKLEY GRAMMAR SCHOOL,FALSE,null,29/07/2005,10003258,107421,PUB.UKRLP.dbo.ProviderInstance,a97e2eb1-c959-4c26-8064-6961d76df731
24/06/2022,03193454,ILLUMINE LIMITED,FALSE,null,18/04/2022,10003259,null,PUB.UKRLP.dbo.ProviderInstance,a97e2eb1-c959-4c26-8064-6961d76df731
null,SC150500,I.L.M. (HIGHLAND),TRUE,null,21/01/2026,10003260,null,PUB.UKRLP.dbo.ProviderInstance,a97e2eb1-c959-4c26-8064-6961d76df731
04/04/2007,03954818,IMAGE DESIGN & PRINT LIMITED,FALSE,null,06/09/2006,10003261,null,PUB.UKRLP.dbo.ProviderInstance,a97e2eb1-c959-4c26-8064-6961d76df731
null,null,IMBERHORNE SCHOOL,TRUE,null,10/10/2025,10003262,126088,PUB.UKRLP.dbo.ProviderInstance,a97e2eb1-c959-4c26-8064-6961d76df731
09/02/2016,null,IMMANUEL COLLEGE,FALSE,null,08/01/2016,10003263,132219,PUB.UKRLP.dbo.ProviderInstance,a97e2eb1-c959-4c26-8064-6961d76df731
28/01/2009,04273181,IMMTECH TRAINING LIMITED,FALSE,Immtech Technology Training,20/04/2007,10003264,null,PUB.UKRLP.dbo.ProviderInstance,a97e2eb1-c959-4c26-8064-6961d76df731
18/04/2012,04955031,IMPACT FARADAY LTD.,FALSE,null,14/08/2009,10003265,null,PUB.UKRLP.dbo.ProviderInstance,a97e2eb1-c959-4c26-8064-6961d76df731
null,01402692,IMPACT INITIATIVES,TRUE,null,21/01/2026,10003266,null,PUB.UKRLP.dbo.ProviderInstance,a97e2eb1-c959-4c26-8064-6961d76df731
null,04233545,IMPACT INNOVATION LTD.,TRUE,null,21/01/2026,10003267,null,PUB.UKRLP.dbo.ProviderInstance,a97e2eb1-c959-4c26-8064-6961d76df731
null,04484355,IMPACKTA LIMITED,TRUE,null,17/03/2023,10003268,null,PUB.UKRLP.dbo.ProviderInstance,a97e2eb1-c959-4c26-8064-6961d76df731
30/07/2009,04268199,IMPACT RESEARCH LIMITED,FALSE,null,20/04/2007,10003269,null,PUB.UKRLP.dbo.ProviderInstance,a97e2eb1-c959-4c26-8064-6961d76df731
null,RC000231,"IMPERIAL COLLEGE OF SCIENCE, TECHNOLOGY AND MEDICINE",TRUE,Imperial College London,16/02/2018,10003270,133887,PUB.UKRLP.dbo.ProviderInstance,a97e2eb1-c959-4c26-8064-6961d76df731
08/11/2006,04827388,IMPETUS 4 LIMITED,FALSE,null,29/07/2005,10003271,null,PUB.UKRLP.dbo.ProviderInstance,a97e2eb1-c959-4c26-8064-6961d76df731
01/02/2012,null,IMPINGTON VILLAGE COLLEGE,FALSE,null,15/04/2008,10003272,110861,PUB.UKRLP.dbo.ProviderInstance,a97e2eb1-c959-4c26-8064-6961d76df731
21/03/2007,05146313,IMRC LIMITED,FALSE,null,06/09/2006,10003273,null,PUB.UKRLP.dbo.ProviderInstance,a97e2eb1-c959-4c26-8064-6961d76df731
01/10/2024,04095839,LEAN EDUCATION AND DEVELOPMENT LIMITED,FALSE,Lean Education And Development,09/12/2022,10003274,null,PUB.UKRLP.dbo.ProviderInstance,a97e2eb1-c959-4c26-8064-6961d76df731
15/04/2008,03437686,IMS (UK) LIMITED,FALSE,null,27/03/2007,10003275,null,PUB.UKRLP.dbo.ProviderInstance,a97e2eb1-c959-4c26-8064-6961d76df731
23/01/2014,04087115,IN 2 TRAINING LIMITED,FALSE,null,29/10/2013,10003276,null,PUB.UKRLP.dbo.ProviderInstance,a97e2eb1-c959-4c26-8064-6961d76df731
10/04/2015,04012867,KLM PUBLISHING LIMITED,FALSE,In Flight Training,31/12/2014,10003277,null,PUB.UKRLP.dbo.ProviderInstance,a97e2eb1-c959-4c26-8064-6961d76df731
05/11/2007,04685997,IN SAFE HANDS TRAINING SERVICES LIMITED,FALSE,null,20/04/2007,10003278,null,PUB.UKRLP.dbo.ProviderInstance,a97e2eb1-c959-4c26-8064-6961d76df731
06/01/2022,02827788,IN TOUCH CARE LIMITED,FALSE,null,08/11/2021,10003279,null,PUB.UKRLP.dbo.ProviderInstance,a97e2eb1-c959-4c26-8064-6961d76df731
null,02882089,IN-COMM TRAINING AND BUSINESS SERVICES LIMITED,TRUE,null,10/06/2025,10003280,null,PUB.UKRLP.dbo.ProviderInstance,a97e2eb1-c959-4c26-8064-6961d76df731
null,05211160,IN-COMM TRAINING SERVICES LIMITED,TRUE,null,05/12/2025,10003281,null,PUB.UKRLP.dbo.ProviderInstance,a97e2eb1-c959-4c26-8064-6961d76df731
04/01/2017,03570889,INBIZ LIMITED,FALSE,null,22/11/2016,10003282,null,PUB.UKRLP.dbo.ProviderInstance,a97e2eb1-c959-4c26-8064-6961d76df731
08/06/2016,04379123,INCERT LIMITED,FALSE,null,05/04/2016,10003283,null,PUB.UKRLP.dbo.ProviderInstance,a97e2eb1-c959-4c26-8064-6961d76df731
null,01388554,INCHBALD SCHOOL OF DESIGN,TRUE,null,21/03/2026,10003284,133168,PUB.UKRLP.dbo.ProviderInstance,a97e2eb1-c959-4c26-8064-6961d76df731
11/05/2012,04096986,ENGLISH FEDERATION OF DISABILITY SPORT OPERATING COMPANY,FALSE,Inclusive Fitness Initiative,21/09/2010,10003285,null,PUB.UKRLP.dbo.ProviderInstance,a97e2eb1-c959-4c26-8064-6961d76df731
09/07/2007,null,INDEPENDENT ADVOCACY (NORTH TYNESIDE),FALSE,Independant Advocacy North Tyneside,29/07/2005,10003286,null,PUB.UKRLP.dbo.ProviderInstance,a97e2eb1-c959-4c26-8064-6961d76df731
null,04627765,INDEPENDENT POLYMER TECHNOLOGY LTD,TRUE,null,30/12/2025,10003287,null,PUB.UKRLP.dbo.ProviderInstance,a97e2eb1-c959-4c26-8064-6961d76df731
null,01892910,INDEPENDENT THEATRE COUNCIL LIMITED,TRUE,null,17/07/2026,10003288,null,PUB.UKRLP.dbo.ProviderInstance,a97e2eb1-c959-4c26-8064-6961d76df731
null,04274770,INDEPENDENT TRAINING SERVICES LIMITED,TRUE,null,17/01/2026,10003289,null,PUB.UKRLP.dbo.ProviderInstance,a97e2eb1-c959-4c26-8064-6961d76df731
08/10/2010,03386677,INDEXMINI LIMITED,FALSE,null,20/04/2007,10003290,null,PUB.UKRLP.dbo.ProviderInstance,a97e2eb1-c959-4c26-8064-6961d76df731
null,null,THE INDIAN MUSLIM WELFARE SOCIETY,TRUE,null,07/06/2018,10003291,null,PUB.UKRLP.dbo.ProviderInstance,a97e2eb1-c959-4c26-8064-6961d76df731
15/03/2016,04969725,INDIGO TRAINING SOLUTIONS LIMITED,FALSE,null,11/01/2016,10003292,null,PUB.UKRLP.dbo.ProviderInstance,a97e2eb1-c959-4c26-8064-6961d76df731
null,02382479,INDUSTRIAL TRAINING SERVICES LTD,TRUE,null,18/07/2026,10003293,null,PUB.UKRLP.dbo.ProviderInstance,a97e2eb1-c959-4c26-8064-6961d76df731
null,03810087,INDUSTRY DEVELOPMENT SERVICES LIMITED,TRUE,null,23/05/2024,10003294,null,PUB.UKRLP.dbo.ProviderInstance,a97e2eb1-c959-4c26-8064-6961d76df731
09/07/2007,00934832,INFAST SUBSIDIARY NO 2 LIMITED,FALSE,Infast,27/03/2007,10003295,null,PUB.UKRLP.dbo.ProviderInstance,a97e2eb1-c959-4c26-8064-6961d76df731
06/04/2016,03499040,INFORMATION BYWAY C.I.C.,FALSE,Appleby Online Centre,03/01/2016,10003296,null,PUB.UKRLP.dbo.ProviderInstance,a97e2eb1-c959-4c26-8064-6961d76df731
null,02562033,INFORMATION HORIZONS LIMITED,TRUE,null,11/03/2026,10003297,null,PUB.UKRLP.dbo.ProviderInstance,a97e2eb1-c959-4c26-8064-6961d76df731
05/09/2006,05101228,INFOTECH-PSP,FALSE,Infotech (Psp Ltd),29/07/2005,10003298,null,PUB.UKRLP.dbo.ProviderInstance,a97e2eb1-c959-4c26-8064-6961d76df731
null,04320866,INGEUS EUROPE LIMITED,TRUE,null,26/12/2022,10003299,null,PUB.UKRLP.dbo.ProviderInstance,a97e2eb1-c959-4c26-8064-6961d76df731
17/05/2012,03295060,INGRAM DE HAVILLAND LIMITED,FALSE,null,01/09/2011,10003300,null,PUB.UKRLP.dbo.ProviderInstance,a97e2eb1-c959-4c26-8064-6961d76df731
26/01/2009,03245764,INGRAMS SERVEQUIP LTD,FALSE,null,20/04/2007,10003301,null,PUB.UKRLP.dbo.ProviderInstance,a97e2eb1-c959-4c26-8064-6961d76df731
null,00715168,CHUBB SYSTEMS LIMITED,TRUE,null,23/06/2022,10003302,null,PUB.UKRLP.dbo.ProviderInstance,a97e2eb1-c959-4c26-8064-6961d76df731
01/10/2024,04141381,INITIAL TRAINING LIMITED,FALSE,null,18/03/2024,10003303,null,PUB.UKRLP.dbo.ProviderInstance,a97e2eb1-c959-4c26-8064-6961d76df731
17/12/2009,01242368,INITIATIVE TRAINING & ENTERPRISES LTD.,FALSE,null,14/08/2009,10003304,null,PUB.UKRLP.dbo.ProviderInstance,a97e2eb1-c959-4c26-8064-6961d76df731
null,03901774,INN-DISPENSABLE BUSINESS SERVICES LIMITED,TRUE,null,21/01/2026,10003305,null,PUB.UKRLP.dbo.ProviderInstance,a97e2eb1-c959-4c26-8064-6961d76df731
04/03/2011,01664797,INNER LONDON TRAINING LIMITED,FALSE,null,20/04/2007,10003306,null,PUB.UKRLP.dbo.ProviderInstance,a97e2eb1-c959-4c26-8064-6961d76df731
25/08/2017,04487443,HEALTHCENTERED LTD,FALSE,Inner Place Training,22/07/2017,10003307,null,PUB.UKRLP.dbo.ProviderInstance,a97e2eb1-c959-4c26-8064-6961d76df731
17/11/2014,03861541,INSIDE OUT (UK) LIMITED,FALSE,null,15/09/2014,10003308,null,PUB.UKRLP.dbo.ProviderInstance,a97e2eb1-c959-4c26-8064-6961d76df731
09/05/2008,04728876,INSIDE TRACK MARKETING LIMITED,FALSE,null,20/04/2007,10003309,null,PUB.UKRLP.dbo.ProviderInstance,a97e2eb1-c959-4c26-8064-6961d76df731
03/09/2010,03090241,INSIGHT HUMAN RESOURCE CONSULTING LIMITED,FALSE,null,24/12/2009,10003310,null,PUB.UKRLP.dbo.ProviderInstance,a97e2eb1-c959-4c26-8064-6961d76df731
30/09/2024,04650217,INSIGHT IT TRAINING LIMITED,FALSE,null,22/01/2023,10003311,null,PUB.UKRLP.dbo.ProviderInstance,a97e2eb1-c959-4c26-8064-6961d76df731
08/02/2016,02623146,INSIGHT NEWS TELEVISION LIMITED,FALSE,null,05/01/2016,10003312,null,PUB.UKRLP.dbo.ProviderInstance,a97e2eb1-c959-4c26-8064-6961d76df731
null,SC249644,INSIGHT TRAINING  (SCOTLAND) LIMITED,TRUE,null,10/06/2025,10003313,null,PUB.UKRLP.dbo.ProviderInstance,a97e2eb1-c959-4c26-8064-6961d76df731
25/01/2018,05238620,INSPIRED MOSAICS LIMITED,FALSE,null,18/10/2017,10003314,null,PUB.UKRLP.dbo.ProviderInstance,a97e2eb1-c959-4c26-8064-6961d76df731
07/10/2009,03957091,INSPIRIT (TRAINING) LIMITED,FALSE,null,21/05/2008,10003315,null,PUB.UKRLP.dbo.ProviderInstance,a97e2eb1-c959-4c26-8064-6961d76df731
15/04/2008,01789716,INSTANT MUSCLE LIMITED,FALSE,Instant Muscle Enterprise Limited,20/04/2007,10003316,null,PUB.UKRLP.dbo.ProviderInstance,a97e2eb1-c959-4c26-8064-6961d76df731
null,03789359,INSTEP UK LIMITED,TRUE,Instep (UK) Limited,13/09/2024,10003317,null,PUB.UKRLP.dbo.ProviderInstance,a97e2eb1-c959-4c26-8064-6961d76df731
04/04/2007,SC216201,INSTEP INITIATIVES LIMITED,FALSE,null,28/03/2007,10003318,null,PUB.UKRLP.dbo.ProviderInstance,a97e2eb1-c959-4c26-8064-6961d76df731
null,OC309802,INSTINCT TRAINING LLP,TRUE,null,25/12/2022,10003319,null,PUB.UKRLP.dbo.ProviderInstance,a97e2eb1-c959-4c26-8064-6961d76df731
null,04101569,CHILD MENTAL HEALTH LIMITED,TRUE,null,17/07/2026,10003320,null,PUB.UKRLP.dbo.ProviderInstance,a97e2eb1-c959-4c26-8064-6961d76df731
null,00931547,INSTITUTE FOR EMPLOYMENT STUDIES,TRUE,null,02/09/2025,10003321,null,PUB.UKRLP.dbo.ProviderInstance,a97e2eb1-c959-4c26-8064-6961d76df731
12/01/2018,00151360,IAM REALISATIONS LIMITED,FALSE,null,14/08/2017,10003322,null,PUB.UKRLP.dbo.ProviderInstance,a97e2eb1-c959-4c26-8064-6961d76df731
20/07/2011,02726534,INSTITUTE OF BUSINESS ADMINISTRATION LIMITED,FALSE,null,28/03/2007,10003323,null,PUB.UKRLP.dbo.ProviderInstance,a97e2eb1-c959-4c26-8064-6961d76df731
null,00534147,INSTITUTE OF CANCER RESEARCH: ROYAL CANCER HOSPITAL (THE),TRUE,The Institute of Cancer Research,29/08/2024,10003324,133890,PUB.UKRLP.dbo.ProviderInstance,a97e2eb1-c959-4c26-8064-6961d76df731
17/06/2014,01694040,THE INSTITUTE OF CAREER GUIDANCE,FALSE,Institute Of Career Guidance (West Midlands),13/03/2014,10003325,null,PUB.UKRLP.dbo.ProviderInstance,a97e2eb1-c959-4c26-8064-6961d76df731
null,00555128,THE INSTITUTE OF PODIATRISTS,TRUE,null,19/06/2026,10003326,null,PUB.UKRLP.dbo.ProviderInstance,a97e2eb1-c959-4c26-8064-6961d76df731
null,02572091,MARKETING SKILLS TRUST LIMITED,TRUE,null,08/04/2026,10003327,null,PUB.UKRLP.dbo.ProviderInstance,a97e2eb1-c959-4c26-8064-6961d76df731
null,00307186,INSTITUTE OF EXPORT AND INTERNATIONAL TRADE (THE),TRUE,null,29/08/2024,10003328,null,PUB.UKRLP.dbo.ProviderInstance,a97e2eb1-c959-4c26-8064-6961d76df731
18/03/2013,03853942,INSTITUTE OF HEALTHCARE MANAGEMENT,FALSE,null,18/03/2013,10003329,null,PUB.UKRLP.dbo.ProviderInstance,a97e2eb1-c959-4c26-8064-6961d76df731
null,01629916,INSTITUTE OF HERALDIC AND GENEALOGICAL STUDIES(THE),TRUE,null,26/04/2026,10003330,null,PUB.UKRLP.dbo.ProviderInstance,a97e2eb1-c959-4c26-8064-6961d76df731
null,01791760,THE INNER CIRCLE EDUCATIONAL TRUST,TRUE,null,11/06/2025,10003331,null,PUB.UKRLP.dbo.ProviderInstance,a97e2eb1-c959-4c26-8064-6961d76df731
16/04/2012,00306810,"THE INSTITUTE FOR SPORT, PARKS AND LEISURE",FALSE,Institute Of Leisure And Amenity Management (Ilam),23/05/2008,10003332,null,PUB.UKRLP.dbo.ProviderInstance,a97e2eb1-c959-4c26-8064-6961d76df731
null,SC123972,INSTITUTE OF OCCUPATIONAL MEDICINE,TRUE,null,23/12/2025,10003333,null,PUB.UKRLP.dbo.ProviderInstance,a97e2eb1-c959-4c26-8064-6961d76df731
02/09/2010,01179272,THE INSTITUTE OF OPERATIONS MANAGEMENT,FALSE,null,14/08/2009,10003334,null,PUB.UKRLP.dbo.ProviderInstance,a97e2eb1-c959-4c26-8064-6961d76df731
12/11/2010,00481354,INSTITUTE OF OPHTHALMOLOGY LIMITED,FALSE,null,21/04/2007,10003335,null,PUB.UKRLP.dbo.ProviderInstance,a97e2eb1-c959-4c26-8064-6961d76df731
null,03612942,IPP EDUCATION LIMITED,TRUE,The Chartered Institute of Payroll Professionals,08/04/2026,10003336,null,PUB.UKRLP.dbo.ProviderInstance,a97e2eb1-c959-4c26-8064-6961d76df731
null,RC000801,THE CHARTERED INSTITUTE OF PUBLIC RELATIONS,TRUE,null,14/06/2017,10003337,null,PUB.UKRLP.dbo.ProviderInstance,a97e2eb1-c959-4c26-8064-6961d76df731
16/08/2018,00185645,INSTITUTE OF QUALITY ASSURANCE(THE),FALSE,null,20/05/2018,10003338,null,PUB.UKRLP.dbo.ProviderInstance,a97e2eb1-c959-4c26-8064-6961d76df731
null,00975635,THE INSTITUTE OF PROMOTIONAL MARKETING LTD,TRUE,null,08/12/2021,10003339,null,PUB.UKRLP.dbo.ProviderInstance,a97e2eb1-c959-4c26-8064-6961d76df731
11/12/2007,01117511,INSTITUTE OF TRAVEL AND TOURISM(THE),FALSE,null,21/04/2007,10003340,null,PUB.UKRLP.dbo.ProviderInstance,a97e2eb1-c959-4c26-8064-6961d76df731
null,03300636,INSTITUTO CERVANTES LIMITED,TRUE,null,14/09/2024,10003341,null,PUB.UKRLP.dbo.ProviderInstance,a97e2eb1-c959-4c26-8064-6961d76df731
29/07/2011,02860249,3695TH SINGLE MEMBER SHELF TRADING COMPANY LIMITED,FALSE,null,28/07/2011,10003342,null,PUB.UKRLP.dbo.ProviderInstance,a97e2eb1-c959-4c26-8064-6961d76df731
28/01/2009,03930835,INSTRUCTOR TRAINING SPECIALISTS LIMITED,FALSE,null,21/04/2007,10003343,null,PUB.UKRLP.dbo.ProviderInstance,a97e2eb1-c959-4c26-8064-6961d76df731
04/04/2007,04661801,INSTRUCTUS LTD,FALSE,null,28/03/2007,10003344,null,PUB.UKRLP.dbo.ProviderInstance,a97e2eb1-c959-4c26-8064-6961d76df731
null,01885918,THERMAL INSULATION CONTRACTORS ASSOCIATION,TRUE,TICA,14/09/2024,10003345,null,PUB.UKRLP.dbo.ProviderInstance,a97e2eb1-c959-4c26-8064-6961d76df731
08/09/2009,null,INTAKE HIGH SCHOOL ARTS COLLEGE,FALSE,null,29/07/2005,10003346,null,PUB.UKRLP.dbo.ProviderInstance,a97e2eb1-c959-4c26-8064-6961d76df731
null,02494959,INTEC BUSINESS COLLEGES LIMITED,TRUE,null,14/09/2024,10003347,null,PUB.UKRLP.dbo.ProviderInstance,a97e2eb1-c959-4c26-8064-6961d76df731
06/12/2011,SC198841,INTEC BUSINESS SOLUTIONS (SCOTLAND) LIMITED,FALSE,null,05/12/2011,10003348,null,PUB.UKRLP.dbo.ProviderInstance,a97e2eb1-c959-4c26-8064-6961d76df731
null,02029641,INTEGRATE (PRESTON AND CHORLEY) LIMITED,TRUE,null,18/03/2024,10003349,null,PUB.UKRLP.dbo.ProviderInstance,a97e2eb1-c959-4c26-8064-6961d76df731
06/11/2007,04376879,INTEGRATED MANAGEMENT SERVICES (UK) LIMITED,FALSE,null,21/04/2007,10003350,null,PUB.UKRLP.dbo.ProviderInstance,a97e2eb1-c959-4c26-8064-6961d76df731
11/06/2018,02731473,INTEK TRAINING LTD,FALSE,null,03/05/2018,10003351,null,PUB.UKRLP.dbo.ProviderInstance,a97e2eb1-c959-4c26-8064-6961d76df731
11/04/2012,04616937,INTELLEGO GROUP LIMITED,FALSE,null,19/03/2012,10003352,null,PUB.UKRLP.dbo.ProviderInstance,a97e2eb1-c959-4c26-8064-6961d76df731
null,04203594,THE INTENSIVE SCHOOL OF ENGLISH AND BUSINESS COMMUNICATION LIMITED,TRUE,null,23/10/2023,10003353,null,PUB.UKRLP.dbo.ProviderInstance,a97e2eb1-c959-4c26-8064-6961d76df731
null,03369827,CHEYNES TRAINING LIMITED,TRUE,null,11/03/2026,10003354,null,PUB.UKRLP.dbo.ProviderInstance,a97e2eb1-c959-4c26-8064-6961d76df731
22/03/2007,02885559,THE INTERACT CENTRE,FALSE,null,29/09/2006,10003355,null,PUB.UKRLP.dbo.ProviderInstance,a97e2eb1-c959-4c26-8064-6961d76df731
null,03739390,NORD ANGLIA VOCATIONAL EDUCATION AND TRAINING SERVICES LTD,TRUE,null,20/03/2025,10003356,null,PUB.UKRLP.dbo.ProviderInstance,a97e2eb1-c959-4c26-8064-6961d76df731
04/10/2017,02650523,INTERACTIVE DEVELOPMENTS LTD.,FALSE,null,12/06/2017,10003357,null,PUB.UKRLP.dbo.ProviderInstance,a97e2eb1-c959-4c26-8064-6961d76df731
null,03978916,INTERACTIVE GIFT VOUCHER LIMITED,TRUE,IGV Training,17/07/2026,10003358,null,PUB.UKRLP.dbo.ProviderInstance,a97e2eb1-c959-4c26-8064-6961d76df731
16/07/2025,03853018,INTERACTIVE MULTIMEDIA BUSINESS SOLUTIONS LIMITED,FALSE,null,16/11/2024,10003359,null,PUB.UKRLP.dbo.ProviderInstance,a97e2eb1-c959-4c26-8064-6961d76df731
15/04/2008,02667664,INTERACTIVE TRAINING MANAGEMENT LIMITED,FALSE,null,28/03/2007,10003360,null,PUB.UKRLP.dbo.ProviderInstance,a97e2eb1-c959-4c26-8064-6961d76df731
29/07/2015,02508309,INTERBUSINESS GROUP LIMITED,FALSE,null,22/04/2015,10003361,null,PUB.UKRLP.dbo.ProviderInstance,a97e2eb1-c959-4c26-8064-6961d76df731
null,04449522,INTERDIVE 2016 LIMITED,TRUE,null,17/07/2026,10003362,null,PUB.UKRLP.dbo.ProviderInstance,a97e2eb1-c959-4c26-8064-6961d76df731
08/04/2019,04323908,INTERLINK COLLEGE OF TECHNOLOGY & BUSINESS STUDIES,FALSE,null,03/01/2019,10003363,null,PUB.UKRLP.dbo.ProviderInstance,a97e2eb1-c959-4c26-8064-6961d76df731
03/09/2010,03515106,STERLING CONSULTANCY (UK) LIMITED,FALSE,Intermedia Training,21/04/2007,10003364,null,PUB.UKRLP.dbo.ProviderInstance,a97e2eb1-c959-4c26-8064-6961d76df731
21/09/2020,SC186805,SCOTTISH SCHOOL OF CHRISTIAN MISSION,FALSE,null,17/06/2020,10003365,null,PUB.UKRLP.dbo.ProviderInstance,a97e2eb1-c959-4c26-8064-6961d76df731
null,null,THE INTERNATIONAL COLLEGES OF ISLAMIC SCIENCE,TRUE,null,07/06/2018,10003366,null,PUB.UKRLP.dbo.ProviderInstance,a97e2eb1-c959-4c26-8064-6961d76df731
09/10/2009,02421392,INTERNATIONAL GRAPHOLOGY ASSOCIATION,FALSE,null,12/02/2009,10003367,null,PUB.UKRLP.dbo.ProviderInstance,a97e2eb1-c959-4c26-8064-6961d76df731
06/09/2006,null,INTERNATIONAL HOME STUDY CENTRE (IHSC),FALSE,null,29/07/2005,10003368,null,PUB.UKRLP.dbo.ProviderInstance,a97e2eb1-c959-4c26-8064-6961d76df731
null,04423501,INTERNATIONAL HOUSE WORLD ORGANISATION LIMITED,TRUE,null,30/12/2025,10003369,null,PUB.UKRLP.dbo.ProviderInstance,a97e2eb1-c959-4c26-8064-6961d76df731
16/02/2010,02922080,SHEFFIELD INCUBATOR BUSINESS LIMITED,FALSE,null,22/05/2008,10003370,null,PUB.UKRLP.dbo.ProviderInstance,a97e2eb1-c959-4c26-8064-6961d76df731
12/02/2009,01528617,ICE FUTURES EUROPE,FALSE,null,01/11/2007,10003371,null,PUB.UKRLP.dbo.ProviderInstance,a97e2eb1-c959-4c26-8064-6961d76df731
20/07/2011,00638133,INTERNATIONAL TRAINING SERVICE LIMITED,FALSE,null,19/07/2011,10003372,null,PUB.UKRLP.dbo.ProviderInstance,a97e2eb1-c959-4c26-8064-6961d76df731
06/03/2019,03079204,MANAGEMENT EDUCATION RESOURCE CENTRE LIMITED,FALSE,null,27/12/2018,10003373,null,PUB.UKRLP.dbo.ProviderInstance,a97e2eb1-c959-4c26-8064-6961d76df731
06/01/2015,02978482,INTERNEXUS CENTRE FOR LANGUAGE STUDIES LIMITED,FALSE,null,15/09/2014,10003374,null,PUB.UKRLP.dbo.ProviderInstance,a97e2eb1-c959-4c26-8064-6961d76df731
null,02413137,QA LIMITED,TRUE,null,02/02/2026,10003375,null,PUB.UKRLP.dbo.ProviderInstance,a97e2eb1-c959-4c26-8064-6961d76df731
06/12/2011,03288660,INTO BUSINESS SCHEME,FALSE,null,05/12/2011,10003376,null,PUB.UKRLP.dbo.ProviderInstance,a97e2eb1-c959-4c26-8064-6961d76df731
05/04/2017,03721643,INTRAIN LIMITED,FALSE,null,24/01/2017,10003377,null,PUB.UKRLP.dbo.ProviderInstance,a97e2eb1-c959-4c26-8064-6961d76df731
23/09/2014,03988172,INTRO-TECH BUSINESS SOLUTIONS LTD,FALSE,null,14/06/2014,10003378,null,PUB.UKRLP.dbo.ProviderInstance,a97e2eb1-c959-4c26-8064-6961d76df731
05/09/2006,04504683,INTROSOLUTIONS LIMITED,FALSE,null,29/07/2005,10003379,null,PUB.UKRLP.dbo.ProviderInstance,a97e2eb1-c959-4c26-8064-6961d76df731
null,04192814,INTROTRAIN & FORUM LIMITED,TRUE,Introtrain & Forum Ltd,24/11/2025,10003380,null,PUB.UKRLP.dbo.ProviderInstance,a97e2eb1-c959-4c26-8064-6961d76df731
null,04789755,INTUITION PPIMS LIMITED,TRUE,null,08/04/2026,10003381,null,PUB.UKRLP.dbo.ProviderInstance,a97e2eb1-c959-4c26-8064-6961d76df731
16/07/2025,02831784,INTUITIONS LIMITED,FALSE,Intuitions School of Hairdressing and Beauty Therapy,30/09/2024,10003382,null,PUB.UKRLP.dbo.ProviderInstance,a97e2eb1-c959-4c26-8064-6961d76df731
03/03/2011,SC249417,INVERSNAID PHOTOGRAPHY CENTRE LTD.,FALSE,null,21/04/2007,10003383,null,PUB.UKRLP.dbo.ProviderInstance,a97e2eb1-c959-4c26-8064-6961d76df731
06/04/2011,null,INVICTA GRAMMAR SCHOOL,FALSE,null,29/07/2005,10003384,118792,PUB.UKRLP.dbo.ProviderInstance,a97e2eb1-c959-4c26-8064-6961d76df731
null,03368622,IPS INTERNATIONAL LIMITED,TRUE,null,17/07/2026,10003385,null,PUB.UKRLP.dbo.ProviderInstance,a97e2eb1-c959-4c26-8064-6961d76df731
21/03/2007,02910397,IPS LIMITED,FALSE,null,29/09/2006,10003386,null,PUB.UKRLP.dbo.ProviderInstance,a97e2eb1-c959-4c26-8064-6961d76df731
null,03651199,IPSO FACTO TRAINING SOLUTIONS LIMITED,TRUE,Ipso Facto Training,02/06/2026,10003387,null,PUB.UKRLP.dbo.ProviderInstance,a97e2eb1-c959-4c26-8064-6961d76df731
null,04616709,IPSWICH AND SUFFOLK COUNCIL FOR RACIAL EQUALITY,TRUE,null,26/11/2023,10003388,null,PUB.UKRLP.dbo.ProviderInstance,a97e2eb1-c959-4c26-8064-6961d76df731
04/03/2011,03930959,IPSWICH CARIBBEAN ASSOCIATION,FALSE,null,21/04/2007,10003389,null,PUB.UKRLP.dbo.ProviderInstance,a97e2eb1-c959-4c26-8064-6961d76df731
null,null,IPSWICH CONCERN COUNSELLING CENTRE,TRUE,null,07/06/2018,10003390,null,PUB.UKRLP.dbo.ProviderInstance,a97e2eb1-c959-4c26-8064-6961d76df731
23/08/2010,02485477,IPSWICH ITEC SERVICES LIMITED,FALSE,Ipswich ITeC,21/04/2007,10003391,null,PUB.UKRLP.dbo.ProviderInstance,a97e2eb1-c959-4c26-8064-6961d76df731
17/12/2008,null,IPSWICH AND DISTRICT VOLUNTEER BUREAU,FALSE,Ipswich Volunteer Bureau,29/07/2005,10003392,null,PUB.UKRLP.dbo.ProviderInstance,a97e2eb1-c959-4c26-8064-6961d76df731
06/12/2011,03202360,I.Q. COMPUTER SERVICES LIMITED,FALSE,null,05/12/2011,10003393,null,PUB.UKRLP.dbo.ProviderInstance,a97e2eb1-c959-4c26-8064-6961d76df731
21/03/2007,04509193,INTERNATIONAL QUALITY MANAGEMENT LIMITED,FALSE,Iqm Training,29/09/2006,10003394,null,PUB.UKRLP.dbo.ProviderInstance,a97e2eb1-c959-4c26-8064-6961d76df731
11/12/2007,03187472,IRM TRAINING LIMITED,FALSE,null,21/04/2007,10003395,null,PUB.UKRLP.dbo.ProviderInstance,a97e2eb1-c959-4c26-8064-6961d76df731
null,03747302,IRM UK STRATEGIC IT TRAINING LIMITED,TRUE,null,18/07/2026,10003396,null,PUB.UKRLP.dbo.ProviderInstance,a97e2eb1-c959-4c26-8064-6961d76df731
04/04/2007,05332707,IRWIN COLLEGE LIMITED,FALSE,null,06/09/2006,10003397,null,PUB.UKRLP.dbo.ProviderInstance,a97e2eb1-c959-4c26-8064-6961d76df731
null,03539764,ISA TRAINING LIMITED,TRUE,ISA Training,20/08/2023,10003398,null,PUB.UKRLP.dbo.ProviderInstance,a97e2eb1-c959-4c26-8064-6961d76df731
20/05/2019,04272867,ISCA VISION LIMITED,FALSE,null,12/02/2019,10003399,null,PUB.UKRLP.dbo.ProviderInstance,a97e2eb1-c959-4c26-8064-6961d76df731
21/09/2009,null,ISE COMMUNITY COLLEGE,FALSE,null,29/07/2005,10003400,null,PUB.UKRLP.dbo.ProviderInstance,a97e2eb1-c959-4c26-8064-6961d76df731
26/03/2023,02913475,ISIS TRAINING & RECRUITMENT LIMITED,FALSE,null,25/10/2018,10003401,null,PUB.UKRLP.dbo.ProviderInstance,a97e2eb1-c959-4c26-8064-6961d76df731
null,02423523,ENGINEERING TRUST TRAINING LIMITED,TRUE,null,02/02/2026,10003402,null,PUB.UKRLP.dbo.ProviderInstance,a97e2eb1-c959-4c26-8064-6961d76df731
27/04/2016,02734008,ISLAND YOUTH WATER ACTIVITIES CENTRE (ISLE OF WIGHT) LIMITED,FALSE,null,26/03/2016,10003403,null,PUB.UKRLP.dbo.ProviderInstance,a97e2eb1-c959-4c26-8064-6961d76df731
18/01/2007,null,ISLE COLLEGE,FALSE,null,17/08/2006,10003404,null,PUB.UKRLP.dbo.ProviderInstance,a97e2eb1-c959-4c26-8064-6961d76df731
29/01/2021,03091183,ISLE OF AVALON FOUNDATION LIMITED,FALSE,null,01/12/2020,10003405,null,PUB.UKRLP.dbo.ProviderInstance,a97e2eb1-c959-4c26-8064-6961d76df731
null,null,ISLE OF WIGHT COLLEGE,TRUE,null,21/07/2026,10003406,130724,PUB.UKRLP.dbo.ProviderInstance,a97e2eb1-c959-4c26-8064-6961d76df731
null,null,ISLE OF WIGHT COUNCIL,TRUE,Adult Community Learning Service,21/07/2026,10003407,null,PUB.UKRLP.dbo.ProviderInstance,a97e2eb1-c959-4c26-8064-6961d76df731
24/04/2019,01623469,ISLE OF WIGHT ENTERPRISE AGENCY,FALSE,null,11/02/2019,10003408,null,PUB.UKRLP.dbo.ProviderInstance,a97e2eb1-c959-4c26-8064-6961d76df731
02/09/2010,02515702,ISLE OF WIGHT INDUSTRIAL GROUP TRAINING SERVICES,FALSE,IWIGTS,22/04/2007,10003409,null,PUB.UKRLP.dbo.ProviderInstance,a97e2eb1-c959-4c26-8064-6961d76df731
11/04/2019,null,ISLEWORTH AND SYON SCHOOL FOR BOYS,FALSE,null,30/11/2006,10003410,102541,PUB.UKRLP.dbo.ProviderInstance,a97e2eb1-c959-4c26-8064-6961d76df731
null,01394985,ISLINGTON ARTS FACTORY LIMITED,TRUE,null,08/04/2026,10003411,null,PUB.UKRLP.dbo.ProviderInstance,a97e2eb1-c959-4c26-8064-6961d76df731
08/11/2007,03312850,ISLINGTON CITIZENS ADVICE BUREAUX,FALSE,null,22/04/2007,10003412,null,PUB.UKRLP.dbo.ProviderInstance,a97e2eb1-c959-4c26-8064-6961d76df731
03/09/2010,03169990,INNOVATIVE ENTERPRISE ACTION LTD,FALSE,null,12/02/2009,10003413,null,PUB.UKRLP.dbo.ProviderInstance,a97e2eb1-c959-4c26-8064-6961d76df731
null,null,ISLINGTON LONDON BOROUGH COUNCIL,TRUE,Adult & Community Learning Service,21/07/2026,10003414,null,PUB.UKRLP.dbo.ProviderInstance,a97e2eb1-c959-4c26-8064-6961d76df731
null,03821783,LONDON TRAINING AND EMPLOYMENT NETWORK (L10),TRUE,null,10/01/2026,10003415,null,PUB.UKRLP.dbo.ProviderInstance,a97e2eb1-c959-4c26-8064-6961d76df731
null,01913555,VOLUNTARY ACTION ISLINGTON LIMITED,TRUE,null,17/10/2025,10003416,null,PUB.UKRLP.dbo.ProviderInstance,a97e2eb1-c959-4c26-8064-6961d76df731
null,01448387,ISOTANK SERVICES LIMITED,TRUE,Iso Tank,08/04/2026,10003417,null,PUB.UKRLP.dbo.ProviderInstance,a97e2eb1-c959-4c26-8064-6961d76df731
05/11/2007,03573458,ENGLAND WORKS LIMITED,FALSE,null,01/11/2007,10003418,null,PUB.UKRLP.dbo.ProviderInstance,a97e2eb1-c959-4c26-8064-6961d76df731
12/05/2008,04104937,IT INTERFACE LIMITED,FALSE,null,22/04/2007,10003419,null,PUB.UKRLP.dbo.ProviderInstance,a97e2eb1-c959-4c26-8064-6961d76df731
02/04/2007,SC226353,IT SKILLS FOR ALL LTD.,FALSE,null,06/09/2006,10003420,null,PUB.UKRLP.dbo.ProviderInstance,a97e2eb1-c959-4c26-8064-6961d76df731
06/11/2007,03604273,IT SOLUTIONS (GB) LTD,FALSE,null,28/03/2007,10003421,null,PUB.UKRLP.dbo.ProviderInstance,a97e2eb1-c959-4c26-8064-6961d76df731
null,03855415,I T TRAINING SOLUTIONS LIMITED,TRUE,null,17/07/2026,10003422,null,PUB.UKRLP.dbo.ProviderInstance,a97e2eb1-c959-4c26-8064-6961d76df731
null,04551291,IT'S EASY SOFTWARE TRAINING LIMITED,TRUE,null,02/02/2026,10003423,null,PUB.UKRLP.dbo.ProviderInstance,a97e2eb1-c959-4c26-8064-6961d76df731
null,02695623,UK TRAINING (WORLDWIDE) LIMITED,TRUE,null,17/07/2026,10003424,null,PUB.UKRLP.dbo.ProviderInstance,a97e2eb1-c959-4c26-8064-6961d76df731
null,00415672,ITALIA CONTI ACADEMY OF THEATRE ARTS LIMITED(THE),TRUE,null,03/06/2026,10003425,100461,PUB.UKRLP.dbo.ProviderInstance,a97e2eb1-c959-4c26-8064-6961d76df731
07/05/2019,SC113731,ITCA LIMITED,FALSE,null,21/02/2019,10003426,null,PUB.UKRLP.dbo.ProviderInstance,a97e2eb1-c959-4c26-8064-6961d76df731
null,null,ITCHEN COLLEGE,TRUE,null,21/07/2026,10003427,130704,PUB.UKRLP.dbo.ProviderInstance,a97e2eb1-c959-4c26-8064-6961d76df731
17/07/2017,SC163173,ITEC INTEGRATIONS (1998) LIMITED,FALSE,null,05/04/2017,10003428,null,PUB.UKRLP.dbo.ProviderInstance,a97e2eb1-c959-4c26-8064-6961d76df731
null,05191592,ITEC LEARNING TECHNOLOGIES LIMITED,TRUE,null,01/10/2024,10003429,null,PUB.UKRLP.dbo.ProviderInstance,a97e2eb1-c959-4c26-8064-6961d76df731
null,02045777,ITEC NORTH EAST LIMITED,TRUE,null,08/11/2025,10003430,null,PUB.UKRLP.dbo.ProviderInstance,a97e2eb1-c959-4c26-8064-6961d76df731
12/02/2009,05104795,ITLEARNEASY TRAINING LIMITED,FALSE,null,22/04/2007,10003431,null,PUB.UKRLP.dbo.ProviderInstance,a97e2eb1-c959-4c26-8064-6961d76df731
null,04667104,ITS FOR YOU LTD,TRUE,null,24/05/2025,10003432,null,PUB.UKRLP.dbo.ProviderInstance,a97e2eb1-c959-4c26-8064-6961d76df731
null,02936414,INDUSTRIAL TRAINING SERVICES (UK) LIMITED,TRUE,ITS UK,02/06/2026,10003433,null,PUB.UKRLP.dbo.ProviderInstance,a97e2eb1-c959-4c26-8064-6961d76df731
19/03/2012,null,JOHN EDSON,FALSE,ITS Training Services,03/04/2007,10003434,null,PUB.UKRLP.dbo.ProviderInstance,a97e2eb1-c959-4c26-8064-6961d76df731
null,00840590,GRANADA TELEVISION LIMITED,TRUE,ITV Granada,22/05/2026,10003435,null,PUB.UKRLP.dbo.ProviderInstance,a97e2eb1-c959-4c26-8064-6961d76df731
11/04/2019,null,IVANHOE COLLEGE ASHBY-DE-LA-ZOUCH,FALSE,null,26/07/2010,10003436,120251,PUB.UKRLP.dbo.ProviderInstance,a97e2eb1-c959-4c26-8064-6961d76df731
15/07/2019,01617631,IVERS COLLEGE,FALSE,null,08/04/2019,10003437,131894,PUB.UKRLP.dbo.ProviderInstance,a97e2eb1-c959-4c26-8064-6961d76df731
19/09/2006,04898889,IVY HOUSE DESIGN SCHOOL LIMITED,FALSE,null,29/07/2005,10003438,null,PUB.UKRLP.dbo.ProviderInstance,a97e2eb1-c959-4c26-8064-6961d76df731
20/12/2010,null,IVYBRIDGE COMMUNITY COLLEGE,FALSE,null,29/07/2005,10003439,113541,PUB.UKRLP.dbo.ProviderInstance,a97e2eb1-c959-4c26-8064-6961d76df731
null,04140475,J & E TRAINING CONSULTANTS LIMITED,TRUE,Jet Hairdressing Academy,02/06/2026,10003440,null,PUB.UKRLP.dbo.ProviderInstance,a97e2eb1-c959-4c26-8064-6961d76df731
null,01051371,J.COATES (H.G.V. SERVICES) LIMITED,TRUE,null,21/04/2024,10003441,null,PUB.UKRLP.dbo.ProviderInstance,a97e2eb1-c959-4c26-8064-6961d76df731
04/04/2007,SC179411,J. HARLEY'S RIDER TRAINING LIMITED,FALSE,null,06/09/2006,10003442,null,PUB.UKRLP.dbo.ProviderInstance,a97e2eb1-c959-4c26-8064-6961d76df731
null,03912910,JS CONSULTANTS UK LIMITED,TRUE,J S Consultants,17/07/2026,10003443,null,PUB.UKRLP.dbo.ProviderInstance,a97e2eb1-c959-4c26-8064-6961d76df731
06/12/2011,04034485,J & J TRAINING LIMITED,FALSE,J&J Training,06/12/2011,10003444,null,PUB.UKRLP.dbo.ProviderInstance,a97e2eb1-c959-4c26-8064-6961d76df731
null,00564955,J.C.B. SERVICE,TRUE,null,17/07/2026,10003445,null,PUB.UKRLP.dbo.ProviderInstance,a97e2eb1-c959-4c26-8064-6961d76df731
22/07/2014,03256289,J.A.C. TRAINING AND DEVELOPMENT CONSULTANCY LTD,FALSE,null,20/06/2014,10003446,null,PUB.UKRLP.dbo.ProviderInstance,a97e2eb1-c959-4c26-8064-6961d76df731
04/04/2018,null,JACK HUNT SCHOOL,FALSE,null,14/03/2018,10003447,110899,PUB.UKRLP.dbo.ProviderInstance,a97e2eb1-c959-4c26-8064-6961d76df731
null,02920267,JACKDAWS EDUCATIONAL TRUST,TRUE,null,17/07/2026,10003448,null,PUB.UKRLP.dbo.ProviderInstance,a97e2eb1-c959-4c26-8064-6961d76df731
20/07/2017,SC186472,JACKSON MILLS ASSOCIATES LIMITED,FALSE,null,09/04/2017,10003449,null,PUB.UKRLP.dbo.ProviderInstance,a97e2eb1-c959-4c26-8064-6961d76df731
14/01/2010,null,JACKSONS LANE COMMUNITY CENTRE ASSOCIATION,FALSE,Jackson's Lane Community Centre,28/05/2008,10003450,null,PUB.UKRLP.dbo.ProviderInstance,a97e2eb1-c959-4c26-8064-6961d76df731
16/07/2025,02802673,JAGO DEVELOPMENTS LIMITED,FALSE,null,30/09/2024,10003451,null,PUB.UKRLP.dbo.ProviderInstance,a97e2eb1-c959-4c26-8064-6961d76df731
08/11/2006,04747343,JAMES ASSOCIATES (ORGANISATIONAL DEVELOPMENT) LTD,FALSE,null,29/07/2005,10003452,null,PUB.UKRLP.dbo.ProviderInstance,a97e2eb1-c959-4c26-8064-6961d76df731
08/11/2019,00176533,JAM B REALISATIONS LIMITED,FALSE,null,03/10/2019,10003453,null,PUB.UKRLP.dbo.ProviderInstance,a97e2eb1-c959-4c26-8064-6961d76df731
05/11/2007,04869904,JARMAN FORK TRUCK TRAINING SERVICES LIMITED,FALSE,null,22/04/2007,10003454,null,PUB.UKRLP.dbo.ProviderInstance,a97e2eb1-c959-4c26-8064-6961d76df731
null,00075278,JARROLD & SONS LIMITED,TRUE,null,08/04/2026,10003455,null,PUB.UKRLP.dbo.ProviderInstance,a97e2eb1-c959-4c26-8064-6961d76df731
null,02354200,JARVIS TRAINING MANAGEMENT LIMITED,TRUE,null,17/07/2026,10003456,null,PUB.UKRLP.dbo.ProviderInstance,a97e2eb1-c959-4c26-8064-6961d76df731
30/07/2009,04635279,JAS ASSOCIATES LIMITED,FALSE,null,09/11/2007,10003457,null,PUB.UKRLP.dbo.ProviderInstance,a97e2eb1-c959-4c26-8064-6961d76df731
null,02524214,JAYMAC (DERBY) LIMITED,TRUE,null,06/10/2024,10003458,null,PUB.UKRLP.dbo.ProviderInstance,a97e2eb1-c959-4c26-8064-6961d76df731
null,01798999,JBC PROPERTY DEVELOPMENTS LIMITED,TRUE,null,03/10/2025,10003459,null,PUB.UKRLP.dbo.ProviderInstance,a97e2eb1-c959-4c26-8064-6961d76df731
null,03174371,JBE COMMUNICATIONS LIMITED,TRUE,null,18/01/2026,10003460,null,PUB.UKRLP.dbo.ProviderInstance,a97e2eb1-c959-4c26-8064-6961d76df731
28/01/2009,04560484,JBS TRAINING LIMITED,FALSE,null,22/04/2007,10003461,null,PUB.UKRLP.dbo.ProviderInstance,a97e2eb1-c959-4c26-8064-6961d76df731
null,02700424,JOINT COUNCIL FOR THE WELFARE OF IMMIGRANTS,TRUE,Jcwi Training Services,27/08/2024,10003462,null,PUB.UKRLP.dbo.ProviderInstance,a97e2eb1-c959-4c26-8064-6961d76df731
15/10/2025,null,SALE HIGH SCHOOL,FALSE,null,09/07/2025,10003463,106375,PUB.UKRLP.dbo.ProviderInstance,a97e2eb1-c959-4c26-8064-6961d76df731
03/09/2010,04629549,JEMCARE TRAINING LIMITED,FALSE,Jemcare,22/04/2007,10003464,null,PUB.UKRLP.dbo.ProviderInstance,a97e2eb1-c959-4c26-8064-6961d76df731
null,04983830,THE JEWISH DEAF ASSOCIATION,TRUE,null,26/11/2023,10003465,null,PUB.UKRLP.dbo.ProviderInstance,a97e2eb1-c959-4c26-8064-6961d76df731
null,null,JEWISH HIGH SCHOOL FOR GIRLS,TRUE,Hubert High School for Girls,07/06/2018,10003466,null,PUB.UKRLP.dbo.ProviderInstance,a97e2eb1-c959-4c26-8064-6961d76df731
06/01/2010,02768675,PLJ LIMITED,FALSE,null,06/01/2010,10003467,null,PUB.UKRLP.dbo.ProviderInstance,a97e2eb1-c959-4c26-8064-6961d76df731
05/10/2016,04772919,J H LEISURE CONSULTANTS LIMITED,FALSE,JH Leisure Consultants,16/07/2016,10003468,null,PUB.UKRLP.dbo.ProviderInstance,a97e2eb1-c959-4c26-8064-6961d76df731
20/05/2008,03247918,JHP TRAINING LIMITED,FALSE,null,22/04/2007,10003469,null,PUB.UKRLP.dbo.ProviderInstance,a97e2eb1-c959-4c26-8064-6961d76df731
14/12/2011,04984896,J.H.W TRAINING SERVICES LIMITED,FALSE,null,14/12/2011,10003470,null,PUB.UKRLP.dbo.ProviderInstance,a97e2eb1-c959-4c26-8064-6961d76df731
30/10/2020,03805930,JIGSAW TRAINING LIMITED,FALSE,null,11/09/2020,10003471,null,PUB.UKRLP.dbo.ProviderInstance,a97e2eb1-c959-4c26-8064-6961d76df731
30/07/2009,SC256890,JKFC LIMITED,FALSE,null,29/03/2007,10003472,null,PUB.UKRLP.dbo.ProviderInstance,a97e2eb1-c959-4c26-8064-6961d76df731
null,05988404,JOAN PATTERSON ASSOCIATES (BUXTON) LIMITED,TRUE,null,25/02/2024,10003473,null,PUB.UKRLP.dbo.ProviderInstance,a97e2eb1-c959-4c26-8064-6961d76df731
14/06/2007,03348742,CYMDEITHAS GWASANAETHAU GWIRFODDOL SIR GAR CARMARTHENSHIRE ASSOCIATION OF VOLUNTARY SERVICES,FALSE,Jobforce Wales (Gvce) Ltd,22/04/2007,10003474,null,PUB.UKRLP.dbo.ProviderInstance,a97e2eb1-c959-4c26-8064-6961d76df731
21/03/2007,NI022915,JOBLINK TRAINING LIMITED,FALSE,Joblink,06/09/2006,10003475,null,PUB.UKRLP.dbo.ProviderInstance,a97e2eb1-c959-4c26-8064-6961d76df731
08/11/2019,04366087,JOBS EDUCATION AND TRAINING,FALSE,null,19/08/2019,10003476,null,PUB.UKRLP.dbo.ProviderInstance,a97e2eb1-c959-4c26-8064-6961d76df731
30/07/2009,04738907,JOBWISE COMMUNITY VENTURE LIMITED,FALSE,null,29/03/2007,10003477,null,PUB.UKRLP.dbo.ProviderInstance,a97e2eb1-c959-4c26-8064-6961d76df731
08/11/2019,03217803,JOBWISE TRAINING LIMITED,FALSE,null,03/10/2019,10003478,null,PUB.UKRLP.dbo.ProviderInstance,a97e2eb1-c959-4c26-8064-6961d76df731
09/05/2008,04239831,JOHN AND MARY SCHOOL (UK) LIMITED,FALSE,null,22/04/2007,10003479,null,PUB.UKRLP.dbo.ProviderInstance,a97e2eb1-c959-4c26-8064-6961d76df731
05/09/2006,04629401,JOHN BLACKBURN'S CRAFT CENTRE LIMITED,FALSE,null,29/07/2005,10003480,null,PUB.UKRLP.dbo.ProviderInstance,a97e2eb1-c959-4c26-8064-6961d76df731
16/03/2018,00300813,HAPJAK PROPERTIES LTD,FALSE,null,29/01/2018,10003481,null,PUB.UKRLP.dbo.ProviderInstance,a97e2eb1-c959-4c26-8064-6961d76df731
12/08/2019,null,JOHN BUNYAN SCHOOL,FALSE,null,12/08/2019,10003482,109672,PUB.UKRLP.dbo.ProviderInstance,a97e2eb1-c959-4c26-8064-6961d76df731
11/04/2019,null,JOHN CLEVELAND COLLEGE,FALSE,null,29/07/2005,10003483,120299,PUB.UKRLP.dbo.ProviderInstance,a97e2eb1-c959-4c26-8064-6961d76df731
10/08/2011,null,JOHN COLET SCHOOL,FALSE,null,29/07/2005,10003484,110491,PUB.UKRLP.dbo.ProviderInstance,a97e2eb1-c959-4c26-8064-6961d76df731
null,04532121,JCA GLOBAL LTD,TRUE,null,21/04/2024,10003485,null,PUB.UKRLP.dbo.ProviderInstance,a97e2eb1-c959-4c26-8064-6961d76df731
13/06/2023,null,JOHN F KENNEDY CATHOLIC SCHOOL,FALSE,null,11/03/2023,10003486,117557,PUB.UKRLP.dbo.ProviderInstance,a97e2eb1-c959-4c26-8064-6961d76df731
03/06/2011,null,JOHN HAMPDEN GRAMMAR SCHOOL,FALSE,null,29/07/2005,10003487,110485,PUB.UKRLP.dbo.ProviderInstance,a97e2eb1-c959-4c26-8064-6961d76df731
08/09/2009,null,JOHN KELLY BOYS' TECHNOLOGY COLLEGE,FALSE,null,29/07/2005,10003488,null,PUB.UKRLP.dbo.ProviderInstance,a97e2eb1-c959-4c26-8064-6961d76df731
08/09/2009,null,JOHN KELLY GIRLS' TECHNOLOGY COLLEGE,FALSE,null,29/07/2005,10003489,null,PUB.UKRLP.dbo.ProviderInstance,a97e2eb1-c959-4c26-8064-6961d76df731
08/11/2019,04367721,JOHN LAING TRAINING LIMITED,FALSE,null,30/09/2019,10003490,null,PUB.UKRLP.dbo.ProviderInstance,a97e2eb1-c959-4c26-8064-6961d76df731
null,null,JOHN LEGGOTT SIXTH FORM COLLEGE,TRUE,null,10/10/2025,10003491,130588,PUB.UKRLP.dbo.ProviderInstance,a97e2eb1-c959-4c26-8064-6961d76df731
21/09/2007,null,JOHN MANSFIELD SCHOOL,FALSE,null,29/07/2005,10003492,null,PUB.UKRLP.dbo.ProviderInstance,a97e2eb1-c959-4c26-8064-6961d76df731
21/06/2011,null,JOHN MASEFIELD HIGH SCHOOL,FALSE,null,29/07/2005,10003493,116955,PUB.UKRLP.dbo.ProviderInstance,a97e2eb1-c959-4c26-8064-6961d76df731
03/02/2014,null,JOHN MASON SCHOOL,FALSE,null,29/07/2005,10003494,123256,PUB.UKRLP.dbo.ProviderInstance,a97e2eb1-c959-4c26-8064-6961d76df731
null,02581511,GROUP MOMENTUM (SALONS) LTD,TRUE,null,16/07/2023,10003495,null,PUB.UKRLP.dbo.ProviderInstance,a97e2eb1-c959-4c26-8064-6961d76df731
05/10/2016,null,JOHN O'GAUNT SCHOOL,FALSE,null,24/07/2016,10003496,110050,PUB.UKRLP.dbo.ProviderInstance,a97e2eb1-c959-4c26-8064-6961d76df731
08/11/2006,02837917,JOHN OLIVER PARTNERSHIPS LIMITED,FALSE,JO Academy,29/09/2006,10003497,null,PUB.UKRLP.dbo.ProviderInstance,a97e2eb1-c959-4c26-8064-6961d76df731
null,null,HAREFIELD SCHOOL,TRUE,null,07/02/2025,10003498,135004,PUB.UKRLP.dbo.ProviderInstance,a97e2eb1-c959-4c26-8064-6961d76df731
06/04/2011,null,JOHN PORT SCHOOL,FALSE,null,29/07/2005,10003499,112990,PUB.UKRLP.dbo.ProviderInstance,a97e2eb1-c959-4c26-8064-6961d76df731
20/03/2019,null,JOHN RUSKIN COLLEGE,FALSE,null,06/01/2019,10003500,130434,PUB.UKRLP.dbo.ProviderInstance,a97e2eb1-c959-4c26-8064-6961d76df731
03/09/2010,02944219,JOHN SEYMOUR ASSOCIATES (REALISATIONS) LIMITED,FALSE,null,14/12/2009,10003501,null,PUB.UKRLP.dbo.ProviderInstance,a97e2eb1-c959-4c26-8064-6961d76df731
06/01/2014,null,JOHN SMEATON COMMUNITY COLLEGE,FALSE,null,04/02/2009,10003502,108063,PUB.UKRLP.dbo.ProviderInstance,a97e2eb1-c959-4c26-8064-6961d76df731
14/11/2023,null,JOHN SPENCE COMMUNITY HIGH SCHOOL,FALSE,null,13/09/2023,10003503,108644,PUB.UKRLP.dbo.ProviderInstance,a97e2eb1-c959-4c26-8064-6961d76df731
20/12/2010,null,JOHN TAYLOR HIGH SCHOOL,FALSE,null,29/07/2005,10003504,124394,PUB.UKRLP.dbo.ProviderInstance,a97e2eb1-c959-4c26-8064-6961d76df731
30/09/2024,SC194752,JOHN TRACEY WELDING LIMITED,FALSE,null,25/06/2023,10003505,null,PUB.UKRLP.dbo.ProviderInstance,a97e2eb1-c959-4c26-8064-6961d76df731
17/07/2019,null,JOHN WILLMOTT SCHOOL,FALSE,null,08/04/2019,10003506,103522,PUB.UKRLP.dbo.ProviderInstance,a97e2eb1-c959-4c26-8064-6961d76df731
null,04625617,JOINT EFFORT FITNESS LTD,TRUE,null,26/04/2026,10003507,null,PUB.UKRLP.dbo.ProviderInstance,a97e2eb1-c959-4c26-8064-6961d76df731
30/09/2024,03574774,JOINT LEARNING PARTNERSHIP LIMITED,FALSE,null,23/07/2024,10003508,null,PUB.UKRLP.dbo.ProviderInstance,a97e2eb1-c959-4c26-8064-6961d76df731
11/12/2007,00983339,JONES BROS RUTHIN CO LIMITED,FALSE,null,23/04/2007,10003509,null,PUB.UKRLP.dbo.ProviderInstance,a97e2eb1-c959-4c26-8064-6961d76df731
08/11/2019,00041470,DANJOR BOOKS LIMITED,FALSE,null,30/09/2019,10003510,null,PUB.UKRLP.dbo.ProviderInstance,a97e2eb1-c959-4c26-8064-6961d76df731
null,null,JOSEPH CHAMBERLAIN SIXTH FORM COLLEGE,TRUE,null,14/07/2026,10003511,130468,PUB.UKRLP.dbo.ProviderInstance,a97e2eb1-c959-4c26-8064-6961d76df731
11/04/2019,null,JOSEPH LECKIE COMMUNITY TECHNOLOGY COLLEGE,FALSE,null,29/07/2005,10003512,104243,PUB.UKRLP.dbo.ProviderInstance,a97e2eb1-c959-4c26-8064-6961d76df731
01/08/2011,null,JOSEPH PRIESTLEY COLLEGE,FALSE,null,25/05/2011,10003513,130546,PUB.UKRLP.dbo.ProviderInstance,a97e2eb1-c959-4c26-8064-6961d76df731
null,null,JOSEPH ROWNTREE SCHOOL,TRUE,null,10/10/2025,10003514,121711,PUB.UKRLP.dbo.ProviderInstance,a97e2eb1-c959-4c26-8064-6961d76df731
30/10/2008,null,JOSEPH RUSTON TECHNOLOGY COLLEGE,FALSE,null,29/07/2005,10003515,null,PUB.UKRLP.dbo.ProviderInstance,a97e2eb1-c959-4c26-8064-6961d76df731
11/04/2019,null,JOSEPH SWAN SCHOOL,FALSE,null,21/08/2006,10003516,131048,PUB.UKRLP.dbo.ProviderInstance,a97e2eb1-c959-4c26-8064-6961d76df731
11/04/2019,null,JOSEPH WHITAKER SCHOOL,FALSE,null,29/07/2005,10003517,122866,PUB.UKRLP.dbo.ProviderInstance,a97e2eb1-c959-4c26-8064-6961d76df731
18/08/2014,04463430,SW TRAINING LIMITED,FALSE,null,15/06/2014,10003518,null,PUB.UKRLP.dbo.ProviderInstance,a97e2eb1-c959-4c26-8064-6961d76df731
11/04/2019,null,JOSIAH MASON SIXTH FORM COLLEGE,FALSE,null,29/07/2005,10003519,130470,PUB.UKRLP.dbo.ProviderInstance,a97e2eb1-c959-4c26-8064-6961d76df731
null,03751940,PQ TRAINING (UK) LIMITED,TRUE,Joskos Training,17/07/2026,10003520,null,PUB.UKRLP.dbo.ProviderInstance,a97e2eb1-c959-4c26-8064-6961d76df731
05/10/2016,01735009,JPD GROUP LIMITED,FALSE,null,01/07/2016,10003521,null,PUB.UKRLP.dbo.ProviderInstance,a97e2eb1-c959-4c26-8064-6961d76df731
null,04600814,J P G SERVICES LIMITED,TRUE,JPG Services,17/07/2026,10003522,null,PUB.UKRLP.dbo.ProviderInstance,a97e2eb1-c959-4c26-8064-6961d76df731
30/07/2009,04147511,J.S. TRAINING LIMITED,FALSE,null,23/04/2007,10003523,null,PUB.UKRLP.dbo.ProviderInstance,a97e2eb1-c959-4c26-8064-6961d76df731
08/11/2019,02378072,FINCHLEY BENSON LIMITED,FALSE,null,01/10/2019,10003524,null,PUB.UKRLP.dbo.ProviderInstance,a97e2eb1-c959-4c26-8064-6961d76df731
null,02336110,COMPEX CERTIFICATION LIMITED,TRUE,null,22/05/2026,10003525,null,PUB.UKRLP.dbo.ProviderInstance,a97e2eb1-c959-4c26-8064-6961d76df731
null,03958541,JTL,TRUE,null,17/07/2026,10003526,null,PUB.UKRLP.dbo.ProviderInstance,a97e2eb1-c959-4c26-8064-6961d76df731
02/09/2010,NI026165,J.T.M. ENTERPRISES LIMITED,FALSE,JTM Training Agency,21/10/2009,10003527,null,PUB.UKRLP.dbo.ProviderInstance,a97e2eb1-c959-4c26-8064-6961d76df731
06/06/2017,null,"""A JUNCTION"" PROJECT ASSOCIATION",FALSE,A Junction Network North,14/12/2016,10003528,null,PUB.UKRLP.dbo.ProviderInstance,a97e2eb1-c959-4c26-8064-6961d76df731
null,04757246,JUNIPER TRAINING LIMITED,TRUE,null,17/07/2026,10003529,null,PUB.UKRLP.dbo.ProviderInstance,a97e2eb1-c959-4c26-8064-6961d76df731
26/01/2009,04695443,K. NEWTON CONSULTANCY LIMITED,FALSE,null,23/04/2007,10003530,null,PUB.UKRLP.dbo.ProviderInstance,a97e2eb1-c959-4c26-8064-6961d76df731
21/03/2007,05038264,K.T ASSOCIATES LIMITED,FALSE,K T Associates,29/09/2006,10003531,null,PUB.UKRLP.dbo.ProviderInstance,a97e2eb1-c959-4c26-8064-6961d76df731
12/11/2010,04092071,K2 CAREER SERVICES LIMITED,FALSE,null,22/09/2010,10003532,null,PUB.UKRLP.dbo.ProviderInstance,a97e2eb1-c959-4c26-8064-6961d76df731
09/07/2007,05116738,KAJANS WOMEN'S ENTERPRISE LIMITED,FALSE,null,23/04/2007,10003533,null,PUB.UKRLP.dbo.ProviderInstance,a97e2eb1-c959-4c26-8064-6961d76df731
12/08/2022,04514591,KALEIDOSCOPE EVENTS LIMITED,FALSE,null,10/06/2022,10003535,null,PUB.UKRLP.dbo.ProviderInstance,a97e2eb1-c959-4c26-8064-6961d76df731
null,01227970,RETHINK MENTAL ILLNESS,TRUE,Rethink,17/07/2026,10003536,null,PUB.UKRLP.dbo.ProviderInstance,a97e2eb1-c959-4c26-8064-6961d76df731
05/09/2006,04969648,EQUESTRIAN DEVELOPMENT & TRAINING LIMITED,FALSE,Karen Bell Trading As Equestrian Development & Training,29/07/2005,10003537,null,PUB.UKRLP.dbo.ProviderInstance,a97e2eb1-c959-4c26-8064-6961d76df731
null,02357828,KASHMIR YOUTH PROJECT,TRUE,KYP Training Services,17/07/2026,10003538,null,PUB.UKRLP.dbo.ProviderInstance,a97e2eb1-c959-4c26-8064-6961d76df731
null,02945838,KASHYAPA BUDDHIST CENTRE,TRUE,Kashyapa Mahayana Buddhist Centre,08/04/2026,10003539,null,PUB.UKRLP.dbo.ProviderInstance,a97e2eb1-c959-4c26-8064-6961d76df731
10/08/2011,null,KATHARINE LADY BERKELEY'S SCHOOL,FALSE,null,29/07/2005,10003540,115757,PUB.UKRLP.dbo.ProviderInstance,a97e2eb1-c959-4c26-8064-6961d76df731
09/09/2011,05093149,KAWNS SAFETY SERVICES LIMITED,FALSE,null,08/09/2011,10003541,null,PUB.UKRLP.dbo.ProviderInstance,a97e2eb1-c959-4c26-8064-6961d76df731
null,02565021,AVANTE CARE AND SUPPORT LIMITED,TRUE,null,02/09/2025,10003542,null,PUB.UKRLP.dbo.ProviderInstance,a97e2eb1-c959-4c26-8064-6961d76df731
20/07/2011,04415380,K.D.S. LTD.,FALSE,null,23/04/2007,10003543,null,PUB.UKRLP.dbo.ProviderInstance,a97e2eb1-c959-4c26-8064-6961d76df731
03/09/2010,NI031251,KEADY INFORMATION TECHNOLOGY (IT) CENTRE LIMITED,FALSE,null,21/10/2009,10003544,null,PUB.UKRLP.dbo.ProviderInstance,a97e2eb1-c959-4c26-8064-6961d76df731
null,02717129,THE KEEP FIT ASSOCIATION,TRUE,null,16/09/2025,10003545,null,PUB.UKRLP.dbo.ProviderInstance,a97e2eb1-c959-4c26-8064-6961d76df731
20/06/2016,04005662,KEEPING IT SIMPLE TRAINING LIMITED,FALSE,null,11/04/2016,10003546,null,PUB.UKRLP.dbo.ProviderInstance,a97e2eb1-c959-4c26-8064-6961d76df731
02/09/2010,01693087,KEIGHLEY AND DISTRICT TRAINING ASSOCIATION LIMITED,FALSE,KADTAL,14/08/2009,10003547,null,PUB.UKRLP.dbo.ProviderInstance,a97e2eb1-c959-4c26-8064-6961d76df731
31/07/2007,null,KEIGHLEY COLLEGE,FALSE,null,29/07/2005,10003548,null,PUB.UKRLP.dbo.ProviderInstance,a97e2eb1-c959-4c26-8064-6961d76df731
22/12/2022,03624524,KEIGHLEY & DISTRICT DISABLED PEOPLE'S CENTRE,FALSE,Keighley Disabled People's Centre,21/10/2022,10003549,null,PUB.UKRLP.dbo.ProviderInstance,a97e2eb1-c959-4c26-8064-6961d76df731
25/04/2007,SC256417,KEITS LIMITED,FALSE,null,23/04/2007,10003550,null,PUB.UKRLP.dbo.ProviderInstance,a97e2eb1-c959-4c26-8064-6961d76df731
02/09/2011,null,KELSEY PARK SPORTS COLLEGE,FALSE,null,07/08/2006,10003551,101670,PUB.UKRLP.dbo.ProviderInstance,a97e2eb1-c959-4c26-8064-6961d76df731
12/01/2012,02867017,PARKHOUSE PERSONNEL LIMITED,FALSE,Kelter Training,11/01/2012,10003552,null,PUB.UKRLP.dbo.ProviderInstance,a97e2eb1-c959-4c26-8064-6961d76df731
12/01/2011,04201503,KELVIN MEDIA PRODUCTIONS,FALSE,null,21/05/2008,10003553,null,PUB.UKRLP.dbo.ProviderInstance,a97e2eb1-c959-4c26-8064-6961d76df731
15/12/2010,null,KEMNAL TECHNOLOGY COLLEGE,FALSE,null,23/11/2010,10003554,101672,PUB.UKRLP.dbo.ProviderInstance,a97e2eb1-c959-4c26-8064-6961d76df731
26/01/2009,04654962,KEM TEC LIMITED,FALSE,Kemtec Distance Learning,23/04/2007,10003555,null,PUB.UKRLP.dbo.ProviderInstance,a97e2eb1-c959-4c26-8064-6961d76df731
25/04/2007,02780853,FIELD DRAIN LIMITED,FALSE,Ken Hope Training Centre,26/03/2007,10003556,null,PUB.UKRLP.dbo.ProviderInstance,a97e2eb1-c959-4c26-8064-6961d76df731
13/09/2023,null,KEN STIMPSON COMMUNITY SCHOOL,FALSE,null,12/06/2023,10003557,110882,PUB.UKRLP.dbo.ProviderInstance,a97e2eb1-c959-4c26-8064-6961d76df731
null,null,KENDAL COLLEGE,TRUE,null,08/02/2018,10003558,130631,PUB.UKRLP.dbo.ProviderInstance,a97e2eb1-c959-4c26-8064-6961d76df731
07/03/2011,null,KENDRICK SCHOOL,FALSE,null,04/02/2009,10003559,110042,PUB.UKRLP.dbo.ProviderInstance,a97e2eb1-c959-4c26-8064-6961d76df731
null,04372097,KENEGA TRAINING LIMITED,TRUE,null,30/09/2025,10003560,null,PUB.UKRLP.dbo.ProviderInstance,a97e2eb1-c959-4c26-8064-6961d76df731
null,02386247,KENNEDY SCOTT LIMITED,TRUE,Kennedy Scott,06/10/2024,10003561,null,PUB.UKRLP.dbo.ProviderInstance,a97e2eb1-c959-4c26-8064-6961d76df731
30/09/2024,05401781,KENNEDY-LITTLE ASSOCIATES LTD,FALSE,null,16/04/2023,10003562,null,PUB.UKRLP.dbo.ProviderInstance,a97e2eb1-c959-4c26-8064-6961d76df731
05/04/2011,null,KENNET SCHOOL,FALSE,null,29/07/2005,10003563,110055,PUB.UKRLP.dbo.ProviderInstance,a97e2eb1-c959-4c26-8064-6961d76df731
26/10/2020,null,KENSINGTON AND CHELSEA COLLEGE,FALSE,null,08/02/2018,10003564,130410,PUB.UKRLP.dbo.ProviderInstance,a97e2eb1-c959-4c26-8064-6961d76df731
07/10/2009,04924153,KENSINGTON COLLEGE LTD,FALSE,null,13/05/2008,10003565,null,PUB.UKRLP.dbo.ProviderInstance,a97e2eb1-c959-4c26-8064-6961d76df731
16/07/2025,03887930,KENSINGTON EDUCATION FOUNDATION LIMITED,FALSE,Kensington College of Business,27/09/2024,10003566,null,PUB.UKRLP.dbo.ProviderInstance,a97e2eb1-c959-4c26-8064-6961d76df731
03/09/2010,03004685,THE KCC FOUNDATION,FALSE,null,23/10/2007,10003567,null,PUB.UKRLP.dbo.ProviderInstance,a97e2eb1-c959-4c26-8064-6961d76df731
18/12/2006,04526065,KENT AND MEDWAY HUB COMPANY LIMITED,FALSE,null,29/09/2006,10003568,null,PUB.UKRLP.dbo.ProviderInstance,a97e2eb1-c959-4c26-8064-6961d76df731
22/09/2015,05034044,KENT COLLEGE OF BUSINESS AND COMPUTING,FALSE,null,20/06/2015,10003569,null,PUB.UKRLP.dbo.ProviderInstance,a97e2eb1-c959-4c26-8064-6961d76df731
null,null,KENT COUNTY COUNCIL,TRUE,null,21/07/2026,10003570,null,PUB.UKRLP.dbo.ProviderInstance,a97e2eb1-c959-4c26-8064-6961d76df731
null,03387664,KEITS TRAINING SERVICES LTD,TRUE,KEITS,17/10/2025,10003571,null,PUB.UKRLP.dbo.ProviderInstance,a97e2eb1-c959-4c26-8064-6961d76df731
24/04/2019,04488357,KENT FIRST AID TRAINING LIMITED,FALSE,null,12/02/2019,10003572,null,PUB.UKRLP.dbo.ProviderInstance,a97e2eb1-c959-4c26-8064-6961d76df731
19/05/2014,00971108,KITA LIMITED,FALSE,Kent Industrial Training Association (Kita),15/03/2014,10003573,null,PUB.UKRLP.dbo.ProviderInstance,a97e2eb1-c959-4c26-8064-6961d76df731
11/04/2019,null,KENT INSTITUTE OF ART AND DESIGN,FALSE,University College for the Creative Arts at Maidstone,29/07/2005,10003574,133847,PUB.UKRLP.dbo.ProviderInstance,a97e2eb1-c959-4c26-8064-6961d76df731
25/08/2022,02318262,KENT METRO LIMITED,FALSE,null,23/06/2022,10003575,null,PUB.UKRLP.dbo.ProviderInstance,a97e2eb1-c959-4c26-8064-6961d76df731
04/04/2007,02937528,KENT QUALIFIED,FALSE,null,29/09/2006,10003576,null,PUB.UKRLP.dbo.ProviderInstance,a97e2eb1-c959-4c26-8064-6961d76df731
null,05505567,PRODUCED IN KENT LIMITED,TRUE,null,22/07/2024,10003577,null,PUB.UKRLP.dbo.ProviderInstance,a97e2eb1-c959-4c26-8064-6961d76df731
04/05/2012,null,KENTON SCHOOL,FALSE,null,29/07/2005,10003578,108528,PUB.UKRLP.dbo.ProviderInstance,a97e2eb1-c959-4c26-8064-6961d76df731
10/08/2011,null,KESGRAVE HIGH SCHOOL,FALSE,null,29/07/2005,10003579,124849,PUB.UKRLP.dbo.ProviderInstance,a97e2eb1-c959-4c26-8064-6961d76df731
11/04/2019,null,KESTEVEN AND GRANTHAM GIRLS' SCHOOL,FALSE,null,29/07/2005,10003580,120632,PUB.UKRLP.dbo.ProviderInstance,a97e2eb1-c959-4c26-8064-6961d76df731
11/06/2019,null,KESTEVEN AND SLEAFORD HIGH SCHOOL,FALSE,null,29/07/2005,10003581,120633,PUB.UKRLP.dbo.ProviderInstance,a97e2eb1-c959-4c26-8064-6961d76df731
null,03544589,KESTON BOILERS LIMITED,TRUE,null,26/11/2023,10003582,null,PUB.UKRLP.dbo.ProviderInstance,a97e2eb1-c959-4c26-8064-6961d76df731
05/09/2006,04592572,KESTREL PUBLISHING LIMITED,FALSE,null,29/07/2005,10003583,null,PUB.UKRLP.dbo.ProviderInstance,a97e2eb1-c959-4c26-8064-6961d76df731
06/12/2013,04713139,KESTREL TRAINING AND MANAGEMENT SOLUTIONS LIMITED,FALSE,null,06/11/2012,10003584,null,PUB.UKRLP.dbo.ProviderInstance,a97e2eb1-c959-4c26-8064-6961d76df731
07/07/2011,null,KESWICK SCHOOL,FALSE,null,29/07/2005,10003585,112441,PUB.UKRLP.dbo.ProviderInstance,a97e2eb1-c959-4c26-8064-6961d76df731
null,null,KETTERING BOROUGH COUNCIL,TRUE,Kettering Borough Training,21/07/2026,10003586,null,PUB.UKRLP.dbo.ProviderInstance,a97e2eb1-c959-4c26-8064-6961d76df731
02/03/2012,04568143,KEVIN NEEDHAM LTD,FALSE,null,06/12/2011,10003587,null,PUB.UKRLP.dbo.ProviderInstance,a97e2eb1-c959-4c26-8064-6961d76df731
16/07/2025,02943873,THE KEY CONSULTANCY LTD,FALSE,null,17/03/2024,10003588,null,PUB.UKRLP.dbo.ProviderInstance,a97e2eb1-c959-4c26-8064-6961d76df731
null,04502557,KEY FUND INVESTMENTS LIMITED,TRUE,null,23/12/2025,10003589,null,PUB.UKRLP.dbo.ProviderInstance,a97e2eb1-c959-4c26-8064-6961d76df731
08/11/2019,02300872,KEY HOUSE PROJECT,FALSE,Key House,03/10/2019,10003590,null,PUB.UKRLP.dbo.ProviderInstance,a97e2eb1-c959-4c26-8064-6961d76df731
null,05054999,KEY PERSONNEL MANAGEMENT LIMITED,TRUE,null,21/05/2026,10003591,null,PUB.UKRLP.dbo.ProviderInstance,a97e2eb1-c959-4c26-8064-6961d76df731
23/01/2012,03980063,KEY SKILLS TRAINING LTD,FALSE,keylearningcentres.com,08/09/2011,10003592,null,PUB.UKRLP.dbo.ProviderInstance,a97e2eb1-c959-4c26-8064-6961d76df731
null,01325577,KEY TRAINING LIMITED,TRUE,null,21/08/2023,10003593,null,PUB.UKRLP.dbo.ProviderInstance,a97e2eb1-c959-4c26-8064-6961d76df731
null,03266180,THE KEYHAM COMMUNITY PARTNERSHIP LTD,TRUE,The Keyham Community Partnership,02/09/2025,10003594,null,PUB.UKRLP.dbo.ProviderInstance,a97e2eb1-c959-4c26-8064-6961d76df731
09/07/2007,04235983,KEYSTONE COMMUNITY PARTNERSHIP LIMITED,FALSE,null,23/04/2007,10003595,null,PUB.UKRLP.dbo.ProviderInstance,a97e2eb1-c959-4c26-8064-6961d76df731
28/01/2009,04374685,KEYSTROKES LIMITED,FALSE,null,23/04/2007,10003596,null,PUB.UKRLP.dbo.ProviderInstance,a97e2eb1-c959-4c26-8064-6961d76df731
26/01/2009,04214103,K.H. INNOVATION LIMITED,FALSE,null,23/04/2007,10003597,null,PUB.UKRLP.dbo.ProviderInstance,a97e2eb1-c959-4c26-8064-6961d76df731
24/04/2019,03006163,KHCA LIMITED,FALSE,null,12/02/2019,10003598,null,PUB.UKRLP.dbo.ProviderInstance,a97e2eb1-c959-4c26-8064-6961d76df731
null,SC158220,KIBBLE EDUCATION AND CARE CENTRE,TRUE,null,05/04/2025,10003599,null,PUB.UKRLP.dbo.ProviderInstance,a97e2eb1-c959-4c26-8064-6961d76df731
02/09/2011,null,KIDBROOKE SCHOOL,FALSE,null,29/07/2005,10003600,100185,PUB.UKRLP.dbo.ProviderInstance,a97e2eb1-c959-4c26-8064-6961d76df731
09/03/2011,01851526,KIDDERMINSTER & DISTRICT TRAINING COMPANY LIMITED,FALSE,null,09/03/2011,10003601,null,PUB.UKRLP.dbo.ProviderInstance,a97e2eb1-c959-4c26-8064-6961d76df731
18/08/2014,null,KIDDERMINSTER COLLEGE,FALSE,null,12/06/2014,10003602,130711,PUB.UKRLP.dbo.ProviderInstance,a97e2eb1-c959-4c26-8064-6961d76df731
null,03220406,KIDS IN COMMUNICATION,TRUE,null,26/04/2026,10003603,null,PUB.UKRLP.dbo.ProviderInstance,a97e2eb1-c959-4c26-8064-6961d76df731
null,04210086,KIDS OF WILMSLOW LIMITED,TRUE,Kids Unlimited,10/12/2022,10003604,null,PUB.UKRLP.dbo.ProviderInstance,a97e2eb1-c959-4c26-8064-6961d76df731
null,03338152,KIELDER NEWPORT WEST LIMITED,TRUE,KNW Training,30/12/2025,10003605,null,PUB.UKRLP.dbo.ProviderInstance,a97e2eb1-c959-4c26-8064-6961d76df731
null,03727589,KIERAN MULLIN LIMITED,TRUE,null,26/04/2026,10003606,null,PUB.UKRLP.dbo.ProviderInstance,a97e2eb1-c959-4c26-8064-6961d76df731
22/02/2011,null,THE KIMBERLEY SCHOOL,FALSE,null,22/02/2011,10003607,122856,PUB.UKRLP.dbo.ProviderInstance,a97e2eb1-c959-4c26-8064-6961d76df731
null,00308676,KIMBERLY - CLARK LIMITED,TRUE,null,27/11/2023,10003608,null,PUB.UKRLP.dbo.ProviderInstance,a97e2eb1-c959-4c26-8064-6961d76df731
null,02328679,BRIGHT HORIZONS FAMILY SOLUTIONS LIMITED,TRUE,null,02/02/2026,10003609,null,PUB.UKRLP.dbo.ProviderInstance,a97e2eb1-c959-4c26-8064-6961d76df731
30/07/2009,05140989,KINESIOLOGY TRAINING LTD,FALSE,null,09/11/2007,10003610,null,PUB.UKRLP.dbo.ProviderInstance,a97e2eb1-c959-4c26-8064-6961d76df731
05/09/2006,05316797,KINETIC TRAINING & CONSULTANCY LIMITED,FALSE,null,29/07/2005,10003611,null,PUB.UKRLP.dbo.ProviderInstance,a97e2eb1-c959-4c26-8064-6961d76df731
17/09/2019,null,KINETON HIGH SCHOOL,FALSE,null,17/07/2019,10003612,125734,PUB.UKRLP.dbo.ProviderInstance,a97e2eb1-c959-4c26-8064-6961d76df731
19/09/2018,null,THE KING ALFRED SCHOOL,FALSE,null,18/06/2018,10003613,123879,PUB.UKRLP.dbo.ProviderInstance,a97e2eb1-c959-4c26-8064-6961d76df731
null,null,UNIVERSITY OF WINCHESTER,TRUE,null,21/07/2026,10003614,133880,PUB.UKRLP.dbo.ProviderInstance,a97e2eb1-c959-4c26-8064-6961d76df731
10/08/2011,null,KING ALFRED'S (A SPECIALIST SPORTS COLLEGE),FALSE,null,09/04/2008,10003615,123263,PUB.UKRLP.dbo.ProviderInstance,a97e2eb1-c959-4c26-8064-6961d76df731
30/10/2007,null,KING CHARLES I SCHOOL,FALSE,null,29/07/2005,10003616,null,PUB.UKRLP.dbo.ProviderInstance,a97e2eb1-c959-4c26-8064-6961d76df731
17/08/2011,null,THE KING DAVID HIGH SCHOOL,FALSE,null,29/07/2005,10003617,105583,PUB.UKRLP.dbo.ProviderInstance,a97e2eb1-c959-4c26-8064-6961d76df731
null,null,KING DAVID HIGH SCHOOL,TRUE,null,13/04/2026,10003618,104703,PUB.UKRLP.dbo.ProviderInstance,a97e2eb1-c959-4c26-8064-6961d76df731
11/04/2019,null,KING ECGBERT SCHOOL,FALSE,null,29/07/2005,10003619,107129,PUB.UKRLP.dbo.ProviderInstance,a97e2eb1-c959-4c26-8064-6961d76df731
08/09/2009,null,KING EDMUND COMMUNITY SCHOOL,FALSE,null,29/07/2005,10003620,null,PUB.UKRLP.dbo.ProviderInstance,a97e2eb1-c959-4c26-8064-6961d76df731
10/08/2011,null,KING EDWARD VI ASTON SCHOOL,FALSE,null,29/07/2005,10003621,103555,PUB.UKRLP.dbo.ProviderInstance,a97e2eb1-c959-4c26-8064-6961d76df731
10/08/2011,null,KING EDWARD VI CAMP HILL SCHOOL FOR GIRLS,FALSE,null,29/07/2005,10003622,103553,PUB.UKRLP.dbo.ProviderInstance,a97e2eb1-c959-4c26-8064-6961d76df731
10/08/2011,null,KING EDWARD VI CAMP HILL SCHOOL FOR BOYS,FALSE,null,29/07/2005,10003623,103554,PUB.UKRLP.dbo.ProviderInstance,a97e2eb1-c959-4c26-8064-6961d76df731
22/01/2019,null,KING EDWARD VI COLLEGE NUNEATON,FALSE,null,29/11/2018,10003624,130840,PUB.UKRLP.dbo.ProviderInstance,a97e2eb1-c959-4c26-8064-6961d76df731
02/02/2021,null,KING EDWARD VI COLLEGE STOURBRIDGE,FALSE,null,16/12/2020,10003625,130478,PUB.UKRLP.dbo.ProviderInstance,a97e2eb1-c959-4c26-8064-6961d76df731
19/09/2022,null,KING EDWARD VI COMMUNITY COLLEGE,FALSE,null,11/08/2022,10003626,113520,PUB.UKRLP.dbo.ProviderInstance,a97e2eb1-c959-4c26-8064-6961d76df731
10/08/2011,null,KING EDWARD VI FIVE WAYS SCHOOL,FALSE,null,29/07/2005,10003627,103552,PUB.UKRLP.dbo.ProviderInstance,a97e2eb1-c959-4c26-8064-6961d76df731
15/09/2015,null,"THE KING EDWARD VI GRAMMAR SCHOOL, LOUTH",FALSE,null,21/07/2015,10003628,120701,PUB.UKRLP.dbo.ProviderInstance,a97e2eb1-c959-4c26-8064-6961d76df731
06/04/2011,null,"KING EDWARD VI GRAMMAR SCHOOL, CHELMSFORD",FALSE,null,11/08/2006,10003629,115327,PUB.UKRLP.dbo.ProviderInstance,a97e2eb1-c959-4c26-8064-6961d76df731
18/08/2011,null,KING EDWARD VI SCHOOL,FALSE,null,04/01/2007,10003630,125752,PUB.UKRLP.dbo.ProviderInstance,a97e2eb1-c959-4c26-8064-6961d76df731
10/08/2011,null,KING EDWARD VI HANDSWORTH SCHOOL,FALSE,null,29/07/2005,10003631,103551,PUB.UKRLP.dbo.ProviderInstance,a97e2eb1-c959-4c26-8064-6961d76df731
19/09/2022,null,KING EDWARD VI HIGH SCHOOL,FALSE,null,11/08/2022,10003632,124445,PUB.UKRLP.dbo.ProviderInstance,a97e2eb1-c959-4c26-8064-6961d76df731
null,null,KING EDWARD VI SCHOOL,TRUE,null,10/10/2025,10003633,124408,PUB.UKRLP.dbo.ProviderInstance,a97e2eb1-c959-4c26-8064-6961d76df731
null,null,KING EDWARD VI CEVC SCHOOL,TRUE,null,20/05/2026,10003634,124856,PUB.UKRLP.dbo.ProviderInstance,a97e2eb1-c959-4c26-8064-6961d76df731
11/04/2019,null,KING EDWARD VII SCIENCE AND SPORT COLLEGE,FALSE,null,19/01/2007,10003635,120235,PUB.UKRLP.dbo.ProviderInstance,a97e2eb1-c959-4c26-8064-6961d76df731
null,null,KING EDWARD VII SCHOOL,TRUE,null,10/10/2025,10003636,107140,PUB.UKRLP.dbo.ProviderInstance,a97e2eb1-c959-4c26-8064-6961d76df731
10/09/2014,null,KING EDWARD VII SCHOOL,FALSE,null,20/06/2014,10003637,121187,PUB.UKRLP.dbo.ProviderInstance,a97e2eb1-c959-4c26-8064-6961d76df731
12/09/2011,null,KING EDWARD VII SCHOOL - SPECIALIST TRAINING SCHOOL AND TECHNOLOGY COLLEGE,FALSE,null,26/07/2010,10003638,120238,PUB.UKRLP.dbo.ProviderInstance,a97e2eb1-c959-4c26-8064-6961d76df731
13/07/2023,02090011,KING FAHAD ACADEMY,FALSE,null,12/06/2023,10003639,101957,PUB.UKRLP.dbo.ProviderInstance,a97e2eb1-c959-4c26-8064-6961d76df731
27/06/2019,null,KING GEORGE V COLLEGE,FALSE,null,18/06/2018,10003640,130492,PUB.UKRLP.dbo.ProviderInstance,a97e2eb1-c959-4c26-8064-6961d76df731
20/12/2010,null,KING HAROLD SCHOOL,FALSE,null,11/08/2006,10003641,115331,PUB.UKRLP.dbo.ProviderInstance,a97e2eb1-c959-4c26-8064-6961d76df731
03/06/2011,null,KING JAMES I COMMUNITY ARTS COLLEGE,FALSE,null,10/08/2006,10003642,114306,PUB.UKRLP.dbo.ProviderInstance,a97e2eb1-c959-4c26-8064-6961d76df731
null,null,KING JAMES'S SCHOOL,TRUE,null,10/10/2025,10003643,121687,PUB.UKRLP.dbo.ProviderInstance,a97e2eb1-c959-4c26-8064-6961d76df731
null,02784298,KING SOLOMON HIGH SCHOOL,TRUE,KING SOLOMON HIGH SCHOOL,17/07/2026,10003644,102861,PUB.UKRLP.dbo.ProviderInstance,a97e2eb1-c959-4c26-8064-6961d76df731
null,RC000297,KING'S COLLEGE LONDON,TRUE,null,21/07/2026,10003645,133874,PUB.UKRLP.dbo.ProviderInstance,a97e2eb1-c959-4c26-8064-6961d76df731
21/09/2009,null,KING'S MANOR COMMUNITY COLLEGE,FALSE,null,29/07/2005,10003646,null,PUB.UKRLP.dbo.ProviderInstance,a97e2eb1-c959-4c26-8064-6961d76df731
12/08/2019,null,KING'S MANOR SCHOOL,FALSE,null,12/08/2019,10003647,111737,PUB.UKRLP.dbo.ProviderInstance,a97e2eb1-c959-4c26-8064-6961d76df731
17/08/2011,null,"THE KING'S SCHOOL, GRANTHAM",FALSE,null,29/07/2005,10003648,120698,PUB.UKRLP.dbo.ProviderInstance,a97e2eb1-c959-4c26-8064-6961d76df731
17/08/2011,null,WARMINSTER KINGDOWN,FALSE,null,16/08/2006,10003649,126460,PUB.UKRLP.dbo.ProviderInstance,a97e2eb1-c959-4c26-8064-6961d76df731
null,02491924,KINGFISHER BUSINESS CENTRES LIMITED,TRUE,null,30/12/2025,10003650,null,PUB.UKRLP.dbo.ProviderInstance,a97e2eb1-c959-4c26-8064-6961d76df731
14/08/2009,01897454,KINGFISHER CONSULTANTS LIMITED,FALSE,null,22/05/2008,10003651,null,PUB.UKRLP.dbo.ProviderInstance,a97e2eb1-c959-4c26-8064-6961d76df731
12/09/2014,null,KINGS COLLEGE,FALSE,null,11/08/2014,10003652,131966,PUB.UKRLP.dbo.ProviderInstance,a97e2eb1-c959-4c26-8064-6961d76df731
29/11/2011,04512983,KINGS CROSS PROJECT,FALSE,null,28/11/2011,10003653,null,PUB.UKRLP.dbo.ProviderInstance,a97e2eb1-c959-4c26-8064-6961d76df731
27/04/2025,null,KINGS INTERNATIONAL COLLEGE,FALSE,null,06/01/2025,10003654,132268,PUB.UKRLP.dbo.ProviderInstance,a97e2eb1-c959-4c26-8064-6961d76df731
11/04/2019,null,KINGS LANGLEY SCHOOL,FALSE,null,29/07/2005,10003655,117526,PUB.UKRLP.dbo.ProviderInstance,a97e2eb1-c959-4c26-8064-6961d76df731
16/01/2024,null,KING'S NORTON BOYS' SCHOOL,FALSE,null,15/12/2023,10003656,103562,PUB.UKRLP.dbo.ProviderInstance,a97e2eb1-c959-4c26-8064-6961d76df731
05/04/2011,null,KINGS NORTON GIRLS' SCHOOL AND LANGUAGE COLLEGE,FALSE,null,01/12/2006,10003657,103561,PUB.UKRLP.dbo.ProviderInstance,a97e2eb1-c959-4c26-8064-6961d76df731
null,null,KING'S ELY,TRUE,"The King's School, Ely",16/09/2025,10003658,110916,PUB.UKRLP.dbo.ProviderInstance,a97e2eb1-c959-4c26-8064-6961d76df731
null,null,"THE KING'S SCHOOL, GLOUCESTER",TRUE,null,15/04/2026,10003659,115780,PUB.UKRLP.dbo.ProviderInstance,a97e2eb1-c959-4c26-8064-6961d76df731
null,03791543,"KING'S SCHOOL, ROCHESTER",TRUE,null,15/04/2026,10003660,118948,PUB.UKRLP.dbo.ProviderInstance,a97e2eb1-c959-4c26-8064-6961d76df731
31/10/2016,null,THE KING'S SCHOOL TYNEMOUTH LIMITED,FALSE,null,31/10/2016,10003661,108650,PUB.UKRLP.dbo.ProviderInstance,a97e2eb1-c959-4c26-8064-6961d76df731
null,null,THE KING'S SCHOOL,TRUE,null,13/04/2026,10003662,117037,PUB.UKRLP.dbo.ProviderInstance,a97e2eb1-c959-4c26-8064-6961d76df731
10/01/2011,null,KINGSBRIDGE COMMUNITY COLLEGE,FALSE,null,29/07/2005,10003663,113521,PUB.UKRLP.dbo.ProviderInstance,a97e2eb1-c959-4c26-8064-6961d76df731
06/09/2011,null,ELIZABETH WOODVILLE SCHOOL,FALSE,null,06/09/2011,10003664,122060,PUB.UKRLP.dbo.ProviderInstance,a97e2eb1-c959-4c26-8064-6961d76df731
05/12/2011,null,KINGSBURY HIGH SCHOOL,FALSE,null,29/07/2005,10003665,101559,PUB.UKRLP.dbo.ProviderInstance,a97e2eb1-c959-4c26-8064-6961d76df731
30/09/2024,01988011,KINGSBURY TRAINING CENTRE LIMITED,FALSE,null,01/12/2022,10003666,null,PUB.UKRLP.dbo.ProviderInstance,a97e2eb1-c959-4c26-8064-6961d76df731
20/12/2010,null,KINGSDALE FOUNDATION SCHOOL,FALSE,null,04/02/2009,10003667,100844,PUB.UKRLP.dbo.ProviderInstance,a97e2eb1-c959-4c26-8064-6961d76df731
02/09/2011,null,KINGSFIELD SCHOOL,FALSE,null,29/07/2005,10003668,109294,PUB.UKRLP.dbo.ProviderInstance,a97e2eb1-c959-4c26-8064-6961d76df731
28/06/2021,03705934,KINGSGATE CONSULTING LTD,FALSE,null,02/06/2021,10003669,null,PUB.UKRLP.dbo.ProviderInstance,a97e2eb1-c959-4c26-8064-6961d76df731
03/04/2014,null,KINGSLEY COLLEGE,FALSE,null,20/03/2014,10003670,132823,PUB.UKRLP.dbo.ProviderInstance,a97e2eb1-c959-4c26-8064-6961d76df731
17/12/2010,null,KINGSMEAD SCHOOL,FALSE,null,29/07/2005,10003671,102044,PUB.UKRLP.dbo.ProviderInstance,a97e2eb1-c959-4c26-8064-6961d76df731
10/09/2015,null,KINGSMEAD SCHOOL,FALSE,null,08/07/2015,10003672,124397,PUB.UKRLP.dbo.ProviderInstance,a97e2eb1-c959-4c26-8064-6961d76df731
04/02/2009,null,KINGSTHORPE COLLEGE,FALSE,null,04/02/2009,10003673,null,PUB.UKRLP.dbo.ProviderInstance,a97e2eb1-c959-4c26-8064-6961d76df731
null,null,SOUTH THAMES COLLEGES GROUP,TRUE,null,21/07/2026,10003674,130448,PUB.UKRLP.dbo.ProviderInstance,a97e2eb1-c959-4c26-8064-6961d76df731
null,03883748,KINGSTON GRAMMAR SCHOOL,TRUE,null,12/10/2025,10003675,102619,PUB.UKRLP.dbo.ProviderInstance,a97e2eb1-c959-4c26-8064-6961d76df731
null,null,KINGSTON MAURWARD COLLEGE,TRUE,null,08/02/2018,10003676,130655,PUB.UKRLP.dbo.ProviderInstance,a97e2eb1-c959-4c26-8064-6961d76df731
null,04153652,KINGSTON RIDING SCHOOL LIMITED,TRUE,null,10/05/2026,10003677,null,PUB.UKRLP.dbo.ProviderInstance,a97e2eb1-c959-4c26-8064-6961d76df731
null,null,KINGSTON UNIVERSITY,TRUE,null,16/02/2018,10003678,null,PUB.UKRLP.dbo.ProviderInstance,a97e2eb1-c959-4c26-8064-6961d76df731
06/06/2017,null,KINGSTON VOLUNTARY ACTION,FALSE,null,16/12/2016,10003679,null,PUB.UKRLP.dbo.ProviderInstance,a97e2eb1-c959-4c26-8064-6961d76df731
null,02808435,KINGSWAY CONSULTING LTD,TRUE,Kingsway Centre,28/05/2025,10003680,null,PUB.UKRLP.dbo.ProviderInstance,a97e2eb1-c959-4c26-8064-6961d76df731
11/04/2019,null,KINGSWAY HIGH SCHOOL,FALSE,null,29/07/2005,10003681,111395,PUB.UKRLP.dbo.ProviderInstance,a97e2eb1-c959-4c26-8064-6961d76df731
30/07/2009,02837474,KINGTON CONNECTED COMMUNITY COMPANY LIMITED,FALSE,KC3,27/03/2007,10003682,null,PUB.UKRLP.dbo.ProviderInstance,a97e2eb1-c959-4c26-8064-6961d76df731
null,SC129898,KINHARVIE,TRUE,Kinharvie - Institute Of Facilitation,30/12/2025,10003683,null,PUB.UKRLP.dbo.ProviderInstance,a97e2eb1-c959-4c26-8064-6961d76df731
30/09/2024,03800744,KINSLEY AND FITZWILLIAM LEARNING AND COMMUNITY CENTRE,FALSE,null,26/05/2024,10003684,null,PUB.UKRLP.dbo.ProviderInstance,a97e2eb1-c959-4c26-8064-6961d76df731
06/04/2011,null,KIRKBIE KENDAL SCHOOL,FALSE,null,29/07/2005,10003685,112427,PUB.UKRLP.dbo.ProviderInstance,a97e2eb1-c959-4c26-8064-6961d76df731
02/01/2007,null,KIRKBY COLLEGE,FALSE,null,29/07/2005,10003686,null,PUB.UKRLP.dbo.ProviderInstance,a97e2eb1-c959-4c26-8064-6961d76df731
10/08/2011,null,KIRKBY STEPHEN GRAMMAR SCHOOL,FALSE,null,01/07/2010,10003687,112433,PUB.UKRLP.dbo.ProviderInstance,a97e2eb1-c959-4c26-8064-6961d76df731
null,01219838,WEST YORKSHIRE MANUFACTURING SERVICES LIMITED,TRUE,null,01/10/2024,10003688,null,PUB.UKRLP.dbo.ProviderInstance,a97e2eb1-c959-4c26-8064-6961d76df731
09/07/2007,03699982,KIRKDALE NEIGHBOURHOOD COMMUNITY,FALSE,null,12/04/2007,10003689,null,PUB.UKRLP.dbo.ProviderInstance,a97e2eb1-c959-4c26-8064-6961d76df731
24/09/2024,null,CARR HILL HIGH SCHOOL,FALSE,null,12/05/2024,10003690,119744,PUB.UKRLP.dbo.ProviderInstance,a97e2eb1-c959-4c26-8064-6961d76df731
17/12/2008,null,KIRKHAM EDUCATIONAL FOUNDATION,FALSE,Kirkham Grammar School,04/01/2008,10003691,null,PUB.UKRLP.dbo.ProviderInstance,a97e2eb1-c959-4c26-8064-6961d76df731
null,null,KIRKLEES METROPOLITAN COUNCIL,TRUE,null,21/07/2026,10003692,null,PUB.UKRLP.dbo.ProviderInstance,a97e2eb1-c959-4c26-8064-6961d76df731
null,02737172,KIRKLEES MUSIC SCHOOL,TRUE,null,30/09/2025,10003693,null,PUB.UKRLP.dbo.ProviderInstance,a97e2eb1-c959-4c26-8064-6961d76df731
null,01227919,BARNARDO SERVICES LIMITED,TRUE,Kirklees Year 11 Project,30/12/2025,10003694,null,PUB.UKRLP.dbo.ProviderInstance,a97e2eb1-c959-4c26-8064-6961d76df731
01/12/2014,03000371,KIRKLEES YOUTH TRAINING,FALSE,null,29/09/2014,10003695,null,PUB.UKRLP.dbo.ProviderInstance,a97e2eb1-c959-4c26-8064-6961d76df731
02/09/2011,null,KIRKLEY COMMUNITY HIGH SCHOOL,FALSE,null,15/08/2006,10003696,124827,PUB.UKRLP.dbo.ProviderInstance,a97e2eb1-c959-4c26-8064-6961d76df731
null,01259900,KISHARON COLLEGE,TRUE,null,14/07/2026,10003697,131899,PUB.UKRLP.dbo.ProviderInstance,a97e2eb1-c959-4c26-8064-6961d76df731
05/09/2006,05108883,KITE TRAINING LTD,FALSE,null,29/07/2005,10003698,null,PUB.UKRLP.dbo.ProviderInstance,a97e2eb1-c959-4c26-8064-6961d76df731
30/11/2011,04472921,KJW BUSINESS AND TRAINING SERVICES LIMITED,FALSE,null,12/04/2007,10003699,null,PUB.UKRLP.dbo.ProviderInstance,a97e2eb1-c959-4c26-8064-6961d76df731
26/04/2012,01650122,KLITRA LIMITED,FALSE,null,22/11/2011,10003700,null,PUB.UKRLP.dbo.ProviderInstance,a97e2eb1-c959-4c26-8064-6961d76df731
null,04348754,K M TRAINING LIMITED,TRUE,KM Training,18/11/2024,10003701,null,PUB.UKRLP.dbo.ProviderInstance,a97e2eb1-c959-4c26-8064-6961d76df731
null,04996698,KNOW LIMITS LIMITED,TRUE,null,26/11/2023,10003702,null,PUB.UKRLP.dbo.ProviderInstance,a97e2eb1-c959-4c26-8064-6961d76df731
12/05/2008,03537916,KNOWLEDGE BASE (UK) LIMITED,FALSE,KB Learning,12/04/2007,10003703,null,PUB.UKRLP.dbo.ProviderInstance,a97e2eb1-c959-4c26-8064-6961d76df731
01/12/2008,03771924,KNOWLEDGE COLLEGE LIMITED,FALSE,null,12/04/2007,10003704,null,PUB.UKRLP.dbo.ProviderInstance,a97e2eb1-c959-4c26-8064-6961d76df731
18/10/2021,04012331,KNOWLEDGE INTERACTIVE LTD.,FALSE,null,21/07/2021,10003705,null,PUB.UKRLP.dbo.ProviderInstance,a97e2eb1-c959-4c26-8064-6961d76df731
31/03/2020,03964433,COMMUNITAS EU LIMITED,FALSE,null,30/03/2020,10003706,null,PUB.UKRLP.dbo.ProviderInstance,a97e2eb1-c959-4c26-8064-6961d76df731
17/08/2011,null,NEWTON ABBOT COLLEGE,FALSE,null,05/09/2008,10003707,113559,PUB.UKRLP.dbo.ProviderInstance,a97e2eb1-c959-4c26-8064-6961d76df731
22/08/2019,null,KNOWSLEY COMMUNITY COLLEGE,FALSE,null,08/02/2018,10003708,130486,PUB.UKRLP.dbo.ProviderInstance,a97e2eb1-c959-4c26-8064-6961d76df731
null,null,KNOWSLEY METROPOLITAN BOROUGH COUNCIL,TRUE,null,21/07/2026,10003709,null,PUB.UKRLP.dbo.ProviderInstance,a97e2eb1-c959-4c26-8064-6961d76df731
17/12/2009,04897957,KNOWSTP LTD,FALSE,null,12/04/2007,10003710,null,PUB.UKRLP.dbo.ProviderInstance,a97e2eb1-c959-4c26-8064-6961d76df731
11/04/2019,null,KNUTSFORD HIGH SCHOOL,FALSE,null,05/08/2010,10003711,111427,PUB.UKRLP.dbo.ProviderInstance,a97e2eb1-c959-4c26-8064-6961d76df731
11/12/2007,04635148,CT PROMOTIONS LIMITED,FALSE,null,07/11/2007,10003712,null,PUB.UKRLP.dbo.ProviderInstance,a97e2eb1-c959-4c26-8064-6961d76df731
null,01948743,KOMATSU UK LIMITED,TRUE,null,30/12/2025,10003713,null,PUB.UKRLP.dbo.ProviderInstance,a97e2eb1-c959-4c26-8064-6961d76df731
null,02423575,KOMYOKAN LTD.,TRUE,Komyokan Dojo,17/07/2026,10003714,null,PUB.UKRLP.dbo.ProviderInstance,a97e2eb1-c959-4c26-8064-6961d76df731
09/05/2008,SC173213,KONIGEN ELECTRONICS LIMITED,FALSE,null,12/04/2007,10003715,null,PUB.UKRLP.dbo.ProviderInstance,a97e2eb1-c959-4c26-8064-6961d76df731
null,00227623,KOPPERS UK LIMITED,TRUE,null,26/03/2026,10003716,null,PUB.UKRLP.dbo.ProviderInstance,a97e2eb1-c959-4c26-8064-6961d76df731
null,OC301540,KPMG LLP,TRUE,K-Learn,26/04/2026,10003717,null,PUB.UKRLP.dbo.ProviderInstance,a97e2eb1-c959-4c26-8064-6961d76df731
null,03613381,KRONOS LEARNING LIMITED,TRUE,null,30/12/2025,10003718,null,PUB.UKRLP.dbo.ProviderInstance,a97e2eb1-c959-4c26-8064-6961d76df731
28/01/2009,05575330,K.T.D. SERVICES LIMITED,FALSE,KTD Learning Centre,12/04/2007,10003719,null,PUB.UKRLP.dbo.ProviderInstance,a97e2eb1-c959-4c26-8064-6961d76df731
18/01/2018,04493689,KTS TRAINING (2002) LIMITED,FALSE,null,03/10/2017,10003720,null,PUB.UKRLP.dbo.ProviderInstance,a97e2eb1-c959-4c26-8064-6961d76df731
30/07/2009,04765822,KUDOS SOFTWARE TRAINING LTD,FALSE,null,12/04/2007,10003721,null,PUB.UKRLP.dbo.ProviderInstance,a97e2eb1-c959-4c26-8064-6961d76df731
02/12/2020,04206790,KUDOS TRAINING LIMITED,FALSE,null,19/09/2020,10003722,null,PUB.UKRLP.dbo.ProviderInstance,a97e2eb1-c959-4c26-8064-6961d76df731
13/08/2019,02651283,KUIT STEINART LEVY LIMITED,FALSE,null,12/08/2019,10003723,null,PUB.UKRLP.dbo.ProviderInstance,a97e2eb1-c959-4c26-8064-6961d76df731
null,01009184,KWIK-FIT (GB) LIMITED,TRUE,null,14/09/2024,10003724,null,PUB.UKRLP.dbo.ProviderInstance,a97e2eb1-c959-4c26-8064-6961d76df731
08/11/2006,04359370,L R TRAINING & DEVELOPMENT LIMITED,FALSE,null,29/07/2005,10003725,null,PUB.UKRLP.dbo.ProviderInstance,a97e2eb1-c959-4c26-8064-6961d76df731
02/09/2010,01287092,L'OUVERTURE TRUST LIMITED,FALSE,null,13/04/2007,10003726,null,PUB.UKRLP.dbo.ProviderInstance,a97e2eb1-c959-4c26-8064-6961d76df731
28/10/2013,03826413,THE LONDON ATHLETIC RAIDERS SOCCER ACADEMY,FALSE,L.A Raiders Soccer Academy,23/07/2013,10003727,null,PUB.UKRLP.dbo.ProviderInstance,a97e2eb1-c959-4c26-8064-6961d76df731
null,04455799,L.I.T.S. LIMITED,TRUE,null,01/10/2024,10003728,null,PUB.UKRLP.dbo.ProviderInstance,a97e2eb1-c959-4c26-8064-6961d76df731
null,04477394,LEWIS PIES LIMITED,TRUE,L.P.O.S. Training,17/07/2026,10003729,null,PUB.UKRLP.dbo.ProviderInstance,a97e2eb1-c959-4c26-8064-6961d76df731
23/05/2012,01690210,L-TEQ LIMITED,FALSE,null,01/05/2012,10003730,null,PUB.UKRLP.dbo.ProviderInstance,a97e2eb1-c959-4c26-8064-6961d76df731
22/12/2011,04409622,LA CUISINE DE PIERRE LIMITED,FALSE,null,21/12/2011,10003731,null,PUB.UKRLP.dbo.ProviderInstance,a97e2eb1-c959-4c26-8064-6961d76df731
null,null,LA RETRAITE ROMAN CATHOLIC GIRLS' SCHOOL,TRUE,null,10/10/2025,10003732,100637,PUB.UKRLP.dbo.ProviderInstance,a97e2eb1-c959-4c26-8064-6961d76df731
null,null,LA SAINTE UNION CATHOLIC SECONDARY SCHOOL,TRUE,null,10/10/2025,10003733,100059,PUB.UKRLP.dbo.ProviderInstance,a97e2eb1-c959-4c26-8064-6961d76df731
null,02360592,THE LABURNUM BOAT CLUB,TRUE,null,22/05/2026,10003736,null,PUB.UKRLP.dbo.ProviderInstance,a97e2eb1-c959-4c26-8064-6961d76df731
09/11/2007,04989279,LACOST SERVICES,FALSE,null,09/11/2007,10003737,null,PUB.UKRLP.dbo.ProviderInstance,a97e2eb1-c959-4c26-8064-6961d76df731
11/04/2019,null,LADY HAWKINS HIGH SCHOOL,FALSE,null,29/07/2005,10003738,116940,PUB.UKRLP.dbo.ProviderInstance,a97e2eb1-c959-4c26-8064-6961d76df731
03/05/2021,null,LADY LUMLEY'S SCHOOL,FALSE,null,29/01/2021,10003739,121671,PUB.UKRLP.dbo.ProviderInstance,a97e2eb1-c959-4c26-8064-6961d76df731
null,null,LADY MANNERS SCHOOL,TRUE,null,10/10/2025,10003740,112996,PUB.UKRLP.dbo.ProviderInstance,a97e2eb1-c959-4c26-8064-6961d76df731
28/12/2006,null,LADY MARGARET SCHOOL,FALSE,null,29/07/2005,10003741,null,PUB.UKRLP.dbo.ProviderInstance,a97e2eb1-c959-4c26-8064-6961d76df731
null,02163844,ETEX BUILDING PERFORMANCE LIMITED,TRUE,null,26/11/2023,10003742,null,PUB.UKRLP.dbo.ProviderInstance,a97e2eb1-c959-4c26-8064-6961d76df731
null,00407552,BMI GROUP MANUFACTURING UK LIMITED,TRUE,null,26/11/2023,10003743,null,PUB.UKRLP.dbo.ProviderInstance,a97e2eb1-c959-4c26-8064-6961d76df731
null,02120850,LAGAT LIMITED,TRUE,null,17/01/2025,10003744,null,PUB.UKRLP.dbo.ProviderInstance,a97e2eb1-c959-4c26-8064-6961d76df731
16/08/2019,03031724,LAIDLAW & CONSTABLE LTD.,FALSE,null,24/05/2019,10003745,null,PUB.UKRLP.dbo.ProviderInstance,a97e2eb1-c959-4c26-8064-6961d76df731
null,01180133,LAINE THEATRE ARTS LIMITED,TRUE,null,05/12/2025,10003746,null,PUB.UKRLP.dbo.ProviderInstance,a97e2eb1-c959-4c26-8064-6961d76df731
null,04222545,LAING O'ROURKE PLC.,TRUE,null,17/07/2026,10003747,null,PUB.UKRLP.dbo.ProviderInstance,a97e2eb1-c959-4c26-8064-6961d76df731
null,03513280,MARITIME + ENGINEERING COLLEGE NORTH WEST,TRUE,The Engineering College,02/06/2026,10003748,null,PUB.UKRLP.dbo.ProviderInstance,a97e2eb1-c959-4c26-8064-6961d76df731
13/04/2016,null,LAISTERDYKE BUSINESS AND ENTERPRISE COLLEGE,FALSE,null,07/01/2016,10003749,107443,PUB.UKRLP.dbo.ProviderInstance,a97e2eb1-c959-4c26-8064-6961d76df731
null,01679025,YORKCLOUD LIMITED,TRUE,Lake District Training Academy,02/02/2026,10003750,null,PUB.UKRLP.dbo.ProviderInstance,a97e2eb1-c959-4c26-8064-6961d76df731
null,00793583,NETHERHALL EDUCATIONAL ASSOCIATION,TRUE,Lakefield Hospitality College,01/09/2025,10003751,null,PUB.UKRLP.dbo.ProviderInstance,a97e2eb1-c959-4c26-8064-6961d76df731
null,03006915,THE LAKELAND CLIMBING CENTRE LIMITED,TRUE,null,02/06/2026,10003752,null,PUB.UKRLP.dbo.ProviderInstance,a97e2eb1-c959-4c26-8064-6961d76df731
null,null,LAKES COLLEGE WEST CUMBRIA,TRUE,null,08/02/2018,10003753,130632,PUB.UKRLP.dbo.ProviderInstance,a97e2eb1-c959-4c26-8064-6961d76df731
26/01/2009,04376661,LAKES TRAINING CENTRE LIMITED,FALSE,null,13/04/2007,10003754,null,PUB.UKRLP.dbo.ProviderInstance,a97e2eb1-c959-4c26-8064-6961d76df731
null,11495376,SOUTH BANK COLLEGES,TRUE,Lambeth College,02/06/2026,10003755,130413,PUB.UKRLP.dbo.ProviderInstance,a97e2eb1-c959-4c26-8064-6961d76df731
09/05/2008,03536165,LONDON SMALL BUSINESS GROWTH INITIATIVES LTD,FALSE,null,13/04/2007,10003756,null,PUB.UKRLP.dbo.ProviderInstance,a97e2eb1-c959-4c26-8064-6961d76df731
06/10/2009,02119186,LAMBETH WOMEN'S WORKSHOP LIMITED,FALSE,null,22/05/2008,10003757,null,PUB.UKRLP.dbo.ProviderInstance,a97e2eb1-c959-4c26-8064-6961d76df731
null,00364456,LAMDA LIMITED,TRUE,London Academy of Music and Dramatic Arts,01/09/2025,10003758,null,PUB.UKRLP.dbo.ProviderInstance,a97e2eb1-c959-4c26-8064-6961d76df731
17/12/2010,null,LAMPTON SCHOOL,FALSE,null,29/07/2005,10003759,102538,PUB.UKRLP.dbo.ProviderInstance,a97e2eb1-c959-4c26-8064-6961d76df731
null,SC159668,LANARKSHIRE CATERING SCHOOL,TRUE,null,10/11/2022,10003760,null,PUB.UKRLP.dbo.ProviderInstance,a97e2eb1-c959-4c26-8064-6961d76df731
30/11/2011,04099823,THE LANCASHIRE ASSOCIATION OF CLUBS FOR YOUNG PEOPLE,FALSE,null,29/11/2011,10003761,null,PUB.UKRLP.dbo.ProviderInstance,a97e2eb1-c959-4c26-8064-6961d76df731
13/08/2019,04345448,LANCASHIRE CARE ASSOCIATION CO LIMITED,FALSE,LCA,12/08/2019,10003762,null,PUB.UKRLP.dbo.ProviderInstance,a97e2eb1-c959-4c26-8064-6961d76df731
null,03411472,THE LANCASHIRE COLLEGES LIMITED,TRUE,null,17/10/2025,10003763,null,PUB.UKRLP.dbo.ProviderInstance,a97e2eb1-c959-4c26-8064-6961d76df731
12/02/2009,03267838,LANCASHIRE COUNCIL FOR VOLUNTARY YOUTH SERVICES,FALSE,null,13/04/2007,10003764,null,PUB.UKRLP.dbo.ProviderInstance,a97e2eb1-c959-4c26-8064-6961d76df731
null,null,LANCASHIRE COUNTY COUNCIL,TRUE,Lancashire Skills & Employment Hub,21/07/2026,10003765,null,PUB.UKRLP.dbo.ProviderInstance,a97e2eb1-c959-4c26-8064-6961d76df731
04/01/2017,03049321,LANCASHIRE EDUCATION BUSINESS PARTNERSHIP LIMITED,FALSE,null,27/09/2016,10003766,null,PUB.UKRLP.dbo.ProviderInstance,a97e2eb1-c959-4c26-8064-6961d76df731
04/04/2007,04490376,LANCASHIRE ON-LINE LEARNING,FALSE,null,27/03/2007,10003767,null,PUB.UKRLP.dbo.ProviderInstance,a97e2eb1-c959-4c26-8064-6961d76df731
null,null,LANCASTER AND MORECAMBE COLLEGE,TRUE,null,21/07/2026,10003768,130737,PUB.UKRLP.dbo.ProviderInstance,a97e2eb1-c959-4c26-8064-6961d76df731
19/01/2011,null,LANCASTER GIRLS' GRAMMAR SCHOOL,FALSE,null,14/08/2006,10003769,119811,PUB.UKRLP.dbo.ProviderInstance,a97e2eb1-c959-4c26-8064-6961d76df731
16/05/2011,null,LANCASTER ROYAL GRAMMAR SCHOOL,FALSE,null,14/08/2006,10003770,119810,PUB.UKRLP.dbo.ProviderInstance,a97e2eb1-c959-4c26-8064-6961d76df731
null,01447612,LANCASTER TRAINING SERVICES LIMITED,TRUE,null,05/12/2025,10003771,null,PUB.UKRLP.dbo.ProviderInstance,a97e2eb1-c959-4c26-8064-6961d76df731
null,03779985,LANCING COLLEGE,TRUE,null,14/07/2026,10003772,126108,PUB.UKRLP.dbo.ProviderInstance,a97e2eb1-c959-4c26-8064-6961d76df731
13/08/2019,null,LANDAU FORTE COLLEGE,FALSE,null,12/08/2019,10003773,113029,PUB.UKRLP.dbo.ProviderInstance,a97e2eb1-c959-4c26-8064-6961d76df731
null,03039522,LANDMARKS,TRUE,null,14/07/2026,10003774,131900,PUB.UKRLP.dbo.ProviderInstance,a97e2eb1-c959-4c26-8064-6961d76df731
null,04104466,LANGDON COLLEGE,TRUE,null,16/07/2026,10003775,131910,PUB.UKRLP.dbo.ProviderInstance,a97e2eb1-c959-4c26-8064-6961d76df731
05/04/2011,null,LANGLEY GRAMMAR SCHOOL,FALSE,null,29/07/2005,10003776,110101,PUB.UKRLP.dbo.ProviderInstance,a97e2eb1-c959-4c26-8064-6961d76df731
05/04/2011,null,LANGLEY PARK SCHOOL FOR BOYS,FALSE,null,29/07/2005,10003777,101668,PUB.UKRLP.dbo.ProviderInstance,a97e2eb1-c959-4c26-8064-6961d76df731
10/08/2011,null,LANGLEY PARK SCHOOL FOR GIRLS,FALSE,null,29/07/2005,10003778,101678,PUB.UKRLP.dbo.ProviderInstance,a97e2eb1-c959-4c26-8064-6961d76df731
null,00656498,LANGLEY SCHOOL,TRUE,null,14/07/2026,10003779,121224,PUB.UKRLP.dbo.ProviderInstance,a97e2eb1-c959-4c26-8064-6961d76df731
null,IP28033R,LANGRIDGE INITIATIVE CENTRE LIMITED,TRUE,null,03/11/2017,10003780,null,PUB.UKRLP.dbo.ProviderInstance,a97e2eb1-c959-4c26-8064-6961d76df731
08/03/2013,03647190,LANGUAGE COURSES ABROAD LIMITED,FALSE,null,08/03/2013,10003781,null,PUB.UKRLP.dbo.ProviderInstance,a97e2eb1-c959-4c26-8064-6961d76df731
25/01/2012,02912494,THE LANGUAGE SERVICE LIMITED,FALSE,null,23/10/2009,10003782,null,PUB.UKRLP.dbo.ProviderInstance,a97e2eb1-c959-4c26-8064-6961d76df731
null,00846983,LSI EDUCATION LIMITED,TRUE,null,26/03/2026,10003783,null,PUB.UKRLP.dbo.ProviderInstance,a97e2eb1-c959-4c26-8064-6961d76df731
null,03171790,GENIUS SOLUTIONS LIMITED,TRUE,null,22/05/2026,10003784,null,PUB.UKRLP.dbo.ProviderInstance,a97e2eb1-c959-4c26-8064-6961d76df731
null,02823181,LANTRA,TRUE,Lantra National Training Organisation,10/03/2026,10003785,null,PUB.UKRLP.dbo.ProviderInstance,a97e2eb1-c959-4c26-8064-6961d76df731
03/01/2017,null,LARKMEAD SCHOOL,FALSE,null,31/10/2016,10003786,123255,PUB.UKRLP.dbo.ProviderInstance,a97e2eb1-c959-4c26-8064-6961d76df731
null,NI025823,LARNE SKILLS DEVELOPMENT LIMITED,TRUE,null,26/04/2026,10003787,null,PUB.UKRLP.dbo.ProviderInstance,a97e2eb1-c959-4c26-8064-6961d76df731
null,null,THE LATIMER ARTS COLLEGE ,TRUE,null,05/07/2024,10003788,122066,PUB.UKRLP.dbo.ProviderInstance,a97e2eb1-c959-4c26-8064-6961d76df731
03/03/2011,04013847,LATIN MOTION LIMITED,FALSE,null,29/03/2007,10003789,null,PUB.UKRLP.dbo.ProviderInstance,a97e2eb1-c959-4c26-8064-6961d76df731
11/12/2009,null,LAUNCESTON COLLEGE,FALSE,null,11/12/2009,10003790,null,PUB.UKRLP.dbo.ProviderInstance,a97e2eb1-c959-4c26-8064-6961d76df731
null,03491562,"LAW, LEISURE AND LEARNING",TRUE,null,26/04/2026,10003791,null,PUB.UKRLP.dbo.ProviderInstance,a97e2eb1-c959-4c26-8064-6961d76df731
null,SC212094,THE LAW SOCIETY OF SCOTLAND SERVICES LIMITED,TRUE,null,02/09/2025,10003792,null,PUB.UKRLP.dbo.ProviderInstance,a97e2eb1-c959-4c26-8064-6961d76df731
null,null,LAWNSWOOD SCHOOL,TRUE,null,10/10/2025,10003793,108055,PUB.UKRLP.dbo.ProviderInstance,a97e2eb1-c959-4c26-8064-6961d76df731
10/09/2014,null,LAWRENCE SHERIFF SCHOOL,FALSE,null,19/06/2014,10003794,125753,PUB.UKRLP.dbo.ProviderInstance,a97e2eb1-c959-4c26-8064-6961d76df731
null,02523310,LAWSON'S TRAINING CENTRE LIMITED,TRUE,null,17/10/2025,10003795,null,PUB.UKRLP.dbo.ProviderInstance,a97e2eb1-c959-4c26-8064-6961d76df731
06/11/2007,04822665,LCSI LIMITED,FALSE,LCSI LifeCoach School International,13/04/2007,10003796,null,PUB.UKRLP.dbo.ProviderInstance,a97e2eb1-c959-4c26-8064-6961d76df731
25/02/2020,04276576,LDR SQUARED LTD,FALSE,null,03/12/2019,10003797,null,PUB.UKRLP.dbo.ProviderInstance,a97e2eb1-c959-4c26-8064-6961d76df731
null,00408009,LE CORDON BLEU LIMITED,TRUE,null,18/07/2026,10003798,null,PUB.UKRLP.dbo.ProviderInstance,a97e2eb1-c959-4c26-8064-6961d76df731
21/03/2017,04362024,LE MANOIR LIMITED,FALSE,The Raymond Blanc Cookery School,11/01/2017,10003799,null,PUB.UKRLP.dbo.ProviderInstance,a97e2eb1-c959-4c26-8064-6961d76df731
07/05/2018,null,LEA VALLEY HIGH SCHOOL,FALSE,null,05/03/2018,10003800,102050,PUB.UKRLP.dbo.ProviderInstance,a97e2eb1-c959-4c26-8064-6961d76df731
null,SC110186,LEAD SCOTLAND,TRUE,null,17/07/2026,10003801,null,PUB.UKRLP.dbo.ProviderInstance,a97e2eb1-c959-4c26-8064-6961d76df731
null,00216255,LEAD SHEET TRAINING ACADEMY LIMITED,TRUE,null,31/12/2024,10003802,null,PUB.UKRLP.dbo.ProviderInstance,a97e2eb1-c959-4c26-8064-6961d76df731
02/12/2020,03192403,LEADENHALL COMPUTERS LIMITED,FALSE,null,19/09/2020,10003803,null,PUB.UKRLP.dbo.ProviderInstance,a97e2eb1-c959-4c26-8064-6961d76df731
26/01/2009,03833574,L.C.D.A. LIMITED,FALSE,Leadership Communication Development Associates,13/04/2007,10003805,null,PUB.UKRLP.dbo.ProviderInstance,a97e2eb1-c959-4c26-8064-6961d76df731
null,01411136,LEADERSHIP DEVELOPMENT LIMITED,TRUE,null,05/12/2025,10003806,null,PUB.UKRLP.dbo.ProviderInstance,a97e2eb1-c959-4c26-8064-6961d76df731
13/08/2019,03420353,THE LEADERSHIP TRUST (TRAINING) LIMITED,FALSE,null,12/08/2019,10003807,null,PUB.UKRLP.dbo.ProviderInstance,a97e2eb1-c959-4c26-8064-6961d76df731
null,05143284,LEAGUE FOOTBALL EDUCATION,TRUE,null,29/09/2024,10003808,null,PUB.UKRLP.dbo.ProviderInstance,a97e2eb1-c959-4c26-8064-6961d76df731
null,03162045,MAKING THE LEAP,TRUE,null,01/09/2025,10003809,null,PUB.UKRLP.dbo.ProviderInstance,a97e2eb1-c959-4c26-8064-6961d76df731
null,03229362,BUSY BEES DAY NURSERIES (TRADING) LIMITED,TRUE,null,26/04/2026,10003811,null,PUB.UKRLP.dbo.ProviderInstance,a97e2eb1-c959-4c26-8064-6961d76df731
23/09/2013,05028412,LEARN EAST LIMITED,FALSE,null,10/01/2012,10003812,null,PUB.UKRLP.dbo.ProviderInstance,a97e2eb1-c959-4c26-8064-6961d76df731
01/10/2024,NI045707,LEARN IT AT WORK LIMITED,FALSE,null,06/11/2023,10003813,null,PUB.UKRLP.dbo.ProviderInstance,a97e2eb1-c959-4c26-8064-6961d76df731
13/08/2019,05203871,LEARN TO CARE LIMITED,FALSE,null,12/08/2019,10003814,null,PUB.UKRLP.dbo.ProviderInstance,a97e2eb1-c959-4c26-8064-6961d76df731
28/10/2022,02897027,LEARNKIT LIMITED,FALSE,null,18/07/2022,10003815,null,PUB.UKRLP.dbo.ProviderInstance,a97e2eb1-c959-4c26-8064-6961d76df731
null,03980770,LD TRAINING LIMITED,TRUE,Learndirect,17/11/2022,10003816,null,PUB.UKRLP.dbo.ProviderInstance,a97e2eb1-c959-4c26-8064-6961d76df731
13/08/2019,04572665,LEARNDIRECT GREATER NOTTINGHAM LIMITED,FALSE,null,12/08/2019,10003817,null,PUB.UKRLP.dbo.ProviderInstance,a97e2eb1-c959-4c26-8064-6961d76df731
08/11/2006,04041244,LEARNDIRECT IN SURREY,FALSE,null,29/07/2005,10003818,null,PUB.UKRLP.dbo.ProviderInstance,a97e2eb1-c959-4c26-8064-6961d76df731
25/05/2011,04119065,LONDON LEARNING ZONE SOUTH WEST LIMITED,FALSE,Learndirect London South West,12/04/2007,10003819,null,PUB.UKRLP.dbo.ProviderInstance,a97e2eb1-c959-4c26-8064-6961d76df731
08/02/2022,04492718,BLWY ENTERPRISES LIMITED,FALSE,Learndirect West Yorkshire,08/12/2021,10003820,null,PUB.UKRLP.dbo.ProviderInstance,a97e2eb1-c959-4c26-8064-6961d76df731
06/07/2012,04123671,LEARNER DRIVER TRAINING CENTRES LTD.,FALSE,null,31/01/2012,10003821,null,PUB.UKRLP.dbo.ProviderInstance,a97e2eb1-c959-4c26-8064-6961d76df731
30/04/2010,02958922,QUALITY IMPROVEMENT AGENCY,FALSE,null,12/04/2007,10003822,null,PUB.UKRLP.dbo.ProviderInstance,a97e2eb1-c959-4c26-8064-6961d76df731
12/04/2012,SC200241,LEARNING AND TEACHING SCOTLAND,FALSE,Education Scotland,28/11/2011,10003823,null,PUB.UKRLP.dbo.ProviderInstance,a97e2eb1-c959-4c26-8064-6961d76df731
09/10/2009,03914405,LEARNING & TECHNOLOGY LIMITED,FALSE,null,22/05/2008,10003824,null,PUB.UKRLP.dbo.ProviderInstance,a97e2eb1-c959-4c26-8064-6961d76df731
null,04325377,CORTEXA LIMITED,TRUE,Cortexa,23/12/2025,10003825,null,PUB.UKRLP.dbo.ProviderInstance,a97e2eb1-c959-4c26-8064-6961d76df731
04/04/2007,04703494,LEARNING CENTRE UK LIMITED,FALSE,null,29/03/2007,10003826,null,PUB.UKRLP.dbo.ProviderInstance,a97e2eb1-c959-4c26-8064-6961d76df731
21/02/2019,04954828,LEARNING CURVE HOME STUDY LIMITED,FALSE,null,01/01/2019,10003827,null,PUB.UKRLP.dbo.ProviderInstance,a97e2eb1-c959-4c26-8064-6961d76df731
null,03337648,LEARNING DYNAMICS LIMITED,TRUE,null,17/07/2026,10003828,null,PUB.UKRLP.dbo.ProviderInstance,a97e2eb1-c959-4c26-8064-6961d76df731
04/04/2007,03469280,LEARNING DYNAMIX LIMITED,FALSE,null,08/09/2006,10003829,null,PUB.UKRLP.dbo.ProviderInstance,a97e2eb1-c959-4c26-8064-6961d76df731
16/01/2018,04312293,LEARNING FOR BUSINESS LIMITED,FALSE,null,30/11/2017,10003830,null,PUB.UKRLP.dbo.ProviderInstance,a97e2eb1-c959-4c26-8064-6961d76df731
23/01/2012,03968929,LEARNING FOR LIFE BEDFORDSHIRE & LUTON,FALSE,null,09/03/2011,10003831,null,PUB.UKRLP.dbo.ProviderInstance,a97e2eb1-c959-4c26-8064-6961d76df731
23/09/2019,02027056,LEARNING FROM EXPERIENCE TRUST LIMITED(THE),FALSE,null,12/04/2007,10003832,null,PUB.UKRLP.dbo.ProviderInstance,a97e2eb1-c959-4c26-8064-6961d76df731
29/11/2011,05406745,THE LEARNING HUB LIMITED,FALSE,Learning Hub: Direct,28/11/2011,10003833,null,PUB.UKRLP.dbo.ProviderInstance,a97e2eb1-c959-4c26-8064-6961d76df731
01/10/2024,04182011,LEARNING INNOVATIONS TRAINING TEAM LIMITED,FALSE,null,28/10/2022,10003834,null,PUB.UKRLP.dbo.ProviderInstance,a97e2eb1-c959-4c26-8064-6961d76df731
12/05/2008,SC311863,LEARNING IT LTD,FALSE,null,23/03/2007,10003835,null,PUB.UKRLP.dbo.ProviderInstance,a97e2eb1-c959-4c26-8064-6961d76df731
30/08/2018,05012670,LEARNING LEAP LIMITED,FALSE,null,11/08/2018,10003836,null,PUB.UKRLP.dbo.ProviderInstance,a97e2eb1-c959-4c26-8064-6961d76df731
30/07/2009,00158316,"FAIRLESS ENGINEERING SUPPLIES COMPANY,LIMITED(THE)",FALSE,Learning Links,12/04/2007,10003837,null,PUB.UKRLP.dbo.ProviderInstance,a97e2eb1-c959-4c26-8064-6961d76df731
08/11/2019,03859519,LEARNING LINKS (SOUTHERN) LTD.,FALSE,null,19/08/2019,10003838,null,PUB.UKRLP.dbo.ProviderInstance,a97e2eb1-c959-4c26-8064-6961d76df731
16/09/2016,05155028,SOCIAL ENTERPRISE PARTNERSHIP LIMITED,FALSE,null,13/08/2016,10003839,null,PUB.UKRLP.dbo.ProviderInstance,a97e2eb1-c959-4c26-8064-6961d76df731
12/06/2018,05190009,THE LEARNING PARTNERSHIP - BEDFORDSHIRE AND LUTON LIMITED,FALSE,null,20/03/2018,10003840,null,PUB.UKRLP.dbo.ProviderInstance,a97e2eb1-c959-4c26-8064-6961d76df731
null,04327526,"V LEARNING NETWORK, TRADING AS STEP INTO LEARNING LTD",TRUE,null,23/12/2025,10003841,null,PUB.UKRLP.dbo.ProviderInstance,a97e2eb1-c959-4c26-8064-6961d76df731
null,01392643,LEARNING TREE INTERNATIONAL LIMITED,TRUE,null,11/07/2025,10003842,null,PUB.UKRLP.dbo.ProviderInstance,a97e2eb1-c959-4c26-8064-6961d76df731
08/11/2006,03116079,REDSTRUCTURE LIMITED,FALSE,Learning World,29/07/2005,10003844,null,PUB.UKRLP.dbo.ProviderInstance,a97e2eb1-c959-4c26-8064-6961d76df731
12/05/2008,03658599,LEARN IT (NORTH-EAST) LIMITED,FALSE,Learn IT,29/03/2007,10003845,null,PUB.UKRLP.dbo.ProviderInstance,a97e2eb1-c959-4c26-8064-6961d76df731
04/03/2011,04458770,THE LEATHER TRAINING & TECHNICAL DEPT. LIMITED,FALSE,null,29/09/2010,10003846,null,PUB.UKRLP.dbo.ProviderInstance,a97e2eb1-c959-4c26-8064-6961d76df731
null,NI018438,LOCAL ECONOMIC DEVELOPMENT COMPANY (LEDCOM) LIMITED,TRUE,null,08/04/2026,10003847,null,PUB.UKRLP.dbo.ProviderInstance,a97e2eb1-c959-4c26-8064-6961d76df731
28/05/2014,02007512,LAF (YORKSHIRE) LTD,FALSE,null,22/03/2014,10003848,null,PUB.UKRLP.dbo.ProviderInstance,a97e2eb1-c959-4c26-8064-6961d76df731
null,01624914,LEEDS ANIMATION WORKSHOP LIMITED,TRUE,null,17/07/2026,10003849,null,PUB.UKRLP.dbo.ProviderInstance,a97e2eb1-c959-4c26-8064-6961d76df731
01/10/2024,04228876,LEEDS ASYLUM SEEKERS SUPPORT NETWORK,FALSE,null,13/06/2024,10003850,null,PUB.UKRLP.dbo.ProviderInstance,a97e2eb1-c959-4c26-8064-6961d76df731
08/09/2010,null,FRIENDS OF THE WESTERN BUDDHIST ORDER (LEEDS),FALSE,Leeds Buddhist Centre,17/12/2008,10003851,null,PUB.UKRLP.dbo.ProviderInstance,a97e2eb1-c959-4c26-8064-6961d76df731
null,null,LEEDS CITY COUNCIL,TRUE,null,21/07/2026,10003853,null,PUB.UKRLP.dbo.ProviderInstance,a97e2eb1-c959-4c26-8064-6961d76df731
null,null,LEEDS ARTS UNIVERSITY,TRUE,null,21/07/2026,10003854,130547,PUB.UKRLP.dbo.ProviderInstance,a97e2eb1-c959-4c26-8064-6961d76df731
null,null,LEEDS COLLEGE OF BUILDING,TRUE,null,21/07/2026,10003855,130542,PUB.UKRLP.dbo.ProviderInstance,a97e2eb1-c959-4c26-8064-6961d76df731
01/08/2011,null,LEEDS COLLEGE OF MUSIC,FALSE,null,19/05/2011,10003856,130545,PUB.UKRLP.dbo.ProviderInstance,a97e2eb1-c959-4c26-8064-6961d76df731
01/04/2009,null,LEEDS COLLEGE OF TECHNOLOGY,FALSE,null,09/10/2007,10003857,null,PUB.UKRLP.dbo.ProviderInstance,a97e2eb1-c959-4c26-8064-6961d76df731
null,03216262,NORTHPOINT WELLBEING LIMITED,TRUE,null,23/06/2025,10003858,null,PUB.UKRLP.dbo.ProviderInstance,a97e2eb1-c959-4c26-8064-6961d76df731
null,03075826,THE GRAMMAR SCHOOL AT LEEDS,TRUE,Leeds Grammar School,12/10/2025,10003859,108113,PUB.UKRLP.dbo.ProviderInstance,a97e2eb1-c959-4c26-8064-6961d76df731
16/05/2012,04489476,LEEDS LANGUAGES LIMITED,FALSE,null,01/07/2011,10003860,null,PUB.UKRLP.dbo.ProviderInstance,a97e2eb1-c959-4c26-8064-6961d76df731
null,null,LEEDS BECKETT UNIVERSITY,TRUE,null,21/07/2026,10003861,133837,PUB.UKRLP.dbo.ProviderInstance,a97e2eb1-c959-4c26-8064-6961d76df731
16/03/2012,02324871,LEEDS TRAINING TRUST,FALSE,null,29/11/2011,10003862,null,PUB.UKRLP.dbo.ProviderInstance,a97e2eb1-c959-4c26-8064-6961d76df731
null,06305220,LEEDS TRINITY UNIVERSITY,TRUE,null,29/08/2024,10003863,133838,PUB.UKRLP.dbo.ProviderInstance,a97e2eb1-c959-4c26-8064-6961d76df731
17/04/2007,null,LEEK COLLEGE OF FURTHER EDUCATION AND SCHOOL OF ART,FALSE,null,29/07/2005,10003864,null,PUB.UKRLP.dbo.ProviderInstance,a97e2eb1-c959-4c26-8064-6961d76df731
13/04/2016,null,LEEK HIGH SPECIALIST TECHNOLOGY SCHOOL,FALSE,null,19/01/2016,10003865,124406,PUB.UKRLP.dbo.ProviderInstance,a97e2eb1-c959-4c26-8064-6961d76df731
null,null,LEICESTER CITY COUNCIL,TRUE,null,21/07/2026,10003866,null,PUB.UKRLP.dbo.ProviderInstance,a97e2eb1-c959-4c26-8064-6961d76df731
null,null,LEICESTER COLLEGE,TRUE,null,21/07/2026,10003867,131863,PUB.UKRLP.dbo.ProviderInstance,a97e2eb1-c959-4c26-8064-6961d76df731
null,02836855,LEICESTER PRINT WORKSHOP STUDIOS AND RESOURCE,TRUE,null,02/09/2025,10003868,null,PUB.UKRLP.dbo.ProviderInstance,a97e2eb1-c959-4c26-8064-6961d76df731
12/05/2008,02860940,LEICESTER SQUARE SCHOOL OF ENGLISH LTD.,FALSE,null,13/04/2007,10003869,null,PUB.UKRLP.dbo.ProviderInstance,a97e2eb1-c959-4c26-8064-6961d76df731
null,03271124,LEICESTERSHIRE CENTRE FOR INTERGRATED LIVING LIMITED,TRUE,null,15/01/2024,10003870,null,PUB.UKRLP.dbo.ProviderInstance,a97e2eb1-c959-4c26-8064-6961d76df731
null,00151396,LEICESTERSHIRE CHAMBER OF COMMERCE,TRUE,null,05/11/2024,10003871,null,PUB.UKRLP.dbo.ProviderInstance,a97e2eb1-c959-4c26-8064-6961d76df731
null,null,LEICESTERSHIRE COUNTY COUNCIL,TRUE,null,21/07/2026,10003872,null,PUB.UKRLP.dbo.ProviderInstance,a97e2eb1-c959-4c26-8064-6961d76df731
null,02775469,LEICESTERSHIRE EDUCATION BUSINESS COMPANY LIMITED,TRUE,null,14/12/2025,10003873,null,PUB.UKRLP.dbo.ProviderInstance,a97e2eb1-c959-4c26-8064-6961d76df731
30/07/2009,00909343,LEICESTERSHIRE ENGINEERING TRAINING GROUP LIMITED,FALSE,LETG Training,13/04/2007,10003874,null,PUB.UKRLP.dbo.ProviderInstance,a97e2eb1-c959-4c26-8064-6961d76df731
08/01/2015,null,ALDE VALLEY SCHOOL,FALSE,null,22/12/2014,10003875,124819,PUB.UKRLP.dbo.ProviderInstance,a97e2eb1-c959-4c26-8064-6961d76df731
null,02566586,1LIFE MANAGEMENT SOLUTIONS LIMITED,TRUE,Leisure Connection,02/02/2026,10003876,null,PUB.UKRLP.dbo.ProviderInstance,a97e2eb1-c959-4c26-8064-6961d76df731
30/11/2011,04653214,LEISURE TRAINING AND ADVISORY SERVICES LIMITED,FALSE,null,13/04/2007,10003877,null,PUB.UKRLP.dbo.ProviderInstance,a97e2eb1-c959-4c26-8064-6961d76df731
01/10/2024,02649059,LEISURE TRAINING CORPORATION LIMITED,FALSE,null,09/12/2022,10003878,null,PUB.UKRLP.dbo.ProviderInstance,a97e2eb1-c959-4c26-8064-6961d76df731
26/04/2007,03683103,NORTH COUNTRY LEISURE,FALSE,Leisure Tynedale,13/04/2007,10003879,null,PUB.UKRLP.dbo.ProviderInstance,a97e2eb1-c959-4c26-8064-6961d76df731
20/11/2018,03660222,NORTH COUNTRY LEISURE (TRADING) LIMITED,FALSE,null,30/09/2018,10003880,null,PUB.UKRLP.dbo.ProviderInstance,a97e2eb1-c959-4c26-8064-6961d76df731
null,SC111089,THE LEITH SCHOOL OF ART,TRUE,null,17/07/2026,10003881,null,PUB.UKRLP.dbo.ProviderInstance,a97e2eb1-c959-4c26-8064-6961d76df731
17/12/2009,05189693,LEMON FROG LTD,FALSE,null,09/11/2007,10003882,null,PUB.UKRLP.dbo.ProviderInstance,a97e2eb1-c959-4c26-8064-6961d76df731
06/03/2007,null,LENTON AND RADFORD NEIGHBOURHOOD ASSOCIATION,FALSE,null,29/07/2005,10003883,null,PUB.UKRLP.dbo.ProviderInstance,a97e2eb1-c959-4c26-8064-6961d76df731
null,00626693,LEO BAECK COLLEGE,TRUE,null,11/03/2026,10003884,null,PUB.UKRLP.dbo.ProviderInstance,a97e2eb1-c959-4c26-8064-6961d76df731
16/05/2007,null,LEON SCHOOL AND SPORTS COLLEGE,FALSE,null,09/08/2006,10003885,null,PUB.UKRLP.dbo.ProviderInstance,a97e2eb1-c959-4c26-8064-6961d76df731
05/09/2006,02491117,LESBIAN AND GAY EMPLOYMENT RIGHTS,FALSE,null,29/07/2005,10003886,null,PUB.UKRLP.dbo.ProviderInstance,a97e2eb1-c959-4c26-8064-6961d76df731
12/05/2008,04073205,LESLEY GEORGE LTD.,FALSE,null,13/04/2007,10003887,null,PUB.UKRLP.dbo.ProviderInstance,a97e2eb1-c959-4c26-8064-6961d76df731
17/12/2009,04630524,LESLEY MEACHAM LTD,FALSE,null,13/04/2007,10003888,null,PUB.UKRLP.dbo.ProviderInstance,a97e2eb1-c959-4c26-8064-6961d76df731
null,01126386,LESLIE FRANCES (HAIR FASHIONS) LIMITED,TRUE,Leslie Frances Training,17/10/2025,10003889,null,PUB.UKRLP.dbo.ProviderInstance,a97e2eb1-c959-4c26-8064-6961d76df731
05/11/2007,02284552,LET TRAINING SERVICES LTD,FALSE,null,13/04/2007,10003890,null,PUB.UKRLP.dbo.ProviderInstance,a97e2eb1-c959-4c26-8064-6961d76df731
null,03482910,CARE FOR THE FAMILY,TRUE,Lets Do Life,02/06/2026,10003891,null,PUB.UKRLP.dbo.ProviderInstance,a97e2eb1-c959-4c26-8064-6961d76df731
10/06/2020,05394803,THE LETTING TRAINING CENTRE (UK) LIMITED,FALSE,null,22/03/2020,10003892,null,PUB.UKRLP.dbo.ProviderInstance,a97e2eb1-c959-4c26-8064-6961d76df731
null,03276354,LEVER TECHNOLOGY GROUP LIMITED,TRUE,null,24/08/2024,10003893,null,PUB.UKRLP.dbo.ProviderInstance,a97e2eb1-c959-4c26-8064-6961d76df731
22/08/2019,null,LEWISHAM SOUTHWARK COLLEGE,FALSE,null,12/10/2017,10003894,130415,PUB.UKRLP.dbo.ProviderInstance,a97e2eb1-c959-4c26-8064-6961d76df731
null,null,LEWISHAM LONDON BOROUGH COUNCIL,TRUE,null,21/07/2026,10003895,null,PUB.UKRLP.dbo.ProviderInstance,a97e2eb1-c959-4c26-8064-6961d76df731
null,null,LEWS CASTLE COLLEGE,TRUE,null,21/07/2026,10003896,null,PUB.UKRLP.dbo.ProviderInstance,a97e2eb1-c959-4c26-8064-6961d76df731
12/11/2010,03241216,LEXIS-NEXIS EUROPE LIMITED,FALSE,Lexisnexis Buttersworths,13/04/2007,10003897,null,PUB.UKRLP.dbo.ProviderInstance,a97e2eb1-c959-4c26-8064-6961d76df731
null,03441666,LEYTON ORIENT TRUST,TRUE,null,30/08/2024,10003898,null,PUB.UKRLP.dbo.ProviderInstance,a97e2eb1-c959-4c26-8064-6961d76df731
null,null,LEYTON SIXTH FORM COLLEGE,TRUE,null,21/07/2026,10003899,130457,PUB.UKRLP.dbo.ProviderInstance,a97e2eb1-c959-4c26-8064-6961d76df731
30/10/2024,04901983,LIBRA LIFE LIMITED,FALSE,Libra,11/04/2023,10003900,null,PUB.UKRLP.dbo.ProviderInstance,a97e2eb1-c959-4c26-8064-6961d76df731
null,null,LICHFIELD DISTRICT COUNCIL,TRUE,null,21/07/2026,10003901,null,PUB.UKRLP.dbo.ProviderInstance,a97e2eb1-c959-4c26-8064-6961d76df731
null,03954037,UNITIVE COACHING LTD,TRUE,Life Coach UK (Charles Bentley Associates),26/04/2026,10003902,null,PUB.UKRLP.dbo.ProviderInstance,a97e2eb1-c959-4c26-8064-6961d76df731
20/07/2011,05033355,LIFE LINE TRAINING LIMITED,FALSE,null,13/04/2007,10003903,null,PUB.UKRLP.dbo.ProviderInstance,a97e2eb1-c959-4c26-8064-6961d76df731
null,02902556,LIFE-FORCE CENTRE FOR NATURAL WELL-BEING LIMITED,TRUE,null,17/07/2026,10003904,null,PUB.UKRLP.dbo.ProviderInstance,a97e2eb1-c959-4c26-8064-6961d76df731
05/11/2007,03844868,LIFEBOAT TRAINING LIMITED,FALSE,null,13/04/2007,10003905,null,PUB.UKRLP.dbo.ProviderInstance,a97e2eb1-c959-4c26-8064-6961d76df731
24/11/2011,05243542,LIFEFORCE LEARNING & DEVELOPMENT LIMITED,FALSE,null,13/04/2007,10003906,null,PUB.UKRLP.dbo.ProviderInstance,a97e2eb1-c959-4c26-8064-6961d76df731
02/07/2018,03547237,LIFEFORCE PRODUCTIONS LTD,FALSE,null,16/03/2018,10003907,null,PUB.UKRLP.dbo.ProviderInstance,a97e2eb1-c959-4c26-8064-6961d76df731
null,03951096,LIFELINE COMMUNITY PROJECTS,TRUE,null,10/03/2026,10003908,null,PUB.UKRLP.dbo.ProviderInstance,a97e2eb1-c959-4c26-8064-6961d76df731
null,04414040,LIFESKILLS SOLUTIONS LIMITED,TRUE,LifeSkills,17/07/2026,10003909,null,PUB.UKRLP.dbo.ProviderInstance,a97e2eb1-c959-4c26-8064-6961d76df731
13/05/2008,NI051272,LIFESPRING LTD,FALSE,null,13/05/2008,10003910,null,PUB.UKRLP.dbo.ProviderInstance,a97e2eb1-c959-4c26-8064-6961d76df731
21/03/2007,02724457,LIFESTYLE (FRANCHISE) LIMITED,FALSE,Lifestyle - Hair and Beauty Centres,28/09/2006,10003911,null,PUB.UKRLP.dbo.ProviderInstance,a97e2eb1-c959-4c26-8064-6961d76df731
01/12/2014,03164408,NORD ANGLIA LIFETIME DEVELOPMENT SOUTH WEST LIMITED,FALSE,null,29/09/2014,10003912,null,PUB.UKRLP.dbo.ProviderInstance,a97e2eb1-c959-4c26-8064-6961d76df731
23/02/2015,03164404,NORD ANGLIA LIFETIME DEVELOPMENT NORTH EAST LIMITED,FALSE,null,06/01/2015,10003913,null,PUB.UKRLP.dbo.ProviderInstance,a97e2eb1-c959-4c26-8064-6961d76df731
30/04/2012,03170348,NORD ANGLIA LIFETIME DEVELOPMENT NORTH WEST LIMITED,FALSE,null,30/04/2012,10003914,null,PUB.UKRLP.dbo.ProviderInstance,a97e2eb1-c959-4c26-8064-6961d76df731
null,03263608,LIFETIME TRAINING GROUP LIMITED,TRUE,null,19/03/2026,10003915,null,PUB.UKRLP.dbo.ProviderInstance,a97e2eb1-c959-4c26-8064-6961d76df731
null,04018441,LIFT TRUCK SERVICES LIMITED,TRUE,null,26/04/2026,10003916,null,PUB.UKRLP.dbo.ProviderInstance,a97e2eb1-c959-4c26-8064-6961d76df731
01/06/2015,04946499,LIFTRAIN LIMITED,FALSE,null,31/03/2015,10003917,null,PUB.UKRLP.dbo.ProviderInstance,a97e2eb1-c959-4c26-8064-6961d76df731
null,02971032,LIGHT HOUSE MEDIA CENTRE,TRUE,null,21/12/2022,10003918,null,PUB.UKRLP.dbo.ProviderInstance,a97e2eb1-c959-4c26-8064-6961d76df731
null,04754871,THELIGHTBULB LTD,TRUE,GetSet UK,10/04/2025,10003919,null,PUB.UKRLP.dbo.ProviderInstance,a97e2eb1-c959-4c26-8064-6961d76df731
22/10/2018,02816919,LIGHTHOUSE MEDIA LTD,FALSE,null,12/08/2018,10003920,null,PUB.UKRLP.dbo.ProviderInstance,a97e2eb1-c959-4c26-8064-6961d76df731
18/01/2023,03690871,TLG BRADFORD,FALSE,null,23/09/2022,10003921,134427,PUB.UKRLP.dbo.ProviderInstance,a97e2eb1-c959-4c26-8064-6961d76df731
03/09/2010,05952955,THE LIGHTHOUSE PROJECT (HALESOWEN),FALSE,null,24/05/2007,10003922,null,PUB.UKRLP.dbo.ProviderInstance,a97e2eb1-c959-4c26-8064-6961d76df731
null,null,LILIAN BAYLIS TECHNOLOGY SCHOOL,TRUE,null,14/07/2026,10003923,100625,PUB.UKRLP.dbo.ProviderInstance,a97e2eb1-c959-4c26-8064-6961d76df731
null,01817676,LIMEHOUSE PROJECT LTD,TRUE,Limehouse Project,22/05/2026,10003924,null,PUB.UKRLP.dbo.ProviderInstance,a97e2eb1-c959-4c26-8064-6961d76df731
null,05091538,LINCOLN ACADEMY LIMITED,TRUE,Isis Training,21/01/2026,10003925,null,PUB.UKRLP.dbo.ProviderInstance,a97e2eb1-c959-4c26-8064-6961d76df731
02/09/2011,null,LINCOLN CHRIST'S HOSPITAL SCHOOL,FALSE,null,29/07/2005,10003926,120704,PUB.UKRLP.dbo.ProviderInstance,a97e2eb1-c959-4c26-8064-6961d76df731
null,null,LINCOLN CITY COUNCIL,TRUE,City of Lincoln Council,21/07/2026,10003927,null,PUB.UKRLP.dbo.ProviderInstance,a97e2eb1-c959-4c26-8064-6961d76df731
null,null,LINCOLN COLLEGE,TRUE,null,21/07/2026,10003928,130762,PUB.UKRLP.dbo.ProviderInstance,a97e2eb1-c959-4c26-8064-6961d76df731
16/07/2025,04190289,THE LINCOLNSHIRE AND RUTLAND EDUCATION BUSINESS PARTNERSHIP,FALSE,The EBP,23/03/2022,10003929,null,PUB.UKRLP.dbo.ProviderInstance,a97e2eb1-c959-4c26-8064-6961d76df731
null,04108372,LINCOLNSHIRE ACTION TRUST,TRUE,null,05/12/2025,10003930,null,PUB.UKRLP.dbo.ProviderInstance,a97e2eb1-c959-4c26-8064-6961d76df731
null,00028997,LINCOLNSHIRE CHAMBER OF COMMERCE & INDUSTRY,TRUE,null,08/04/2026,10003931,null,PUB.UKRLP.dbo.ProviderInstance,a97e2eb1-c959-4c26-8064-6961d76df731
null,null,LINCOLNSHIRE COUNTY COUNCIL,TRUE,null,21/07/2026,10003932,null,PUB.UKRLP.dbo.ProviderInstance,a97e2eb1-c959-4c26-8064-6961d76df731
null,null,LINCOLNSHIRE RURAL ACTIVITIES CENTRE,TRUE,null,07/06/2018,10003933,null,PUB.UKRLP.dbo.ProviderInstance,a97e2eb1-c959-4c26-8064-6961d76df731
null,05252701,ACTIVE LINCOLNSHIRE,TRUE,null,02/06/2026,10003934,null,PUB.UKRLP.dbo.ProviderInstance,a97e2eb1-c959-4c26-8064-6961d76df731
05/11/2007,05284309,LINE OF FLIGHT (UK) LIMITED,FALSE,null,13/04/2007,10003935,null,PUB.UKRLP.dbo.ProviderInstance,a97e2eb1-c959-4c26-8064-6961d76df731
19/10/2017,03973795,LINGUALEARN LIMITED,FALSE,null,15/07/2017,10003936,null,PUB.UKRLP.dbo.ProviderInstance,a97e2eb1-c959-4c26-8064-6961d76df731
null,05694539,LINGUAPHONE GROUP LIMITED,TRUE,null,12/06/2024,10003937,null,PUB.UKRLP.dbo.ProviderInstance,a97e2eb1-c959-4c26-8064-6961d76df731
12/07/2012,04953211,NEW LONDON COLLEGE LIMITED,FALSE,New London College,06/07/2012,10003938,137530,PUB.UKRLP.dbo.ProviderInstance,a97e2eb1-c959-4c26-8064-6961d76df731
24/11/2011,04109815,LINK-ED. LTD,FALSE,null,24/11/2011,10003939,null,PUB.UKRLP.dbo.ProviderInstance,a97e2eb1-c959-4c26-8064-6961d76df731
null,01240377,LINKAGE COMMUNITY TRUST,TRUE,null,05/08/2024,10003940,131913,PUB.UKRLP.dbo.ProviderInstance,a97e2eb1-c959-4c26-8064-6961d76df731
05/11/2007,03188756,LINKAGE INTERNATIONAL LIMITED,FALSE,null,13/04/2007,10003941,null,PUB.UKRLP.dbo.ProviderInstance,a97e2eb1-c959-4c26-8064-6961d76df731
30/07/2009,04313760,LINKS4LEARNING,FALSE,null,13/04/2007,10003942,null,PUB.UKRLP.dbo.ProviderInstance,a97e2eb1-c959-4c26-8064-6961d76df731
12/11/2010,01743043,LINNHOFF MARCH INTERNATIONAL,FALSE,null,13/10/2009,10003943,null,PUB.UKRLP.dbo.ProviderInstance,a97e2eb1-c959-4c26-8064-6961d76df731
null,03471831,LION PICTURE FRAMING SUPPLIES LIMITED,TRUE,null,17/07/2026,10003944,null,PUB.UKRLP.dbo.ProviderInstance,a97e2eb1-c959-4c26-8064-6961d76df731
null,02511501,THE LIVERPOOL INSTITUTE FOR PERFORMING ARTS,TRUE,LIPA,25/04/2026,10003945,135413,PUB.UKRLP.dbo.ProviderInstance,a97e2eb1-c959-4c26-8064-6961d76df731
06/04/2011,null,LIPSON COMMUNITY COLLEGE,FALSE,null,29/07/2005,10003946,113544,PUB.UKRLP.dbo.ProviderInstance,a97e2eb1-c959-4c26-8064-6961d76df731
09/05/2008,04698533,LIQUID BLU DIVING LIMITED,FALSE,null,13/04/2007,10003947,null,PUB.UKRLP.dbo.ProviderInstance,a97e2eb1-c959-4c26-8064-6961d76df731
06/10/2009,04944610,LIQUID GLASS CENTRE LTD,FALSE,null,22/05/2008,10003948,null,PUB.UKRLP.dbo.ProviderInstance,a97e2eb1-c959-4c26-8064-6961d76df731
31/03/2017,null,LISKEARD SCHOOL AND COMMUNITY COLLEGE,FALSE,null,04/02/2017,10003949,112061,PUB.UKRLP.dbo.ProviderInstance,a97e2eb1-c959-4c26-8064-6961d76df731
null,01828125,LITE LIMITED,TRUE,null,11/03/2026,10003950,null,PUB.UKRLP.dbo.ProviderInstance,a97e2eb1-c959-4c26-8064-6961d76df731
null,null,LITTLE HEATH SCHOOL,TRUE,null,10/10/2025,10003951,110063,PUB.UKRLP.dbo.ProviderInstance,a97e2eb1-c959-4c26-8064-6961d76df731
null,null,LITTLEOVER COMMUNITY SCHOOL,TRUE,null,10/10/2025,10003952,112956,PUB.UKRLP.dbo.ProviderInstance,a97e2eb1-c959-4c26-8064-6961d76df731
13/08/2019,05181659,LIVERPOOL BLACK SISTERS LIMITED,FALSE,null,12/08/2019,10003953,null,PUB.UKRLP.dbo.ProviderInstance,a97e2eb1-c959-4c26-8064-6961d76df731
null,null,LIVERPOOL CITY COUNCIL,TRUE,Liverpool City Council Licensing Department,21/07/2026,10003954,null,PUB.UKRLP.dbo.ProviderInstance,a97e2eb1-c959-4c26-8064-6961d76df731
null,null,THE CITY OF LIVERPOOL COLLEGE,TRUE,null,21/07/2026,10003955,130487,PUB.UKRLP.dbo.ProviderInstance,a97e2eb1-c959-4c26-8064-6961d76df731
null,03285547,LIVERPOOL HOPE UNIVERSITY,TRUE,null,29/08/2024,10003956,133826,PUB.UKRLP.dbo.ProviderInstance,a97e2eb1-c959-4c26-8064-6961d76df731
null,null,LIVERPOOL JOHN MOORES UNIVERSITY,TRUE,null,21/07/2026,10003957,133827,PUB.UKRLP.dbo.ProviderInstance,a97e2eb1-c959-4c26-8064-6961d76df731
null,00083405,LIVERPOOL SCHOOL OF TROPICAL MEDICINE,TRUE,null,20/02/2025,10003958,null,PUB.UKRLP.dbo.ProviderInstance,a97e2eb1-c959-4c26-8064-6961d76df731
null,03897433,LIVERPOOL THEATRE SCHOOL & COLLEGE LIMITED,TRUE,Liverpool Theatre School,15/09/2024,10003959,null,PUB.UKRLP.dbo.ProviderInstance,a97e2eb1-c959-4c26-8064-6961d76df731
21/12/2020,04305167,LIVING EXPERIENCE LIMITED,FALSE,null,18/09/2020,10003960,null,PUB.UKRLP.dbo.ProviderInstance,a97e2eb1-c959-4c26-8064-6961d76df731
20/07/2011,04695914,LIFE AFTER BRANDING LIMITED,FALSE,null,01/11/2007,10003961,null,PUB.UKRLP.dbo.ProviderInstance,a97e2eb1-c959-4c26-8064-6961d76df731
05/11/2007,04795914,LIVING WITH STRESS LIMITED,FALSE,null,13/04/2007,10003962,null,PUB.UKRLP.dbo.ProviderInstance,a97e2eb1-c959-4c26-8064-6961d76df731
null,02497983,BANNATYNE FITNESS (7) LIMITED,TRUE,null,11/03/2026,10003963,null,PUB.UKRLP.dbo.ProviderInstance,a97e2eb1-c959-4c26-8064-6961d76df731
09/05/2008,04730862,LIZ COUSINS LIMITED,FALSE,null,13/04/2007,10003964,null,PUB.UKRLP.dbo.ProviderInstance,a97e2eb1-c959-4c26-8064-6961d76df731
19/11/2020,03231025,EDUCATIONAL PURSUITS INSTRUCTION CENTRES LIMITED,FALSE,null,29/08/2020,10003965,null,PUB.UKRLP.dbo.ProviderInstance,a97e2eb1-c959-4c26-8064-6961d76df731
null,02833721,LLANOVER HALL COMMUNITY ARTS,TRUE,null,17/07/2026,10003966,null,PUB.UKRLP.dbo.ProviderInstance,a97e2eb1-c959-4c26-8064-6961d76df731
04/11/2015,03917090,LM PERSONNEL SOLUTIONS LIMITED,FALSE,null,01/10/2015,10003967,null,PUB.UKRLP.dbo.ProviderInstance,a97e2eb1-c959-4c26-8064-6961d76df731
06/04/2016,03576199,LOCAL LEAGUES LTD,FALSE,null,05/02/2016,10003968,null,PUB.UKRLP.dbo.ProviderInstance,a97e2eb1-c959-4c26-8064-6961d76df731
21/03/2007,04044023,LOCAL LEARNING.COM LIMITED,FALSE,null,28/09/2006,10003969,null,PUB.UKRLP.dbo.ProviderInstance,a97e2eb1-c959-4c26-8064-6961d76df731
null,SC169179,LOCAL PLANET SOLUTIONS LIMITED,TRUE,null,02/09/2025,10003970,null,PUB.UKRLP.dbo.ProviderInstance,a97e2eb1-c959-4c26-8064-6961d76df731
null,01792921,LOCAL SOLUTIONS,TRUE,null,05/04/2025,10003971,null,PUB.UKRLP.dbo.ProviderInstance,a97e2eb1-c959-4c26-8064-6961d76df731
16/07/2025,SC153921,WEST HIGHLAND COLLEGE UHI,FALSE,null,20/02/2025,10003972,null,PUB.UKRLP.dbo.ProviderInstance,a97e2eb1-c959-4c26-8064-6961d76df731
21/03/2007,SC181736,LOCHABER COMMUNICATIONS NETWORK LIMITED,FALSE,null,28/09/2006,10003973,null,PUB.UKRLP.dbo.ProviderInstance,a97e2eb1-c959-4c26-8064-6961d76df731
null,03453820,LOCHINVAR LIMITED,TRUE,null,17/07/2026,10003974,null,PUB.UKRLP.dbo.ProviderInstance,a97e2eb1-c959-4c26-8064-6961d76df731
null,01184113,LOCKWELL ELECTRICAL DISTRIBUTORS LTD,TRUE,null,17/07/2026,10003975,null,PUB.UKRLP.dbo.ProviderInstance,a97e2eb1-c959-4c26-8064-6961d76df731
null,03743383,LOCOMOTIVATION LTD.,TRUE,Locomotivation,23/12/2025,10003976,null,PUB.UKRLP.dbo.ProviderInstance,a97e2eb1-c959-4c26-8064-6961d76df731
11/10/2012,null,LODGE PARK TECHNOLOGY COLLEGE,FALSE,null,17/05/2012,10003977,122118,PUB.UKRLP.dbo.ProviderInstance,a97e2eb1-c959-4c26-8064-6961d76df731
22/07/2014,02615863,LOFTUS DEVELOPMENT TRUST,FALSE,null,20/06/2014,10003978,null,PUB.UKRLP.dbo.ProviderInstance,a97e2eb1-c959-4c26-8064-6961d76df731
null,03791604,AZESTA LIMITED,TRUE,Azesta Ltd,08/04/2026,10003979,null,PUB.UKRLP.dbo.ProviderInstance,a97e2eb1-c959-4c26-8064-6961d76df731
08/11/2006,04879698,LOGISTICS TRAINING UK LIMITED,FALSE,null,29/07/2005,10003980,null,PUB.UKRLP.dbo.ProviderInstance,a97e2eb1-c959-4c26-8064-6961d76df731
null,04170203,LOMAX TRAINING SERVICES LIMITED,TRUE,Lomax Training Services,17/07/2026,10003981,null,PUB.UKRLP.dbo.ProviderInstance,a97e2eb1-c959-4c26-8064-6961d76df731
04/04/2007,04905753,LONDON ACADEMY OF HIGHER EDUCATION LIMITED,FALSE,null,06/09/2006,10003982,null,PUB.UKRLP.dbo.ProviderInstance,a97e2eb1-c959-4c26-8064-6961d76df731
22/03/2007,03040979,THE LONDON ACADEMY OF PERFORMING ARTS LIMITED,FALSE,null,28/09/2006,10003983,null,PUB.UKRLP.dbo.ProviderInstance,a97e2eb1-c959-4c26-8064-6961d76df731
30/11/2011,03983888,LONDON ACADEMY OF RADIO FILM & TV LIMITED,FALSE,null,29/11/2011,10003984,null,PUB.UKRLP.dbo.ProviderInstance,a97e2eb1-c959-4c26-8064-6961d76df731
07/03/2013,02897056,LONDON ACTION TRUST,FALSE,null,07/03/2013,10003985,null,PUB.UKRLP.dbo.ProviderInstance,a97e2eb1-c959-4c26-8064-6961d76df731
null,null,BARNET LONDON BOROUGH COUNCIL,TRUE,null,21/07/2026,10003986,null,PUB.UKRLP.dbo.ProviderInstance,a97e2eb1-c959-4c26-8064-6961d76df731
null,null,BROMLEY LONDON BOROUGH COUNCIL,TRUE,null,21/07/2026,10003987,null,PUB.UKRLP.dbo.ProviderInstance,a97e2eb1-c959-4c26-8064-6961d76df731
null,null,CAMDEN LONDON BOROUGH COUNCIL,TRUE,null,21/07/2026,10003988,null,PUB.UKRLP.dbo.ProviderInstance,a97e2eb1-c959-4c26-8064-6961d76df731
null,null,CROYDON LONDON BOROUGH COUNCIL,TRUE,null,21/07/2026,10003989,null,PUB.UKRLP.dbo.ProviderInstance,a97e2eb1-c959-4c26-8064-6961d76df731
null,null,ROYAL BOROUGH OF GREENWICH,TRUE,null,21/07/2026,10003990,null,PUB.UKRLP.dbo.ProviderInstance,a97e2eb1-c959-4c26-8064-6961d76df731
null,null,HAVERING LONDON BOROUGH COUNCIL,TRUE,null,21/07/2026,10003993,null,PUB.UKRLP.dbo.ProviderInstance,a97e2eb1-c959-4c26-8064-6961d76df731
null,null,LAMBETH LONDON BOROUGH COUNCIL,TRUE,null,21/07/2026,10003995,null,PUB.UKRLP.dbo.ProviderInstance,a97e2eb1-c959-4c26-8064-6961d76df731
null,null,MERTON BOROUGH COUNCIL,TRUE,null,21/07/2026,10003996,null,PUB.UKRLP.dbo.ProviderInstance,a97e2eb1-c959-4c26-8064-6961d76df731
null,null,NEWHAM LONDON BOROUGH COUNCIL,TRUE,null,21/07/2026,10003997,null,PUB.UKRLP.dbo.ProviderInstance,a97e2eb1-c959-4c26-8064-6961d76df731
null,null,SUTTON LONDON BOROUGH COUNCIL,TRUE,Sutton College,21/07/2026,10004000,null,PUB.UKRLP.dbo.ProviderInstance,a97e2eb1-c959-4c26-8064-6961d76df731
null,null,WANDSWORTH LONDON BOROUGH COUNCIL,TRUE,null,21/07/2026,10004002,null,PUB.UKRLP.dbo.ProviderInstance,a97e2eb1-c959-4c26-8064-6961d76df731
null,null,THE LONDON BUDDHIST CENTRE,TRUE,null,07/06/2018,10004003,null,PUB.UKRLP.dbo.ProviderInstance,a97e2eb1-c959-4c26-8064-6961d76df731
null,03267009,LONDON CAPITAL COMPUTER COLLEGE LIMITED,TRUE,null,24/02/2024,10004004,null,PUB.UKRLP.dbo.ProviderInstance,a97e2eb1-c959-4c26-8064-6961d76df731
13/10/2009,02632531,LONDON CENTRE FOR FASHION STUDIES LIMITED,FALSE,London Centre for Fashion Studies,16/05/2008,10004005,null,PUB.UKRLP.dbo.ProviderInstance,a97e2eb1-c959-4c26-8064-6961d76df731
29/03/2019,05994433,LCCM LIMITED,FALSE,null,27/01/2019,10004006,null,PUB.UKRLP.dbo.ProviderInstance,a97e2eb1-c959-4c26-8064-6961d76df731
14/06/2012,null,LONDON CITY COLLEGE,FALSE,null,26/05/2011,10004007,null,PUB.UKRLP.dbo.ProviderInstance,a97e2eb1-c959-4c26-8064-6961d76df731
02/04/2007,05046121,MARYLAND COLLEGE LTD,FALSE,null,04/09/2006,10004008,null,PUB.UKRLP.dbo.ProviderInstance,a97e2eb1-c959-4c26-8064-6961d76df731
null,03169665,YMCA LONDON CITY AND NORTH,TRUE,null,11/07/2025,10004009,null,PUB.UKRLP.dbo.ProviderInstance,a97e2eb1-c959-4c26-8064-6961d76df731
11/04/2007,03678475,LONDON COLLEGE UCK LIMITED,FALSE,null,28/09/2006,10004010,null,PUB.UKRLP.dbo.ProviderInstance,a97e2eb1-c959-4c26-8064-6961d76df731
null,03914791,LCA LONDON LIMITED,TRUE,ARU London,12/09/2025,10004011,null,PUB.UKRLP.dbo.ProviderInstance,a97e2eb1-c959-4c26-8064-6961d76df731
20/07/2011,04268459,LONDON COLLEGE OF ADVANCED STUDIES LIMITED,FALSE,null,14/04/2007,10004012,null,PUB.UKRLP.dbo.ProviderInstance,a97e2eb1-c959-4c26-8064-6961d76df731
null,03053799,THE LONDON COLLEGE OF BEAUTY THERAPY LIMITED,TRUE,null,11/03/2026,10004013,null,PUB.UKRLP.dbo.ProviderInstance,a97e2eb1-c959-4c26-8064-6961d76df731
null,03450525,GRADUATE SCHOOL OF MANAGEMENT,TRUE,null,17/07/2026,10004014,null,PUB.UKRLP.dbo.ProviderInstance,a97e2eb1-c959-4c26-8064-6961d76df731
15/03/2012,02743451,LONDON COLLEGE OF BUSINESS AND COMPUTING LIMITED,FALSE,null,24/11/2011,10004015,null,PUB.UKRLP.dbo.ProviderInstance,a97e2eb1-c959-4c26-8064-6961d76df731
04/03/2011,04569225,LONDON COLLEGE OF BUSINESS & MANAGEMENT LIMITED,FALSE,null,14/04/2007,10004016,null,PUB.UKRLP.dbo.ProviderInstance,a97e2eb1-c959-4c26-8064-6961d76df731
21/10/2010,04863379,LONDON COLLEGE OF BUSINESS STUDIES LTD,FALSE,null,22/09/2010,10004017,null,PUB.UKRLP.dbo.ProviderInstance,a97e2eb1-c959-4c26-8064-6961d76df731
08/11/2019,03189610,LONDON COLLEGE OF CLINICAL HYPNOSIS LIMITED,FALSE,null,30/09/2019,10004018,null,PUB.UKRLP.dbo.ProviderInstance,a97e2eb1-c959-4c26-8064-6961d76df731
11/12/2007,04428091,ST. PAUL'S COLLEGE,FALSE,null,14/04/2007,10004019,null,PUB.UKRLP.dbo.ProviderInstance,a97e2eb1-c959-4c26-8064-6961d76df731
04/04/2012,04717888,LONDON COLLEGE OF COMPUTING & MANAGEMENT LIMITED,FALSE,null,08/09/2011,10004020,null,PUB.UKRLP.dbo.ProviderInstance,a97e2eb1-c959-4c26-8064-6961d76df731
06/07/2012,05277836,LONDON COLLEGE OF ENGLISH LIMITED,FALSE,null,29/11/2011,10004021,null,PUB.UKRLP.dbo.ProviderInstance,a97e2eb1-c959-4c26-8064-6961d76df731
30/04/2012,04603642,LONDON COLLEGE OF EXCELLENCE LIMITED,FALSE,null,10/01/2012,10004022,null,PUB.UKRLP.dbo.ProviderInstance,a97e2eb1-c959-4c26-8064-6961d76df731
16/07/2025,02925278,LONDON COLLEGE OF INTERNATIONAL BUSINESS STUDIES LTD,FALSE,null,27/09/2024,10004023,null,PUB.UKRLP.dbo.ProviderInstance,a97e2eb1-c959-4c26-8064-6961d76df731
22/11/2011,04984369,LONDON COLLEGE OF LAW AND MANAGEMENT LTD,FALSE,null,14/04/2007,10004024,null,PUB.UKRLP.dbo.ProviderInstance,a97e2eb1-c959-4c26-8064-6961d76df731
23/04/2012,04580977,LONDON COLLEGE OF MANAGEMENT AND IT,FALSE,null,26/05/2011,10004025,null,PUB.UKRLP.dbo.ProviderInstance,a97e2eb1-c959-4c26-8064-6961d76df731
21/12/2011,04994313,LONDON COLLEGE OF MANAGEMENT STUDIES LIMITED,FALSE,null,29/11/2011,10004026,null,PUB.UKRLP.dbo.ProviderInstance,a97e2eb1-c959-4c26-8064-6961d76df731
24/12/2010,03143078,THE LONDON COLLEGE OF TRADITIONAL ACUPUNCTURE AND ORIENTAL MEDICINE,FALSE,null,16/05/2008,10004027,null,PUB.UKRLP.dbo.ProviderInstance,a97e2eb1-c959-4c26-8064-6961d76df731
null,00883094,CONTEMPORARY DANCE TRUST LIMITED,TRUE,The Place,24/06/2025,10004028,null,PUB.UKRLP.dbo.ProviderInstance,a97e2eb1-c959-4c26-8064-6961d76df731
13/06/2024,03639153,LONDON CORPORATE TRAINING LIMITED,FALSE,null,12/12/2022,10004029,null,PUB.UKRLP.dbo.ProviderInstance,a97e2eb1-c959-4c26-8064-6961d76df731
20/07/2011,04647785,THE LONDON ADVICE PARTNERSHIP LIMITED,FALSE,null,11/03/2011,10004030,null,PUB.UKRLP.dbo.ProviderInstance,a97e2eb1-c959-4c26-8064-6961d76df731
null,04301654,15BILLION,TRUE,Inspire,18/07/2026,10004031,null,PUB.UKRLP.dbo.ProviderInstance,a97e2eb1-c959-4c26-8064-6961d76df731
08/11/2019,02247283,LONDON ELECTRONICS COLLEGE LIMITED,FALSE,null,03/10/2019,10004032,null,PUB.UKRLP.dbo.ProviderInstance,a97e2eb1-c959-4c26-8064-6961d76df731
29/03/2017,05031766,WEST LONDON BUSINESS COLLEGE LIMITED,FALSE,West London Business College Ltd,22/02/2017,10004033,null,PUB.UKRLP.dbo.ProviderInstance,a97e2eb1-c959-4c26-8064-6961d76df731
17/12/2009,04232958,LONDON EXECUTIVE SCHOOLS,FALSE,null,21/10/2009,10004034,null,PUB.UKRLP.dbo.ProviderInstance,a97e2eb1-c959-4c26-8064-6961d76df731
null,04150042,THE FILM EDUCATION TRAINING TRUST LIMITED,TRUE,London Film Academy,12/04/2026,10004035,null,PUB.UKRLP.dbo.ProviderInstance,a97e2eb1-c959-4c26-8064-6961d76df731
null,01197026,LONDON FILM SCHOOL LIMITED,TRUE,null,26/10/2024,10004036,null,PUB.UKRLP.dbo.ProviderInstance,a97e2eb1-c959-4c26-8064-6961d76df731
null,04160310,LONDON GRADUATE SCHOOL OF MANAGEMENT LIMITED,TRUE,null,01/10/2024,10004037,null,PUB.UKRLP.dbo.ProviderInstance,a97e2eb1-c959-4c26-8064-6961d76df731
05/10/2012,03065310,LONDON HOTEL SCHOOL LIMITED,FALSE,London Hotel School,05/10/2012,10004038,null,PUB.UKRLP.dbo.ProviderInstance,a97e2eb1-c959-4c26-8064-6961d76df731
03/09/2010,04272871,LITR LTD,FALSE,London Institute Of Technology And Research,14/04/2007,10004039,null,PUB.UKRLP.dbo.ProviderInstance,a97e2eb1-c959-4c26-8064-6961d76df731
05/09/2006,04678680,LONDON INTERNATIONAL COLLEGE OF BUSINESS & TECHNOLOGY LIMITED,FALSE,null,29/07/2005,10004040,null,PUB.UKRLP.dbo.ProviderInstance,a97e2eb1-c959-4c26-8064-6961d76df731
16/07/2025,04636846,LONDON INTERNATIONAL SCHOOL OF PERFORMING ARTS LTD,FALSE,null,13/10/2024,10004041,null,PUB.UKRLP.dbo.ProviderInstance,a97e2eb1-c959-4c26-8064-6961d76df731
28/12/2018,02287034,MIND YOURSELF,FALSE,null,14/11/2018,10004042,null,PUB.UKRLP.dbo.ProviderInstance,a97e2eb1-c959-4c26-8064-6961d76df731
24/10/2019,03811133,THE LONDON JEWISH CULTURAL CENTRE,FALSE,null,25/08/2019,10004043,null,PUB.UKRLP.dbo.ProviderInstance,a97e2eb1-c959-4c26-8064-6961d76df731
21/03/2007,02195132,LONDON KEYBOARD & COMPUTER TRAINING CENTRE LIMITED,FALSE,null,28/09/2006,10004044,null,PUB.UKRLP.dbo.ProviderInstance,a97e2eb1-c959-4c26-8064-6961d76df731
18/10/2007,04697853,LONDON LEADERSHIP CENTRE LIMITED,FALSE,null,14/04/2007,10004045,null,PUB.UKRLP.dbo.ProviderInstance,a97e2eb1-c959-4c26-8064-6961d76df731
null,03111975,LONDON MANAGEMENT CENTRE LIMITED,TRUE,null,06/06/2025,10004046,null,PUB.UKRLP.dbo.ProviderInstance,a97e2eb1-c959-4c26-8064-6961d76df731
04/03/2011,OC300623,LONDON MERIDIAN COLLEGE LLP,FALSE,null,04/03/2011,10004047,null,PUB.UKRLP.dbo.ProviderInstance,a97e2eb1-c959-4c26-8064-6961d76df731
null,00974438,LONDON METROPOLITAN UNIVERSITY,TRUE,null,21/12/2025,10004048,133816,PUB.UKRLP.dbo.ProviderInstance,a97e2eb1-c959-4c26-8064-6961d76df731
28/01/2009,04638295,LONDON MUSIC SCHOOL . COM LIMITED,FALSE,null,22/03/2007,10004049,null,PUB.UKRLP.dbo.ProviderInstance,a97e2eb1-c959-4c26-8064-6961d76df731
06/01/2025,null,LONDON NAUTICAL SCHOOL,FALSE,null,04/10/2024,10004050,100642,PUB.UKRLP.dbo.ProviderInstance,a97e2eb1-c959-4c26-8064-6961d76df731
24/11/2011,04211564,LONDON NORTH BUSINESS INTO EDUCATION LIMITED,FALSE,null,14/04/2007,10004051,null,PUB.UKRLP.dbo.ProviderInstance,a97e2eb1-c959-4c26-8064-6961d76df731
23/02/2018,03299480,THE LONDON ORIENTAL ACADEMY,FALSE,null,19/01/2018,10004052,null,PUB.UKRLP.dbo.ProviderInstance,a97e2eb1-c959-4c26-8064-6961d76df731
03/02/2020,03966279,THE LONDON PARACHUTE SCHOOL LIMITED,FALSE,null,27/11/2019,10004053,null,PUB.UKRLP.dbo.ProviderInstance,a97e2eb1-c959-4c26-8064-6961d76df731
05/11/2007,04503389,PELAGIAL LIMITED,FALSE,London Power Boat School,29/03/2007,10004054,null,PUB.UKRLP.dbo.ProviderInstance,a97e2eb1-c959-4c26-8064-6961d76df731
null,02519846,LPS21 LTD,TRUE,null,13/06/2024,10004055,null,PUB.UKRLP.dbo.ProviderInstance,a97e2eb1-c959-4c26-8064-6961d76df731
30/10/2012,04812336,LONDON SCHOOL OF ACCOUNTANCY & MANAGEMENT LIMITED,FALSE,null,30/10/2012,10004056,null,PUB.UKRLP.dbo.ProviderInstance,a97e2eb1-c959-4c26-8064-6961d76df731
null,05135134,LONDON SCHOOL OF ASTROLOGY LIMITED,TRUE,null,08/04/2026,10004057,null,PUB.UKRLP.dbo.ProviderInstance,a97e2eb1-c959-4c26-8064-6961d76df731
18/02/2009,03106688,THE LONDON SCHOOL OF BEAUTY AND MAKE-UP LIMITED,FALSE,null,14/04/2007,10004058,null,PUB.UKRLP.dbo.ProviderInstance,a97e2eb1-c959-4c26-8064-6961d76df731
21/03/2007,03594174,LONDON SCHOOL OF BUSINESS ADMINISTRATION LIMITED,FALSE,null,28/09/2006,10004059,null,PUB.UKRLP.dbo.ProviderInstance,a97e2eb1-c959-4c26-8064-6961d76df731
null,04977611,LONDON SCHOOL OF BUSINESS & FINANCE (UK) LIMITED,TRUE,null,23/07/2025,10004060,null,PUB.UKRLP.dbo.ProviderInstance,a97e2eb1-c959-4c26-8064-6961d76df731
null,04511191,BLOOMSBURY INSTITUTE LIMITED,TRUE,Bloomsbury Institute,21/12/2025,10004061,null,PUB.UKRLP.dbo.ProviderInstance,a97e2eb1-c959-4c26-8064-6961d76df731
05/11/2007,02311928,HOMEOPATHY HEALTH SERVICES LIMITED,FALSE,London School Of Classical Homeopathy,14/04/2007,10004062,null,PUB.UKRLP.dbo.ProviderInstance,a97e2eb1-c959-4c26-8064-6961d76df731
null,00070527,THE LONDON SCHOOL OF ECONOMICS AND POLITICAL SCIENCE,TRUE,null,21/07/2026,10004063,133910,PUB.UKRLP.dbo.ProviderInstance,a97e2eb1-c959-4c26-8064-6961d76df731
15/07/2008,02717571,LSJ COURSES LIMITED,FALSE,London School of Journalism,01/11/2007,10004064,null,PUB.UKRLP.dbo.ProviderInstance,a97e2eb1-c959-4c26-8064-6961d76df731
23/01/2012,02968867,LONDON SCHOOL OF MANAGEMENT LIMITED,FALSE,null,17/08/2011,10004065,null,PUB.UKRLP.dbo.ProviderInstance,a97e2eb1-c959-4c26-8064-6961d76df731
20/07/2011,04292212,LONDON SCHOOL OF MANAGEMENT AND TECHNOLOGY LIMITED,FALSE,null,05/01/2010,10004066,null,PUB.UKRLP.dbo.ProviderInstance,a97e2eb1-c959-4c26-8064-6961d76df731
08/11/2019,04289595,LONDON SCHOOL OF MARKETING LIMITED,FALSE,null,19/08/2019,10004067,null,PUB.UKRLP.dbo.ProviderInstance,a97e2eb1-c959-4c26-8064-6961d76df731
null,05358347,THE LONDON SCHOOL OF MEDIA MAKE-UP LIMITED,TRUE,London School Of Media Make Up,17/07/2026,10004068,null,PUB.UKRLP.dbo.ProviderInstance,a97e2eb1-c959-4c26-8064-6961d76df731
null,02757051,LONDON SCHOOL OF PUBLIC RELATIONS LIMITED,TRUE,null,02/09/2025,10004069,null,PUB.UKRLP.dbo.ProviderInstance,a97e2eb1-c959-4c26-8064-6961d76df731
null,02676782,LONDON SCHOOL OF PUBLISHING LIMITED,TRUE,null,02/09/2025,10004070,null,PUB.UKRLP.dbo.ProviderInstance,a97e2eb1-c959-4c26-8064-6961d76df731
05/11/2007,05446222,SCUARE LIMITED,FALSE,null,01/11/2007,10004071,null,PUB.UKRLP.dbo.ProviderInstance,a97e2eb1-c959-4c26-8064-6961d76df731
01/04/2014,04312004,LONDON SCHOOL OF STRIPTEASE LIMITED,FALSE,null,05/11/2013,10004072,null,PUB.UKRLP.dbo.ProviderInstance,a97e2eb1-c959-4c26-8064-6961d76df731
05/02/2018,01418656,LONDON SCHOOL OF T'AI CHI CHUAN AND TRADITIONAL HEALTH RESOURCES LIMITED,FALSE,null,25/10/2017,10004073,null,PUB.UKRLP.dbo.ProviderInstance,a97e2eb1-c959-4c26-8064-6961d76df731
25/10/2018,05325772,THE LONDON SCHOOL OF TRADITIONAL MASSAGE (LSTM) LTD,FALSE,London School Of Traditional Massage,26/08/2018,10004074,null,PUB.UKRLP.dbo.ProviderInstance,a97e2eb1-c959-4c26-8064-6961d76df731
null,00381332,LONDON SCHOOL OF THEOLOGY,TRUE,null,01/09/2025,10004075,133052,PUB.UKRLP.dbo.ProviderInstance,a97e2eb1-c959-4c26-8064-6961d76df731
15/05/2017,04970905,LONDON SCUBA LTD,FALSE,null,04/04/2017,10004076,null,PUB.UKRLP.dbo.ProviderInstance,a97e2eb1-c959-4c26-8064-6961d76df731
06/08/2015,03240238,PESSTRIKE,FALSE,null,06/09/2010,10004077,null,PUB.UKRLP.dbo.ProviderInstance,a97e2eb1-c959-4c26-8064-6961d76df731
null,00986761,LONDON SOUTH BANK UNIVERSITY,TRUE,null,04/02/2024,10004078,133873,PUB.UKRLP.dbo.ProviderInstance,a97e2eb1-c959-4c26-8064-6961d76df731
null,03787251,LONDON STUDIO CENTRE LIMITED,TRUE,London Studio Centre,21/12/2025,10004079,null,PUB.UKRLP.dbo.ProviderInstance,a97e2eb1-c959-4c26-8064-6961d76df731
27/01/2009,03581321,THE LONDON STUDY CENTRE LIMITED,FALSE,null,14/04/2007,10004080,null,PUB.UKRLP.dbo.ProviderInstance,a97e2eb1-c959-4c26-8064-6961d76df731
null,null,LONDON SEMINARY,TRUE,null,22/01/2019,10004081,null,PUB.UKRLP.dbo.ProviderInstance,a97e2eb1-c959-4c26-8064-6961d76df731
17/12/2009,03800826,TOWER COLLEGE OF TECHNOLOGY (UK) LTD,FALSE,null,26/03/2007,10004082,null,PUB.UKRLP.dbo.ProviderInstance,a97e2eb1-c959-4c26-8064-6961d76df731
13/08/2019,01900907,LONDON UNDERGROUND LIMITED,FALSE,null,12/08/2019,10004083,null,PUB.UKRLP.dbo.ProviderInstance,a97e2eb1-c959-4c26-8064-6961d76df731
28/01/2009,03193171,THE LONDON VOCATIONAL & MANAGEMENT TRAINING CO LIMITED,FALSE,London Vocational And Management Training College,14/04/2007,10004084,null,PUB.UKRLP.dbo.ProviderInstance,a97e2eb1-c959-4c26-8064-6961d76df731
05/03/2012,02433659,LONDON VOLUNTARY SECTOR TRAINING CONSORTIUM,FALSE,LVSTC,31/01/2012,10004085,null,PUB.UKRLP.dbo.ProviderInstance,a97e2eb1-c959-4c26-8064-6961d76df731
08/11/2019,01395546,LONDON VOLUNTARY SERVICE COUNCIL(THE),FALSE,null,24/09/2019,10004086,null,PUB.UKRLP.dbo.ProviderInstance,a97e2eb1-c959-4c26-8064-6961d76df731
11/12/2007,00774093,LONDON WELSH TRUST LIMITED,FALSE,null,14/04/2007,10004087,null,PUB.UKRLP.dbo.ProviderInstance,a97e2eb1-c959-4c26-8064-6961d76df731
06/09/2024,null,LONG ROAD SIXTH FORM COLLEGE,FALSE,null,03/07/2024,10004088,130616,PUB.UKRLP.dbo.ProviderInstance,a97e2eb1-c959-4c26-8064-6961d76df731
null,null,LONGBENTON HIGH SCHOOL,TRUE,null,21/03/2026,10004089,108645,PUB.UKRLP.dbo.ProviderInstance,a97e2eb1-c959-4c26-8064-6961d76df731
14/06/2011,null,LONGBRIDGE COMMUNITY ADVICE AND RESOURCE CENTRE,FALSE,null,03/08/2010,10004090,null,PUB.UKRLP.dbo.ProviderInstance,a97e2eb1-c959-4c26-8064-6961d76df731
null,null,LONGCROFT SCHOOL AND SIXTH FORM COLLEGE,TRUE,null,27/01/2026,10004091,118073,PUB.UKRLP.dbo.ProviderInstance,a97e2eb1-c959-4c26-8064-6961d76df731
10/08/2011,null,LONGDEAN SCHOOL,FALSE,null,29/07/2005,10004092,117523,PUB.UKRLP.dbo.ProviderInstance,a97e2eb1-c959-4c26-8064-6961d76df731
17/06/2024,03799000,LONGDEN.CO.UK LIMITED,FALSE,null,22/01/2024,10004093,null,PUB.UKRLP.dbo.ProviderInstance,a97e2eb1-c959-4c26-8064-6961d76df731
10/08/2011,null,LONGFORD COMMUNITY SCHOOL,FALSE,null,29/07/2005,10004094,102534,PUB.UKRLP.dbo.ProviderInstance,a97e2eb1-c959-4c26-8064-6961d76df731
null,04484139,FELTON PROPERTY AND INVESTMENTS LIMITED,TRUE,Develop,18/07/2026,10004095,null,PUB.UKRLP.dbo.ProviderInstance,a97e2eb1-c959-4c26-8064-6961d76df731
17/08/2011,null,LONGSANDS COLLEGE,FALSE,null,29/07/2005,10004096,110905,PUB.UKRLP.dbo.ProviderInstance,a97e2eb1-c959-4c26-8064-6961d76df731
10/04/2015,null,LONGSLADE COMMUNITY COLLEGE,FALSE,null,29/12/2014,10004097,120261,PUB.UKRLP.dbo.ProviderInstance,a97e2eb1-c959-4c26-8064-6961d76df731
null,04314538,LOOE DEVELOPMENT TRUST,TRUE,null,11/03/2026,10004098,null,PUB.UKRLP.dbo.ProviderInstance,a97e2eb1-c959-4c26-8064-6961d76df731
18/10/2023,03141868,ACORN DEVELOPMENT SOLUTIONS LIMITED,FALSE,null,19/07/2023,10004099,null,PUB.UKRLP.dbo.ProviderInstance,a97e2eb1-c959-4c26-8064-6961d76df731
null,05247155,LOOK NORTH GROOMING AND TRAINING CENTRE LIMITED,TRUE,null,17/07/2026,10004100,null,PUB.UKRLP.dbo.ProviderInstance,a97e2eb1-c959-4c26-8064-6961d76df731
09/07/2012,03276757,LOPPINGTON HOUSE LIMITED,FALSE,Loppington House Further Education Unit and Adult Centre,09/07/2012,10004101,131914,PUB.UKRLP.dbo.ProviderInstance,a97e2eb1-c959-4c26-8064-6961d76df731
17/04/2018,null,LORD GREY SCHOOL,FALSE,null,05/03/2018,10004102,110531,PUB.UKRLP.dbo.ProviderInstance,a97e2eb1-c959-4c26-8064-6961d76df731
11/04/2019,null,LORD LAWSON OF BEAMISH COMMUNITY SCHOOL,FALSE,null,22/06/2010,10004103,108403,PUB.UKRLP.dbo.ProviderInstance,a97e2eb1-c959-4c26-8064-6961d76df731
08/12/2006,null,LORD WILLIAMS'S SCHOOL,FALSE,null,29/07/2005,10004104,null,PUB.UKRLP.dbo.ProviderInstance,a97e2eb1-c959-4c26-8064-6961d76df731
20/07/2011,02981293,LORDS HOUSE FARM,FALSE,null,05/01/2010,10004105,null,PUB.UKRLP.dbo.ProviderInstance,a97e2eb1-c959-4c26-8064-6961d76df731
24/01/2011,null,LORDSWOOD BOYS' SCHOOL,FALSE,null,29/07/2005,10004106,103484,PUB.UKRLP.dbo.ProviderInstance,a97e2eb1-c959-4c26-8064-6961d76df731
05/04/2011,null,"LORDSWOOD GIRLS' SCHOOL AND THE SIXTH FORM CENTRE, HARBORNE A SPECIALIST MEDIA ARTS COLLEGE",FALSE,null,08/08/2006,10004107,103485,PUB.UKRLP.dbo.ProviderInstance,a97e2eb1-c959-4c26-8064-6961d76df731
null,null,LORETO COLLEGE,TRUE,null,25/10/2025,10004108,130503,PUB.UKRLP.dbo.ProviderInstance,a97e2eb1-c959-4c26-8064-6961d76df731
07/06/2006,null,LORETO GRAMMAR SCHOOL,FALSE,null,29/07/2005,10004109,null,PUB.UKRLP.dbo.ProviderInstance,a97e2eb1-c959-4c26-8064-6961d76df731
17/12/2009,02620629,LOSANG DRAGPA CENTRE,FALSE,null,14/04/2007,10004110,null,PUB.UKRLP.dbo.ProviderInstance,a97e2eb1-c959-4c26-8064-6961d76df731
null,03446921,LOTUS HUMAN RESOURCE CONSULTANCY LIMITED,TRUE,null,02/09/2025,10004111,null,PUB.UKRLP.dbo.ProviderInstance,a97e2eb1-c959-4c26-8064-6961d76df731
null,null,LOUGHBOROUGH COLLEGE,TRUE,null,21/07/2026,10004112,130748,PUB.UKRLP.dbo.ProviderInstance,a97e2eb1-c959-4c26-8064-6961d76df731
null,null,LOUGHBOROUGH UNIVERSITY,TRUE,null,21/07/2026,10004113,133834,PUB.UKRLP.dbo.ProviderInstance,a97e2eb1-c959-4c26-8064-6961d76df731
null,04205021,LOW-IMPACT LIVING INITIATIVE,TRUE,null,23/06/2025,10004114,null,PUB.UKRLP.dbo.ProviderInstance,a97e2eb1-c959-4c26-8064-6961d76df731
null,04022361,TOPMARK ASSOCIATES LIMITED,TRUE,Lower Dales Training (Topmark Association Ltd),23/06/2025,10004115,null,PUB.UKRLP.dbo.ProviderInstance,a97e2eb1-c959-4c26-8064-6961d76df731
null,null,EAST COAST COLLEGE,TRUE,null,21/07/2026,10004116,130819,PUB.UKRLP.dbo.ProviderInstance,a97e2eb1-c959-4c26-8064-6961d76df731
02/12/2013,null,LOXFORD SCHOOL OF SCIENCE AND TECHNOLOGY,FALSE,null,29/07/2005,10004117,102853,PUB.UKRLP.dbo.ProviderInstance,a97e2eb1-c959-4c26-8064-6961d76df731
02/02/2022,04522356,LPG TRAINING & ASSESSMENT LIMITED,FALSE,null,02/01/2022,10004118,null,PUB.UKRLP.dbo.ProviderInstance,a97e2eb1-c959-4c26-8064-6961d76df731
19/12/2013,03041457,DATA INVESTMENTS LIMITED,FALSE,Lps,29/11/2011,10004119,null,PUB.UKRLP.dbo.ProviderInstance,a97e2eb1-c959-4c26-8064-6961d76df731
14/05/2014,04809435,L.R.B. ASSOCIATES LIMITED,FALSE,LRB Associates T/A Lesley Bers,12/03/2014,10004120,null,PUB.UKRLP.dbo.ProviderInstance,a97e2eb1-c959-4c26-8064-6961d76df731
14/06/2012,null,LUDLOW COLLEGE,FALSE,null,13/06/2012,10004121,130802,PUB.UKRLP.dbo.ProviderInstance,a97e2eb1-c959-4c26-8064-6961d76df731
null,02830117,TUI UK LIMITED,TRUE,null,03/10/2025,10004123,null,PUB.UKRLP.dbo.ProviderInstance,a97e2eb1-c959-4c26-8064-6961d76df731
null,null,LUTON BOROUGH COUNCIL,TRUE,null,21/07/2026,10004124,null,PUB.UKRLP.dbo.ProviderInstance,a97e2eb1-c959-4c26-8064-6961d76df731
null,null,LUTON SIXTH FORM COLLEGE,TRUE,null,10/10/2025,10004125,130600,PUB.UKRLP.dbo.ProviderInstance,a97e2eb1-c959-4c26-8064-6961d76df731
null,04989118,LUTON TRAINING & MENTORING LTD,TRUE,null,17/07/2026,10004126,null,PUB.UKRLP.dbo.ProviderInstance,a97e2eb1-c959-4c26-8064-6961d76df731
11/04/2019,null,LUTTERWORTH COLLEGE,FALSE,null,04/04/2008,10004127,120300,PUB.UKRLP.dbo.ProviderInstance,a97e2eb1-c959-4c26-8064-6961d76df731
04/07/2016,01047536,LUX TRAFFIC CONTROLS LIMITED,FALSE,null,31/03/2016,10004128,null,PUB.UKRLP.dbo.ProviderInstance,a97e2eb1-c959-4c26-8064-6961d76df731
06/02/2017,04283993,LYMENET LIMITED,FALSE,null,31/12/2016,10004129,null,PUB.UKRLP.dbo.ProviderInstance,a97e2eb1-c959-4c26-8064-6961d76df731
null,null,LYMINGTON COMMUNITY ASSOCIATION,TRUE,null,23/01/2019,10004130,null,PUB.UKRLP.dbo.ProviderInstance,a97e2eb1-c959-4c26-8064-6961d76df731
11/04/2019,null,LYMM HIGH VOLUNTARY CONTROLLED SCHOOL,FALSE,null,10/08/2006,10004131,111448,PUB.UKRLP.dbo.ProviderInstance,a97e2eb1-c959-4c26-8064-6961d76df731
08/11/2019,03852539,LYNEMOUTH COMMUNITY TRUST LIMITED,FALSE,null,08/08/2019,10004132,null,PUB.UKRLP.dbo.ProviderInstance,a97e2eb1-c959-4c26-8064-6961d76df731
20/07/2016,06705325,LYNG HALL SCHOOL,FALSE,null,22/04/2016,10004133,103733,PUB.UKRLP.dbo.ProviderInstance,a97e2eb1-c959-4c26-8064-6961d76df731
null,01443809,LYRIC THEATRE HAMMERSMITH LIMITED(THE),TRUE,null,17/07/2026,10004134,null,PUB.UKRLP.dbo.ProviderInstance,a97e2eb1-c959-4c26-8064-6961d76df731
null,null,LYTCHETT MINSTER SCHOOL,TRUE,null,10/10/2025,10004135,113863,PUB.UKRLP.dbo.ProviderInstance,a97e2eb1-c959-4c26-8064-6961d76df731
null,null,LYTHAM ST ANNES HIGH SCHOOL,TRUE,null,11/12/2024,10004136,119740,PUB.UKRLP.dbo.ProviderInstance,a97e2eb1-c959-4c26-8064-6961d76df731
null,04991853,M & M HAIR ACADEMY LIMITED,TRUE,null,23/05/2024,10004137,null,PUB.UKRLP.dbo.ProviderInstance,a97e2eb1-c959-4c26-8064-6961d76df731
26/01/2009,04713374,M & M TRAINING SOLUTIONS LTD,FALSE,null,14/04/2007,10004138,null,PUB.UKRLP.dbo.ProviderInstance,a97e2eb1-c959-4c26-8064-6961d76df731
12/02/2009,00830267,M.C. CONSULTANCY LIMITED,FALSE,M C Consultancy,14/04/2007,10004139,null,PUB.UKRLP.dbo.ProviderInstance,a97e2eb1-c959-4c26-8064-6961d76df731
null,02207714,MEAT EAST ANGLIA TRADES (IPSWICH) LIMITED,TRUE,M.E.A.T Ipswich Limited,23/07/2025,10004140,null,PUB.UKRLP.dbo.ProviderInstance,a97e2eb1-c959-4c26-8064-6961d76df731
25/03/2013,04814257,M2 TRAINING LIMITED,FALSE,null,25/03/2013,10004141,null,PUB.UKRLP.dbo.ProviderInstance,a97e2eb1-c959-4c26-8064-6961d76df731
05/11/2007,05302057,THE MAC SCHOOL LIMITED,FALSE,null,14/04/2007,10004142,null,PUB.UKRLP.dbo.ProviderInstance,a97e2eb1-c959-4c26-8064-6961d76df731
13/06/2024,02255353,MACBROWN FORK TRUCK SERVICES LIMITED,FALSE,null,08/01/2023,10004143,null,PUB.UKRLP.dbo.ProviderInstance,a97e2eb1-c959-4c26-8064-6961d76df731
null,null,MACCLESFIELD COLLEGE,TRUE,null,21/07/2026,10004144,130621,PUB.UKRLP.dbo.ProviderInstance,a97e2eb1-c959-4c26-8064-6961d76df731
null,00894054,MACINTYRE CARE,TRUE,MacIntyre,08/04/2026,10004145,null,PUB.UKRLP.dbo.ProviderInstance,a97e2eb1-c959-4c26-8064-6961d76df731
26/01/2009,04716302,MACKAY (SOLUTIONS) LIMITED,FALSE,Mackay Solutions NLP Training,14/04/2007,10004146,null,PUB.UKRLP.dbo.ProviderInstance,a97e2eb1-c959-4c26-8064-6961d76df731
null,null,MACMILLAN ACADEMY,TRUE,null,07/07/2025,10004147,130908,PUB.UKRLP.dbo.ProviderInstance,a97e2eb1-c959-4c26-8064-6961d76df731
null,00355871,MADDERMARKET THEATRE TRUST LIMITED(THE),TRUE,null,05/01/2026,10004148,null,PUB.UKRLP.dbo.ProviderInstance,a97e2eb1-c959-4c26-8064-6961d76df731
null,null,JAMIA AL-HUDAA RESIDENTIAL COLLEGE,TRUE,null,25/01/2026,10004149,131119,PUB.UKRLP.dbo.ProviderInstance,a97e2eb1-c959-4c26-8064-6961d76df731
null,null,MAGDALEN COLLEGE SCHOOL,TRUE,null,14/07/2026,10004150,123311,PUB.UKRLP.dbo.ProviderInstance,a97e2eb1-c959-4c26-8064-6961d76df731
null,02502427,THE MAGDALEN ENVIRONMENTAL TRUST,TRUE,Magdalen Project,02/06/2026,10004151,null,PUB.UKRLP.dbo.ProviderInstance,a97e2eb1-c959-4c26-8064-6961d76df731
11/04/2019,null,MAGHULL HIGH SCHOOL,FALSE,null,29/07/2005,10004152,104958,PUB.UKRLP.dbo.ProviderInstance,a97e2eb1-c959-4c26-8064-6961d76df731
null,02394189,MAGIC ME,TRUE,null,07/04/2026,10004153,null,PUB.UKRLP.dbo.ProviderInstance,a97e2eb1-c959-4c26-8064-6961d76df731
05/02/2014,null,MAGNUS COFE SCHOOL,FALSE,null,16/08/2006,10004154,131360,PUB.UKRLP.dbo.ProviderInstance,a97e2eb1-c959-4c26-8064-6961d76df731
05/04/2011,null,MAIDEN ERLEGH SCHOOL,FALSE,null,29/07/2005,10004155,110064,PUB.UKRLP.dbo.ProviderInstance,a97e2eb1-c959-4c26-8064-6961d76df731
null,null,MAIDSTONE GRAMMAR SCHOOL,TRUE,null,10/10/2025,10004156,118835,PUB.UKRLP.dbo.ProviderInstance,a97e2eb1-c959-4c26-8064-6961d76df731
null,null,MAIDSTONE GRAMMAR SCHOOL FOR GIRLS,TRUE,null,10/10/2025,10004157,118836,PUB.UKRLP.dbo.ProviderInstance,a97e2eb1-c959-4c26-8064-6961d76df731
12/11/2010,03941188,MAINLINE LIMITED,FALSE,null,14/04/2007,10004158,null,PUB.UKRLP.dbo.ProviderInstance,a97e2eb1-c959-4c26-8064-6961d76df731
null,02744972,MAINPORT TRAINING (WALES) LIMITED,TRUE,null,08/04/2026,10004159,null,PUB.UKRLP.dbo.ProviderInstance,a97e2eb1-c959-4c26-8064-6961d76df731
01/02/2012,03760573,MAKESFIVE LTD.,FALSE,null,31/01/2012,10004160,null,PUB.UKRLP.dbo.ProviderInstance,a97e2eb1-c959-4c26-8064-6961d76df731
12/01/2026,null,MALBANK SCHOOL AND SIXTH FORM COLLEGE,FALSE,null,10/10/2025,10004161,111419,PUB.UKRLP.dbo.ProviderInstance,a97e2eb1-c959-4c26-8064-6961d76df731
null,04437180,MQM CONSULTING LTD,TRUE,null,27/09/2024,10004162,null,PUB.UKRLP.dbo.ProviderInstance,a97e2eb1-c959-4c26-8064-6961d76df731
11/04/2019,null,MALMESBURY SCHOOL,FALSE,null,29/07/2005,10004163,126452,PUB.UKRLP.dbo.ProviderInstance,a97e2eb1-c959-4c26-8064-6961d76df731
11/01/2010,null,MALTBY COMMUNITY SCHOOL - SPECIALISING IN BUSINESS AND ENTERPRISE,FALSE,null,04/02/2009,10004164,null,PUB.UKRLP.dbo.ProviderInstance,a97e2eb1-c959-4c26-8064-6961d76df731
22/05/2024,null,MALTON SCHOOL,FALSE,null,20/03/2024,10004165,121681,PUB.UKRLP.dbo.ProviderInstance,a97e2eb1-c959-4c26-8064-6961d76df731
null,03848072,MALVERN HOUSE INTERNATIONAL LIMITED,TRUE,null,16/09/2025,10004166,null,PUB.UKRLP.dbo.ProviderInstance,a97e2eb1-c959-4c26-8064-6961d76df731
19/02/2014,null,THE CHASE,FALSE,null,19/02/2014,10004167,116942,PUB.UKRLP.dbo.ProviderInstance,a97e2eb1-c959-4c26-8064-6961d76df731
null,01455136,MAMMAL SOCIETY(THE),TRUE,null,27/09/2024,10004168,null,PUB.UKRLP.dbo.ProviderInstance,a97e2eb1-c959-4c26-8064-6961d76df731
05/10/2016,02626291,MANAGEMENT AND PERSONNEL SERVICES LIMITED,FALSE,MAPS,19/07/2016,10004169,null,PUB.UKRLP.dbo.ProviderInstance,a97e2eb1-c959-4c26-8064-6961d76df731
null,04663203,THE MANAGEMENT CENTRE (UK) LIMITED,TRUE,null,22/05/2026,10004170,null,PUB.UKRLP.dbo.ProviderInstance,a97e2eb1-c959-4c26-8064-6961d76df731
04/03/2011,05223527,THE MANAGEMENT DEVELOPMENT COMPANY (UK) LIMITED,FALSE,null,18/02/2009,10004171,null,PUB.UKRLP.dbo.ProviderInstance,a97e2eb1-c959-4c26-8064-6961d76df731
null,01470584,MANAGEMENT FORUM LIMITED,TRUE,null,18/07/2026,10004172,null,PUB.UKRLP.dbo.ProviderInstance,a97e2eb1-c959-4c26-8064-6961d76df731
30/07/2009,02465135,MANAGEMENT MAGIC LIMITED,FALSE,null,14/04/2007,10004173,null,PUB.UKRLP.dbo.ProviderInstance,a97e2eb1-c959-4c26-8064-6961d76df731
17/10/2007,03854733,KENT BUSINESS DEVELOPMENT CENTRE LIMITED,FALSE,Management Unlimited,14/04/2007,10004174,null,PUB.UKRLP.dbo.ProviderInstance,a97e2eb1-c959-4c26-8064-6961d76df731
null,null,MANCHESTER CITY COUNCIL,TRUE,null,21/07/2026,10004175,null,PUB.UKRLP.dbo.ProviderInstance,a97e2eb1-c959-4c26-8064-6961d76df731
01/08/2008,null,MANCHESTER COLLEGE OF ARTS AND TECHNOLOGY (MANCAT),FALSE,null,16/10/2007,10004176,null,PUB.UKRLP.dbo.ProviderInstance,a97e2eb1-c959-4c26-8064-6961d76df731
null,02443911,THE GROWTH COMPANY LIMITED,TRUE,null,23/12/2025,10004177,null,PUB.UKRLP.dbo.ProviderInstance,a97e2eb1-c959-4c26-8064-6961d76df731
null,null,MANCHESTER HIGH SCHOOL FOR GIRLS,TRUE,null,22/07/2026,10004178,105592,PUB.UKRLP.dbo.ProviderInstance,a97e2eb1-c959-4c26-8064-6961d76df731
null,null,MANCHESTER MESIVTA SCHOOL,TRUE,null,25/10/2025,10004179,134195,PUB.UKRLP.dbo.ProviderInstance,a97e2eb1-c959-4c26-8064-6961d76df731
null,null,MANCHESTER METROPOLITAN UNIVERSITY,TRUE,null,21/07/2026,10004180,133844,PUB.UKRLP.dbo.ProviderInstance,a97e2eb1-c959-4c26-8064-6961d76df731
null,02743170,MANTRA LEARNING LIMITED,TRUE,null,17/07/2026,10004181,null,PUB.UKRLP.dbo.ProviderInstance,a97e2eb1-c959-4c26-8064-6961d76df731
null,null,MANDER PORTMAN WOODWARD INDEPENDENT COLLEGE,TRUE,null,25/10/2025,10004182,103587,PUB.UKRLP.dbo.ProviderInstance,a97e2eb1-c959-4c26-8064-6961d76df731
20/01/2022,null,THE MANDEVILLE SCHOOL,FALSE,null,02/11/2021,10004183,110497,PUB.UKRLP.dbo.ProviderInstance,a97e2eb1-c959-4c26-8064-6961d76df731
15/09/2015,null,MANGOTSFIELD SCHOOL,FALSE,null,11/07/2015,10004184,109320,PUB.UKRLP.dbo.ProviderInstance,a97e2eb1-c959-4c26-8064-6961d76df731
null,02758093,NEW KADAMPA TRADITION - INTERNATIONAL KADAMPA BUDDHIST UNION,TRUE,Manjushri Mahayana Buddhist Centre,30/09/2025,10004185,null,PUB.UKRLP.dbo.ProviderInstance,a97e2eb1-c959-4c26-8064-6961d76df731
05/10/2016,04738658,MANNA RESOURCE CENTRE LIMITED,FALSE,null,26/06/2016,10004186,null,PUB.UKRLP.dbo.ProviderInstance,a97e2eb1-c959-4c26-8064-6961d76df731
17/08/2011,null,THE MANOR SCHOOL,FALSE,null,29/07/2005,10004187,122829,PUB.UKRLP.dbo.ProviderInstance,a97e2eb1-c959-4c26-8064-6961d76df731
null,null,MANOR FARM COMMUNITY ASSOCIATION,TRUE,null,23/01/2019,10004188,null,PUB.UKRLP.dbo.ProviderInstance,a97e2eb1-c959-4c26-8064-6961d76df731
11/11/2014,null,ST MICHAEL'S CHURCH OF ENGLAND HIGH SCHOOL,FALSE,null,23/09/2014,10004189,134710,PUB.UKRLP.dbo.ProviderInstance,a97e2eb1-c959-4c26-8064-6961d76df731
13/07/2011,null,"MANOR FOUNDATION BUSINESS, ENTERPRISE & SPORTS COLLEGE",FALSE,null,13/07/2011,10004190,104021,PUB.UKRLP.dbo.ProviderInstance,a97e2eb1-c959-4c26-8064-6961d76df731
11/04/2019,null,MANOR SCHOOL AND SPORTS COLLEGE,FALSE,null,14/08/2006,10004191,122119,PUB.UKRLP.dbo.ProviderInstance,a97e2eb1-c959-4c26-8064-6961d76df731
null,02159510,MANOR TRAINING AND RESOURCE CENTRE LIMITED,TRUE,null,30/12/2025,10004192,null,PUB.UKRLP.dbo.ProviderInstance,a97e2eb1-c959-4c26-8064-6961d76df731
null,03841918,MANPOWER UK LIMITED,TRUE,null,17/07/2026,10004193,null,PUB.UKRLP.dbo.ProviderInstance,a97e2eb1-c959-4c26-8064-6961d76df731
null,04715323,MANSFIELD COMMUNITY AND VOLUNTARY SERVICE (CVS),TRUE,Mansfield Community And Voluntary Service,08/04/2026,10004194,null,PUB.UKRLP.dbo.ProviderInstance,a97e2eb1-c959-4c26-8064-6961d76df731
06/09/2006,05141598,MANSFIELD CVS LTD,FALSE,null,29/07/2005,10004195,null,PUB.UKRLP.dbo.ProviderInstance,a97e2eb1-c959-4c26-8064-6961d76df731
03/05/2017,null,MANSHEAD SCHOOL,FALSE,null,24/02/2017,10004196,109705,PUB.UKRLP.dbo.ProviderInstance,a97e2eb1-c959-4c26-8064-6961d76df731
04/04/2007,04035732,MANUFACTURING MANAGEMENT LIMITED,FALSE,null,06/09/2006,10004197,null,PUB.UKRLP.dbo.ProviderInstance,a97e2eb1-c959-4c26-8064-6961d76df731
12/05/2008,04156866,MOTIVATION AND PERSONAL SUCCESS LIMITED,FALSE,Maps,14/04/2007,10004198,null,PUB.UKRLP.dbo.ProviderInstance,a97e2eb1-c959-4c26-8064-6961d76df731
null,03657628,MARDA ASSOCIATES LIMITED,TRUE,null,17/07/2026,10004199,null,PUB.UKRLP.dbo.ProviderInstance,a97e2eb1-c959-4c26-8064-6961d76df731
null,02958069,THE MARGARET BEAUFORT INSTITUTE OF THEOLOGY,TRUE,Margaret Beaufort Institute Of Theology Cambridge,16/07/2023,10004200,null,PUB.UKRLP.dbo.ProviderInstance,a97e2eb1-c959-4c26-8064-6961d76df731
null,null,MARIA FIDELIS CATHOLIC SCHOOL FCJ,TRUE,null,20/06/2026,10004201,100055,PUB.UKRLP.dbo.ProviderInstance,a97e2eb1-c959-4c26-8064-6961d76df731
null,00697468,THE MARIA MONTESSORI TRAINING ORGANISATION,TRUE,Maria Montessori Institute,10/04/2022,10004202,null,PUB.UKRLP.dbo.ProviderInstance,a97e2eb1-c959-4c26-8064-6961d76df731
null,null,MARICOURT CATHOLIC HIGH SCHOOL,TRUE,null,10/10/2025,10004203,104960,PUB.UKRLP.dbo.ProviderInstance,a97e2eb1-c959-4c26-8064-6961d76df731
null,null,THE MARINE SOCIETY AND SEA CADETS,TRUE,Marine Society College of the Sea,17/02/2022,10004204,130414,PUB.UKRLP.dbo.ProviderInstance,a97e2eb1-c959-4c26-8064-6961d76df731
04/03/2011,04326655,MARITIME TRAINING (PLYMOUTH) LIMITED,FALSE,null,05/01/2010,10004205,null,PUB.UKRLP.dbo.ProviderInstance,a97e2eb1-c959-4c26-8064-6961d76df731
08/06/2012,00986239,COLLEGE OF ST. MARK AND ST. JOHN FOUNDATION (THE),FALSE,University College Plymouth St Mark & St John,07/06/2012,10004206,133866,PUB.UKRLP.dbo.ProviderInstance,a97e2eb1-c959-4c26-8064-6961d76df731
05/04/2012,03671007,MARK BETTS (DEWSBURY) LIMITED,FALSE,Mark Betts Training,29/11/2011,10004207,null,PUB.UKRLP.dbo.ProviderInstance,a97e2eb1-c959-4c26-8064-6961d76df731
15/03/2010,05112666,MARK GRANGER LIMITED,FALSE,null,22/05/2008,10004208,null,PUB.UKRLP.dbo.ProviderInstance,a97e2eb1-c959-4c26-8064-6961d76df731
04/12/2020,04918214,MARK NORRIS CONSULTANCY LIMITED,FALSE,null,19/09/2020,10004209,null,PUB.UKRLP.dbo.ProviderInstance,a97e2eb1-c959-4c26-8064-6961d76df731
04/10/2011,null,MARK RUTHERFORD SCHOOL,FALSE,null,04/10/2011,10004210,109674,PUB.UKRLP.dbo.ProviderInstance,a97e2eb1-c959-4c26-8064-6961d76df731
null,00518685,MARKET RESEARCH SOCIETY(THE),TRUE,null,17/07/2026,10004211,null,PUB.UKRLP.dbo.ProviderInstance,a97e2eb1-c959-4c26-8064-6961d76df731
04/04/2007,02988856,MARKETING BY DESIGN LIMITED,FALSE,null,29/03/2007,10004212,null,PUB.UKRLP.dbo.ProviderInstance,a97e2eb1-c959-4c26-8064-6961d76df731
08/11/2019,05166900,THE MARKETERS FORUM LIMITED,FALSE,null,30/09/2019,10004213,null,PUB.UKRLP.dbo.ProviderInstance,a97e2eb1-c959-4c26-8064-6961d76df731
16/06/2014,04160762,MARKETING PLUS LIMITED,FALSE,null,12/03/2014,10004214,null,PUB.UKRLP.dbo.ProviderInstance,a97e2eb1-c959-4c26-8064-6961d76df731
30/07/2009,04629391,MARKETING TUTORS LIMITED,FALSE,null,14/04/2007,10004215,null,PUB.UKRLP.dbo.ProviderInstance,a97e2eb1-c959-4c26-8064-6961d76df731
12/11/2010,04054448,MARKETRY LIMITED,FALSE,null,14/04/2007,10004216,null,PUB.UKRLP.dbo.ProviderInstance,a97e2eb1-c959-4c26-8064-6961d76df731
04/04/2012,null,MARLBOROUGH SCHOOL,FALSE,null,29/07/2005,10004217,117586,PUB.UKRLP.dbo.ProviderInstance,a97e2eb1-c959-4c26-8064-6961d76df731
10/08/2011,null,MARLING SCHOOL,FALSE,null,29/07/2005,10004218,115752,PUB.UKRLP.dbo.ProviderInstance,a97e2eb1-c959-4c26-8064-6961d76df731
11/11/2014,null,MARLWOOD SCHOOL,FALSE,null,23/09/2014,10004219,109325,PUB.UKRLP.dbo.ProviderInstance,a97e2eb1-c959-4c26-8064-6961d76df731
13/08/2019,00467148,MARR FOODS LIMITED,FALSE,null,12/08/2019,10004220,null,PUB.UKRLP.dbo.ProviderInstance,a97e2eb1-c959-4c26-8064-6961d76df731
null,null,MARRIOTTS SCHOOL,TRUE,null,07/07/2025,10004221,117534,PUB.UKRLP.dbo.ProviderInstance,a97e2eb1-c959-4c26-8064-6961d76df731
null,00245740,MARSHALL OF CAMBRIDGE AEROSPACE LIMITED,TRUE,Marshall Aerospace,23/06/2025,10004222,null,PUB.UKRLP.dbo.ProviderInstance,a97e2eb1-c959-4c26-8064-6961d76df731
null,00658042,MARSON GARAGES (WOLSTANTON) LIMITED,TRUE,Martec Training,23/12/2025,10004223,null,PUB.UKRLP.dbo.ProviderInstance,a97e2eb1-c959-4c26-8064-6961d76df731
12/01/2012,05079820,VIVA MOSAICS LIMITED,FALSE,null,12/01/2012,10004224,null,PUB.UKRLP.dbo.ProviderInstance,a97e2eb1-c959-4c26-8064-6961d76df731
28/01/2009,05313500,MARTIN'S SCHOOL OF MOTORING LIMITED,FALSE,null,14/04/2007,10004225,null,PUB.UKRLP.dbo.ProviderInstance,a97e2eb1-c959-4c26-8064-6961d76df731
null,03189443,THE MARY FRANCES TRUST,TRUE,null,01/09/2025,10004226,null,PUB.UKRLP.dbo.ProviderInstance,a97e2eb1-c959-4c26-8064-6961d76df731
08/11/2019,SC206669,MARY REID INTERNATIONAL SPA ACADEMY LTD.,FALSE,null,01/10/2019,10004227,null,PUB.UKRLP.dbo.ProviderInstance,a97e2eb1-c959-4c26-8064-6961d76df731
04/10/2011,null,MARYHILL HIGH SCHOOL,FALSE,null,29/07/2005,10004228,124405,PUB.UKRLP.dbo.ProviderInstance,a97e2eb1-c959-4c26-8064-6961d76df731
null,05325717,MARYMOUNT INTERNATIONAL SCHOOL,TRUE,null,12/10/2025,10004229,102615,PUB.UKRLP.dbo.ProviderInstance,a97e2eb1-c959-4c26-8064-6961d76df731
null,null,MARYVALE INSTITUTE,TRUE,null,21/07/2026,10004230,null,PUB.UKRLP.dbo.ProviderInstance,a97e2eb1-c959-4c26-8064-6961d76df731
04/07/2011,null,MASCALLS SCHOOL,FALSE,null,29/07/2005,10004231,118911,PUB.UKRLP.dbo.ProviderInstance,a97e2eb1-c959-4c26-8064-6961d76df731
null,04265979,MASTER CUTTERS LIMITED,TRUE,The Hair Academy,23/12/2025,10004232,null,PUB.UKRLP.dbo.ProviderInstance,a97e2eb1-c959-4c26-8064-6961d76df731
null,05101679,MASTER LOCKSMITHS & SECURITY SERVICES COMPANY LIMITED,TRUE,null,10/06/2025,10004233,null,PUB.UKRLP.dbo.ProviderInstance,a97e2eb1-c959-4c26-8064-6961d76df731
25/01/2012,05405803,THE MASTER TILING SCHOOL LIMITED,FALSE,null,29/11/2011,10004234,null,PUB.UKRLP.dbo.ProviderInstance,a97e2eb1-c959-4c26-8064-6961d76df731
06/11/2007,03153471,MATCHLESS RIDER TRAINING LIMITED,FALSE,null,14/04/2007,10004235,null,PUB.UKRLP.dbo.ProviderInstance,a97e2eb1-c959-4c26-8064-6961d76df731
null,null,MATRAVERS SCHOOL,TRUE,null,25/10/2025,10004236,126510,PUB.UKRLP.dbo.ProviderInstance,a97e2eb1-c959-4c26-8064-6961d76df731
null,04130573,LISTER TECHNICAL LIMITED,TRUE,null,10/03/2026,10004237,null,PUB.UKRLP.dbo.ProviderInstance,a97e2eb1-c959-4c26-8064-6961d76df731
03/03/2011,04276944,MATRIX MEMORY SYSTEMS LIMITED,FALSE,null,12/02/2009,10004238,null,PUB.UKRLP.dbo.ProviderInstance,a97e2eb1-c959-4c26-8064-6961d76df731
06/01/2014,02522729,MATRIX INFORMATION TECHNOLOGY LIMITED,FALSE,Matrix Information Technology,24/11/2011,10004239,null,PUB.UKRLP.dbo.ProviderInstance,a97e2eb1-c959-4c26-8064-6961d76df731
24/04/2019,04042851,MATRIX TRAINING AND DEVELOPMENT LIMITED,FALSE,null,12/02/2019,10004240,null,PUB.UKRLP.dbo.ProviderInstance,a97e2eb1-c959-4c26-8064-6961d76df731
null,04177040,MATTERS OF FACT LIMITED,TRUE,null,25/05/2025,10004241,null,PUB.UKRLP.dbo.ProviderInstance,a97e2eb1-c959-4c26-8064-6961d76df731
13/08/2015,null,MATTHEW ARNOLD SCHOOL,FALSE,null,11/07/2015,10004242,123258,PUB.UKRLP.dbo.ProviderInstance,a97e2eb1-c959-4c26-8064-6961d76df731
31/07/2009,null,MATTHEW BOULTON COLLEGE OF FURTHER AND HIGHER EDUCATION,FALSE,null,16/10/2007,10004243,null,PUB.UKRLP.dbo.ProviderInstance,a97e2eb1-c959-4c26-8064-6961d76df731
13/08/2019,null,MATTHEW HUMBERSTONE CHURCH OF ENGLAND SCHOOL,FALSE,null,12/08/2019,10004244,118113,PUB.UKRLP.dbo.ProviderInstance,a97e2eb1-c959-4c26-8064-6961d76df731
null,00873179,KIER INTEGRATED SERVICES LIMITED,TRUE,null,22/05/2026,10004245,null,PUB.UKRLP.dbo.ProviderInstance,a97e2eb1-c959-4c26-8064-6961d76df731
10/06/2024,SC112692,MAY-TAG LIMITED,FALSE,null,23/01/2023,10004246,null,PUB.UKRLP.dbo.ProviderInstance,a97e2eb1-c959-4c26-8064-6961d76df731
null,NI028840,MAYFAIR BUSINESS CENTRE LTD,TRUE,null,08/04/2026,10004247,null,PUB.UKRLP.dbo.ProviderInstance,a97e2eb1-c959-4c26-8064-6961d76df731
null,03307951,THE STRETTONS MAYFAIR TRUST,TRUE,Mayfair Community Centre,17/07/2026,10004248,null,PUB.UKRLP.dbo.ProviderInstance,a97e2eb1-c959-4c26-8064-6961d76df731
null,null,MAYFIELD SCHOOL ,TRUE,null,15/04/2026,10004249,102858,PUB.UKRLP.dbo.ProviderInstance,a97e2eb1-c959-4c26-8064-6961d76df731
null,02275100,MAYFLOWER COLLEGE OF ENGLISH LIMITED,TRUE,null,20/03/2025,10004250,null,PUB.UKRLP.dbo.ProviderInstance,a97e2eb1-c959-4c26-8064-6961d76df731
10/08/2011,null,MAYFLOWER HIGH SCHOOL,FALSE,null,10/08/2006,10004251,115232,PUB.UKRLP.dbo.ProviderInstance,a97e2eb1-c959-4c26-8064-6961d76df731
null,03500389,MAYNARD LEIGH ASSOCIATES LIMITED,TRUE,null,25/01/2025,10004252,null,PUB.UKRLP.dbo.ProviderInstance,a97e2eb1-c959-4c26-8064-6961d76df731
null,04855372,THE MAYNARD SCHOOL,TRUE,null,12/10/2025,10004253,113608,PUB.UKRLP.dbo.ProviderInstance,a97e2eb1-c959-4c26-8064-6961d76df731
22/12/2011,04992278,MAYWOOD POLO CENTRE LIMITED,FALSE,null,21/12/2011,10004254,null,PUB.UKRLP.dbo.ProviderInstance,a97e2eb1-c959-4c26-8064-6961d76df731
09/09/2015,04802135,M B LEARNING LIMITED,FALSE,Mb Learning,04/07/2015,10004255,null,PUB.UKRLP.dbo.ProviderInstance,a97e2eb1-c959-4c26-8064-6961d76df731
30/11/2011,OC307650,MBW TRAINING SERVICES LLP,FALSE,null,29/11/2011,10004256,null,PUB.UKRLP.dbo.ProviderInstance,a97e2eb1-c959-4c26-8064-6961d76df731
null,03134945,MCARTHUR DEAN TRAINING LIMITED,TRUE,McArthur Dean Training Ltd,17/07/2026,10004257,null,PUB.UKRLP.dbo.ProviderInstance,a97e2eb1-c959-4c26-8064-6961d76df731
null,NI042656,MCC COMPUTERS LIMITED,TRUE,null,26/04/2026,10004258,null,PUB.UKRLP.dbo.ProviderInstance,a97e2eb1-c959-4c26-8064-6961d76df731
null,01692577,MCCARTHY & ASSOCIATES LIMITED,TRUE,null,17/07/2026,10004259,null,PUB.UKRLP.dbo.ProviderInstance,a97e2eb1-c959-4c26-8064-6961d76df731
06/06/2017,SC030556,VION SUBCO MD LIMITED,FALSE,null,23/02/2017,10004260,null,PUB.UKRLP.dbo.ProviderInstance,a97e2eb1-c959-4c26-8064-6961d76df731
14/06/2024,02152652,MCKECHNIES LIMITED,FALSE,null,03/10/2023,10004261,null,PUB.UKRLP.dbo.ProviderInstance,a97e2eb1-c959-4c26-8064-6961d76df731
02/04/2007,04127367,MDL LIMITED,FALSE,null,29/09/2006,10004262,null,PUB.UKRLP.dbo.ProviderInstance,a97e2eb1-c959-4c26-8064-6961d76df731
02/09/2010,03592067,MDP MANAGEMENT CONSULTANCY LIMITED,FALSE,null,14/04/2007,10004263,null,PUB.UKRLP.dbo.ProviderInstance,a97e2eb1-c959-4c26-8064-6961d76df731
null,02261117,MEADOWHALL CENTRE (1999) LIMITED,TRUE,The Source Skills Academy,23/02/2024,10004264,null,PUB.UKRLP.dbo.ProviderInstance,a97e2eb1-c959-4c26-8064-6961d76df731
null,03964101,THE BRIDGES COMMUNITY TRUST,TRUE,null,09/04/2023,10004265,null,PUB.UKRLP.dbo.ProviderInstance,a97e2eb1-c959-4c26-8064-6961d76df731
null,01509788,MEANWOOD VALLEY URBAN FARM LIMITED,TRUE,null,17/07/2026,10004266,null,PUB.UKRLP.dbo.ProviderInstance,a97e2eb1-c959-4c26-8064-6961d76df731
null,SC158319,RINGLINK SERVICES LIMITED,TRUE,null,26/04/2026,10004267,null,PUB.UKRLP.dbo.ProviderInstance,a97e2eb1-c959-4c26-8064-6961d76df731
null,03960451,M.E.C. SAFE LIMITED,TRUE,Mecsafe,24/08/2024,10004268,null,PUB.UKRLP.dbo.ProviderInstance,a97e2eb1-c959-4c26-8064-6961d76df731
24/04/2007,null,THE MEDEN SCHOOL AND TECHNOLOGY COLLEGE,FALSE,null,29/07/2005,10004269,null,PUB.UKRLP.dbo.ProviderInstance,a97e2eb1-c959-4c26-8064-6961d76df731
25/04/2013,04577080,THE MEDIA LEARNING TRUST,FALSE,null,25/04/2013,10004270,null,PUB.UKRLP.dbo.ProviderInstance,a97e2eb1-c959-4c26-8064-6961d76df731
06/09/2006,04368439,MEDIA MENTOR LIMITED,FALSE,null,29/07/2005,10004271,null,PUB.UKRLP.dbo.ProviderInstance,a97e2eb1-c959-4c26-8064-6961d76df731
26/08/2009,NI050253,MEDIA MOUNT LIMITED,FALSE,null,22/05/2008,10004272,null,PUB.UKRLP.dbo.ProviderInstance,a97e2eb1-c959-4c26-8064-6961d76df731
17/12/2009,04282626,MEDIA TRAINING NORTH WEST LIMITED,FALSE,null,14/04/2007,10004273,null,PUB.UKRLP.dbo.ProviderInstance,a97e2eb1-c959-4c26-8064-6961d76df731
02/09/2010,04992298,MEDIACT LIMITED,FALSE,Mediact First Aid Training,14/04/2007,10004274,null,PUB.UKRLP.dbo.ProviderInstance,a97e2eb1-c959-4c26-8064-6961d76df731
03/03/2011,04217963,MEDIAID TRAINING SERVICES LIMITED,FALSE,null,14/04/2007,10004275,null,PUB.UKRLP.dbo.ProviderInstance,a97e2eb1-c959-4c26-8064-6961d76df731
27/05/2014,04221790,MEDIATION YORKSHIRE,FALSE,null,18/03/2014,10004276,null,PUB.UKRLP.dbo.ProviderInstance,a97e2eb1-c959-4c26-8064-6961d76df731
null,NI033978,MEDIATION NORTHERN IRELAND,TRUE,null,26/04/2026,10004277,null,PUB.UKRLP.dbo.ProviderInstance,a97e2eb1-c959-4c26-8064-6961d76df731
13/08/2019,04158575,FILMWORKS TRUST,FALSE,Mediaworks Trust,12/08/2019,10004278,null,PUB.UKRLP.dbo.ProviderInstance,a97e2eb1-c959-4c26-8064-6961d76df731
11/01/2012,03828488,MEDICAL TRAINING AND SAFETY SERVICES LIMITED,FALSE,null,10/01/2012,10004279,null,PUB.UKRLP.dbo.ProviderInstance,a97e2eb1-c959-4c26-8064-6961d76df731
null,03599004,MEDICOT LIMITED,TRUE,null,02/10/2025,10004280,null,PUB.UKRLP.dbo.ProviderInstance,a97e2eb1-c959-4c26-8064-6961d76df731
12/09/2011,null,MEDINA HIGH SCHOOL,FALSE,null,29/07/2005,10004281,118217,PUB.UKRLP.dbo.ProviderInstance,a97e2eb1-c959-4c26-8064-6961d76df731
null,00809637,MEDINA VALLEY CENTRE LIMITED,TRUE,null,17/07/2026,10004282,null,PUB.UKRLP.dbo.ProviderInstance,a97e2eb1-c959-4c26-8064-6961d76df731
null,03481736,MEDIVET GROUP LIMITED,TRUE,null,18/07/2026,10004283,null,PUB.UKRLP.dbo.ProviderInstance,a97e2eb1-c959-4c26-8064-6961d76df731
13/08/2019,null,MEDWAY COMMUNITY COLLEGE,FALSE,null,12/08/2019,10004284,118834,PUB.UKRLP.dbo.ProviderInstance,a97e2eb1-c959-4c26-8064-6961d76df731
null,null,MEDWAY COUNCIL,TRUE,null,21/07/2026,10004285,null,PUB.UKRLP.dbo.ProviderInstance,a97e2eb1-c959-4c26-8064-6961d76df731
04/04/2007,04169249,MEDWAY NURSING & CARE SERVICES LIMITED,FALSE,null,11/09/2006,10004286,null,PUB.UKRLP.dbo.ProviderInstance,a97e2eb1-c959-4c26-8064-6961d76df731
14/01/2008,04719864,MEI CHUAN ACADEMY OF TAI CHI LTD,FALSE,null,14/04/2007,10004287,null,PUB.UKRLP.dbo.ProviderInstance,a97e2eb1-c959-4c26-8064-6961d76df731
null,02545311,MEKON LTD.,TRUE,null,05/02/2024,10004288,null,PUB.UKRLP.dbo.ProviderInstance,a97e2eb1-c959-4c26-8064-6961d76df731
null,03785310,M.E.L. HEALTH & SAFETY CONSULTANTS LTD,TRUE,null,08/04/2026,10004289,null,PUB.UKRLP.dbo.ProviderInstance,a97e2eb1-c959-4c26-8064-6961d76df731
null,null,AURORA MELDRETH MANOR SCHOOL,TRUE,null,20/03/2026,10004290,110920,PUB.UKRLP.dbo.ProviderInstance,a97e2eb1-c959-4c26-8064-6961d76df731
17/08/2011,null,MELLOW LANE SCHOOL,FALSE,null,29/07/2005,10004291,102447,PUB.UKRLP.dbo.ProviderInstance,a97e2eb1-c959-4c26-8064-6961d76df731
26/01/2009,05610967,MENTAL FLEXIBILITY LIMITED,FALSE,null,01/11/2007,10004292,null,PUB.UKRLP.dbo.ProviderInstance,a97e2eb1-c959-4c26-8064-6961d76df731
null,01786914,MENTAL HEALTH MATTERS,TRUE,null,18/07/2026,10004293,null,PUB.UKRLP.dbo.ProviderInstance,a97e2eb1-c959-4c26-8064-6961d76df731
null,04341326,MENTOR F.L.T. TRAINING LIMITED,TRUE,null,17/07/2026,10004294,null,PUB.UKRLP.dbo.ProviderInstance,a97e2eb1-c959-4c26-8064-6961d76df731
03/03/2011,04850414,MENTOR TRAINING AND DEVELOPMENT LTD,FALSE,null,29/03/2007,10004295,null,PUB.UKRLP.dbo.ProviderInstance,a97e2eb1-c959-4c26-8064-6961d76df731
null,SC107612,MENTOR TRAINING CENTRE LIMITED,TRUE,null,23/12/2025,10004296,null,PUB.UKRLP.dbo.ProviderInstance,a97e2eb1-c959-4c26-8064-6961d76df731
01/10/2019,NI029904,MENTOR TRAINING LIMITED,FALSE,null,08/08/2019,10004297,null,PUB.UKRLP.dbo.ProviderInstance,a97e2eb1-c959-4c26-8064-6961d76df731
24/02/2016,SC050936,MENZIES ENGINEERING DESIGN LIMITED,FALSE,null,23/12/2015,10004298,null,PUB.UKRLP.dbo.ProviderInstance,a97e2eb1-c959-4c26-8064-6961d76df731
24/02/2014,null,MENZIES HIGH SCHOOL SCIENCE COLLEGE,FALSE,null,24/02/2014,10004299,104003,PUB.UKRLP.dbo.ProviderInstance,a97e2eb1-c959-4c26-8064-6961d76df731
23/04/2012,null,MEOPHAM SCHOOL,FALSE,null,29/07/2005,10004300,118896,PUB.UKRLP.dbo.ProviderInstance,a97e2eb1-c959-4c26-8064-6961d76df731
04/04/2007,04747913,MERCIA MANAGEMENT LIMITED,FALSE,null,29/03/2007,10004301,null,PUB.UKRLP.dbo.ProviderInstance,a97e2eb1-c959-4c26-8064-6961d76df731
14/06/2024,04990963,MERCIA MANAGEMENT LIMITED,FALSE,Mercia Management,26/10/2022,10004302,null,PUB.UKRLP.dbo.ProviderInstance,a97e2eb1-c959-4c26-8064-6961d76df731
null,03916072,MERCIA PARTNERSHIP (UK) LTD,TRUE,null,04/07/2026,10004303,null,PUB.UKRLP.dbo.ProviderInstance,a97e2eb1-c959-4c26-8064-6961d76df731
21/03/2007,04838696,MERCURY SCHOOL OF MOTORING LTD,FALSE,null,06/09/2006,10004304,null,PUB.UKRLP.dbo.ProviderInstance,a97e2eb1-c959-4c26-8064-6961d76df731
04/02/2009,null,ABBEYFIELD SCHOOL,FALSE,null,04/02/2009,10004305,null,PUB.UKRLP.dbo.ProviderInstance,a97e2eb1-c959-4c26-8064-6961d76df731
06/09/2006,05078813,MERIDIAN COLLEGE LIMITED,FALSE,"Meridian Academy,Meridian College",29/07/2005,10004306,null,PUB.UKRLP.dbo.ProviderInstance,a97e2eb1-c959-4c26-8064-6961d76df731
02/11/2011,null,MERIDIAN SCHOOL,FALSE,null,11/08/2006,10004307,117539,PUB.UKRLP.dbo.ProviderInstance,a97e2eb1-c959-4c26-8064-6961d76df731
17/12/2008,null,THE MERIDIAN TRUST ASSOCIATION,FALSE,Meridian Trust Association Sailing School,29/07/2005,10004308,null,PUB.UKRLP.dbo.ProviderInstance,a97e2eb1-c959-4c26-8064-6961d76df731
14/09/2021,SC138569,MERKINCH ENTERPRISE LIMITED,FALSE,null,22/06/2021,10004309,null,PUB.UKRLP.dbo.ProviderInstance,a97e2eb1-c959-4c26-8064-6961d76df731
null,04155509,MERRICK & DAY LIMITED,TRUE,null,08/04/2026,10004310,null,PUB.UKRLP.dbo.ProviderInstance,a97e2eb1-c959-4c26-8064-6961d76df731
13/08/2019,null,MERRILL COLLEGE,FALSE,null,12/08/2019,10004311,112988,PUB.UKRLP.dbo.ProviderInstance,a97e2eb1-c959-4c26-8064-6961d76df731
02/09/2010,02474120,MERSEY CHAMBER TRAINING LIMITED,FALSE,null,14/04/2007,10004312,null,PUB.UKRLP.dbo.ProviderInstance,a97e2eb1-c959-4c26-8064-6961d76df731
19/03/2019,01731230,MERSEYSIDE DANCE AND DRAMA CENTRE LIMITED,FALSE,null,17/12/2018,10004313,null,PUB.UKRLP.dbo.ProviderInstance,a97e2eb1-c959-4c26-8064-6961d76df731
null,03389496,MERSEYSIDE SOCIETY FOR DEAF PEOPLE,TRUE,null,02/09/2025,10004314,null,PUB.UKRLP.dbo.ProviderInstance,a97e2eb1-c959-4c26-8064-6961d76df731
null,01843226,MERSEYSIDE YOUTH ASSOCIATION LIMITED,TRUE,null,26/04/2026,10004315,null,PUB.UKRLP.dbo.ProviderInstance,a97e2eb1-c959-4c26-8064-6961d76df731
11/04/2019,null,MERTON ADULT EDUCATION,FALSE,null,29/07/2005,10004316,138286,PUB.UKRLP.dbo.ProviderInstance,a97e2eb1-c959-4c26-8064-6961d76df731
31/07/2009,null,MERTON COLLEGE,FALSE,null,16/10/2007,10004317,null,PUB.UKRLP.dbo.ProviderInstance,a97e2eb1-c959-4c26-8064-6961d76df731
null,04164949,MERTON VOLUNTARY SERVICE COUNCIL,TRUE,null,17/07/2026,10004318,null,PUB.UKRLP.dbo.ProviderInstance,a97e2eb1-c959-4c26-8064-6961d76df731
04/09/2022,02465674,METSKILL LIMITED,FALSE,Metskill Ltd T/A Semta Apprenticeship Service,14/06/2022,10004319,null,PUB.UKRLP.dbo.ProviderInstance,a97e2eb1-c959-4c26-8064-6961d76df731
null,02918520,THE METANOIA INSTITUTE,TRUE,null,01/09/2025,10004320,null,PUB.UKRLP.dbo.ProviderInstance,a97e2eb1-c959-4c26-8064-6961d76df731
25/04/2007,SC218722,METCOM TRAINING LIMITED,FALSE,null,14/04/2007,10004321,null,PUB.UKRLP.dbo.ProviderInstance,a97e2eb1-c959-4c26-8064-6961d76df731
30/11/2011,03403552,"THE METHOD STUDIO, LONDON",FALSE,Method Studio,14/04/2007,10004322,null,PUB.UKRLP.dbo.ProviderInstance,a97e2eb1-c959-4c26-8064-6961d76df731
06/09/2011,null,HOCKWOLD AND METHWOLD COMMUNITY SCHOOL,FALSE,null,06/09/2011,10004323,121165,PUB.UKRLP.dbo.ProviderInstance,a97e2eb1-c959-4c26-8064-6961d76df731
null,05303452,METICE DEVELOPMENT SOLUTIONS LIMITED,TRUE,null,23/06/2025,10004324,null,PUB.UKRLP.dbo.ProviderInstance,a97e2eb1-c959-4c26-8064-6961d76df731
19/08/2013,04711626,METIS TRAINING LIMITED,FALSE,null,24/11/2010,10004325,null,PUB.UKRLP.dbo.ProviderInstance,a97e2eb1-c959-4c26-8064-6961d76df731
10/03/2017,02956489,METROPOLE COLLEGE LTD,FALSE,null,01/12/2016,10004326,null,PUB.UKRLP.dbo.ProviderInstance,a97e2eb1-c959-4c26-8064-6961d76df731
null,null,WIRRAL METROPOLITAN BOROUGH COUNCIL,TRUE,null,21/07/2026,10004327,null,PUB.UKRLP.dbo.ProviderInstance,a97e2eb1-c959-4c26-8064-6961d76df731
null,04790426,MET FILM LIMITED,TRUE,Metropolitan Film School,25/05/2025,10004328,null,PUB.UKRLP.dbo.ProviderInstance,a97e2eb1-c959-4c26-8064-6961d76df731
14/06/2024,SC045870,METTECH UK,FALSE,null,28/10/2022,10004329,null,PUB.UKRLP.dbo.ProviderInstance,a97e2eb1-c959-4c26-8064-6961d76df731
14/01/2015,null,MEXBOROUGH SCHOOL,FALSE,null,28/12/2014,10004330,106788,PUB.UKRLP.dbo.ProviderInstance,a97e2eb1-c959-4c26-8064-6961d76df731
02/09/2010,04635706,MICHAEL CARTER ASSOCIATES LTD,FALSE,null,05/01/2010,10004331,null,PUB.UKRLP.dbo.ProviderInstance,a97e2eb1-c959-4c26-8064-6961d76df731
null,00539034,MICHAEL HALL SCHOOL,TRUE,null,14/07/2026,10004332,114625,PUB.UKRLP.dbo.ProviderInstance,a97e2eb1-c959-4c26-8064-6961d76df731
15/03/2007,SC146878,MICROCOM TRAINING (GLASGOW) LIMITED,FALSE,null,06/09/2006,10004333,null,PUB.UKRLP.dbo.ProviderInstance,a97e2eb1-c959-4c26-8064-6961d76df731
null,03428441,MICRO-TECH COMPUTER SERVICES LIMITED,TRUE,null,17/07/2026,10004334,null,PUB.UKRLP.dbo.ProviderInstance,a97e2eb1-c959-4c26-8064-6961d76df731
26/03/2007,02023039,MID-CAREER COLLEGE LIMITED,FALSE,Mid Career College,29/09/2006,10004335,null,PUB.UKRLP.dbo.ProviderInstance,a97e2eb1-c959-4c26-8064-6961d76df731
null,04477901,MID GLAMORGAN FORK TRUCK TRAINING SERVICES LTD,TRUE,null,25/12/2022,10004336,null,PUB.UKRLP.dbo.ProviderInstance,a97e2eb1-c959-4c26-8064-6961d76df731
null,04121684,MWMAC LIMITED,TRUE,null,21/12/2025,10004337,null,PUB.UKRLP.dbo.ProviderInstance,a97e2eb1-c959-4c26-8064-6961d76df731
07/03/2017,03643497,MID-WALES RURAL TRAINING PARTNERSHIP,FALSE,null,31/12/2016,10004338,null,PUB.UKRLP.dbo.ProviderInstance,a97e2eb1-c959-4c26-8064-6961d76df731
01/08/2017,null,MID-CHESHIRE COLLEGE,FALSE,null,12/07/2017,10004339,130620,PUB.UKRLP.dbo.ProviderInstance,a97e2eb1-c959-4c26-8064-6961d76df731
null,null,MID-KENT COLLEGE,TRUE,MidKent College,21/07/2026,10004340,130726,PUB.UKRLP.dbo.ProviderInstance,a97e2eb1-c959-4c26-8064-6961d76df731
14/01/2019,01728256,THE MID YORKSHIRE CHAMBER OF COMMERCE AND INDUSTRY (TRAINING) LIMITED,FALSE,Mid-Yorkshire Chamber Of Commerce & Industry Training,12/11/2018,10004341,null,PUB.UKRLP.dbo.ProviderInstance,a97e2eb1-c959-4c26-8064-6961d76df731
13/08/2019,SC247181,MIDAS LTD,FALSE,null,12/08/2019,10004342,null,PUB.UKRLP.dbo.ProviderInstance,a97e2eb1-c959-4c26-8064-6961d76df731
null,null,MIDDLESBROUGH COUNCIL,TRUE,null,21/07/2026,10004343,null,PUB.UKRLP.dbo.ProviderInstance,a97e2eb1-c959-4c26-8064-6961d76df731
null,null,MIDDLESBROUGH COLLEGE,TRUE,null,21/07/2026,10004344,130570,PUB.UKRLP.dbo.ProviderInstance,a97e2eb1-c959-4c26-8064-6961d76df731
null,03386853,MIDDLESBROUGH ENVIRONMENT CITY TRUST LIMITED,TRUE,null,06/06/2025,10004346,null,PUB.UKRLP.dbo.ProviderInstance,a97e2eb1-c959-4c26-8064-6961d76df731
09/09/2011,04999042,MIDDLESEX COLLEGE LIMITED,FALSE,null,08/09/2011,10004347,null,PUB.UKRLP.dbo.ProviderInstance,a97e2eb1-c959-4c26-8064-6961d76df731
null,01707396,MIDDLESEX ITEC LTD.,TRUE,null,22/05/2026,10004348,null,PUB.UKRLP.dbo.ProviderInstance,a97e2eb1-c959-4c26-8064-6961d76df731
07/10/2009,05350105,MIDDLESEX SCHOOL OF COMPLEMENTARY MEDICINE LIMITED,FALSE,null,22/05/2008,10004349,null,PUB.UKRLP.dbo.ProviderInstance,a97e2eb1-c959-4c26-8064-6961d76df731
30/11/2011,04768268,MIDDLESEX SCHOOL OF MANAGEMENT LIMITED,FALSE,null,29/11/2011,10004350,null,PUB.UKRLP.dbo.ProviderInstance,a97e2eb1-c959-4c26-8064-6961d76df731
null,null,MIDDLESEX UNIVERSITY,TRUE,null,21/07/2026,10004351,133850,PUB.UKRLP.dbo.ProviderInstance,a97e2eb1-c959-4c26-8064-6961d76df731
27/01/2009,null,MIDHURST GRAMMAR SCHOOL,FALSE,null,29/07/2005,10004352,null,PUB.UKRLP.dbo.ProviderInstance,a97e2eb1-c959-4c26-8064-6961d76df731
null,02989656,THE MIDI MUSIC COMPANY,TRUE,null,17/07/2026,10004353,null,PUB.UKRLP.dbo.ProviderInstance,a97e2eb1-c959-4c26-8064-6961d76df731
09/05/2008,04629143,MIDLANDS TRAINING LIMITED,FALSE,Midlands Business Centre,09/11/2007,10004354,null,PUB.UKRLP.dbo.ProviderInstance,a97e2eb1-c959-4c26-8064-6961d76df731
null,00984899,MIDLAND GROUP TRAINING SERVICES LIMITED,TRUE,null,17/07/2026,10004355,null,PUB.UKRLP.dbo.ProviderInstance,a97e2eb1-c959-4c26-8064-6961d76df731
null,SC174638,MIDLOTHIAN AND EAST LOTHIAN CHAMBER OF COMMERCE,TRUE,null,27/06/2024,10004356,null,PUB.UKRLP.dbo.ProviderInstance,a97e2eb1-c959-4c26-8064-6961d76df731
null,02326382,MTC LEARNING,TRUE,Migrant Training Company,21/12/2025,10004357,null,PUB.UKRLP.dbo.ProviderInstance,a97e2eb1-c959-4c26-8064-6961d76df731
null,01911662,CONSONANT LTD.,TRUE,null,14/06/2024,10004358,null,PUB.UKRLP.dbo.ProviderInstance,a97e2eb1-c959-4c26-8064-6961d76df731
19/01/2010,null,MILDENHALL COLLEGE OF TECHNOLOGY,FALSE,null,29/07/2005,10004359,null,PUB.UKRLP.dbo.ProviderInstance,a97e2eb1-c959-4c26-8064-6961d76df731
11/04/2019,null,MILL HILL COUNTY HIGH SCHOOL,FALSE,null,29/07/2005,10004360,101359,PUB.UKRLP.dbo.ProviderInstance,a97e2eb1-c959-4c26-8064-6961d76df731
10/09/2014,null,MILL HILL SCHOOL,FALSE,null,19/06/2014,10004361,113001,PUB.UKRLP.dbo.ProviderInstance,a97e2eb1-c959-4c26-8064-6961d76df731
null,03933819,MILL ON THE BRUE LIMITED,TRUE,null,05/04/2025,10004362,null,PUB.UKRLP.dbo.ProviderInstance,a97e2eb1-c959-4c26-8064-6961d76df731
04/04/2007,03824115,MMC REALISATIONS (2006) LIMITED,FALSE,null,15/09/2006,10004363,null,PUB.UKRLP.dbo.ProviderInstance,a97e2eb1-c959-4c26-8064-6961d76df731
null,03310350,MILLENNIUM CITY ACADEMY LTD,TRUE,null,01/10/2024,10004364,null,PUB.UKRLP.dbo.ProviderInstance,a97e2eb1-c959-4c26-8064-6961d76df731
null,03308803,MILLENNIUM PERFORMING ARTS LTD.,TRUE,null,17/12/2024,10004365,null,PUB.UKRLP.dbo.ProviderInstance,a97e2eb1-c959-4c26-8064-6961d76df731
17/10/2012,SC212483,MILLENNIUM NAILS (SCOTLAND) LIMITED,FALSE,null,17/10/2012,10004366,null,PUB.UKRLP.dbo.ProviderInstance,a97e2eb1-c959-4c26-8064-6961d76df731
09/05/2008,03544289,MILLER HOWE HOTEL LIMITED,FALSE,null,15/04/2007,10004367,null,PUB.UKRLP.dbo.ProviderInstance,a97e2eb1-c959-4c26-8064-6961d76df731
null,null,MILLOM SCHOOL,TRUE,null,15/07/2026,10004369,112388,PUB.UKRLP.dbo.ProviderInstance,a97e2eb1-c959-4c26-8064-6961d76df731
26/09/2025,02780316,COOL BLUE COLLEGE LTD,FALSE,null,17/04/2025,10004370,null,PUB.UKRLP.dbo.ProviderInstance,a97e2eb1-c959-4c26-8064-6961d76df731
02/09/2010,01068257,MILLTECH LIMITED,FALSE,null,15/04/2007,10004371,null,PUB.UKRLP.dbo.ProviderInstance,a97e2eb1-c959-4c26-8064-6961d76df731
null,03215953,MILNE MARKETING LIMITED,TRUE,Milne Safety,26/11/2023,10004372,null,PUB.UKRLP.dbo.ProviderInstance,a97e2eb1-c959-4c26-8064-6961d76df731
20/02/2017,03966643,MILTON KEYNES AND NORTH BUCKINGHAMSHIRE CHAMBER OF COMMERCE,FALSE,Milton Keynes & North Bucks Chamber Of Commerce,30/11/2016,10004373,null,PUB.UKRLP.dbo.ProviderInstance,a97e2eb1-c959-4c26-8064-6961d76df731
null,01967962,MILTON KEYNES CHRISTIAN FOUNDATION LIMITED,TRUE,null,17/07/2026,10004374,null,PUB.UKRLP.dbo.ProviderInstance,a97e2eb1-c959-4c26-8064-6961d76df731
null,null,MILTON KEYNES COLLEGE,TRUE,null,21/07/2026,10004375,130609,PUB.UKRLP.dbo.ProviderInstance,a97e2eb1-c959-4c26-8064-6961d76df731
null,null,MILTON KEYNES CITY COUNCIL,TRUE,Adult Continuing Education Milton Keynes,21/07/2026,10004376,null,PUB.UKRLP.dbo.ProviderInstance,a97e2eb1-c959-4c26-8064-6961d76df731
null,04279401,COMMUNITY ACTION: MK,TRUE,null,23/06/2025,10004377,null,PUB.UKRLP.dbo.ProviderInstance,a97e2eb1-c959-4c26-8064-6961d76df731
13/02/2014,02902056,MILTON KEYNES MIND,FALSE,null,08/09/2011,10004378,null,PUB.UKRLP.dbo.ProviderInstance,a97e2eb1-c959-4c26-8064-6961d76df731
null,04267379,MILTON KEYNES SAILING CLUB LIMITED,TRUE,null,21/01/2026,10004379,null,PUB.UKRLP.dbo.ProviderInstance,a97e2eb1-c959-4c26-8064-6961d76df731
null,02544583,MILTON KEYNES SPECIAL NEEDS ADVANCEMENT PROJECT,TRUE,null,30/09/2025,10004380,null,PUB.UKRLP.dbo.ProviderInstance,a97e2eb1-c959-4c26-8064-6961d76df731
null,02694537,WORKS FOR US,TRUE,null,25/12/2022,10004381,null,PUB.UKRLP.dbo.ProviderInstance,a97e2eb1-c959-4c26-8064-6961d76df731
25/06/2018,03847979,MIMOSA HEALTHCARE GROUP LIMITED,FALSE,null,13/05/2018,10004382,null,PUB.UKRLP.dbo.ProviderInstance,a97e2eb1-c959-4c26-8064-6961d76df731
null,05532977,HERTS MIND NETWORK LIMITED,TRUE,null,10/07/2024,10004383,null,PUB.UKRLP.dbo.ProviderInstance,a97e2eb1-c959-4c26-8064-6961d76df731
02/04/2007,04967626,MIND MATTERS LIMITED,FALSE,null,29/09/2006,10004384,null,PUB.UKRLP.dbo.ProviderInstance,a97e2eb1-c959-4c26-8064-6961d76df731
null,02348556,MIND THE GAP,TRUE,null,26/04/2026,10004385,null,PUB.UKRLP.dbo.ProviderInstance,a97e2eb1-c959-4c26-8064-6961d76df731
26/10/2010,03179595,MINDFIELDS COLLEGE LTD,FALSE,null,09/09/2010,10004386,null,PUB.UKRLP.dbo.ProviderInstance,a97e2eb1-c959-4c26-8064-6961d76df731
24/08/2015,04204018,MINDING DRIVING LIMITED,FALSE,null,20/06/2015,10004387,null,PUB.UKRLP.dbo.ProviderInstance,a97e2eb1-c959-4c26-8064-6961d76df731
15/09/2015,04324590,THE MINERVA CENTRE LIMITED,FALSE,null,12/07/2015,10004388,null,PUB.UKRLP.dbo.ProviderInstance,a97e2eb1-c959-4c26-8064-6961d76df731
null,02763177,MING-AI ASSOCIATION,TRUE,Ming-Ai (London) Institute,23/12/2025,10004389,null,PUB.UKRLP.dbo.ProviderInstance,a97e2eb1-c959-4c26-8064-6961d76df731
null,03149116,MINSTEAD TRAINING PROJECT,TRUE,null,14/07/2026,10004390,131922,PUB.UKRLP.dbo.ProviderInstance,a97e2eb1-c959-4c26-8064-6961d76df731
21/09/2009,null,MINSTER COLLEGE,FALSE,null,29/07/2005,10004391,null,PUB.UKRLP.dbo.ProviderInstance,a97e2eb1-c959-4c26-8064-6961d76df731
10/08/2011,null,"MINSTHORPE COMMUNITY COLLEGE, A SPECIALIST SCIENCE COLLEGE",FALSE,null,09/08/2006,10004392,108282,PUB.UKRLP.dbo.ProviderInstance,a97e2eb1-c959-4c26-8064-6961d76df731
05/04/2011,null,THE MIRFIELD FREE GRAMMAR AND SIXTH FORM,FALSE,null,29/07/2005,10004393,107764,PUB.UKRLP.dbo.ProviderInstance,a97e2eb1-c959-4c26-8064-6961d76df731
null,03554515,THE MISSIONARY TRAINING SERVICE,TRUE,null,01/08/2023,10004394,null,PUB.UKRLP.dbo.ProviderInstance,a97e2eb1-c959-4c26-8064-6961d76df731
11/12/2007,03622038,MITCHELL ASSOCIATES LIMITED,FALSE,null,15/04/2007,10004395,null,PUB.UKRLP.dbo.ProviderInstance,a97e2eb1-c959-4c26-8064-6961d76df731
null,00024542,MITCHELLS & BUTLERS RETAIL LIMITED,TRUE,null,26/11/2023,10004396,null,PUB.UKRLP.dbo.ProviderInstance,a97e2eb1-c959-4c26-8064-6961d76df731
26/04/2022,02957448,THE INTERNATIONAL WELFARE BUSINESS SCHOOL LIMITED,FALSE,null,10/03/2022,10004397,null,PUB.UKRLP.dbo.ProviderInstance,a97e2eb1-c959-4c26-8064-6961d76df731
03/09/2010,04282934,MITRE MANAGEMENT LTD,FALSE,null,15/04/2007,10004398,null,PUB.UKRLP.dbo.ProviderInstance,a97e2eb1-c959-4c26-8064-6961d76df731
null,00839354,ALTRAD BABCOCK LIMITED,TRUE,null,05/12/2025,10004399,null,PUB.UKRLP.dbo.ProviderInstance,a97e2eb1-c959-4c26-8064-6961d76df731
05/04/2012,03834941,"MLJ - SAFETY, HEALTH AND ENVIRONMENTAL LIMITED",FALSE,null,29/11/2011,10004400,null,PUB.UKRLP.dbo.ProviderInstance,a97e2eb1-c959-4c26-8064-6961d76df731
14/06/2024,01947337,MLS INTERNATIONAL LIMITED,FALSE,null,11/10/2022,10004401,null,PUB.UKRLP.dbo.ProviderInstance,a97e2eb1-c959-4c26-8064-6961d76df731
17/12/2009,04331476,MM I.T. SERVICES LTD.,FALSE,Mm It Academy,15/04/2007,10004402,null,PUB.UKRLP.dbo.ProviderInstance,a97e2eb1-c959-4c26-8064-6961d76df731
03/03/2011,04231494,MOB EBLO LIMITED,FALSE,null,12/02/2009,10004403,null,PUB.UKRLP.dbo.ProviderInstance,a97e2eb1-c959-4c26-8064-6961d76df731
07/10/2022,03189283,MOBILE CARE QUALIFICATIONS LIMITED,FALSE,Mobile Care Qualifications Ltd,05/08/2022,10004404,null,PUB.UKRLP.dbo.ProviderInstance,a97e2eb1-c959-4c26-8064-6961d76df731
02/09/2010,04051689,THE MOBILE COMPUTER TRAINING COMPANY LIMITED,FALSE,null,28/05/2008,10004405,null,PUB.UKRLP.dbo.ProviderInstance,a97e2eb1-c959-4c26-8064-6961d76df731
null,04109991,MODE TRAINING LTD,TRUE,null,18/07/2026,10004406,null,PUB.UKRLP.dbo.ProviderInstance,a97e2eb1-c959-4c26-8064-6961d76df731
04/05/2010,02208104,THE MODEL HOUSE LLANTRISANT LIMITED,FALSE,Model House,15/04/2007,10004407,null,PUB.UKRLP.dbo.ProviderInstance,a97e2eb1-c959-4c26-8064-6961d76df731
21/03/2007,03088894,MODES STUDY CENTRE LIMITED,FALSE,null,29/09/2006,10004408,null,PUB.UKRLP.dbo.ProviderInstance,a97e2eb1-c959-4c26-8064-6961d76df731
30/04/2014,NI042868,MODEV LIMITED,FALSE,Modev & Exemplas,25/03/2014,10004409,null,PUB.UKRLP.dbo.ProviderInstance,a97e2eb1-c959-4c26-8064-6961d76df731
01/12/2011,04139281,MOFFAT MCEWAN ASSOCIATES LTD,FALSE,null,15/04/2007,10004410,null,PUB.UKRLP.dbo.ProviderInstance,a97e2eb1-c959-4c26-8064-6961d76df731
22/11/2020,00437590,ROEDEAN MOIRA HOUSE,FALSE,null,27/10/2020,10004411,114651,PUB.UKRLP.dbo.ProviderInstance,a97e2eb1-c959-4c26-8064-6961d76df731
02/09/2010,04373775,MOMENTA CONSULTING LIMITED,FALSE,null,15/04/2007,10004412,null,PUB.UKRLP.dbo.ProviderInstance,a97e2eb1-c959-4c26-8064-6961d76df731
08/11/2019,00907593,MONARCH AIRLINES LIMITED,FALSE,null,01/10/2019,10004413,null,PUB.UKRLP.dbo.ProviderInstance,a97e2eb1-c959-4c26-8064-6961d76df731
14/08/2009,SC131468,MONIACK MHOR LIMITED,FALSE,null,15/04/2007,10004414,null,PUB.UKRLP.dbo.ProviderInstance,a97e2eb1-c959-4c26-8064-6961d76df731
null,SC102804,ASCERTRA UK LTD,TRUE,null,21/01/2026,10004415,null,PUB.UKRLP.dbo.ProviderInstance,a97e2eb1-c959-4c26-8064-6961d76df731
07/09/2009,null,ORCHARD SCHOOL,FALSE,null,07/09/2009,10004416,null,PUB.UKRLP.dbo.ProviderInstance,a97e2eb1-c959-4c26-8064-6961d76df731
14/11/2011,null,MONK'S WALK SCHOOL,FALSE,null,14/11/2011,10004417,117536,PUB.UKRLP.dbo.ProviderInstance,a97e2eb1-c959-4c26-8064-6961d76df731
11/09/2017,null,MONKS' DYKE TENNYSON COLLEGE,FALSE,null,10/08/2017,10004418,120713,PUB.UKRLP.dbo.ProviderInstance,a97e2eb1-c959-4c26-8064-6961d76df731
null,null,MONKSEATON  HIGH SCHOOL,TRUE,null,02/01/2025,10004419,108642,PUB.UKRLP.dbo.ProviderInstance,a97e2eb1-c959-4c26-8064-6961d76df731
null,null,MONKTON SENIOR SCHOOL,TRUE,null,13/09/2024,10004420,109360,PUB.UKRLP.dbo.ProviderInstance,a97e2eb1-c959-4c26-8064-6961d76df731
24/09/2018,03828288,MONTAGE THEATRE LIMITED,FALSE,null,12/08/2018,10004421,null,PUB.UKRLP.dbo.ProviderInstance,a97e2eb1-c959-4c26-8064-6961d76df731
15/09/2009,null,MONTAGU SCHOOL,FALSE,null,29/07/2005,10004422,null,PUB.UKRLP.dbo.ProviderInstance,a97e2eb1-c959-4c26-8064-6961d76df731
10/08/2011,null,MONTSAYE COMMUNITY COLLEGE,FALSE,null,29/07/2005,10004423,122052,PUB.UKRLP.dbo.ProviderInstance,a97e2eb1-c959-4c26-8064-6961d76df731
01/12/2014,02808704,MOORLANDS TRAINING SERVICES LIMITED,FALSE,null,28/09/2014,10004424,null,PUB.UKRLP.dbo.ProviderInstance,a97e2eb1-c959-4c26-8064-6961d76df731
03/01/2012,null,MOORSIDE COMMUNITY TECHNOLOGY COLLEGE,FALSE,null,10/08/2006,10004425,114294,PUB.UKRLP.dbo.ProviderInstance,a97e2eb1-c959-4c26-8064-6961d76df731
10/06/2016,SC193065,MORAY FIRTH MEDIA TRUST,FALSE,null,24/02/2016,10004426,null,PUB.UKRLP.dbo.ProviderInstance,a97e2eb1-c959-4c26-8064-6961d76df731
20/06/2019,null,MORECAMBE COMMUNITY HIGH SCHOOL,FALSE,null,08/04/2019,10004427,119761,PUB.UKRLP.dbo.ProviderInstance,a97e2eb1-c959-4c26-8064-6961d76df731
06/03/2017,null,MORETON COMMUNITY SCHOOL,FALSE,null,04/02/2017,10004428,104397,PUB.UKRLP.dbo.ProviderInstance,a97e2eb1-c959-4c26-8064-6961d76df731
null,00787642,MORETON HALL SCHOOL,TRUE,null,14/07/2026,10004429,123604,PUB.UKRLP.dbo.ProviderInstance,a97e2eb1-c959-4c26-8064-6961d76df731
null,04198771,MORGAN HAWKES LIMITED,TRUE,null,17/06/2024,10004430,null,PUB.UKRLP.dbo.ProviderInstance,a97e2eb1-c959-4c26-8064-6961d76df731
16/07/2025,03528524,IDEAGEN MK LIMITED,FALSE,null,28/01/2025,10004431,null,PUB.UKRLP.dbo.ProviderInstance,a97e2eb1-c959-4c26-8064-6961d76df731
null,02829836,MORLEY COLLEGE LIMITED,TRUE,Morley College,20/02/2025,10004432,130412,PUB.UKRLP.dbo.ProviderInstance,a97e2eb1-c959-4c26-8064-6961d76df731
19/01/2011,null,MORLEY HIGH SCHOOL,FALSE,null,29/07/2005,10004433,108078,PUB.UKRLP.dbo.ProviderInstance,a97e2eb1-c959-4c26-8064-6961d76df731
null,02283391,MORTHYNG GROUP LIMITED,TRUE,Morthyng Vocational College,08/04/2026,10004434,null,PUB.UKRLP.dbo.ProviderInstance,a97e2eb1-c959-4c26-8064-6961d76df731
02/09/2016,null,ALFRETON GRANGE ARTS COLLEGE,FALSE,null,16/07/2016,10004435,112931,PUB.UKRLP.dbo.ProviderInstance,a97e2eb1-c959-4c26-8064-6961d76df731
24/10/2019,04437306,MORTIMORE ENTERPRISES LIMITED,FALSE,null,22/08/2019,10004436,null,PUB.UKRLP.dbo.ProviderInstance,a97e2eb1-c959-4c26-8064-6961d76df731
03/06/2012,null,MOSELEY PARK,FALSE,null,05/12/2011,10004437,104403,PUB.UKRLP.dbo.ProviderInstance,a97e2eb1-c959-4c26-8064-6961d76df731
null,null,MOSELEY SCHOOL AND SIXTH FORM,TRUE,null,21/09/2025,10004438,103519,PUB.UKRLP.dbo.ProviderInstance,a97e2eb1-c959-4c26-8064-6961d76df731
26/07/2010,03079131,MOSTYN HOUSE SCHOOL,FALSE,null,03/04/2009,10004439,null,PUB.UKRLP.dbo.ProviderInstance,a97e2eb1-c959-4c26-8064-6961d76df731
null,03577935,M I T SKILLS LIMITED,TRUE,MITskills,26/04/2026,10004440,null,PUB.UKRLP.dbo.ProviderInstance,a97e2eb1-c959-4c26-8064-6961d76df731
04/07/2011,null,MOULSHAM HIGH SCHOOL AND HUMANITIES COLLEGE,FALSE,null,25/11/2010,10004441,115233,PUB.UKRLP.dbo.ProviderInstance,a97e2eb1-c959-4c26-8064-6961d76df731
null,null,MOULTON COLLEGE,TRUE,null,21/07/2026,10004442,130772,PUB.UKRLP.dbo.ProviderInstance,a97e2eb1-c959-4c26-8064-6961d76df731
11/04/2019,null,MOULTON SCHOOL AND SCIENCE COLLEGE,FALSE,null,14/08/2006,10004443,122055,PUB.UKRLP.dbo.ProviderInstance,a97e2eb1-c959-4c26-8064-6961d76df731
null,01004194,THE MOUNT CAMPHILL COMMUNITY LIMITED,TRUE,null,26/11/2023,10004444,131923,PUB.UKRLP.dbo.ProviderInstance,a97e2eb1-c959-4c26-8064-6961d76df731
10/08/2011,null,MOUNT GRACE SCHOOL,FALSE,null,29/07/2005,10004445,117583,PUB.UKRLP.dbo.ProviderInstance,a97e2eb1-c959-4c26-8064-6961d76df731
null,null,MOUNT HAWKE YOUTH AND COMMUNITY GROUP,TRUE,null,23/01/2019,10004446,null,PUB.UKRLP.dbo.ProviderInstance,a97e2eb1-c959-4c26-8064-6961d76df731
06/05/2014,00540698,THE MOUNT SCHOOL,FALSE,null,19/03/2014,10004447,101372,PUB.UKRLP.dbo.ProviderInstance,a97e2eb1-c959-4c26-8064-6961d76df731
null,01686186,THE MOUNT SCHOOL (YORK),TRUE,null,07/12/2025,10004448,121726,PUB.UKRLP.dbo.ProviderInstance,a97e2eb1-c959-4c26-8064-6961d76df731
09/04/2021,04537038,MOUNTAIN & WATER WALES-WIDE ADVENTURE LIMITED,FALSE,null,01/03/2021,10004449,null,PUB.UKRLP.dbo.ProviderInstance,a97e2eb1-c959-4c26-8064-6961d76df731
null,01019858,MOUNTVIEW ACADEMY OF THEATRE ARTS LIMITED,TRUE,Mountview Academy of Theatre Arts,21/12/2025,10004450,null,PUB.UKRLP.dbo.ProviderInstance,a97e2eb1-c959-4c26-8064-6961d76df731
null,NI032946,MOURNE HERITAGE TRUST-THE,TRUE,null,02/09/2025,10004451,null,PUB.UKRLP.dbo.ProviderInstance,a97e2eb1-c959-4c26-8064-6961d76df731
29/09/2014,04189818,MOUSTRAINING LTD,FALSE,null,25/06/2014,10004452,null,PUB.UKRLP.dbo.ProviderInstance,a97e2eb1-c959-4c26-8064-6961d76df731
02/04/2007,03811141,MOUZER ASSOCIATES LIMITED,FALSE,null,11/09/2006,10004453,null,PUB.UKRLP.dbo.ProviderInstance,a97e2eb1-c959-4c26-8064-6961d76df731
null,01634400,MOVES FITNESS LTD,TRUE,null,01/10/2024,10004454,null,PUB.UKRLP.dbo.ProviderInstance,a97e2eb1-c959-4c26-8064-6961d76df731
null,02748209,MOVING VISION LIMITED,TRUE,null,26/11/2023,10004455,null,PUB.UKRLP.dbo.ProviderInstance,a97e2eb1-c959-4c26-8064-6961d76df731
28/10/2010,00077628,CARILLION JM LIMITED,FALSE,null,15/04/2007,10004456,null,PUB.UKRLP.dbo.ProviderInstance,a97e2eb1-c959-4c26-8064-6961d76df731
04/03/2011,03358104,MPK ASSOCIATES LIMITED,FALSE,null,15/04/2007,10004457,null,PUB.UKRLP.dbo.ProviderInstance,a97e2eb1-c959-4c26-8064-6961d76df731
29/01/2019,02414457,M.S.E. (CONSULTANTS) LIMITED,FALSE,null,20/11/2018,10004458,null,PUB.UKRLP.dbo.ProviderInstance,a97e2eb1-c959-4c26-8064-6961d76df731
null,02007663,M S G BUSINESS SYSTEMS LIMITED,TRUE,null,08/04/2026,10004459,null,PUB.UKRLP.dbo.ProviderInstance,a97e2eb1-c959-4c26-8064-6961d76df731
null,04691597,MTA LEARNING LIMITED,TRUE,MTA International,12/04/2026,10004460,null,PUB.UKRLP.dbo.ProviderInstance,a97e2eb1-c959-4c26-8064-6961d76df731
null,SC260356,MTC SERVICES (SCOTLAND) LIMITED,TRUE,null,26/11/2023,10004461,null,PUB.UKRLP.dbo.ProviderInstance,a97e2eb1-c959-4c26-8064-6961d76df731
06/11/2007,04602396,MTEC TRAINING LIMITED,FALSE,null,15/04/2007,10004462,null,PUB.UKRLP.dbo.ProviderInstance,a97e2eb1-c959-4c26-8064-6961d76df731
null,05573456,MORGAN TRAINING & SAFETY SERVICES LIMITED,TRUE,MTS Services,10/06/2025,10004463,null,PUB.UKRLP.dbo.ProviderInstance,a97e2eb1-c959-4c26-8064-6961d76df731
null,04805117,THE MUATH TRUST,TRUE,null,26/04/2026,10004464,null,PUB.UKRLP.dbo.ProviderInstance,a97e2eb1-c959-4c26-8064-6961d76df731
03/05/2017,null,MULBERRY SCHOOL FOR GIRLS,FALSE,null,04/02/2017,10004465,100968,PUB.UKRLP.dbo.ProviderInstance,a97e2eb1-c959-4c26-8064-6961d76df731
null,04039931,MULLACOTT EQUESTRIAN CENTRE LIMITED,TRUE,null,26/11/2023,10004466,null,PUB.UKRLP.dbo.ProviderInstance,a97e2eb1-c959-4c26-8064-6961d76df731
02/09/2010,04138746,MULTI-AGENCY RESOURCE CENTRE (BROMSGROVE AND DISTRICT) LIMITED,FALSE,Multi Agency Resource Centre,14/08/2009,10004467,null,PUB.UKRLP.dbo.ProviderInstance,a97e2eb1-c959-4c26-8064-6961d76df731
02/02/2022,03142509,MULTIMEDIA MARKETING.COM LIMITED,FALSE,null,02/01/2022,10004468,null,PUB.UKRLP.dbo.ProviderInstance,a97e2eb1-c959-4c26-8064-6961d76df731
12/02/2009,03324508,MUSIC FOR TELEVISION LIMITED,FALSE,null,15/04/2007,10004469,null,PUB.UKRLP.dbo.ProviderInstance,a97e2eb1-c959-4c26-8064-6961d76df731
06/11/2007,03895818,TRIBAL TREE,FALSE,Music Tree,15/04/2007,10004470,null,PUB.UKRLP.dbo.ProviderInstance,a97e2eb1-c959-4c26-8064-6961d76df731
24/02/2020,NI049102,MADD MUSIC,FALSE,null,03/12/2019,10004471,null,PUB.UKRLP.dbo.ProviderInstance,a97e2eb1-c959-4c26-8064-6961d76df731
08/02/2016,04437818,MUSLIM COMMUNITY COLLEGE LTD,FALSE,null,30/10/2015,10004472,null,PUB.UKRLP.dbo.ProviderInstance,a97e2eb1-c959-4c26-8064-6961d76df731
09/07/2007,03855083,MUSLIM WOMEN'S WELFARE ASSOCIATION LIMITED,FALSE,null,15/04/2007,10004473,null,PUB.UKRLP.dbo.ProviderInstance,a97e2eb1-c959-4c26-8064-6961d76df731
21/03/2007,04692279,MUZIK LINKS LIMITED,FALSE,null,29/09/2006,10004474,null,PUB.UKRLP.dbo.ProviderInstance,a97e2eb1-c959-4c26-8064-6961d76df731
11/12/2007,02472143,MYB LIMITED,FALSE,Myb Training,15/04/2007,10004475,null,PUB.UKRLP.dbo.ProviderInstance,a97e2eb1-c959-4c26-8064-6961d76df731
12/11/2010,02535561,MYCCI LIMITED,FALSE,The Chamber,23/09/2010,10004476,null,PUB.UKRLP.dbo.ProviderInstance,a97e2eb1-c959-4c26-8064-6961d76df731
13/11/2017,SC235668,MYCOURSE LIMITED,FALSE,null,02/09/2017,10004477,null,PUB.UKRLP.dbo.ProviderInstance,a97e2eb1-c959-4c26-8064-6961d76df731
null,null,MYERSCOUGH COLLEGE,TRUE,null,21/07/2026,10004478,130743,PUB.UKRLP.dbo.ProviderInstance,a97e2eb1-c959-4c26-8064-6961d76df731
26/01/2015,03899925,MYMAR COMPUTER SERVICES LIMITED,FALSE,null,25/12/2014,10004479,null,PUB.UKRLP.dbo.ProviderInstance,a97e2eb1-c959-4c26-8064-6961d76df731
null,02422775,MYRICK TRAINING SERVICES LIMITED,TRUE,null,26/11/2023,10004480,null,PUB.UKRLP.dbo.ProviderInstance,a97e2eb1-c959-4c26-8064-6961d76df731
26/03/2023,01975246,MYRRH LIMITED,FALSE,Myrrh Education And Training,22/02/2018,10004481,null,PUB.UKRLP.dbo.ProviderInstance,a97e2eb1-c959-4c26-8064-6961d76df731
null,00653648,PURMO GROUP (UK) LTD,TRUE,null,27/11/2023,10004482,null,PUB.UKRLP.dbo.ProviderInstance,a97e2eb1-c959-4c26-8064-6961d76df731
07/07/2011,null,MYTON SCHOOL,FALSE,null,29/07/2005,10004483,125767,PUB.UKRLP.dbo.ProviderInstance,a97e2eb1-c959-4c26-8064-6961d76df731
22/06/2022,03525585,N & B TRAINING COMPANY LIMITED,FALSE,null,18/04/2022,10004484,null,PUB.UKRLP.dbo.ProviderInstance,a97e2eb1-c959-4c26-8064-6961d76df731
04/04/2012,null,AIRE VALLEY SCHOOL,FALSE,null,08/09/2010,10004485,107397,PUB.UKRLP.dbo.ProviderInstance,a97e2eb1-c959-4c26-8064-6961d76df731
null,00203583,NACRO,TRUE,null,28/06/2024,10004486,null,PUB.UKRLP.dbo.ProviderInstance,a97e2eb1-c959-4c26-8064-6961d76df731
14/09/2021,03044290,NAGWA TRADING COMPANY LIMITED,FALSE,null,03/07/2021,10004487,null,PUB.UKRLP.dbo.ProviderInstance,a97e2eb1-c959-4c26-8064-6961d76df731
06/09/2006,03412954,THE NAIL STUDIO LTD.,FALSE,null,29/07/2005,10004488,null,PUB.UKRLP.dbo.ProviderInstance,a97e2eb1-c959-4c26-8064-6961d76df731
null,SC195386,NAIL SYSTEMS (SCOTLAND) LIMITED,TRUE,null,12/06/2024,10004489,null,PUB.UKRLP.dbo.ProviderInstance,a97e2eb1-c959-4c26-8064-6961d76df731
11/04/2019,null,NAILSEA SCHOOL,FALSE,null,29/07/2005,10004490,109310,PUB.UKRLP.dbo.ProviderInstance,a97e2eb1-c959-4c26-8064-6961d76df731
null,SC191841,NANSEN HIGHLAND,TRUE,null,23/12/2025,10004491,null,PUB.UKRLP.dbo.ProviderInstance,a97e2eb1-c959-4c26-8064-6961d76df731
null,IP26933R,NARI EKTA SOCIETY LIMITED,TRUE,null,03/11/2017,10004492,null,PUB.UKRLP.dbo.ProviderInstance,a97e2eb1-c959-4c26-8064-6961d76df731
12/11/2010,04090131,THE NATIONAL ACCESS AND RESCUE CENTRE (UK) LIMITED,FALSE,National Access And Rescue Centre,15/04/2007,10004493,null,PUB.UKRLP.dbo.ProviderInstance,a97e2eb1-c959-4c26-8064-6961d76df731
23/02/2011,null,THE NATIONAL ASSOCIATON FOR ABLE CHILDREN IN EDUCATION,FALSE,National Association For Able Children In Education,29/07/2005,10004494,null,PUB.UKRLP.dbo.ProviderInstance,a97e2eb1-c959-4c26-8064-6961d76df731
null,00897907,PROPERTYMARK LTD,TRUE,null,17/07/2026,10004495,null,PUB.UKRLP.dbo.ProviderInstance,a97e2eb1-c959-4c26-8064-6961d76df731
null,02104686,NATIONAL ASSOCIATION OF MEMORIAL MASONS,TRUE,null,16/04/2023,10004496,null,PUB.UKRLP.dbo.ProviderInstance,a97e2eb1-c959-4c26-8064-6961d76df731
null,01205298,NATIONAL AUTISTIC SOCIETY(THE),TRUE,null,23/06/2025,10004497,null,PUB.UKRLP.dbo.ProviderInstance,a97e2eb1-c959-4c26-8064-6961d76df731
06/09/2006,04199605,THE NATIONAL BIRDS OF PREY CENTRE LIMITED,FALSE,null,29/07/2005,10004498,null,PUB.UKRLP.dbo.ProviderInstance,a97e2eb1-c959-4c26-8064-6961d76df731
null,04509440,NATIONAL BUSINESS COLLEGE LIMITED,TRUE,null,17/07/2026,10004499,null,PUB.UKRLP.dbo.ProviderInstance,a97e2eb1-c959-4c26-8064-6961d76df731
null,02537672,NATIONAL CARE ASSOCIATION,TRUE,null,11/03/2026,10004500,null,PUB.UKRLP.dbo.ProviderInstance,a97e2eb1-c959-4c26-8064-6961d76df731
17/08/2011,null,"THE NATIONAL SCHOOL, A COFE TECHNOLOGY COLLEGE",FALSE,null,14/08/2006,10004501,122897,PUB.UKRLP.dbo.ProviderInstance,a97e2eb1-c959-4c26-8064-6961d76df731
null,null,THE NATIONAL CENTRE FOR YOUNG PEOPLE WITH EPILEPSY CHARITABLE TRUST,TRUE,St Piers Further Education College,23/01/2019,10004502,141241,PUB.UKRLP.dbo.ProviderInstance,a97e2eb1-c959-4c26-8064-6961d76df731
null,02060964,PROFESSIONAL ASSOCIATION FOR CHILDCARE AND EARLY YEARS,TRUE,null,05/11/2024,10004503,null,PUB.UKRLP.dbo.ProviderInstance,a97e2eb1-c959-4c26-8064-6961d76df731
null,00952717,NATIONAL CHILDREN'S BUREAU,TRUE,null,23/12/2025,10004504,null,PUB.UKRLP.dbo.ProviderInstance,a97e2eb1-c959-4c26-8064-6961d76df731
null,05331820,NATIONAL COMMUNITY BOATS ASSOCIATION,TRUE,null,23/06/2025,10004505,null,PUB.UKRLP.dbo.ProviderInstance,a97e2eb1-c959-4c26-8064-6961d76df731
null,00402748,"GINGERBREAD, THE CHARITY FOR SINGLE PARENT FAMILIES",TRUE,Gingerbread,15/09/2024,10004506,null,PUB.UKRLP.dbo.ProviderInstance,a97e2eb1-c959-4c26-8064-6961d76df731
11/12/2007,02720630,NATIONAL COUNCIL FOR THE TRAINING OF JOURNALISTS,FALSE,null,29/03/2007,10004507,null,PUB.UKRLP.dbo.ProviderInstance,a97e2eb1-c959-4c26-8064-6961d76df731
null,03738616,NATIONAL DAY NURSERIES ASSOCIATION,TRUE,null,29/08/2024,10004508,null,PUB.UKRLP.dbo.ProviderInstance,a97e2eb1-c959-4c26-8064-6961d76df731
null,01853927,NATIONAL ENERGY ACTION,TRUE,null,24/06/2025,10004509,null,PUB.UKRLP.dbo.ProviderInstance,a97e2eb1-c959-4c26-8064-6961d76df731
21/02/2019,00292829,NATIONAL EXTENSION COLLEGE TRUST LIMITED,FALSE,null,09/02/2019,10004510,null,PUB.UKRLP.dbo.ProviderInstance,a97e2eb1-c959-4c26-8064-6961d76df731
null,00981908,NATIONAL FILM AND TELEVISION SCHOOL(THE),TRUE,The National Film and Television School,11/03/2026,10004511,null,PUB.UKRLP.dbo.ProviderInstance,a97e2eb1-c959-4c26-8064-6961d76df731
null,04031152,NATIONAL GRID PLC,TRUE,null,17/07/2026,10004512,null,PUB.UKRLP.dbo.ProviderInstance,a97e2eb1-c959-4c26-8064-6961d76df731
20/07/2011,03203736,ASTRA CORPORATION LIMITED,FALSE,National Home Study College,04/03/2011,10004513,null,PUB.UKRLP.dbo.ProviderInstance,a97e2eb1-c959-4c26-8064-6961d76df731
null,00320784,NATIONAL HOUSE-BUILDING COUNCIL,TRUE,null,30/09/2025,10004514,null,PUB.UKRLP.dbo.ProviderInstance,a97e2eb1-c959-4c26-8064-6961d76df731
null,02677064,NATIONAL ICE SKATING ASSOCIATION OF THE UNITED KINGDOM LIMITED,TRUE,null,17/07/2026,10004515,null,PUB.UKRLP.dbo.ProviderInstance,a97e2eb1-c959-4c26-8064-6961d76df731
14/01/2010,null,NATIONAL INSTITUTE FOR AFRICAN STUDIES,FALSE,null,17/12/2008,10004516,null,PUB.UKRLP.dbo.ProviderInstance,a97e2eb1-c959-4c26-8064-6961d76df731
null,02603322,NATIONAL LEARNING AND WORK INSTITUTE,TRUE,null,17/08/2024,10004517,null,PUB.UKRLP.dbo.ProviderInstance,a97e2eb1-c959-4c26-8064-6961d76df731
null,03403977,FINISHES AND INTERIORS SECTOR LIMITED,TRUE,null,02/09/2025,10004518,null,PUB.UKRLP.dbo.ProviderInstance,a97e2eb1-c959-4c26-8064-6961d76df731
08/11/2019,04013042,NATIONAL IT LEARNING CENTRE LIMITED,FALSE,null,19/08/2019,10004519,null,PUB.UKRLP.dbo.ProviderInstance,a97e2eb1-c959-4c26-8064-6961d76df731
28/10/2013,04426904,CETMAN,FALSE,null,02/07/2013,10004520,null,PUB.UKRLP.dbo.ProviderInstance,a97e2eb1-c959-4c26-8064-6961d76df731
null,01281757,NATIONAL PHARMACY ASSOCIATION LIMITED,TRUE,National Pharmacy Association Limited,17/07/2026,10004521,null,PUB.UKRLP.dbo.ProviderInstance,a97e2eb1-c959-4c26-8064-6961d76df731
null,02992144,NATIONAL PHYSICAL LABORATORY LIMITED,TRUE,null,05/12/2025,10004522,null,PUB.UKRLP.dbo.ProviderInstance,a97e2eb1-c959-4c26-8064-6961d76df731
null,03427694,NPORS LIMITED,TRUE,null,23/05/2024,10004523,null,PUB.UKRLP.dbo.ProviderInstance,a97e2eb1-c959-4c26-8064-6961d76df731
30/07/2009,05882301,THE NATIONAL PYRAMID TRUST,FALSE,null,04/12/2007,10004524,null,PUB.UKRLP.dbo.ProviderInstance,a97e2eb1-c959-4c26-8064-6961d76df731
null,03090774,EDUCATION FOR HEALTH,TRUE,null,15/09/2024,10004525,null,PUB.UKRLP.dbo.ProviderInstance,a97e2eb1-c959-4c26-8064-6961d76df731
20/07/2011,04338770,SEAFOOD TRAINING CENTRE NORTH SHIELDS,FALSE,National Seafood Training Centre,15/04/2007,10004526,null,PUB.UKRLP.dbo.ProviderInstance,a97e2eb1-c959-4c26-8064-6961d76df731
null,00522846,NATIONAL STAR FOUNDATION,TRUE,null,27/03/2026,10004527,131944,PUB.UKRLP.dbo.ProviderInstance,a97e2eb1-c959-4c26-8064-6961d76df731
null,01817304,NATIONAL STONE CENTRE(THE),TRUE,null,17/07/2026,10004528,null,PUB.UKRLP.dbo.ProviderInstance,a97e2eb1-c959-4c26-8064-6961d76df731
01/12/2014,02884104,NATIONAL TRAINING RESOURCES LIMITED,FALSE,null,29/09/2014,10004529,null,PUB.UKRLP.dbo.ProviderInstance,a97e2eb1-c959-4c26-8064-6961d76df731
null,00986754,NATIONAL TYRE SERVICE LIMITED,TRUE,null,18/07/2026,10004530,null,PUB.UKRLP.dbo.ProviderInstance,a97e2eb1-c959-4c26-8064-6961d76df731
null,02912597,THE NATIONAL YOUTH AGENCY,TRUE,null,15/07/2026,10004531,null,PUB.UKRLP.dbo.ProviderInstance,a97e2eb1-c959-4c26-8064-6961d76df731
09/10/2009,04389427,NATIONWIDE ETHNIC TRANSPORT TRAINING LTD,FALSE,null,22/05/2008,10004532,null,PUB.UKRLP.dbo.ProviderInstance,a97e2eb1-c959-4c26-8064-6961d76df731
null,04309598,NATIONWIDE INSTRUCTOR TRAINING COLLEGE LIMITED,TRUE,Driving Instructor College,30/12/2025,10004533,null,PUB.UKRLP.dbo.ProviderInstance,a97e2eb1-c959-4c26-8064-6961d76df731
03/12/2019,02958452,NATIONWIDE TRAINING LIMITED,FALSE,null,19/08/2019,10004534,null,PUB.UKRLP.dbo.ProviderInstance,a97e2eb1-c959-4c26-8064-6961d76df731
16/07/2025,03972443,NATIVES.CO.UK LIMITED,FALSE,null,04/03/2025,10004535,null,PUB.UKRLP.dbo.ProviderInstance,a97e2eb1-c959-4c26-8064-6961d76df731
null,03775735,NATURAL GAS SERVICES (TRAINING) LIMITED,TRUE,null,26/11/2023,10004536,null,PUB.UKRLP.dbo.ProviderInstance,a97e2eb1-c959-4c26-8064-6961d76df731
null,01039270,NAUTICAL ARCHAEOLOGY SOCIETY(THE),TRUE,null,26/11/2023,10004537,null,PUB.UKRLP.dbo.ProviderInstance,a97e2eb1-c959-4c26-8064-6961d76df731
null,null,NAZARENE THEOLOGICAL COLLEGE,TRUE,null,21/07/2026,10004538,null,PUB.UKRLP.dbo.ProviderInstance,a97e2eb1-c959-4c26-8064-6961d76df731
null,04764232,ACTION FOR CHILDREN,TRUE,null,08/04/2026,10004539,null,PUB.UKRLP.dbo.ProviderInstance,a97e2eb1-c959-4c26-8064-6961d76df731
null,02332388,ACTION FOR CHILDREN SERVICES LIMITED,TRUE,Action For Children,08/04/2026,10004540,null,PUB.UKRLP.dbo.ProviderInstance,a97e2eb1-c959-4c26-8064-6961d76df731
30/07/2009,03563569,NORTHUMBRIA TRAINING LIMITED,FALSE,Nctc (Northumbria Training),15/04/2007,10004541,null,PUB.UKRLP.dbo.ProviderInstance,a97e2eb1-c959-4c26-8064-6961d76df731
null,02938084,NORTH EAST CHAMBER OF COMMERCE,TRUE,null,23/06/2025,10004542,null,PUB.UKRLP.dbo.ProviderInstance,a97e2eb1-c959-4c26-8064-6961d76df731
null,03341466,THE NEATH PORT TALBOT COUNCIL FOR VOLUNTARY SERVICE LTD.,TRUE,null,26/11/2023,10004543,null,PUB.UKRLP.dbo.ProviderInstance,a97e2eb1-c959-4c26-8064-6961d76df731
06/03/2017,null,DEREHAM NEATHERD HIGH SCHOOL,FALSE,null,26/01/2017,10004544,121182,PUB.UKRLP.dbo.ProviderInstance,a97e2eb1-c959-4c26-8064-6961d76df731
28/01/2009,03491986,NECTA LIMITED,FALSE,null,15/04/2007,10004545,null,PUB.UKRLP.dbo.ProviderInstance,a97e2eb1-c959-4c26-8064-6961d76df731
04/04/2007,02763939,NEDI,FALSE,null,06/09/2006,10004546,null,PUB.UKRLP.dbo.ProviderInstance,a97e2eb1-c959-4c26-8064-6961d76df731
23/05/2022,02228124,NORTH EAST EMPLOYMENT & TRAINING AGENCY LTD,FALSE,null,30/03/2022,10004547,null,PUB.UKRLP.dbo.ProviderInstance,a97e2eb1-c959-4c26-8064-6961d76df731
null,SC099484,NEGOTIATE LIMITED,TRUE,null,27/06/2024,10004548,null,PUB.UKRLP.dbo.ProviderInstance,a97e2eb1-c959-4c26-8064-6961d76df731
28/01/2009,04682170,THE NEGOTIATION ACADEMY - EUROPE LIMITED,FALSE,null,16/11/2007,10004549,null,PUB.UKRLP.dbo.ProviderInstance,a97e2eb1-c959-4c26-8064-6961d76df731
31/07/2009,03344183,THE NEIGHBOURHOOD INITIATIVES FOUNDATION,FALSE,null,15/04/2007,10004550,null,PUB.UKRLP.dbo.ProviderInstance,a97e2eb1-c959-4c26-8064-6961d76df731
null,04856064,NEILL GORTON PROSTHETICS STUDIO LIMITED,TRUE,null,02/06/2026,10004551,null,PUB.UKRLP.dbo.ProviderInstance,a97e2eb1-c959-4c26-8064-6961d76df731
null,null,EAST LANCASHIRE LEARNING GROUP,TRUE,null,21/07/2026,10004552,130738,PUB.UKRLP.dbo.ProviderInstance,a97e2eb1-c959-4c26-8064-6961d76df731
null,NI032276,THE NERVE CENTRE LTD,TRUE,null,23/06/2025,10004553,null,PUB.UKRLP.dbo.ProviderInstance,a97e2eb1-c959-4c26-8064-6961d76df731
11/04/2019,null,NESTON HIGH SCHOOL,FALSE,null,03/04/2009,10004554,111398,PUB.UKRLP.dbo.ProviderInstance,a97e2eb1-c959-4c26-8064-6961d76df731
06/09/2006,03791578,NET EDUCATION LIMITED,FALSE,null,29/07/2005,10004555,null,PUB.UKRLP.dbo.ProviderInstance,a97e2eb1-c959-4c26-8064-6961d76df731
20/07/2011,SC176830,NET RESOURCES LIMITED,FALSE,null,15/04/2007,10004556,null,PUB.UKRLP.dbo.ProviderInstance,a97e2eb1-c959-4c26-8064-6961d76df731
null,04651737,NET SECURITY TRAINING LIMITED,TRUE,Net-Security Training,17/07/2026,10004557,null,PUB.UKRLP.dbo.ProviderInstance,a97e2eb1-c959-4c26-8064-6961d76df731
null,01273462,NETA TRAINING TRUST,TRUE,NETA Training Group,17/07/2026,10004558,null,PUB.UKRLP.dbo.ProviderInstance,a97e2eb1-c959-4c26-8064-6961d76df731
28/12/2018,null,NETHER STOWE SCHOOL,FALSE,null,11/10/2018,10004559,124409,PUB.UKRLP.dbo.ProviderInstance,a97e2eb1-c959-4c26-8064-6961d76df731
null,04523201,NETHERFIELD FORUM,TRUE,null,26/11/2023,10004560,null,PUB.UKRLP.dbo.ProviderInstance,a97e2eb1-c959-4c26-8064-6961d76df731
null,null,NETHERHALL SCHOOL,TRUE,null,15/07/2026,10004561,112382,PUB.UKRLP.dbo.ProviderInstance,a97e2eb1-c959-4c26-8064-6961d76df731
12/05/2008,04249204,NETHERLEY/VALLEY CHILDCARE INITIATIVES,FALSE,Netherley Valley Childcare Initiatives,15/04/2007,10004562,null,PUB.UKRLP.dbo.ProviderInstance,a97e2eb1-c959-4c26-8064-6961d76df731
11/04/2019,null,NETHERTHORPE SCHOOL,FALSE,null,29/07/2005,10004563,112985,PUB.UKRLP.dbo.ProviderInstance,a97e2eb1-c959-4c26-8064-6961d76df731
16/08/2017,03123368,EAST POTENTIAL,FALSE,null,10/07/2017,10004564,null,PUB.UKRLP.dbo.ProviderInstance,a97e2eb1-c959-4c26-8064-6961d76df731
17/12/2009,05662140,NETWORK LEARNING CENTRES LTD,FALSE,Network Learning Centres (UK) Ltd,05/07/2007,10004565,null,PUB.UKRLP.dbo.ProviderInstance,a97e2eb1-c959-4c26-8064-6961d76df731
19/05/2015,05407805,NETWORK TRAINING (CORNWALL),FALSE,null,25/04/2015,10004566,null,PUB.UKRLP.dbo.ProviderInstance,a97e2eb1-c959-4c26-8064-6961d76df731
null,NI022928,NETWORK PERSONNEL LTD,TRUE,null,26/04/2026,10004567,null,PUB.UKRLP.dbo.ProviderInstance,a97e2eb1-c959-4c26-8064-6961d76df731
null,02580215,NETWORK TRAINING SERVICES LTD.,TRUE,null,21/01/2026,10004568,null,PUB.UKRLP.dbo.ProviderInstance,a97e2eb1-c959-4c26-8064-6961d76df731
16/10/2014,SC231596,NEVIS TRAINING LIMITED,FALSE,null,14/09/2014,10004569,null,PUB.UKRLP.dbo.ProviderInstance,a97e2eb1-c959-4c26-8064-6961d76df731
31/07/2009,03140567,NEW AGE TRAINING LIMITED,FALSE,null,15/04/2007,10004570,null,PUB.UKRLP.dbo.ProviderInstance,a97e2eb1-c959-4c26-8064-6961d76df731
18/12/2008,null,NEW BEDFORDSHIRE TRAINING PROJECT,FALSE,null,29/07/2005,10004571,null,PUB.UKRLP.dbo.ProviderInstance,a97e2eb1-c959-4c26-8064-6961d76df731
13/07/2011,null,NEW BROMPTON COLLEGE,FALSE,null,13/07/2011,10004572,118926,PUB.UKRLP.dbo.ProviderInstance,a97e2eb1-c959-4c26-8064-6961d76df731
31/03/2015,03543335,NEW CAREER SKILLS LIMITED,FALSE,New Career Skills,29/01/2015,10004573,null,PUB.UKRLP.dbo.ProviderInstance,a97e2eb1-c959-4c26-8064-6961d76df731
29/05/2025,null,NEW COLLEGE LEICESTER,FALSE,null,15/03/2025,10004574,131945,PUB.UKRLP.dbo.ProviderInstance,a97e2eb1-c959-4c26-8064-6961d76df731
05/11/2007,OC304673,NEW COLLEGE OF HOMOEOPATHY LLP,FALSE,null,29/03/2007,10004575,null,PUB.UKRLP.dbo.ProviderInstance,a97e2eb1-c959-4c26-8064-6961d76df731
null,null,NEW COLLEGE DURHAM,TRUE,null,21/07/2026,10004576,130659,PUB.UKRLP.dbo.ProviderInstance,a97e2eb1-c959-4c26-8064-6961d76df731
null,null,NOTTINGHAM COLLEGE,TRUE,null,21/07/2026,10004577,130776,PUB.UKRLP.dbo.ProviderInstance,a97e2eb1-c959-4c26-8064-6961d76df731
13/06/2017,null,NEW COLLEGE PONTEFRACT,FALSE,null,12/05/2017,10004578,130550,PUB.UKRLP.dbo.ProviderInstance,a97e2eb1-c959-4c26-8064-6961d76df731
null,null,NEW COLLEGE SWINDON,TRUE,null,21/07/2026,10004579,130851,PUB.UKRLP.dbo.ProviderInstance,a97e2eb1-c959-4c26-8064-6961d76df731
27/06/2019,null,NEW COLLEGE TELFORD,FALSE,null,17/11/2017,10004580,130801,PUB.UKRLP.dbo.ProviderInstance,a97e2eb1-c959-4c26-8064-6961d76df731
05/04/2007,SC211392,THE NEW CURIOSITY SHOP LIMITED,FALSE,null,29/09/2006,10004581,null,PUB.UKRLP.dbo.ProviderInstance,a97e2eb1-c959-4c26-8064-6961d76df731
05/11/2007,05231765,NEW DAWN TRAINING & CONSULTANCY LIMITED,FALSE,null,15/04/2007,10004582,null,PUB.UKRLP.dbo.ProviderInstance,a97e2eb1-c959-4c26-8064-6961d76df731
06/12/2021,03461127,NEW DIRECTION TRAINING CENTRE,FALSE,null,13/09/2021,10004583,null,PUB.UKRLP.dbo.ProviderInstance,a97e2eb1-c959-4c26-8064-6961d76df731
null,03286650,NEW ERA ENTERPRISES (E. LANCS) LIMITED,TRUE,null,18/03/2025,10004584,null,PUB.UKRLP.dbo.ProviderInstance,a97e2eb1-c959-4c26-8064-6961d76df731
12/08/2019,null,NEW HEYS COMPREHENSIVE SCHOOL,FALSE,null,12/08/2019,10004585,104699,PUB.UKRLP.dbo.ProviderInstance,a97e2eb1-c959-4c26-8064-6961d76df731
null,01393561,NEW HORIZON YOUTH CENTRE LIMITED,TRUE,null,17/07/2026,10004586,null,PUB.UKRLP.dbo.ProviderInstance,a97e2eb1-c959-4c26-8064-6961d76df731
12/11/2010,04023045,NEW HORIZONS LIMITED,FALSE,null,24/09/2010,10004587,null,PUB.UKRLP.dbo.ProviderInstance,a97e2eb1-c959-4c26-8064-6961d76df731
14/12/2007,05324045,NEW HORIZONS BURTON,FALSE,null,29/09/2006,10004588,null,PUB.UKRLP.dbo.ProviderInstance,a97e2eb1-c959-4c26-8064-6961d76df731
null,02477635,TTE TRAINING LIMITED,TRUE,New Horizons Training,14/09/2024,10004589,null,PUB.UKRLP.dbo.ProviderInstance,a97e2eb1-c959-4c26-8064-6961d76df731
null,null,NEW MILLS SCHOOL,TRUE,null,07/07/2025,10004590,112936,PUB.UKRLP.dbo.ProviderInstance,a97e2eb1-c959-4c26-8064-6961d76df731
06/09/2006,04305808,NEW SCHOOL OF ERICKSONIAN HYPNOSIS & PSYCHOTHERAPY LIMITED,FALSE,null,29/07/2005,10004591,null,PUB.UKRLP.dbo.ProviderInstance,a97e2eb1-c959-4c26-8064-6961d76df731
07/10/2009,04643788,NEW YORK FILM ACADEMY UK LIMITED,FALSE,null,22/05/2008,10004592,null,PUB.UKRLP.dbo.ProviderInstance,a97e2eb1-c959-4c26-8064-6961d76df731
02/01/2007,null,NEWARK AND SHERWOOD COLLEGE,FALSE,null,29/07/2005,10004593,null,PUB.UKRLP.dbo.ProviderInstance,a97e2eb1-c959-4c26-8064-6961d76df731
null,SC262968,NEWBATTLE ABBEY COLLEGE,TRUE,null,17/07/2026,10004594,null,PUB.UKRLP.dbo.ProviderInstance,a97e2eb1-c959-4c26-8064-6961d76df731
14/01/2015,null,NEWBOLD COMMUNITY SCHOOL,FALSE,null,28/12/2014,10004595,112960,PUB.UKRLP.dbo.ProviderInstance,a97e2eb1-c959-4c26-8064-6961d76df731
null,null,NEWBURY COLLEGE,TRUE,null,21/07/2026,10004596,130602,PUB.UKRLP.dbo.ProviderInstance,a97e2eb1-c959-4c26-8064-6961d76df731
null,02378784,NEWCASTLE & GATESHEAD TUC CENTRE AGAINST UNEMPLOYMENT LTD.,TRUE,null,16/08/2024,10004597,null,PUB.UKRLP.dbo.ProviderInstance,a97e2eb1-c959-4c26-8064-6961d76df731
null,null,TRIRATNA BUDDHIST COMMUNITY (NEWCASTLE),TRUE,Newcastle Buddhist Centre,23/01/2019,10004598,null,PUB.UKRLP.dbo.ProviderInstance,a97e2eb1-c959-4c26-8064-6961d76df731
null,null,NCG,TRUE,West Lancashire College,21/07/2026,10004599,130552,PUB.UKRLP.dbo.ProviderInstance,a97e2eb1-c959-4c26-8064-6961d76df731
null,06316736,NORTHERN LEARNING TRUST,TRUE,null,11/03/2026,10004600,null,PUB.UKRLP.dbo.ProviderInstance,a97e2eb1-c959-4c26-8064-6961d76df731
null,null,NEWCASTLE UPON TYNE CITY COUNCIL,TRUE,null,21/07/2026,10004601,null,PUB.UKRLP.dbo.ProviderInstance,a97e2eb1-c959-4c26-8064-6961d76df731
14/12/2007,null,NEWCASTLE-UNDER-LYME VOLUNTEER BUREAU,FALSE,Newcastle Volunteer Bureau,29/07/2005,10004602,null,PUB.UKRLP.dbo.ProviderInstance,a97e2eb1-c959-4c26-8064-6961d76df731
null,null,NEWCASTLE AND STAFFORD COLLEGES GROUP,TRUE,Newcastle and Stafford Colleges Group (NSCG) / Axia Solutions Limited,21/07/2026,10004603,130812,PUB.UKRLP.dbo.ProviderInstance,a97e2eb1-c959-4c26-8064-6961d76df731
11/04/2019,null,NEWENT COMMUNITY SCHOOL AND SIXTH FORM CENTRE,FALSE,null,07/09/2009,10004604,115762,PUB.UKRLP.dbo.ProviderInstance,a97e2eb1-c959-4c26-8064-6961d76df731
null,02393931,LONDON BLACK WOMEN'S PROJECT LIMITED,TRUE,null,16/05/2023,10004605,null,PUB.UKRLP.dbo.ProviderInstance,a97e2eb1-c959-4c26-8064-6961d76df731
null,null,NEWHAM COLLEGE OF FURTHER EDUCATION,TRUE,NEWHAM COLLEGE OF FURTHER EDUCATION,21/07/2026,10004607,130451,PUB.UKRLP.dbo.ProviderInstance,a97e2eb1-c959-4c26-8064-6961d76df731
06/01/2025,null,NEWHAM SIXTH FORM COLLEGE,FALSE,null,04/10/2024,10004608,130452,PUB.UKRLP.dbo.ProviderInstance,a97e2eb1-c959-4c26-8064-6961d76df731
null,02444362,NEWHAM TRAINING AND EDUCATION CENTRE,TRUE,null,17/06/2024,10004609,null,PUB.UKRLP.dbo.ProviderInstance,a97e2eb1-c959-4c26-8064-6961d76df731
09/05/2008,02662729,NEWHAM TRAINING NETWORK,FALSE,null,15/04/2007,10004610,null,PUB.UKRLP.dbo.ProviderInstance,a97e2eb1-c959-4c26-8064-6961d76df731
14/10/2015,null,NEWLANDS GIRLS' SCHOOL,FALSE,null,11/07/2015,10004611,110051,PUB.UKRLP.dbo.ProviderInstance,a97e2eb1-c959-4c26-8064-6961d76df731
null,04509664,NEWLANDS TRAINING LTD,TRUE,null,23/06/2025,10004612,null,PUB.UKRLP.dbo.ProviderInstance,a97e2eb1-c959-4c26-8064-6961d76df731
11/09/2010,02044292,NEWLIFE REGENERATION CONSTRUCTION LTD,FALSE,null,10/09/2010,10004613,null,PUB.UKRLP.dbo.ProviderInstance,a97e2eb1-c959-4c26-8064-6961d76df731
20/02/2014,02795217,NEWLINK PROJECT LIMITED,FALSE,null,29/11/2011,10004614,null,PUB.UKRLP.dbo.ProviderInstance,a97e2eb1-c959-4c26-8064-6961d76df731
22/06/2022,04142393,NEWLINK WALES,FALSE,Newlink South Wales,15/04/2022,10004615,null,PUB.UKRLP.dbo.ProviderInstance,a97e2eb1-c959-4c26-8064-6961d76df731
null,null,ST JOHN HENRY NEWMAN CATHOLIC SCHOOL,TRUE,null,17/05/2026,10004616,112399,PUB.UKRLP.dbo.ProviderInstance,a97e2eb1-c959-4c26-8064-6961d76df731
07/07/2014,null,NEWMARKET COLLEGE,FALSE,null,19/06/2014,10004617,124804,PUB.UKRLP.dbo.ProviderInstance,a97e2eb1-c959-4c26-8064-6961d76df731
07/05/2019,00019727,THE NEWPORT AND GWENT CHAMBER OF COMMERCE AND INDUSTRY,FALSE,null,15/02/2019,10004618,null,PUB.UKRLP.dbo.ProviderInstance,a97e2eb1-c959-4c26-8064-6961d76df731
05/10/2009,null,NEWPORT FREE GRAMMAR SCHOOL,FALSE,null,29/07/2005,10004619,null,PUB.UKRLP.dbo.ProviderInstance,a97e2eb1-c959-4c26-8064-6961d76df731
06/04/2011,null,NEWPORT GIRLS' HIGH SCHOOL,FALSE,null,29/07/2005,10004620,123561,PUB.UKRLP.dbo.ProviderInstance,a97e2eb1-c959-4c26-8064-6961d76df731
null,null,NEWPORT MEDIATION,TRUE,null,23/01/2019,10004621,null,PUB.UKRLP.dbo.ProviderInstance,a97e2eb1-c959-4c26-8064-6961d76df731
null,01997971,NEWPORT TRANSPORT LIMITED,TRUE,null,17/07/2026,10004622,null,PUB.UKRLP.dbo.ProviderInstance,a97e2eb1-c959-4c26-8064-6961d76df731
16/12/2021,03190695,NEWQUAY FOR EXCELLENCE TRAINING LIMITED,FALSE,null,27/10/2021,10004623,null,PUB.UKRLP.dbo.ProviderInstance,a97e2eb1-c959-4c26-8064-6961d76df731
06/04/2011,null,NEWQUAY TRETHERRAS SCHOOL,FALSE,null,29/07/2005,10004624,112059,PUB.UKRLP.dbo.ProviderInstance,a97e2eb1-c959-4c26-8064-6961d76df731
05/04/2011,null,NEWSTEAD WOOD SCHOOL FOR GIRLS,FALSE,null,29/07/2005,10004625,101671,PUB.UKRLP.dbo.ProviderInstance,a97e2eb1-c959-4c26-8064-6961d76df731
26/04/2022,03455476,NEWTEC SERVICES LTD,FALSE,Newtec,26/03/2022,10004626,null,PUB.UKRLP.dbo.ProviderInstance,a97e2eb1-c959-4c26-8064-6961d76df731
02/09/2011,null,NEWTON-LE-WILLOWS COMMUNITY HIGH SCHOOL,FALSE,null,29/07/2005,10004627,104828,PUB.UKRLP.dbo.ProviderInstance,a97e2eb1-c959-4c26-8064-6961d76df731
22/11/2011,04102733,NEWTOWN AND DISTRICT TRAINING GROUP LIMITED,FALSE,null,22/11/2011,10004628,null,PUB.UKRLP.dbo.ProviderInstance,a97e2eb1-c959-4c26-8064-6961d76df731
null,LP004706,NEXT STEP,TRUE,null,04/09/2022,10004629,null,PUB.UKRLP.dbo.ProviderInstance,a97e2eb1-c959-4c26-8064-6961d76df731
null,NI021120,NORTHERN IRELAND RAPE CRISIS ASSOCIATION,TRUE,Nexus Institute,22/05/2026,10004630,null,PUB.UKRLP.dbo.ProviderInstance,a97e2eb1-c959-4c26-8064-6961d76df731
null,00342778,NG BAILEY LIMITED,TRUE,NG Bailey,03/10/2022,10004631,null,PUB.UKRLP.dbo.ProviderInstance,a97e2eb1-c959-4c26-8064-6961d76df731
null,02796054,NHTA LIMITED,TRUE,null,02/06/2026,10004632,null,PUB.UKRLP.dbo.ProviderInstance,a97e2eb1-c959-4c26-8064-6961d76df731
null,NI018121,NIACRO,TRUE,null,26/04/2026,10004633,null,PUB.UKRLP.dbo.ProviderInstance,a97e2eb1-c959-4c26-8064-6961d76df731
null,02093384,NICARAGUA SOLIDARITY CAMPAIGN LIMITED,TRUE,null,10/01/2023,10004634,null,PUB.UKRLP.dbo.ProviderInstance,a97e2eb1-c959-4c26-8064-6961d76df731
10/10/2013,null,NICHOLAS CHAMBERLAINE TECHNOLOGY COLLEGE,FALSE,null,29/07/2005,10004635,125732,PUB.UKRLP.dbo.ProviderInstance,a97e2eb1-c959-4c26-8064-6961d76df731
03/04/2013,04329144,NICHOLS TRAINING LIMITED,FALSE,null,03/04/2013,10004636,null,PUB.UKRLP.dbo.ProviderInstance,a97e2eb1-c959-4c26-8064-6961d76df731
null,SC219816,NICHOLSON SOLUTIONS LIMITED,TRUE,null,17/07/2026,10004637,null,PUB.UKRLP.dbo.ProviderInstance,a97e2eb1-c959-4c26-8064-6961d76df731
null,05147718,NICOLA SLATTERY LIMITED,TRUE,null,17/07/2026,10004638,null,PUB.UKRLP.dbo.ProviderInstance,a97e2eb1-c959-4c26-8064-6961d76df731
01/03/2012,null,NICHOLAS BREAKSPEAR CATHOLIC SCHOOL,FALSE,null,09/04/2008,10004639,117584,PUB.UKRLP.dbo.ProviderInstance,a97e2eb1-c959-4c26-8064-6961d76df731
30/10/2007,02837709,NIGHT SHIFT TRAINING LIMITED,FALSE,Nightshift Enterprises Ltd,15/04/2007,10004640,null,PUB.UKRLP.dbo.ProviderInstance,a97e2eb1-c959-4c26-8064-6961d76df731
19/01/2011,null,NINESTILES SCHOOL,FALSE,null,08/08/2006,10004641,103558,PUB.UKRLP.dbo.ProviderInstance,a97e2eb1-c959-4c26-8064-6961d76df731
09/10/2009,SC099677,NISUS SCOTLAND,FALSE,null,28/01/2009,10004642,null,PUB.UKRLP.dbo.ProviderInstance,a97e2eb1-c959-4c26-8064-6961d76df731
null,01343155,NORTHAMPTONSHIRE INDUSTRIAL TRAINING ASSOCIATION LIMITED,TRUE,null,18/06/2024,10004643,null,PUB.UKRLP.dbo.ProviderInstance,a97e2eb1-c959-4c26-8064-6961d76df731
null,04297675,NITON TRAINING 2001 LIMITED,TRUE,null,21/01/2026,10004644,null,PUB.UKRLP.dbo.ProviderInstance,a97e2eb1-c959-4c26-8064-6961d76df731
null,01512204,NLT TRAINING SERVICES LIMITED,TRUE,NLT Training Services Ltd,27/03/2026,10004645,null,PUB.UKRLP.dbo.ProviderInstance,a97e2eb1-c959-4c26-8064-6961d76df731
03/09/2010,04220345,NO LIMITS EDUCATION AND TRAINING LIMITED,FALSE,null,15/04/2007,10004646,null,PUB.UKRLP.dbo.ProviderInstance,a97e2eb1-c959-4c26-8064-6961d76df731
08/11/2006,05277625,NOAH'S ARK LIMITED,FALSE,null,29/07/2005,10004647,null,PUB.UKRLP.dbo.ProviderInstance,a97e2eb1-c959-4c26-8064-6961d76df731
null,04363413,NOBLE MANHATTAN COACHING LTD,TRUE,null,10/06/2025,10004648,null,PUB.UKRLP.dbo.ProviderInstance,a97e2eb1-c959-4c26-8064-6961d76df731
06/02/2017,null,NOEL-BAKER SCHOOL,FALSE,null,27/10/2016,10004649,112992,PUB.UKRLP.dbo.ProviderInstance,a97e2eb1-c959-4c26-8064-6961d76df731
06/03/2019,01934786,NOMA (COMPLEX HOMOEOPATHY) LIMITED,FALSE,null,12/11/2018,10004650,null,PUB.UKRLP.dbo.ProviderInstance,a97e2eb1-c959-4c26-8064-6961d76df731
03/06/2011,null,NONSUCH HIGH SCHOOL FOR GIRLS,FALSE,null,29/07/2005,10004651,103008,PUB.UKRLP.dbo.ProviderInstance,a97e2eb1-c959-4c26-8064-6961d76df731
06/06/2017,01810498,THIRTEEN CARE AND SUPPORT LIMITED,FALSE,null,15/02/2017,10004652,null,PUB.UKRLP.dbo.ProviderInstance,a97e2eb1-c959-4c26-8064-6961d76df731
null,00861615,BUSY BEES DAY NURSERIES LIMITED,TRUE,null,26/04/2026,10004653,null,PUB.UKRLP.dbo.ProviderInstance,a97e2eb1-c959-4c26-8064-6961d76df731
30/04/2012,02030367,NORD ANGLIA TRAINING AND DEVELOPMENT SERVICES LIMITED,FALSE,null,30/04/2012,10004654,null,PUB.UKRLP.dbo.ProviderInstance,a97e2eb1-c959-4c26-8064-6961d76df731
null,01633258,NORFOLK AND WAVENEY ENTERPRISE SERVICES,TRUE,null,02/12/2024,10004655,null,PUB.UKRLP.dbo.ProviderInstance,a97e2eb1-c959-4c26-8064-6961d76df731
25/09/2007,03853380,MOVE ON EAST,FALSE,Norfolk Acro,25/09/2007,10004656,null,PUB.UKRLP.dbo.ProviderInstance,a97e2eb1-c959-4c26-8064-6961d76df731
null,null,NORFOLK COUNTY COUNCIL,TRUE,Norfolk Adult Learning and Skills,21/07/2026,10004657,null,PUB.UKRLP.dbo.ProviderInstance,a97e2eb1-c959-4c26-8064-6961d76df731
null,05616120,VOLUNTARY NORFOLK,TRUE,null,14/09/2024,10004658,null,PUB.UKRLP.dbo.ProviderInstance,a97e2eb1-c959-4c26-8064-6961d76df731
null,00049631,NORFOLK CHAMBERS OF COMMERCE,TRUE,null,21/01/2026,10004659,null,PUB.UKRLP.dbo.ProviderInstance,a97e2eb1-c959-4c26-8064-6961d76df731
23/10/2014,04163216,THE NORFOLK EDUCATION BUSINESS EXCHANGE LIMITED,FALSE,The Exchange,21/09/2014,10004660,null,PUB.UKRLP.dbo.ProviderInstance,a97e2eb1-c959-4c26-8064-6961d76df731
04/04/2007,03078474,NORFOLK CAREERS SERVICES LIMITED,FALSE,Norfolk Iag(Adults)Partnership C/O Norfolk Careers Services Ltd,06/09/2006,10004661,null,PUB.UKRLP.dbo.ProviderInstance,a97e2eb1-c959-4c26-8064-6961d76df731
null,01794099,NORFOLK SKI CLUB LIMITED(THE),TRUE,null,23/12/2025,10004662,null,PUB.UKRLP.dbo.ProviderInstance,a97e2eb1-c959-4c26-8064-6961d76df731
08/11/2019,01225466,NORFOLK TRAINING SERVICES LIMITED,FALSE,Norfolk Training Services,03/10/2019,10004663,null,PUB.UKRLP.dbo.ProviderInstance,a97e2eb1-c959-4c26-8064-6961d76df731
null,null,NORHAM HIGH SCHOOL,TRUE,null,16/07/2026,10004664,108628,PUB.UKRLP.dbo.ProviderInstance,a97e2eb1-c959-4c26-8064-6961d76df731
null,03889154,NORMAN MACKIE & ASSOCIATES LIMITED,TRUE,null,10/06/2025,10004665,141312,PUB.UKRLP.dbo.ProviderInstance,a97e2eb1-c959-4c26-8064-6961d76df731
05/11/2007,02326729,NORPAK FOOD SERVICES LIMITED,FALSE,Norpak Training Services Limited,27/04/2007,10004666,null,PUB.UKRLP.dbo.ProviderInstance,a97e2eb1-c959-4c26-8064-6961d76df731
04/04/2007,01999067,NORTEC TRAINING LTD,FALSE,null,29/03/2007,10004667,null,PUB.UKRLP.dbo.ProviderInstance,a97e2eb1-c959-4c26-8064-6961d76df731
11/04/2019,null,NORTH AREA COLLEGE,FALSE,null,29/07/2005,10004668,130513,PUB.UKRLP.dbo.ProviderInstance,a97e2eb1-c959-4c26-8064-6961d76df731
19/12/2023,null,NORTH BROMSGROVE HIGH SCHOOL,FALSE,null,16/09/2023,10004669,116928,PUB.UKRLP.dbo.ProviderInstance,a97e2eb1-c959-4c26-8064-6961d76df731
06/09/2016,01061520,NORTH CESTRIAN GRAMMAR SCHOOL,FALSE,null,27/07/2016,10004670,106380,PUB.UKRLP.dbo.ProviderInstance,a97e2eb1-c959-4c26-8064-6961d76df731
01/09/2014,null,NORTH CHADDERTON SCHOOL,FALSE,null,12/06/2014,10004671,105737,PUB.UKRLP.dbo.ProviderInstance,a97e2eb1-c959-4c26-8064-6961d76df731
null,NI050061,BRYSON FUTURESKILLS LTD.,TRUE,null,02/06/2026,10004672,null,PUB.UKRLP.dbo.ProviderInstance,a97e2eb1-c959-4c26-8064-6961d76df731
28/10/2008,null,NORTH CUMBRIA TECHNOLOGY COLLEGE,FALSE,null,29/07/2005,10004673,null,PUB.UKRLP.dbo.ProviderInstance,a97e2eb1-c959-4c26-8064-6961d76df731
30/07/2009,04580676,ALLIANCE SSP,FALSE,North Derbyshire & North Nottinghamshire Sub-Regional Strategic Partnership,27/04/2007,10004674,null,PUB.UKRLP.dbo.ProviderInstance,a97e2eb1-c959-4c26-8064-6961d76df731
09/07/2007,03410959,NORTH DERBYSHIRE CHILDCARE CLUBS NETWORK,FALSE,null,27/04/2007,10004675,null,PUB.UKRLP.dbo.ProviderInstance,a97e2eb1-c959-4c26-8064-6961d76df731
null,null,PETROC,TRUE,null,08/02/2018,10004676,130646,PUB.UKRLP.dbo.ProviderInstance,a97e2eb1-c959-4c26-8064-6961d76df731
null,NI017966,NORTH DOWN DEVELOPMENT ORGANISATION LIMITED,TRUE,null,26/04/2026,10004677,null,PUB.UKRLP.dbo.ProviderInstance,a97e2eb1-c959-4c26-8064-6961d76df731
14/12/2020,NI034279,NORTH DOWN TRAINING LIMITED,FALSE,null,12/10/2020,10004678,null,PUB.UKRLP.dbo.ProviderInstance,a97e2eb1-c959-4c26-8064-6961d76df731
null,02759299,ECO LEARNING LTD,TRUE,null,18/07/2026,10004679,null,PUB.UKRLP.dbo.ProviderInstance,a97e2eb1-c959-4c26-8064-6961d76df731
null,04529496,NORTH EAST BUSINESS SOLUTIONS LTD,TRUE,null,23/12/2025,10004680,null,PUB.UKRLP.dbo.ProviderInstance,a97e2eb1-c959-4c26-8064-6961d76df731
20/03/2019,02088545,NORTHERN SKILLS GROUP BUSINESS SERVICES LIMITED,FALSE,null,28/02/2019,10004681,null,PUB.UKRLP.dbo.ProviderInstance,a97e2eb1-c959-4c26-8064-6961d76df731
null,SC278853,NORTH EAST FISHERMEN'S TRAINING ASSOCIATION LIMITED,TRUE,null,01/10/2024,10004682,null,PUB.UKRLP.dbo.ProviderInstance,a97e2eb1-c959-4c26-8064-6961d76df731
04/04/2007,04953966,NORTH EAST FOOD AND DRINK NETWORK,FALSE,null,29/03/2007,10004683,null,PUB.UKRLP.dbo.ProviderInstance,a97e2eb1-c959-4c26-8064-6961d76df731
null,null,NORTH EAST LINCOLNSHIRE COUNCIL,TRUE,null,21/07/2026,10004684,null,PUB.UKRLP.dbo.ProviderInstance,a97e2eb1-c959-4c26-8064-6961d76df731
20/09/2006,02566775,NORTH EAST SURREY COLLEGE OF TECHNOLOGY TRUST,FALSE,null,29/07/2005,10004685,null,PUB.UKRLP.dbo.ProviderInstance,a97e2eb1-c959-4c26-8064-6961d76df731
null,null,NORTH EAST SURREY COLLEGE OF TECHNOLOGY (NESCOT),TRUE,null,21/07/2026,10004686,130822,PUB.UKRLP.dbo.ProviderInstance,a97e2eb1-c959-4c26-8064-6961d76df731
03/09/2010,04415065,SKILLFAST-UK LIMITED,FALSE,Skillfast - UK,27/04/2007,10004687,null,PUB.UKRLP.dbo.ProviderInstance,a97e2eb1-c959-4c26-8064-6961d76df731
30/07/2009,03934824,NORTH EASTERN NETWORKS LIMITED,FALSE,null,09/11/2007,10004688,null,PUB.UKRLP.dbo.ProviderInstance,a97e2eb1-c959-4c26-8064-6961d76df731
22/03/2020,02654074,NORTH ENERGY ASSOCIATES LIMITED,FALSE,null,24/02/2020,10004689,null,PUB.UKRLP.dbo.ProviderInstance,a97e2eb1-c959-4c26-8064-6961d76df731
null,null,NORTH HERTFORDSHIRE COLLEGE,TRUE,null,21/07/2026,10004690,130721,PUB.UKRLP.dbo.ProviderInstance,a97e2eb1-c959-4c26-8064-6961d76df731
04/07/2011,null,NORTH KESTEVEN SCHOOL,FALSE,null,29/07/2005,10004691,120708,PUB.UKRLP.dbo.ProviderInstance,a97e2eb1-c959-4c26-8064-6961d76df731
null,01948169,NORTH LANCS. TRAINING GROUP C.I.C.,TRUE,null,23/12/2025,10004692,null,PUB.UKRLP.dbo.ProviderInstance,a97e2eb1-c959-4c26-8064-6961d76df731
02/11/2016,null,NORTH LEAMINGTON SCHOOL,FALSE,null,03/09/2016,10004693,125748,PUB.UKRLP.dbo.ProviderInstance,a97e2eb1-c959-4c26-8064-6961d76df731
null,null,NORTH LINCOLNSHIRE COUNCIL,TRUE,null,21/07/2026,10004694,null,PUB.UKRLP.dbo.ProviderInstance,a97e2eb1-c959-4c26-8064-6961d76df731
null,null,DN COLLEGES GROUP,TRUE,null,21/07/2026,10004695,130587,PUB.UKRLP.dbo.ProviderInstance,a97e2eb1-c959-4c26-8064-6961d76df731
null,null,THE NALANDA TRUST,TRUE,North London Buddhist Centre,23/01/2019,10004696,null,PUB.UKRLP.dbo.ProviderInstance,a97e2eb1-c959-4c26-8064-6961d76df731
09/07/2007,02923708,NORTH LONDON CHAMBER OF COMMERCE,FALSE,null,27/04/2007,10004697,null,PUB.UKRLP.dbo.ProviderInstance,a97e2eb1-c959-4c26-8064-6961d76df731
09/07/2007,02811179,NORTH LONDON COLLEGES EUROPEAN NETWORK,FALSE,null,27/04/2007,10004698,null,PUB.UKRLP.dbo.ProviderInstance,a97e2eb1-c959-4c26-8064-6961d76df731
null,02818422,NORTH LONDON COLLEGIATE SCHOOL,TRUE,null,12/10/2025,10004699,102257,PUB.UKRLP.dbo.ProviderInstance,a97e2eb1-c959-4c26-8064-6961d76df731
01/08/2017,03017153,NORTH LONDON ITEC,FALSE,null,01/05/2017,10004700,null,PUB.UKRLP.dbo.ProviderInstance,a97e2eb1-c959-4c26-8064-6961d76df731
04/03/2011,03337313,NORTH LONDON PARACHUTE CENTRE LTD,FALSE,null,14/08/2009,10004701,null,PUB.UKRLP.dbo.ProviderInstance,a97e2eb1-c959-4c26-8064-6961d76df731
null,04762007,NORTH LONDON PARTNERSHIP CONSORTIUM LIMITED,TRUE,null,23/12/2025,10004702,null,PUB.UKRLP.dbo.ProviderInstance,a97e2eb1-c959-4c26-8064-6961d76df731
21/03/2007,04205800,NORTH LONDON VOLUNTARY SECTOR FORUM,FALSE,null,06/09/2006,10004703,null,PUB.UKRLP.dbo.ProviderInstance,a97e2eb1-c959-4c26-8064-6961d76df731
null,04044936,NORTH MUSIC TRUST,TRUE,The Sage Gateshead,11/03/2026,10004704,null,PUB.UKRLP.dbo.ProviderInstance,a97e2eb1-c959-4c26-8064-6961d76df731
12/02/2016,null,NORTH NOTTINGHAMSHIRE COLLEGE,FALSE,null,20/11/2015,10004705,130779,PUB.UKRLP.dbo.ProviderInstance,a97e2eb1-c959-4c26-8064-6961d76df731
11/09/2010,03201894,NORTH OF ENGLAND MICROELECTRONICS INSTITUTE,FALSE,null,10/09/2010,10004706,null,PUB.UKRLP.dbo.ProviderInstance,a97e2eb1-c959-4c26-8064-6961d76df731
null,03643622,THE NORTH OF ENGLAND REFUGEE SERVICE LIMITED,TRUE,null,17/10/2025,10004707,null,PUB.UKRLP.dbo.ProviderInstance,a97e2eb1-c959-4c26-8064-6961d76df731
18/06/2024,03648835,NORTH ORMESBY NEIGHBOURHOOD DEVELOPMENT TRUST LTD,FALSE,null,30/10/2023,10004708,null,PUB.UKRLP.dbo.ProviderInstance,a97e2eb1-c959-4c26-8064-6961d76df731
11/12/2007,03005011,NORTH SEA TRAINING SERVICES LIMITED,FALSE,null,27/04/2007,10004709,null,PUB.UKRLP.dbo.ProviderInstance,a97e2eb1-c959-4c26-8064-6961d76df731
09/10/2009,04316101,NORTH SHROPSHIRE VOLUNTARY ACTION,FALSE,null,12/02/2009,10004710,null,PUB.UKRLP.dbo.ProviderInstance,a97e2eb1-c959-4c26-8064-6961d76df731
null,null,NORTH SOMERSET COUNCIL,TRUE,null,21/07/2026,10004711,null,PUB.UKRLP.dbo.ProviderInstance,a97e2eb1-c959-4c26-8064-6961d76df731
null,null,NORTH TEES AND HARTLEPOOL NHS FOUNDATION TRUST,TRUE,null,21/07/2026,10004712,null,PUB.UKRLP.dbo.ProviderInstance,a97e2eb1-c959-4c26-8064-6961d76df731
10/09/2007,null,NORTH TRAFFORD COLLEGE OF FURTHER EDUCATION,FALSE,null,29/07/2005,10004713,null,PUB.UKRLP.dbo.ProviderInstance,a97e2eb1-c959-4c26-8064-6961d76df731
null,null,NORTH TYNESIDE METROPOLITAN BOROUGH COUNCIL,TRUE,North Tyneside Adult Learning Service,21/07/2026,10004714,null,PUB.UKRLP.dbo.ProviderInstance,a97e2eb1-c959-4c26-8064-6961d76df731
null,02959589,CENTRE OF SIGN-SIGHT-SOUND Y GANOLFAN ARWYDDO-GOLWG-SAIN,TRUE,null,02/09/2025,10004715,null,PUB.UKRLP.dbo.ProviderInstance,a97e2eb1-c959-4c26-8064-6961d76df731
null,02065604,NORTH WALES TRAINING LTD.,TRUE,null,18/07/2026,10004716,null,PUB.UKRLP.dbo.ProviderInstance,a97e2eb1-c959-4c26-8064-6961d76df731
null,null,NORTH WARWICKSHIRE AND SOUTH LEICESTERSHIRE COLLEGE,TRUE,null,21/07/2026,10004718,130836,PUB.UKRLP.dbo.ProviderInstance,a97e2eb1-c959-4c26-8064-6961d76df731
02/01/2022,02297415,COMPANY NUMBER 02297415 LIMITED,FALSE,null,04/12/2021,10004719,null,PUB.UKRLP.dbo.ProviderInstance,a97e2eb1-c959-4c26-8064-6961d76df731
null,02011397,LEARNMORE SKILLS LTD,TRUE,null,17/01/2026,10004720,null,PUB.UKRLP.dbo.ProviderInstance,a97e2eb1-c959-4c26-8064-6961d76df731
null,null,NORTH KENT COLLEGE,TRUE,null,27/01/2026,10004721,130725,PUB.UKRLP.dbo.ProviderInstance,a97e2eb1-c959-4c26-8064-6961d76df731
22/11/2018,05258081,SKILLS & DEVELOPMENT CONSULTING SERVICES LTD,FALSE,null,12/09/2018,10004722,null,PUB.UKRLP.dbo.ProviderInstance,a97e2eb1-c959-4c26-8064-6961d76df731
null,00760011,NORTH WEST TRAINING COUNCIL,TRUE,null,22/05/2026,10004723,null,PUB.UKRLP.dbo.ProviderInstance,a97e2eb1-c959-4c26-8064-6961d76df731
11/04/2019,null,NORTH WESTMINSTER COMMUNITY SCHOOL,FALSE,null,29/07/2005,10004724,101150,PUB.UKRLP.dbo.ProviderInstance,a97e2eb1-c959-4c26-8064-6961d76df731
01/04/2009,null,NORTH WILTSHIRE DISTRICT COUNCIL,FALSE,null,06/01/2009,10004725,null,PUB.UKRLP.dbo.ProviderInstance,a97e2eb1-c959-4c26-8064-6961d76df731
null,04126134,NORTH YORKSHIRE BUSINESS AND EDUCATION PARTNERSHIP LIMITED,TRUE,null,02/02/2026,10004726,null,PUB.UKRLP.dbo.ProviderInstance,a97e2eb1-c959-4c26-8064-6961d76df731
null,null,NORTH YORKSHIRE COUNCIL,TRUE,North Yorkshire Council,21/07/2026,10004727,null,PUB.UKRLP.dbo.ProviderInstance,a97e2eb1-c959-4c26-8064-6961d76df731
11/05/2012,null,NORTH YORKSHIRE FORUM FOR VOLUNTARY ORGANISATIONS,FALSE,null,17/11/2011,10004728,null,PUB.UKRLP.dbo.ProviderInstance,a97e2eb1-c959-4c26-8064-6961d76df731
08/06/2015,null,NORTHALLERTON COLLEGE,FALSE,null,03/04/2015,10004729,121710,PUB.UKRLP.dbo.ProviderInstance,a97e2eb1-c959-4c26-8064-6961d76df731
15/12/2010,null,NORTHAMPTON SCHOOL FOR BOYS,FALSE,null,29/07/2005,10004730,122117,PUB.UKRLP.dbo.ProviderInstance,a97e2eb1-c959-4c26-8064-6961d76df731
06/01/2014,null,NORTHAMPTON SCHOOL FOR GIRLS,FALSE,null,14/08/2006,10004731,122083,PUB.UKRLP.dbo.ProviderInstance,a97e2eb1-c959-4c26-8064-6961d76df731
null,04184061,VOLUNTARY IMPACT NORTHAMPTONSHIRE LTD,TRUE,null,17/10/2025,10004732,null,PUB.UKRLP.dbo.ProviderInstance,a97e2eb1-c959-4c26-8064-6961d76df731
null,null,NORTH NORTHAMPTONSHIRE COUNCIL,TRUE,null,21/07/2026,10004733,null,PUB.UKRLP.dbo.ProviderInstance,a97e2eb1-c959-4c26-8064-6961d76df731
17/12/2009,04790165,NORTHAMPTONSHIRE EDUCATION BUSINESS LINK ORGANISATION LIMITED,FALSE,null,12/08/2008,10004734,null,PUB.UKRLP.dbo.ProviderInstance,a97e2eb1-c959-4c26-8064-6961d76df731
24/04/2019,03297650,AUTISM CONCERN,FALSE,null,12/02/2019,10004735,null,PUB.UKRLP.dbo.ProviderInstance,a97e2eb1-c959-4c26-8064-6961d76df731
null,null,GREATER BRIGHTON METROPOLITAN COLLEGE,TRUE,null,08/02/2018,10004736,130842,PUB.UKRLP.dbo.ProviderInstance,a97e2eb1-c959-4c26-8064-6961d76df731
05/05/2016,05400397,NORTHERN ASSESSMENT & TRAINING LIMITED,FALSE,null,03/04/2016,10004737,null,PUB.UKRLP.dbo.ProviderInstance,a97e2eb1-c959-4c26-8064-6961d76df731
null,03133609,NORTHERN BALLET SCHOOL,TRUE,null,29/09/2024,10004738,null,PUB.UKRLP.dbo.ProviderInstance,a97e2eb1-c959-4c26-8064-6961d76df731
null,01339524,NORTHERN COLLEGE FOR RESIDENTIAL ADULT EDUCATION LIMITED(THE),TRUE,null,11/03/2026,10004739,130525,PUB.UKRLP.dbo.ProviderInstance,a97e2eb1-c959-4c26-8064-6961d76df731
null,02400056,NORTHERN COLLEGE OF ACUPUNCTURE,TRUE,null,11/03/2026,10004740,null,PUB.UKRLP.dbo.ProviderInstance,a97e2eb1-c959-4c26-8064-6961d76df731
22/06/2012,01894287,NORTHERN COLLEGE OF HOMEOPATHIC MEDICINE,FALSE,null,24/09/2010,10004741,null,PUB.UKRLP.dbo.ProviderInstance,a97e2eb1-c959-4c26-8064-6961d76df731
18/06/2024,03805808,NORTHERN COLLEGE OF THERAPEUTIC HYPNOSIS LIMITED,FALSE,null,10/01/2023,10004742,null,PUB.UKRLP.dbo.ProviderInstance,a97e2eb1-c959-4c26-8064-6961d76df731
10/09/2007,04008882,NORTHERN COMMUNITY TRAINING LIMITED,FALSE,null,29/07/2005,10004743,null,PUB.UKRLP.dbo.ProviderInstance,a97e2eb1-c959-4c26-8064-6961d76df731
22/11/2011,03817367,NORTHERN FITNESS & EDUCATION LIMITED,FALSE,null,22/11/2011,10004744,null,PUB.UKRLP.dbo.ProviderInstance,a97e2eb1-c959-4c26-8064-6961d76df731
null,04659239,HAREWOOD VIEW LIMITED,TRUE,null,16/08/2024,10004745,null,PUB.UKRLP.dbo.ProviderInstance,a97e2eb1-c959-4c26-8064-6961d76df731
07/01/2020,02624424,NORTHERN INSTITUTE OF MASSAGE LIMITED,FALSE,null,01/12/2019,10004746,null,PUB.UKRLP.dbo.ProviderInstance,a97e2eb1-c959-4c26-8064-6961d76df731
null,03473114,ST HILD COLLEGE,TRUE,null,14/12/2025,10004747,null,PUB.UKRLP.dbo.ProviderInstance,a97e2eb1-c959-4c26-8064-6961d76df731
null,02266267,NATIONAL HORSERACING COLLEGE LIMITED,TRUE,null,15/07/2026,10004748,null,PUB.UKRLP.dbo.ProviderInstance,a97e2eb1-c959-4c26-8064-6961d76df731
null,03273685,LANDMARK MORTGAGES LIMITED,TRUE,null,10/06/2025,10004749,null,PUB.UKRLP.dbo.ProviderInstance,a97e2eb1-c959-4c26-8064-6961d76df731
null,03999645,NORTHERN SAFETY LIMITED,TRUE,null,01/09/2025,10004750,null,PUB.UKRLP.dbo.ProviderInstance,a97e2eb1-c959-4c26-8064-6961d76df731
20/07/2011,02262688,NORTHERN TECHNOLOGIES,FALSE,null,10/03/2011,10004751,null,PUB.UKRLP.dbo.ProviderInstance,a97e2eb1-c959-4c26-8064-6961d76df731
07/03/2013,04504812,NORTHERN TRAINING LTD,FALSE,null,07/03/2013,10004752,null,PUB.UKRLP.dbo.ProviderInstance,a97e2eb1-c959-4c26-8064-6961d76df731
08/09/2009,null,THE NORTHFIELDS TECHNOLOGY COLLEGE,FALSE,null,20/08/2009,10004753,null,PUB.UKRLP.dbo.ProviderInstance,a97e2eb1-c959-4c26-8064-6961d76df731
null,null,NORTHFLEET SCHOOL FOR GIRLS,TRUE,null,10/10/2025,10004754,118788,PUB.UKRLP.dbo.ProviderInstance,a97e2eb1-c959-4c26-8064-6961d76df731
null,null,NORTHFLEET TECHNOLOGY COLLEGE,TRUE,null,13/04/2026,10004755,118928,PUB.UKRLP.dbo.ProviderInstance,a97e2eb1-c959-4c26-8064-6961d76df731
null,null,NORTHGATE HIGH SCHOOL,TRUE,null,10/10/2025,10004756,124840,PUB.UKRLP.dbo.ProviderInstance,a97e2eb1-c959-4c26-8064-6961d76df731
13/07/2011,null,THE NORTHICOTE SCHOOL,FALSE,null,13/07/2011,10004757,104385,PUB.UKRLP.dbo.ProviderInstance,a97e2eb1-c959-4c26-8064-6961d76df731
null,null,ISLIP MANOR HIGH SCHOOL,TRUE,null,12/09/2025,10004758,101943,PUB.UKRLP.dbo.ProviderInstance,a97e2eb1-c959-4c26-8064-6961d76df731
06/07/2012,03957546,NORTHPORT CONSULTING LIMITED,FALSE,null,08/12/2011,10004759,null,PUB.UKRLP.dbo.ProviderInstance,a97e2eb1-c959-4c26-8064-6961d76df731
16/04/2019,null,NORTHUMBERLAND COLLEGE,FALSE,null,08/02/2018,10004760,130773,PUB.UKRLP.dbo.ProviderInstance,a97e2eb1-c959-4c26-8064-6961d76df731
null,04772358,NORTHUMBERLAND COMMUNITY DEVELOPMENT COMPANY,TRUE,null,26/11/2023,10004761,null,PUB.UKRLP.dbo.ProviderInstance,a97e2eb1-c959-4c26-8064-6961d76df731
null,null,NORTHUMBERLAND COUNCIL,TRUE,Northumberland Skills,21/07/2026,10004762,null,PUB.UKRLP.dbo.ProviderInstance,a97e2eb1-c959-4c26-8064-6961d76df731
08/09/2017,null,NORTHUMBERLAND PARK COMMUNITY SCHOOL,FALSE,null,16/08/2017,10004763,102155,PUB.UKRLP.dbo.ProviderInstance,a97e2eb1-c959-4c26-8064-6961d76df731
18/11/2014,04981301,NORTHUMBRIA ASSOCIATES LTD,FALSE,null,16/09/2014,10004764,null,PUB.UKRLP.dbo.ProviderInstance,a97e2eb1-c959-4c26-8064-6961d76df731
30/07/2009,02345851,NORTHUMBRIA CHURCHES TRAINING CONSORTIUM,FALSE,null,27/04/2007,10004765,null,PUB.UKRLP.dbo.ProviderInstance,a97e2eb1-c959-4c26-8064-6961d76df731
18/06/2024,02480943,NORTHUMBRIA COALITION AGAINST CRIME,FALSE,null,15/09/2022,10004766,null,PUB.UKRLP.dbo.ProviderInstance,a97e2eb1-c959-4c26-8064-6961d76df731
null,03162423,NORTHUMBRIAN TRUST DAY NURSERIES LIMITED,TRUE,Rainbow Training Centre,20/02/2025,10004767,null,PUB.UKRLP.dbo.ProviderInstance,a97e2eb1-c959-4c26-8064-6961d76df731
11/04/2019,null,NORTHWOOD SCHOOL,FALSE,null,29/07/2005,10004768,102445,PUB.UKRLP.dbo.ProviderInstance,a97e2eb1-c959-4c26-8064-6961d76df731
null,null,NORTON CANES HIGH SCHOOL,TRUE,null,10/10/2025,10004769,124395,PUB.UKRLP.dbo.ProviderInstance,a97e2eb1-c959-4c26-8064-6961d76df731
17/12/2010,null,NORTON HILL SCHOOL,FALSE,null,29/07/2005,10004770,109301,PUB.UKRLP.dbo.ProviderInstance,a97e2eb1-c959-4c26-8064-6961d76df731
10/04/2015,null,NORTON RADSTOCK COLLEGE,FALSE,null,27/01/2015,10004771,130559,PUB.UKRLP.dbo.ProviderInstance,a97e2eb1-c959-4c26-8064-6961d76df731
null,null,CITY COLLEGE NORWICH,TRUE,null,21/07/2026,10004772,130764,PUB.UKRLP.dbo.ProviderInstance,a97e2eb1-c959-4c26-8064-6961d76df731
16/07/2025,04046021,PRYLAND LTD,FALSE,null,03/10/2022,10004773,null,PUB.UKRLP.dbo.ProviderInstance,a97e2eb1-c959-4c26-8064-6961d76df731
null,02940688,NORWICH SCHOOL,TRUE,null,12/10/2025,10004774,121242,PUB.UKRLP.dbo.ProviderInstance,a97e2eb1-c959-4c26-8064-6961d76df731
null,null,NORWICH UNIVERSITY OF THE ARTS,TRUE,null,21/07/2026,10004775,133858,PUB.UKRLP.dbo.ProviderInstance,a97e2eb1-c959-4c26-8064-6961d76df731
null,00099122,AVIVA INSURANCE UK LIMITED,TRUE,null,18/07/2026,10004776,null,PUB.UKRLP.dbo.ProviderInstance,a97e2eb1-c959-4c26-8064-6961d76df731
30/07/2009,02377595,NORWICH YMCA SERVICES LIMITED,FALSE,null,27/04/2007,10004777,null,PUB.UKRLP.dbo.ProviderInstance,a97e2eb1-c959-4c26-8064-6961d76df731
null,null,THE NORWOOD SCHOOL,TRUE,null,01/05/2026,10004778,100624,PUB.UKRLP.dbo.ProviderInstance,a97e2eb1-c959-4c26-8064-6961d76df731
06/09/2010,04844041,NO SWEAT PROFESSIONAL TRAINING LIMITED,FALSE,Nosweat Journalism Training,06/09/2010,10004779,null,PUB.UKRLP.dbo.ProviderInstance,a97e2eb1-c959-4c26-8064-6961d76df731
31/05/2024,null,NOTRE DAME CATHOLIC COLLEGE,FALSE,null,16/03/2024,10004780,104706,PUB.UKRLP.dbo.ProviderInstance,a97e2eb1-c959-4c26-8064-6961d76df731
11/04/2019,null,NOTRE DAME HIGH SCHOOL,FALSE,null,26/06/2009,10004781,107159,PUB.UKRLP.dbo.ProviderInstance,a97e2eb1-c959-4c26-8064-6961d76df731
11/04/2019,null,"NOTRE DAME HIGH SCHOOL, NORWICH",FALSE,null,14/08/2006,10004782,121189,PUB.UKRLP.dbo.ProviderInstance,a97e2eb1-c959-4c26-8064-6961d76df731
03/04/2014,null,NOTRE DAME RC SCHOOL,FALSE,null,20/03/2014,10004783,113552,PUB.UKRLP.dbo.ProviderInstance,a97e2eb1-c959-4c26-8064-6961d76df731
null,03898262,NOTRE DAME SCHOOL,TRUE,null,11/03/2026,10004784,125375,PUB.UKRLP.dbo.ProviderInstance,a97e2eb1-c959-4c26-8064-6961d76df731
null,null,NOTRE DAME CATHOLIC SIXTH FORM COLLEGE,TRUE,null,10/10/2025,10004785,130548,PUB.UKRLP.dbo.ProviderInstance,a97e2eb1-c959-4c26-8064-6961d76df731
null,null,THE NOTTAGE MARITIME INSTITUTE,TRUE,null,23/01/2019,10004786,null,PUB.UKRLP.dbo.ProviderInstance,a97e2eb1-c959-4c26-8064-6961d76df731
08/11/2007,01543513,NOTTING DALE TECHNOLOGY CENTRE(THE),FALSE,null,27/04/2007,10004787,null,PUB.UKRLP.dbo.ProviderInstance,a97e2eb1-c959-4c26-8064-6961d76df731
null,04717124,THE VOLUNTARY AND COMMUNITY SECTOR LEARNING AND SKILLS CONSORTIUM,TRUE,Enable,26/04/2026,10004788,null,PUB.UKRLP.dbo.ProviderInstance,a97e2eb1-c959-4c26-8064-6961d76df731
12/11/2010,02362302,NOTTINGHAM BUSINESS SCHOOL LIMITED,FALSE,null,24/09/2010,10004790,null,PUB.UKRLP.dbo.ProviderInstance,a97e2eb1-c959-4c26-8064-6961d76df731
null,null,NOTTINGHAM CITY COUNCIL,TRUE,null,21/07/2026,10004791,null,PUB.UKRLP.dbo.ProviderInstance,a97e2eb1-c959-4c26-8064-6961d76df731
null,03505634,NOTTINGHAM COMMUNITY AND VOLUNTARY SERVICE,TRUE,null,27/06/2024,10004792,null,PUB.UKRLP.dbo.ProviderInstance,a97e2eb1-c959-4c26-8064-6961d76df731
01/12/2015,02265179,NOTTINGHAM DEVELOPMENT ENTERPRISE LIMITED,FALSE,null,28/09/2015,10004793,null,PUB.UKRLP.dbo.ProviderInstance,a97e2eb1-c959-4c26-8064-6961d76df731
30/07/2009,01446122,ANYTHING RANDOM LIMITED,FALSE,null,01/11/2007,10004794,null,PUB.UKRLP.dbo.ProviderInstance,a97e2eb1-c959-4c26-8064-6961d76df731
null,null,NOTTINGHAM HOSTELS LIASON GROUP,TRUE,null,23/01/2019,10004795,null,PUB.UKRLP.dbo.ProviderInstance,a97e2eb1-c959-4c26-8064-6961d76df731
null,02474506,NOTTINGHAM MENCAP,TRUE,null,17/01/2026,10004796,null,PUB.UKRLP.dbo.ProviderInstance,a97e2eb1-c959-4c26-8064-6961d76df731
null,null,NOTTINGHAM TRENT UNIVERSITY,TRUE,null,21/07/2026,10004797,133855,PUB.UKRLP.dbo.ProviderInstance,a97e2eb1-c959-4c26-8064-6961d76df731
null,05113835,NOTTINGHAM WOMEN'S CENTRE,TRUE,null,05/12/2025,10004798,null,PUB.UKRLP.dbo.ProviderInstance,a97e2eb1-c959-4c26-8064-6961d76df731
null,01678839,NBV ENTERPRISE SOLUTIONS LIMITED,TRUE,null,16/11/2024,10004799,null,PUB.UKRLP.dbo.ProviderInstance,a97e2eb1-c959-4c26-8064-6961d76df731
02/09/2010,00150213,NOTTINGHAMSHIRE CHAMBER OF COMMERCE AND INDUSTRY(THE),FALSE,null,27/04/2007,10004800,null,PUB.UKRLP.dbo.ProviderInstance,a97e2eb1-c959-4c26-8064-6961d76df731
null,null,NOTTINGHAMSHIRE COUNTY COUNCIL,TRUE,Nottinghamshire Community Learning & Skills Service (CLASS),21/07/2026,10004801,null,PUB.UKRLP.dbo.ProviderInstance,a97e2eb1-c959-4c26-8064-6961d76df731
null,02868934,NOTTINGHAMSHIRE DEAF SOCIETY,TRUE,null,26/11/2023,10004802,null,PUB.UKRLP.dbo.ProviderInstance,a97e2eb1-c959-4c26-8064-6961d76df731
null,03941946,THE DYSLEXIA ASSOCIATION,TRUE,null,20/02/2025,10004803,null,PUB.UKRLP.dbo.ProviderInstance,a97e2eb1-c959-4c26-8064-6961d76df731
02/02/2016,02408386,NOTTINGHAMSHIRE ENTERPRISES,FALSE,null,03/12/2015,10004804,null,PUB.UKRLP.dbo.ProviderInstance,a97e2eb1-c959-4c26-8064-6961d76df731
09/05/2008,04672865,NOTTINGHAMSHIRE RESEARCH OBSERVATORY LTD,FALSE,null,27/04/2007,10004805,null,PUB.UKRLP.dbo.ProviderInstance,a97e2eb1-c959-4c26-8064-6961d76df731
null,02118349,RURAL COMMUNITY ACTION NOTTINGHAMSHIRE,TRUE,null,10/06/2025,10004806,null,PUB.UKRLP.dbo.ProviderInstance,a97e2eb1-c959-4c26-8064-6961d76df731
21/06/2024,04409043,NOTTINGHAMSHIRE TRAINING NETWORK LIMITED,FALSE,null,14/09/2022,10004807,null,PUB.UKRLP.dbo.ProviderInstance,a97e2eb1-c959-4c26-8064-6961d76df731
19/07/2016,04338417,NOUVEAU CONTOUR (U.K.) LIMITED,FALSE,null,04/05/2016,10004808,null,PUB.UKRLP.dbo.ProviderInstance,a97e2eb1-c959-4c26-8064-6961d76df731
null,02686792,NOVA TRAINING LIMITED,TRUE,null,05/12/2025,10004809,null,PUB.UKRLP.dbo.ProviderInstance,a97e2eb1-c959-4c26-8064-6961d76df731
null,00170180,NOVARTIS GRIMSBY LIMITED,TRUE,null,13/03/2026,10004810,null,PUB.UKRLP.dbo.ProviderInstance,a97e2eb1-c959-4c26-8064-6961d76df731
null,03653277,NPOWER LIMITED,TRUE,null,27/11/2023,10004811,null,PUB.UKRLP.dbo.ProviderInstance,a97e2eb1-c959-4c26-8064-6961d76df731
07/10/2009,SC196289,NEW ROAD MANAGEMENT TRAINING LIMITED,FALSE,NRMT,13/05/2008,10004812,null,PUB.UKRLP.dbo.ProviderInstance,a97e2eb1-c959-4c26-8064-6961d76df731
08/11/2019,01937789,NOVA RECRUITMENT SERVICES LIMITED,FALSE,null,19/08/2019,10004813,null,PUB.UKRLP.dbo.ProviderInstance,a97e2eb1-c959-4c26-8064-6961d76df731
null,03634537,N S C TRAINING,TRUE,Nsc Training,26/04/2026,10004814,null,PUB.UKRLP.dbo.ProviderInstance,a97e2eb1-c959-4c26-8064-6961d76df731
30/07/2009,01799611,BARBON LIMITED,FALSE,NSTS,28/04/2007,10004815,null,PUB.UKRLP.dbo.ProviderInstance,a97e2eb1-c959-4c26-8064-6961d76df731
02/05/2012,04897685,NORTHAMPTONSHIRE TRAINING AND DEVELOPMENT PARTNERSHIP,FALSE,NTDP,21/03/2012,10004816,null,PUB.UKRLP.dbo.ProviderInstance,a97e2eb1-c959-4c26-8064-6961d76df731
02/09/2010,04263990,NTS TRAINING LIMITED,FALSE,null,28/04/2007,10004817,null,PUB.UKRLP.dbo.ProviderInstance,a97e2eb1-c959-4c26-8064-6961d76df731
06/03/2012,03077075,NUCLEAR TRAINING SERVICES LIMITED,FALSE,null,08/12/2011,10004818,null,PUB.UKRLP.dbo.ProviderInstance,a97e2eb1-c959-4c26-8064-6961d76df731
17/12/2018,02065312,MIDLANDS TRAINING AND DEVELOPMENT LIMITED,FALSE,null,12/11/2018,10004819,null,PUB.UKRLP.dbo.ProviderInstance,a97e2eb1-c959-4c26-8064-6961d76df731
28/01/2009,02463307,NURSERY NETWORK (U.K.) LIMITED,FALSE,null,28/04/2007,10004820,null,PUB.UKRLP.dbo.ProviderInstance,a97e2eb1-c959-4c26-8064-6961d76df731
null,02786348,RELYON NUTEC UK LIMITED,TRUE,null,23/12/2025,10004821,null,PUB.UKRLP.dbo.ProviderInstance,a97e2eb1-c959-4c26-8064-6961d76df731
14/10/2013,04288668,NVQ CONSULTANCY SERVICES LTD,FALSE,null,28/04/2007,10004822,null,PUB.UKRLP.dbo.ProviderInstance,a97e2eb1-c959-4c26-8064-6961d76df731
28/07/2022,04056544,CDB TRAINING LTD,FALSE,null,31/05/2022,10004823,null,PUB.UKRLP.dbo.ProviderInstance,a97e2eb1-c959-4c26-8064-6961d76df731
04/08/2015,03959467,NTQUK LIMITED,FALSE,NTQUK,03/06/2015,10004824,null,PUB.UKRLP.dbo.ProviderInstance,a97e2eb1-c959-4c26-8064-6961d76df731
09/10/2009,03180020,NWLCC LIMITED,FALSE,The Learning Hub,13/05/2008,10004825,null,PUB.UKRLP.dbo.ProviderInstance,a97e2eb1-c959-4c26-8064-6961d76df731
18/05/2012,03929150,O-REGEN SERVICES LIMITED,FALSE,O-Regen,24/11/2011,10004826,null,PUB.UKRLP.dbo.ProviderInstance,a97e2eb1-c959-4c26-8064-6961d76df731
null,01088226,ENGINE TRANSFORMATION LIMITED,TRUE,null,20/03/2025,10004827,null,PUB.UKRLP.dbo.ProviderInstance,a97e2eb1-c959-4c26-8064-6961d76df731
04/12/2013,03352473,OAK LODGE CONSULTING LIMITED,FALSE,null,05/03/2012,10004828,null,PUB.UKRLP.dbo.ProviderInstance,a97e2eb1-c959-4c26-8064-6961d76df731
null,null,OAK LODGE SCHOOL,TRUE,null,10/10/2025,10004829,101094,PUB.UKRLP.dbo.ProviderInstance,a97e2eb1-c959-4c26-8064-6961d76df731
null,03961023,OAK TREE MANAGEMENT & TRAINING LTD,TRUE,null,23/07/2025,10004830,null,PUB.UKRLP.dbo.ProviderInstance,a97e2eb1-c959-4c26-8064-6961d76df731
06/09/2016,null,OAKBANK SCHOOL,FALSE,null,27/07/2016,10004831,107441,PUB.UKRLP.dbo.ProviderInstance,a97e2eb1-c959-4c26-8064-6961d76df731
24/10/2019,02930464,OAKCAD LTD.,FALSE,null,23/08/2019,10004832,null,PUB.UKRLP.dbo.ProviderInstance,a97e2eb1-c959-4c26-8064-6961d76df731
09/07/2007,null,OAKE AND DISTRICT VILLAGE HALL AND RECREATION GROUND,FALSE,Oake Village Hall & District,29/07/2005,10004833,null,PUB.UKRLP.dbo.ProviderInstance,a97e2eb1-c959-4c26-8064-6961d76df731
02/09/2011,null,OAKLANDS CATHOLIC SCHOOL,FALSE,null,29/07/2005,10004834,116503,PUB.UKRLP.dbo.ProviderInstance,a97e2eb1-c959-4c26-8064-6961d76df731
null,null,OAKLANDS COLLEGE,TRUE,null,10/10/2025,10004835,130723,PUB.UKRLP.dbo.ProviderInstance,a97e2eb1-c959-4c26-8064-6961d76df731
16/07/2025,04132124,OAKLANDS RESOURCE MANAGEMENT LTD,FALSE,null,26/06/2023,10004836,null,PUB.UKRLP.dbo.ProviderInstance,a97e2eb1-c959-4c26-8064-6961d76df731
null,03388671,OAKLEAF ENTERPRISE,TRUE,null,05/12/2025,10004837,null,PUB.UKRLP.dbo.ProviderInstance,a97e2eb1-c959-4c26-8064-6961d76df731
22/10/2009,04361905,OAKLEIGH TRAINING & DEVELOPMENT LTD,FALSE,null,28/04/2007,10004838,null,PUB.UKRLP.dbo.ProviderInstance,a97e2eb1-c959-4c26-8064-6961d76df731
17/05/2012,null,OAKMEAD COLLEGE OF TECHNOLOGY,FALSE,null,17/05/2012,10004839,113881,PUB.UKRLP.dbo.ProviderInstance,a97e2eb1-c959-4c26-8064-6961d76df731
23/12/2016,02025682,OAKMERE COMMUNITY COLLEGE,FALSE,null,20/10/2016,10004840,null,PUB.UKRLP.dbo.ProviderInstance,a97e2eb1-c959-4c26-8064-6961d76df731
null,03586426,OAKWOOD SPECIALIST COLLEGES LIMITED,TRUE,null,03/06/2026,10004841,131947,PUB.UKRLP.dbo.ProviderInstance,a97e2eb1-c959-4c26-8064-6961d76df731
09/05/2011,null,OAKWOOD PARK GRAMMAR SCHOOL,FALSE,null,29/07/2005,10004842,118894,PUB.UKRLP.dbo.ProviderInstance,a97e2eb1-c959-4c26-8064-6961d76df731
null,04330074,THE OASIS SCHOOL OF HUMAN RELATIONS LIMITED,TRUE,null,17/07/2026,10004843,null,PUB.UKRLP.dbo.ProviderInstance,a97e2eb1-c959-4c26-8064-6961d76df731
null,03571811,OCEAN DREAMS LTD,TRUE,null,30/12/2025,10004844,null,PUB.UKRLP.dbo.ProviderInstance,a97e2eb1-c959-4c26-8064-6961d76df731
null,04276895,OCEAN QUEST LIMITED,TRUE,null,17/07/2026,10004845,null,PUB.UKRLP.dbo.ProviderInstance,a97e2eb1-c959-4c26-8064-6961d76df731
18/06/2024,03253008,OCEAN TRAINING LIMITED,FALSE,null,02/10/2023,10004846,null,PUB.UKRLP.dbo.ProviderInstance,a97e2eb1-c959-4c26-8064-6961d76df731
10/06/2016,04066831,SYNAPSE LEARNING LIMITED,FALSE,null,03/04/2016,10004847,null,PUB.UKRLP.dbo.ProviderInstance,a97e2eb1-c959-4c26-8064-6961d76df731
null,03355385,ODYSSEY TRAINING LIMITED,TRUE,null,24/08/2024,10004848,null,PUB.UKRLP.dbo.ProviderInstance,a97e2eb1-c959-4c26-8064-6961d76df731
09/07/2007,03811007,OFF THE STREETS AND INTO WORK,FALSE,null,28/04/2007,10004849,null,PUB.UKRLP.dbo.ProviderInstance,a97e2eb1-c959-4c26-8064-6961d76df731
12/01/2018,null,OKEHAMPTON COLLEGE,FALSE,null,19/11/2017,10004850,113540,PUB.UKRLP.dbo.ProviderInstance,a97e2eb1-c959-4c26-8064-6961d76df731
null,04027193,OLD HOUSE STORE LIMITED,TRUE,null,27/03/2026,10004851,null,PUB.UKRLP.dbo.ProviderInstance,a97e2eb1-c959-4c26-8064-6961d76df731
null,null,OLD SWINFORD HOSPITAL,TRUE,null,15/04/2026,10004852,103870,PUB.UKRLP.dbo.ProviderInstance,a97e2eb1-c959-4c26-8064-6961d76df731
13/07/2015,null,OLDBURY WELLS SCHOOL,FALSE,null,03/04/2015,10004853,123583,PUB.UKRLP.dbo.ProviderInstance,a97e2eb1-c959-4c26-8064-6961d76df731
07/03/2011,null,OLDFIELD SCHOOL,FALSE,null,29/07/2005,10004854,109333,PUB.UKRLP.dbo.ProviderInstance,a97e2eb1-c959-4c26-8064-6961d76df731
28/01/2009,03899422,OLDHAM BUSINESS MANAGEMENT SCHOOL,FALSE,null,28/04/2007,10004855,null,PUB.UKRLP.dbo.ProviderInstance,a97e2eb1-c959-4c26-8064-6961d76df731
null,00979949,OLDHAM ENGINEERING GROUP TRAINING ASSOCIATION LIMITED (THE),TRUE,Oldham Training Centre (OTC),17/07/2026,10004856,null,PUB.UKRLP.dbo.ProviderInstance,a97e2eb1-c959-4c26-8064-6961d76df731
23/01/2012,03725486,KICKSTART PROJECT,FALSE,null,09/09/2010,10004857,null,PUB.UKRLP.dbo.ProviderInstance,a97e2eb1-c959-4c26-8064-6961d76df731
null,null,OLDHAM METROPOLITAN BOROUGH COUNCIL,TRUE,null,21/07/2026,10004858,null,PUB.UKRLP.dbo.ProviderInstance,a97e2eb1-c959-4c26-8064-6961d76df731
null,03562525,OLDHAM PERSONAL ADVOCACY LIMITED,TRUE,null,18/07/2026,10004859,null,PUB.UKRLP.dbo.ProviderInstance,a97e2eb1-c959-4c26-8064-6961d76df731
14/11/2007,03751903,THE OLDHAM PLAYWORK & CHILDCARE ASSOCIATION LIMITED,FALSE,null,28/04/2007,10004860,null,PUB.UKRLP.dbo.ProviderInstance,a97e2eb1-c959-4c26-8064-6961d76df731
08/09/2017,null,OLDHAM SIXTH FORM COLLEGE,FALSE,null,16/08/2017,10004861,130506,PUB.UKRLP.dbo.ProviderInstance,a97e2eb1-c959-4c26-8064-6961d76df731
07/05/2019,04349983,OLLERTON AND DISTRICT ECONOMIC FORUM,FALSE,null,16/02/2019,10004862,null,PUB.UKRLP.dbo.ProviderInstance,a97e2eb1-c959-4c26-8064-6961d76df731
06/10/2014,04119512,OLYMPIA EXECUTIVE LIMITED,FALSE,null,02/07/2014,10004863,null,PUB.UKRLP.dbo.ProviderInstance,a97e2eb1-c959-4c26-8064-6961d76df731
30/07/2009,04840946,OMD SOLUTIONS LTD,FALSE,null,28/04/2007,10004864,null,PUB.UKRLP.dbo.ProviderInstance,a97e2eb1-c959-4c26-8064-6961d76df731
null,04961486,OMEGA COMMUNITY LIVING LIMITED,TRUE,null,18/07/2026,10004865,null,PUB.UKRLP.dbo.ProviderInstance,a97e2eb1-c959-4c26-8064-6961d76df731
08/11/2019,03184824,OMEGA TRAINING SERVICES LIMITED,FALSE,null,03/09/2019,10004866,null,PUB.UKRLP.dbo.ProviderInstance,a97e2eb1-c959-4c26-8064-6961d76df731
31/07/2009,03502075,OMNIA DRIVING LIMITED,FALSE,null,28/04/2007,10004867,null,PUB.UKRLP.dbo.ProviderInstance,a97e2eb1-c959-4c26-8064-6961d76df731
17/12/2009,04469868,OMNIA TRAINING LIMITED,FALSE,null,28/04/2007,10004868,null,PUB.UKRLP.dbo.ProviderInstance,a97e2eb1-c959-4c26-8064-6961d76df731
06/09/2006,03882702,OMNIBUS DEVELOPMENT LIMITED,FALSE,null,29/07/2005,10004869,null,PUB.UKRLP.dbo.ProviderInstance,a97e2eb1-c959-4c26-8064-6961d76df731
null,SC251750,ON TRACK TRAINING & COACHING LIMITED,TRUE,null,27/03/2026,10004870,null,PUB.UKRLP.dbo.ProviderInstance,a97e2eb1-c959-4c26-8064-6961d76df731
04/03/2011,02087539,ONE LOVE,FALSE,null,10/09/2010,10004871,null,PUB.UKRLP.dbo.ProviderInstance,a97e2eb1-c959-4c26-8064-6961d76df731
09/05/2008,02140065,ONE VOICE TEES VALLEY,FALSE,null,28/04/2007,10004872,null,PUB.UKRLP.dbo.ProviderInstance,a97e2eb1-c959-4c26-8064-6961d76df731
28/01/2016,03997402,ONE-TECH (UK) LIMITED,FALSE,null,27/12/2015,10004873,null,PUB.UKRLP.dbo.ProviderInstance,a97e2eb1-c959-4c26-8064-6961d76df731
16/07/2025,02017864,NEWABLE RGF LIMITED,FALSE,null,30/11/2024,10004874,null,PUB.UKRLP.dbo.ProviderInstance,a97e2eb1-c959-4c26-8064-6961d76df731
14/12/2015,04519262,ONLINE LEARNING CENTRE (SALE) LIMITED,FALSE,Online Learning Centre,09/10/2015,10004875,null,PUB.UKRLP.dbo.ProviderInstance,a97e2eb1-c959-4c26-8064-6961d76df731
11/04/2019,null,ONSLOW ST AUDREY'S SCHOOL,FALSE,null,29/07/2005,10004876,117547,PUB.UKRLP.dbo.ProviderInstance,a97e2eb1-c959-4c26-8064-6961d76df731
06/03/2017,03807951,ONTRAC TRAINING LIMITED,FALSE,null,22/01/2017,10004877,null,PUB.UKRLP.dbo.ProviderInstance,a97e2eb1-c959-4c26-8064-6961d76df731
null,02867710,OPEN COLLEGE OF SIGN LANGUAGE,TRUE,null,27/10/2023,10004878,null,PUB.UKRLP.dbo.ProviderInstance,a97e2eb1-c959-4c26-8064-6961d76df731
null,02125674,OPEN COLLEGE OF THE ARTS,TRUE,null,27/08/2024,10004879,null,PUB.UKRLP.dbo.ProviderInstance,a97e2eb1-c959-4c26-8064-6961d76df731
09/07/2007,04400462,THE OPEN COLLEGE OF THE BLACK COUNTRY LIMITED,FALSE,null,27/03/2007,10004880,null,PUB.UKRLP.dbo.ProviderInstance,a97e2eb1-c959-4c26-8064-6961d76df731
14/07/2010,null,OPEN DOOR ADULT LEARNING CENTRE,FALSE,null,26/07/2006,10004881,null,PUB.UKRLP.dbo.ProviderInstance,a97e2eb1-c959-4c26-8064-6961d76df731
09/11/2007,02590092,OPEN LEARNING CENTRE INTERNATIONAL LIMITED,FALSE,OLCI Construction Training Limited,28/04/2007,10004882,null,PUB.UKRLP.dbo.ProviderInstance,a97e2eb1-c959-4c26-8064-6961d76df731
null,03926828,OPEN MINDS HIGH AVAILABILITY SOLUTIONS LIMITED,TRUE,null,25/10/2024,10004883,null,PUB.UKRLP.dbo.ProviderInstance,a97e2eb1-c959-4c26-8064-6961d76df731
16/07/2025,02665055,OPINION LEADER RESEARCH LTD.,FALSE,null,06/11/2023,10004884,null,PUB.UKRLP.dbo.ProviderInstance,a97e2eb1-c959-4c26-8064-6961d76df731
null,02343617,OFFICE FOR PUBLIC MANAGEMENT LIMITED,TRUE,null,18/06/2024,10004885,null,PUB.UKRLP.dbo.ProviderInstance,a97e2eb1-c959-4c26-8064-6961d76df731
26/01/2009,02732313,OFW CONSULTANCY LTD,FALSE,Rva Opportunities For Women,28/04/2007,10004886,null,PUB.UKRLP.dbo.ProviderInstance,a97e2eb1-c959-4c26-8064-6961d76df731
06/09/2006,03828957,OPPORTUNITIES (RYEDALE),FALSE,null,29/07/2005,10004887,null,PUB.UKRLP.dbo.ProviderInstance,a97e2eb1-c959-4c26-8064-6961d76df731
09/07/2007,02987363,OPPORTUNITIES THROUGH TECHNOLOGY,FALSE,null,29/04/2007,10004888,null,PUB.UKRLP.dbo.ProviderInstance,a97e2eb1-c959-4c26-8064-6961d76df731
05/11/2007,03165750,OPTIMUM PERFORMANCE THROUGH TRAINING LIMITED,FALSE,Opt Ltd,29/04/2007,10004889,null,PUB.UKRLP.dbo.ProviderInstance,a97e2eb1-c959-4c26-8064-6961d76df731
null,02424661,OPTICAL TECHNOLOGY TRAINING LIMITED,TRUE,null,18/07/2026,10004890,null,PUB.UKRLP.dbo.ProviderInstance,a97e2eb1-c959-4c26-8064-6961d76df731
null,03224819,OPTIMA DESIGN SERVICES LIMITED,TRUE,null,22/05/2026,10004891,null,PUB.UKRLP.dbo.ProviderInstance,a97e2eb1-c959-4c26-8064-6961d76df731
null,04643397,OPTIMAL MANAGEMENT DEVELOPMENT LIMITED,TRUE,null,16/07/2023,10004892,null,PUB.UKRLP.dbo.ProviderInstance,a97e2eb1-c959-4c26-8064-6961d76df731
17/09/2019,04035380,OPTIMUM PERFORMANCE ACHIEVEMENT LIMITED,FALSE,null,02/08/2019,10004893,null,PUB.UKRLP.dbo.ProviderInstance,a97e2eb1-c959-4c26-8064-6961d76df731
09/10/2009,03418942,OPUS SCHOOL OF TEXTILE ARTS LIMITED,FALSE,Opus School of Textile Arts,16/05/2008,10004894,null,PUB.UKRLP.dbo.ProviderInstance,a97e2eb1-c959-4c26-8064-6961d76df731
null,03722852,ORACLE TRAINING CONSULTANTS LIMITED,TRUE,null,22/05/2026,10004895,null,PUB.UKRLP.dbo.ProviderInstance,a97e2eb1-c959-4c26-8064-6961d76df731
null,02178917,ORANGE PERSONAL COMMUNICATIONS SERVICES LIMITED,TRUE,null,02/09/2025,10004896,null,PUB.UKRLP.dbo.ProviderInstance,a97e2eb1-c959-4c26-8064-6961d76df731
null,03296218,ORIENT GOLD LIMITED,TRUE,Orient,19/07/2023,10004897,null,PUB.UKRLP.dbo.ProviderInstance,a97e2eb1-c959-4c26-8064-6961d76df731
02/04/2007,03402021,ORIGIN RESOURCE MANAGEMENT LIMITED,FALSE,null,19/09/2006,10004898,null,PUB.UKRLP.dbo.ProviderInstance,a97e2eb1-c959-4c26-8064-6961d76df731
11/04/2019,null,ORMESBY SCHOOL,FALSE,null,10/08/2006,10004899,111741,PUB.UKRLP.dbo.ProviderInstance,a97e2eb1-c959-4c26-8064-6961d76df731
18/04/2022,null,ORMSKIRK SCHOOL,FALSE,null,10/02/2022,10004900,132834,PUB.UKRLP.dbo.ProviderInstance,a97e2eb1-c959-4c26-8064-6961d76df731
01/08/2011,null,ORPINGTON COLLEGE OF FURTHER EDUCATION,FALSE,null,26/05/2011,10004901,130431,PUB.UKRLP.dbo.ProviderInstance,a97e2eb1-c959-4c26-8064-6961d76df731
02/09/2011,null,ORTON LONGUEVILLE SCHOOL,FALSE,null,29/07/2005,10004902,110908,PUB.UKRLP.dbo.ProviderInstance,a97e2eb1-c959-4c26-8064-6961d76df731
null,null,ORTON TRUST,TRUE,null,23/01/2019,10004903,null,PUB.UKRLP.dbo.ProviderInstance,a97e2eb1-c959-4c26-8064-6961d76df731
02/09/2011,null,ORWELL HIGH SCHOOL,FALSE,null,29/07/2005,10004904,124812,PUB.UKRLP.dbo.ProviderInstance,a97e2eb1-c959-4c26-8064-6961d76df731
16/07/2025,05170672,SUBSKILLS TRAINING LTD,FALSE,Academy of Hypnotic Arts,26/05/2022,10004905,null,PUB.UKRLP.dbo.ProviderInstance,a97e2eb1-c959-4c26-8064-6961d76df731
07/03/2011,null,OSSETT SCHOOL,FALSE,null,09/08/2006,10004906,108276,PUB.UKRLP.dbo.ProviderInstance,a97e2eb1-c959-4c26-8064-6961d76df731
null,03931222,OSWESTRY SCHOOL,TRUE,null,12/10/2025,10004907,123613,PUB.UKRLP.dbo.ProviderInstance,a97e2eb1-c959-4c26-8064-6961d76df731
03/03/2011,05360082,OTC TRAINING LTD,FALSE,null,29/04/2007,10004908,null,PUB.UKRLP.dbo.ProviderInstance,a97e2eb1-c959-4c26-8064-6961d76df731
02/09/2010,03658988,OTLEY & ORWELL TRAINING LIMITED,FALSE,null,05/01/2010,10004909,null,PUB.UKRLP.dbo.ProviderInstance,a97e2eb1-c959-4c26-8064-6961d76df731
14/06/2012,null,OTLEY COLLEGE OF AGRICULTURE AND HORTICULTURE,FALSE,null,13/06/2012,10004910,130821,PUB.UKRLP.dbo.ProviderInstance,a97e2eb1-c959-4c26-8064-6961d76df731
05/12/2011,null,OTLEY PRINCE HENRY'S GRAMMAR SCHOOL SPECIALIST LANGUAGE COLLEGE,FALSE,null,09/08/2006,10004911,108093,PUB.UKRLP.dbo.ProviderInstance,a97e2eb1-c959-4c26-8064-6961d76df731
29/03/2022,null,OULDER HILL COMMUNITY SCHOOL AND LANGUAGE COLLEGE,FALSE,null,05/02/2022,10004912,105840,PUB.UKRLP.dbo.ProviderInstance,a97e2eb1-c959-4c26-8064-6961d76df731
03/03/2015,null,OUNSDALE HIGH SCHOOL,FALSE,null,28/12/2014,10004913,124419,PUB.UKRLP.dbo.ProviderInstance,a97e2eb1-c959-4c26-8064-6961d76df731
11/04/2019,null,OUR LADY AND POPE JOHN CATHOLIC SECONDARY SCHOOL,FALSE,null,29/07/2005,10004914,122098,PUB.UKRLP.dbo.ProviderInstance,a97e2eb1-c959-4c26-8064-6961d76df731
03/03/2015,null,OUR LADY AND ST CHAD CATHOLIC SPORTS COLLEGE,FALSE,null,03/01/2015,10004915,104401,PUB.UKRLP.dbo.ProviderInstance,a97e2eb1-c959-4c26-8064-6961d76df731
null,null,OUR LADY'S CATHOLIC COLLEGE,TRUE,null,13/04/2026,10004916,119798,PUB.UKRLP.dbo.ProviderInstance,a97e2eb1-c959-4c26-8064-6961d76df731
null,null,ALL SAINTS CATHOLIC HIGH SCHOOL,TRUE,null,27/01/2026,10004917,100282,PUB.UKRLP.dbo.ProviderInstance,a97e2eb1-c959-4c26-8064-6961d76df731
02/09/2011,null,OUR LADY'S RC HIGH SCHOOL,FALSE,null,29/07/2005,10004918,105742,PUB.UKRLP.dbo.ProviderInstance,a97e2eb1-c959-4c26-8064-6961d76df731
17/08/2011,null,OUSEDALE SCHOOL,FALSE,null,29/07/2005,10004919,110487,PUB.UKRLP.dbo.ProviderInstance,a97e2eb1-c959-4c26-8064-6961d76df731
22/06/2017,04960898,OUTDOOR TRAINING & LEISURE LIMITED,FALSE,null,12/04/2017,10004920,null,PUB.UKRLP.dbo.ProviderInstance,a97e2eb1-c959-4c26-8064-6961d76df731
null,04271147,OUTLOOK EXPEDITIONS LIMITED,TRUE,null,23/10/2023,10004921,null,PUB.UKRLP.dbo.ProviderInstance,a97e2eb1-c959-4c26-8064-6961d76df731
null,05441523,OUTRUN SAILING LIMITED,TRUE,null,17/07/2026,10004922,null,PUB.UKRLP.dbo.ProviderInstance,a97e2eb1-c959-4c26-8064-6961d76df731
31/07/2009,00405180,OUTWARD BOUND GLOBAL,FALSE,Outward Bound,31/07/2009,10004923,null,PUB.UKRLP.dbo.ProviderInstance,a97e2eb1-c959-4c26-8064-6961d76df731
03/09/2009,null,OUTWOOD GRANGE COLLEGE OF TECHNOLOGY,FALSE,null,09/08/2006,10004924,null,PUB.UKRLP.dbo.ProviderInstance,a97e2eb1-c959-4c26-8064-6961d76df731
03/06/2011,null,OVERTON GRANGE SCHOOL,FALSE,null,17/08/2006,10004925,131104,PUB.UKRLP.dbo.ProviderInstance,a97e2eb1-c959-4c26-8064-6961d76df731
null,null,OXFORDSHIRE COUNTY COUNCIL,TRUE,Oxfordshire Employment,21/07/2026,10004926,null,PUB.UKRLP.dbo.ProviderInstance,a97e2eb1-c959-4c26-8064-6961d76df731
null,null,ACTIVATE LEARNING,TRUE,null,21/07/2026,10004927,134153,PUB.UKRLP.dbo.ProviderInstance,a97e2eb1-c959-4c26-8064-6961d76df731
null,01706333,THE ENGINEERING TRUST,TRUE,null,01/07/2022,10004928,null,PUB.UKRLP.dbo.ProviderInstance,a97e2eb1-c959-4c26-8064-6961d76df731
06/11/2007,04201844,OXFORD ARCHDIGITAL LIMITED,FALSE,null,29/04/2007,10004929,null,PUB.UKRLP.dbo.ProviderInstance,a97e2eb1-c959-4c26-8064-6961d76df731
null,null,OXFORD BROOKES UNIVERSITY,TRUE,null,21/07/2026,10004930,null,PUB.UKRLP.dbo.ProviderInstance,a97e2eb1-c959-4c26-8064-6961d76df731
null,01109384,OXFORD CENTRE FOR HEBREW AND JEWISH STUDIES,TRUE,null,26/04/2026,10004931,null,PUB.UKRLP.dbo.ProviderInstance,a97e2eb1-c959-4c26-8064-6961d76df731
null,01835274,OXFORD CENTRE FOR MISSION STUDIES,TRUE,null,08/04/2026,10004932,null,PUB.UKRLP.dbo.ProviderInstance,a97e2eb1-c959-4c26-8064-6961d76df731
10/02/2017,04634633,OXFORD COLLEGE LTD,FALSE,null,09/01/2017,10004933,null,PUB.UKRLP.dbo.ProviderInstance,a97e2eb1-c959-4c26-8064-6961d76df731
24/07/2008,05222179,SURPLUS ONE LIMITED,FALSE,null,08/05/2008,10004934,null,PUB.UKRLP.dbo.ProviderInstance,a97e2eb1-c959-4c26-8064-6961d76df731
null,03354327,OXFORD PROFESSIONAL EDUCATION GROUP LIMITED,TRUE,null,02/09/2025,10004935,null,PUB.UKRLP.dbo.ProviderInstance,a97e2eb1-c959-4c26-8064-6961d76df731
31/03/2017,04931541,SKYLANDS LEARNING LTD.,FALSE,null,26/12/2016,10004936,null,PUB.UKRLP.dbo.ProviderInstance,a97e2eb1-c959-4c26-8064-6961d76df731
null,02763539,OXFORD HOUSE COLLEGE EDUCATION LIMITED,TRUE,Oxford House College,22/05/2026,10004937,null,PUB.UKRLP.dbo.ProviderInstance,a97e2eb1-c959-4c26-8064-6961d76df731
null,00059858,THE OXFORD HOUSE IN BETHNAL GREEN,TRUE,null,02/09/2025,10004938,null,PUB.UKRLP.dbo.ProviderInstance,a97e2eb1-c959-4c26-8064-6961d76df731
12/11/2010,02869268,OXFORD INSTITUTE OF LEGAL PRACTICE,FALSE,null,24/09/2010,10004939,null,PUB.UKRLP.dbo.ProviderInstance,a97e2eb1-c959-4c26-8064-6961d76df731
23/09/2014,02299189,OXFORD BROOKES ENTERPRISES LIMITED,FALSE,Oxford International Centre For Publishing Studies (Oxford Brookes University),16/09/2014,10004940,null,PUB.UKRLP.dbo.ProviderInstance,a97e2eb1-c959-4c26-8064-6961d76df731
null,04433268,OXFORD PROFESSIONAL CONSULTING LTD,TRUE,null,20/02/2025,10004941,null,PUB.UKRLP.dbo.ProviderInstance,a97e2eb1-c959-4c26-8064-6961d76df731
10/01/2011,null,OXFORD SCHOOL,FALSE,null,04/02/2009,10004942,123252,PUB.UKRLP.dbo.ProviderInstance,a97e2eb1-c959-4c26-8064-6961d76df731
null,01973452,THE OXFORD SCHOOL OF DRAMA LIMITED,TRUE,null,24/08/2024,10004943,null,PUB.UKRLP.dbo.ProviderInstance,a97e2eb1-c959-4c26-8064-6961d76df731
17/01/2008,05082641,OXFORD SCHOOL OF MASSAGE AND NATURAL THERAPIES LTD.,FALSE,null,29/04/2007,10004944,null,PUB.UKRLP.dbo.ProviderInstance,a97e2eb1-c959-4c26-8064-6961d76df731
12/01/2012,04914414,OXFORDSHIRE BUSINESS ENTERPRISES LIMITED,FALSE,null,11/01/2012,10004945,null,PUB.UKRLP.dbo.ProviderInstance,a97e2eb1-c959-4c26-8064-6961d76df731
null,null,OXFORDSHIRE CHINESE COMMUNITY AND ADVICE CENTRE,TRUE,null,23/01/2019,10004946,null,PUB.UKRLP.dbo.ProviderInstance,a97e2eb1-c959-4c26-8064-6961d76df731
23/03/2007,02050287,OXFORDSHIRE CO-OPERATIVE DEVELOPMENT AGENCY LIMITED,FALSE,Ocda,11/09/2006,10004947,null,PUB.UKRLP.dbo.ProviderInstance,a97e2eb1-c959-4c26-8064-6961d76df731
null,05363946,OXFORDSHIRE COMMUNITY AND VOLUNTARY ACTION,TRUE,null,21/01/2026,10004948,null,PUB.UKRLP.dbo.ProviderInstance,a97e2eb1-c959-4c26-8064-6961d76df731
29/04/2015,null,OXFORDSHIRE PLAY ASSOCIATION,FALSE,null,28/10/2014,10004949,null,PUB.UKRLP.dbo.ProviderInstance,a97e2eb1-c959-4c26-8064-6961d76df731
15/09/2015,null,OXTED SCHOOL,FALSE,null,11/07/2015,10004950,125253,PUB.UKRLP.dbo.ProviderInstance,a97e2eb1-c959-4c26-8064-6961d76df731
null,02751083,PCL DEVELOPMENTS (CUMBRIA) LIMITED,TRUE,null,14/09/2024,10004951,null,PUB.UKRLP.dbo.ProviderInstance,a97e2eb1-c959-4c26-8064-6961d76df731
06/07/2015,04511915,ARCANUM SOLUTIONS LTD,FALSE,null,12/05/2015,10004952,null,PUB.UKRLP.dbo.ProviderInstance,a97e2eb1-c959-4c26-8064-6961d76df731
30/05/2008,null,PLAY AND CARE ENTRUST (PACE),FALSE,PACE,14/08/2007,10004953,null,PUB.UKRLP.dbo.ProviderInstance,a97e2eb1-c959-4c26-8064-6961d76df731
null,00762360,MALTHURST PETROLEUM LIMITED,TRUE,null,08/04/2026,10004954,null,PUB.UKRLP.dbo.ProviderInstance,a97e2eb1-c959-4c26-8064-6961d76df731
16/07/2025,03046656,PACS PROFESSIONAL DEVELOPMENT AGENCY LIMITED,FALSE,null,21/04/2024,10004955,null,PUB.UKRLP.dbo.ProviderInstance,a97e2eb1-c959-4c26-8064-6961d76df731
null,00228148,PADDINGTON SPORTS CLUB LIMITED,TRUE,null,21/01/2026,10004956,null,PUB.UKRLP.dbo.ProviderInstance,a97e2eb1-c959-4c26-8064-6961d76df731
null,04193693,THE PADDINGTON PARTNERSHIP LTD.,TRUE,null,27/03/2026,10004957,null,PUB.UKRLP.dbo.ProviderInstance,a97e2eb1-c959-4c26-8064-6961d76df731
04/10/2011,null,LYSANDER COMMUNITY HIGH SCHOOL,FALSE,null,03/09/2009,10004958,111438,PUB.UKRLP.dbo.ProviderInstance,a97e2eb1-c959-4c26-8064-6961d76df731
22/02/2017,03042164,PAGE TRAINING LIMITED,FALSE,null,19/01/2017,10004959,null,PUB.UKRLP.dbo.ProviderInstance,a97e2eb1-c959-4c26-8064-6961d76df731
14/01/2008,04526819,PAGEFORWARD LEARNING LIMITED,FALSE,null,29/04/2007,10004960,null,PUB.UKRLP.dbo.ProviderInstance,a97e2eb1-c959-4c26-8064-6961d76df731
null,null,PAGET HIGH SCHOOL,TRUE,null,07/07/2025,10004961,124392,PUB.UKRLP.dbo.ProviderInstance,a97e2eb1-c959-4c26-8064-6961d76df731
17/04/2008,null,PAIGNTON COMMUNITY AND SPORTS COLLEGE,FALSE,null,16/04/2008,10004962,null,PUB.UKRLP.dbo.ProviderInstance,a97e2eb1-c959-4c26-8064-6961d76df731
null,04389301,PAIGNTON SEC INFO TECH TRAINING CENTRE LIMITED,TRUE,null,16/04/2023,10004963,null,PUB.UKRLP.dbo.ProviderInstance,a97e2eb1-c959-4c26-8064-6961d76df731
11/04/2019,null,PAINSLEY CATHOLIC COLLEGE,FALSE,null,11/12/2006,10004964,124456,PUB.UKRLP.dbo.ProviderInstance,a97e2eb1-c959-4c26-8064-6961d76df731
null,01429772,SHIRE TRAINING WORKSHOPS LIMITED,TRUE,Five Valleys Foyer,02/09/2025,10004965,null,PUB.UKRLP.dbo.ProviderInstance,a97e2eb1-c959-4c26-8064-6961d76df731
08/11/2019,SC043685,PAISLEY AND JOHNSTONE TRAINING GROUP LIMITED,FALSE,null,10/09/2019,10004966,null,PUB.UKRLP.dbo.ProviderInstance,a97e2eb1-c959-4c26-8064-6961d76df731
null,02450947,THE PAKISTAN MUSLIM CENTRE (SHEFFIELD) LIMITED,TRUE,null,05/12/2025,10004967,null,PUB.UKRLP.dbo.ProviderInstance,a97e2eb1-c959-4c26-8064-6961d76df731
null,04812799,PAKISTAN YOUTH AND COMMUNITY ASSOCIATION,TRUE,Pakistan Youth & Community Association (PYCA),05/12/2025,10004968,null,PUB.UKRLP.dbo.ProviderInstance,a97e2eb1-c959-4c26-8064-6961d76df731
21/08/2017,null,PALMER'S COLLEGE,FALSE,null,05/08/2017,10004969,130682,PUB.UKRLP.dbo.ProviderInstance,a97e2eb1-c959-4c26-8064-6961d76df731
14/05/2014,03565085,PANACEA PROFESSIONAL TRAINING LIMITED,FALSE,null,12/03/2014,10004970,null,PUB.UKRLP.dbo.ProviderInstance,a97e2eb1-c959-4c26-8064-6961d76df731
null,00260104,PANGBOURNE COLLEGE,TRUE,null,14/07/2026,10004971,110132,PUB.UKRLP.dbo.ProviderInstance,a97e2eb1-c959-4c26-8064-6961d76df731
null,01937672,SOLUTIONS PT LIMITED,TRUE,null,30/12/2025,10004972,null,PUB.UKRLP.dbo.ProviderInstance,a97e2eb1-c959-4c26-8064-6961d76df731
09/07/2007,02744793,PAPERWORKS LIMITED,FALSE,null,30/04/2007,10004973,null,PUB.UKRLP.dbo.ProviderInstance,a97e2eb1-c959-4c26-8064-6961d76df731
30/07/2009,04757134,PARACADEMY LIMITED,FALSE,null,30/04/2007,10004974,null,PUB.UKRLP.dbo.ProviderInstance,a97e2eb1-c959-4c26-8064-6961d76df731
17/12/2009,02889699,PARADIGM DEVELOPMENT LIMITED,FALSE,null,14/08/2009,10004975,null,PUB.UKRLP.dbo.ProviderInstance,a97e2eb1-c959-4c26-8064-6961d76df731
20/07/2011,04632243,PARADOXOS THEATRE COMPANY LTD.,FALSE,null,30/04/2007,10004976,null,PUB.UKRLP.dbo.ProviderInstance,a97e2eb1-c959-4c26-8064-6961d76df731
null,03529661,PARAGON EDUCATION & SKILLS LIMITED,TRUE,Paragon,10/10/2025,10004977,null,PUB.UKRLP.dbo.ProviderInstance,a97e2eb1-c959-4c26-8064-6961d76df731
10/07/2009,03539413,PARITY GROUP PUBLIC LIMITED COMPANY,FALSE,Parity,12/11/2007,10004978,null,PUB.UKRLP.dbo.ProviderInstance,a97e2eb1-c959-4c26-8064-6961d76df731
03/09/2009,null,PARK HALL SCHOOL,FALSE,null,29/07/2005,10004979,null,PUB.UKRLP.dbo.ProviderInstance,a97e2eb1-c959-4c26-8064-6961d76df731
09/05/2011,null,PARK HOUSE SCHOOL,FALSE,null,14/12/2009,10004980,110052,PUB.UKRLP.dbo.ProviderInstance,a97e2eb1-c959-4c26-8064-6961d76df731
09/07/2007,02702122,PARK ROYAL PARTNERSHIP LIMITED,FALSE,null,27/03/2007,10004982,null,PUB.UKRLP.dbo.ProviderInstance,a97e2eb1-c959-4c26-8064-6961d76df731
14/08/2023,01220667,PARK SCHOOL FOR GIRLS,FALSE,null,12/06/2023,10004983,102873,PUB.UKRLP.dbo.ProviderInstance,a97e2eb1-c959-4c26-8064-6961d76df731
null,null,PARK VIEW SCHOOL,TRUE,null,11/04/2026,10004984,131757,PUB.UKRLP.dbo.ProviderInstance,a97e2eb1-c959-4c26-8064-6961d76df731
17/08/2011,null,PARK VIEW COMMUNITY SCHOOL,FALSE,null,10/08/2006,10004985,114288,PUB.UKRLP.dbo.ProviderInstance,a97e2eb1-c959-4c26-8064-6961d76df731
07/09/2009,null,PARKFIELD HIGH SCHOOL,FALSE,null,29/07/2005,10004986,null,PUB.UKRLP.dbo.ProviderInstance,a97e2eb1-c959-4c26-8064-6961d76df731
02/09/2011,null,PARKLANDS GIRLS' HIGH SCHOOL,FALSE,null,29/07/2005,10004987,108074,PUB.UKRLP.dbo.ProviderInstance,a97e2eb1-c959-4c26-8064-6961d76df731
10/09/2014,null,PARKLANDS HIGH SCHOOL,FALSE,null,19/06/2014,10004988,104702,PUB.UKRLP.dbo.ProviderInstance,a97e2eb1-c959-4c26-8064-6961d76df731
10/09/2023,null,PARKSIDE SCHOOL,FALSE,null,12/06/2023,10004989,132217,PUB.UKRLP.dbo.ProviderInstance,a97e2eb1-c959-4c26-8064-6961d76df731
19/01/2011,null,PARKSTONE GRAMMAR SCHOOL,FALSE,null,10/08/2006,10004990,113903,PUB.UKRLP.dbo.ProviderInstance,a97e2eb1-c959-4c26-8064-6961d76df731
null,02972369,PARKSTONE YACHT CLUB LIMITED,TRUE,null,18/07/2026,10004991,null,PUB.UKRLP.dbo.ProviderInstance,a97e2eb1-c959-4c26-8064-6961d76df731
null,null,PARLIAMENT HILL SCHOOL,TRUE,null,10/10/2025,10004992,100050,PUB.UKRLP.dbo.ProviderInstance,a97e2eb1-c959-4c26-8064-6961d76df731
07/07/2011,null,PARMITER'S SCHOOL,FALSE,null,29/07/2005,10004993,117576,PUB.UKRLP.dbo.ProviderInstance,a97e2eb1-c959-4c26-8064-6961d76df731
09/07/2007,04520675,PARRIS KING DEVELOPING POTENTIAL LIMITED,FALSE,null,30/04/2007,10004994,null,PUB.UKRLP.dbo.ProviderInstance,a97e2eb1-c959-4c26-8064-6961d76df731
06/09/2016,null,PARRS WOOD HIGH SCHOOL,FALSE,null,27/07/2016,10004995,105556,PUB.UKRLP.dbo.ProviderInstance,a97e2eb1-c959-4c26-8064-6961d76df731
22/06/2021,04654062,PARTNERS IN ADVENTURE LTD,FALSE,null,22/03/2021,10004996,null,PUB.UKRLP.dbo.ProviderInstance,a97e2eb1-c959-4c26-8064-6961d76df731
06/09/2006,03801191,PARTNERS IN PROGRESS LIMITED,FALSE,null,29/07/2005,10004997,null,PUB.UKRLP.dbo.ProviderInstance,a97e2eb1-c959-4c26-8064-6961d76df731
25/10/2006,03815677,PARTNERSHIP FOR LEARNING,FALSE,null,06/10/2006,10004998,null,PUB.UKRLP.dbo.ProviderInstance,a97e2eb1-c959-4c26-8064-6961d76df731
05/02/2014,04134670,PARTNERSHIP NETWORK LIMITED,FALSE,null,10/03/2011,10004999,null,PUB.UKRLP.dbo.ProviderInstance,a97e2eb1-c959-4c26-8064-6961d76df731
03/09/2010,02045681,PASS TRAINING LIMITED,FALSE,null,30/04/2007,10005000,null,PUB.UKRLP.dbo.ProviderInstance,a97e2eb1-c959-4c26-8064-6961d76df731
26/03/2018,null,PASTON COLLEGE,FALSE,null,23/01/2018,10005001,130768,PUB.UKRLP.dbo.ProviderInstance,a97e2eb1-c959-4c26-8064-6961d76df731
05/11/2013,null,PATCHWAY COMMUNITY COLLEGE,FALSE,null,11/12/2006,10005002,109296,PUB.UKRLP.dbo.ProviderInstance,a97e2eb1-c959-4c26-8064-6961d76df731
21/12/2010,null,PATE'S GRAMMAR SCHOOL,FALSE,null,29/07/2005,10005003,115754,PUB.UKRLP.dbo.ProviderInstance,a97e2eb1-c959-4c26-8064-6961d76df731
23/01/2012,03892601,PATH NATIONAL LTD,FALSE,null,22/10/2009,10005004,null,PUB.UKRLP.dbo.ProviderInstance,a97e2eb1-c959-4c26-8064-6961d76df731
03/09/2010,02471301,POSITIVE ACTION TRAINING IN HOUSING (WEST MIDLANDS) LIMITED,FALSE,Path West Midlands,30/04/2007,10005005,null,PUB.UKRLP.dbo.ProviderInstance,a97e2eb1-c959-4c26-8064-6961d76df731
null,01939658,PATH (YORKSHIRE) LIMITED,TRUE,PATH Yorkshire,01/09/2025,10005006,null,PUB.UKRLP.dbo.ProviderInstance,a97e2eb1-c959-4c26-8064-6961d76df731
02/04/2013,02803709,PAUL JOHN PLANT LIMITED,FALSE,null,02/04/2013,10005007,null,PUB.UKRLP.dbo.ProviderInstance,a97e2eb1-c959-4c26-8064-6961d76df731
10/06/2016,03232981,PAUL LLOYD TRAINING & DEVELOPMENT CONSULTANTS LIMITED,FALSE,null,28/03/2016,10005008,null,PUB.UKRLP.dbo.ProviderInstance,a97e2eb1-c959-4c26-8064-6961d76df731
null,03802661,PAUL TEMPLE ASSOCIATES LIMITED,TRUE,null,18/08/2024,10005009,null,PUB.UKRLP.dbo.ProviderInstance,a97e2eb1-c959-4c26-8064-6961d76df731
03/02/2020,null,PAULET HIGH SCHOOL,FALSE,null,23/01/2020,10005010,124391,PUB.UKRLP.dbo.ProviderInstance,a97e2eb1-c959-4c26-8064-6961d76df731
05/02/2008,03442337,PAVER DOWNES ASSOCIATES LIMITED,FALSE,null,30/04/2007,10005011,null,PUB.UKRLP.dbo.ProviderInstance,a97e2eb1-c959-4c26-8064-6961d76df731
null,02201619,PAY & EMPLOYMENT RIGHTS SERVICE (YORKSHIRE) LTD,TRUE,null,14/01/2024,10005012,null,PUB.UKRLP.dbo.ProviderInstance,a97e2eb1-c959-4c26-8064-6961d76df731
null,03305889,PAYROLL CHECK LIMITED,TRUE,null,26/04/2026,10005013,null,PUB.UKRLP.dbo.ProviderInstance,a97e2eb1-c959-4c26-8064-6961d76df731
null,03652566,THE LEARN CENTRE LIMITED,TRUE,The Learn Centre,06/06/2025,10005014,null,PUB.UKRLP.dbo.ProviderInstance,a97e2eb1-c959-4c26-8064-6961d76df731
17/06/2024,02647006,MAXIMVS LIMITED,FALSE,null,07/10/2022,10005015,null,PUB.UKRLP.dbo.ProviderInstance,a97e2eb1-c959-4c26-8064-6961d76df731
20/12/2013,04014414,PCM TRAINING LIMITED,FALSE,null,09/12/2011,10005016,null,PUB.UKRLP.dbo.ProviderInstance,a97e2eb1-c959-4c26-8064-6961d76df731
06/03/2019,03829972,PDM TRAINING & CONSULTANCY LIMITED,FALSE,null,15/01/2019,10005017,null,PUB.UKRLP.dbo.ProviderInstance,a97e2eb1-c959-4c26-8064-6961d76df731
null,null,GEORGE PEABODY DONATION FUND,TRUE,null,06/06/2018,10005018,null,PUB.UKRLP.dbo.ProviderInstance,a97e2eb1-c959-4c26-8064-6961d76df731
null,SC056235,PEACOCK VISUAL ARTS LIMITED,TRUE,null,26/04/2026,10005019,null,PUB.UKRLP.dbo.ProviderInstance,a97e2eb1-c959-4c26-8064-6961d76df731
09/05/2008,04287289,PEAK DISTRICT RURAL DEPRIVATION FORUM,FALSE,null,30/04/2007,10005020,null,PUB.UKRLP.dbo.ProviderInstance,a97e2eb1-c959-4c26-8064-6961d76df731
03/09/2010,05001587,PEAK TRAINING FOR MANAGEMENT LIMITED,FALSE,null,30/04/2007,10005021,null,PUB.UKRLP.dbo.ProviderInstance,a97e2eb1-c959-4c26-8064-6961d76df731
null,02394165,PECAN,TRUE,null,11/03/2026,10005022,null,PUB.UKRLP.dbo.ProviderInstance,a97e2eb1-c959-4c26-8064-6961d76df731
29/07/2015,02281802,PECKET LEARNING COMMUNITY,FALSE,Pecket Well College,22/06/2015,10005023,null,PUB.UKRLP.dbo.ProviderInstance,a97e2eb1-c959-4c26-8064-6961d76df731
03/11/2008,null,PEERS SCHOOL,FALSE,null,29/07/2005,10005024,null,PUB.UKRLP.dbo.ProviderInstance,a97e2eb1-c959-4c26-8064-6961d76df731
null,03474312,SENCIA LIMITED,TRUE,Sencia,21/08/2023,10005025,null,PUB.UKRLP.dbo.ProviderInstance,a97e2eb1-c959-4c26-8064-6961d76df731
null,02518440,LINCOLN PELICAN TRUST LTD,TRUE,Pelican Trust,05/12/2025,10005026,null,PUB.UKRLP.dbo.ProviderInstance,a97e2eb1-c959-4c26-8064-6961d76df731
null,03343059,PEMBROKESHIRE ASSOCIATION OF VOLUNTARY SERVICES,TRUE,null,26/04/2026,10005027,null,PUB.UKRLP.dbo.ProviderInstance,a97e2eb1-c959-4c26-8064-6961d76df731
13/07/2011,null,PENDEFORD BUSINESS AND ENTERPRISE COLLEGE,FALSE,null,13/07/2011,10005028,104391,PUB.UKRLP.dbo.ProviderInstance,a97e2eb1-c959-4c26-8064-6961d76df731
null,null,PENDLE BOROUGH COUNCIL,TRUE,null,21/07/2026,10005029,null,PUB.UKRLP.dbo.ProviderInstance,a97e2eb1-c959-4c26-8064-6961d76df731
26/01/2009,01834130,PENDLE RE-EMPLOYMENT PROJECT LIMITED,FALSE,null,29/03/2007,10005030,null,PUB.UKRLP.dbo.ProviderInstance,a97e2eb1-c959-4c26-8064-6961d76df731
09/05/2008,05758914,TOTAL EDUCATION UK LIMITED,FALSE,null,26/03/2007,10005031,null,PUB.UKRLP.dbo.ProviderInstance,a97e2eb1-c959-4c26-8064-6961d76df731
null,null,SALFORD CITY COLLEGE,TRUE,null,13/04/2026,10005032,130509,PUB.UKRLP.dbo.ProviderInstance,a97e2eb1-c959-4c26-8064-6961d76df731
11/09/2013,null,PENHURST SCHOOL,FALSE,null,15/08/2006,10005033,123328,PUB.UKRLP.dbo.ProviderInstance,a97e2eb1-c959-4c26-8064-6961d76df731
null,null,PENISTONE GRAMMAR SCHOOL,TRUE,null,10/10/2025,10005034,106653,PUB.UKRLP.dbo.ProviderInstance,a97e2eb1-c959-4c26-8064-6961d76df731
23/04/2007,null,PENKETH HIGH SCHOOL,FALSE,null,11/12/2006,10005035,null,PUB.UKRLP.dbo.ProviderInstance,a97e2eb1-c959-4c26-8064-6961d76df731
null,01294923,CAMPHILL WAKEFIELD (PENNINE CAMPHILL COMMUNITY LTD),TRUE,null,20/05/2026,10005036,131958,PUB.UKRLP.dbo.ProviderInstance,a97e2eb1-c959-4c26-8064-6961d76df731
09/09/2015,null,PENSBY HIGH SCHOOL FOR BOYS: A SPECIALIST SPORTS COLLEGE,FALSE,null,30/06/2015,10005037,105100,PUB.UKRLP.dbo.ProviderInstance,a97e2eb1-c959-4c26-8064-6961d76df731
null,null,PENSBY HIGH SCHOOL,TRUE,null,07/07/2025,10005038,105101,PUB.UKRLP.dbo.ProviderInstance,a97e2eb1-c959-4c26-8064-6961d76df731
08/09/2017,null,PENT VALLEY TECHNOLOGY COLLEGE,FALSE,null,07/08/2017,10005039,118930,PUB.UKRLP.dbo.ProviderInstance,a97e2eb1-c959-4c26-8064-6961d76df731
09/07/2007,03985010,PENTAHACT,FALSE,null,30/04/2007,10005040,null,PUB.UKRLP.dbo.ProviderInstance,a97e2eb1-c959-4c26-8064-6961d76df731
null,SC202022,PENTLAND ASSESSMENT CENTRES LTD,TRUE,null,18/10/2022,10005041,null,PUB.UKRLP.dbo.ProviderInstance,a97e2eb1-c959-4c26-8064-6961d76df731
null,04109425,PENTRA SERVICES LIMITED,TRUE,null,27/01/2025,10005042,null,PUB.UKRLP.dbo.ProviderInstance,a97e2eb1-c959-4c26-8064-6961d76df731
07/05/2008,null,PENWITH COLLEGE,FALSE,null,17/10/2007,10005043,null,PUB.UKRLP.dbo.ProviderInstance,a97e2eb1-c959-4c26-8064-6961d76df731
null,03796245,PENWITH COMMUNITY DEVELOPMENT TRUST,TRUE,null,24/05/2025,10005044,null,PUB.UKRLP.dbo.ProviderInstance,a97e2eb1-c959-4c26-8064-6961d76df731
14/06/2011,null,PENWITH YOUTH DEVELOPMENT COUNCIL,FALSE,null,10/09/2007,10005045,null,PUB.UKRLP.dbo.ProviderInstance,a97e2eb1-c959-4c26-8064-6961d76df731
08/11/2019,02557730,PEOPLE 1ST,FALSE,null,19/08/2019,10005046,null,PUB.UKRLP.dbo.ProviderInstance,a97e2eb1-c959-4c26-8064-6961d76df731
null,02361654,PEOPLE IN ACTION (YORKSHIRE),TRUE,null,23/12/2025,10005047,null,PUB.UKRLP.dbo.ProviderInstance,a97e2eb1-c959-4c26-8064-6961d76df731
09/07/2015,04922124,PEOPLE INSPIRED LIMITED,FALSE,null,06/04/2015,10005048,null,PUB.UKRLP.dbo.ProviderInstance,a97e2eb1-c959-4c26-8064-6961d76df731
11/04/2019,null,"THE PEOPLE'S COLLEGE, NOTTINGHAM",FALSE,null,29/07/2005,10005049,130780,PUB.UKRLP.dbo.ProviderInstance,a97e2eb1-c959-4c26-8064-6961d76df731
null,SC199382,PEOPLE=POSITIVE LIMITED,TRUE,null,10/06/2025,10005050,null,PUB.UKRLP.dbo.ProviderInstance,a97e2eb1-c959-4c26-8064-6961d76df731
null,01941113,PERA INNOVATION LIMITED,TRUE,null,01/09/2025,10005051,null,PUB.UKRLP.dbo.ProviderInstance,a97e2eb1-c959-4c26-8064-6961d76df731
null,04389247,PERFORMANCE SOLUTIONS LIMITED,TRUE,null,10/03/2024,10005052,null,PUB.UKRLP.dbo.ProviderInstance,a97e2eb1-c959-4c26-8064-6961d76df731
null,00036148,WALSALL BUSINESS SUPPORT LIMITED,TRUE,Performance Through People,28/06/2022,10005053,null,PUB.UKRLP.dbo.ProviderInstance,a97e2eb1-c959-4c26-8064-6961d76df731
